ISO-10303-21;
HEADER;
FILE_DESCRIPTION (( 'STEP AP214' ),
    '1' );
FILE_NAME ('CUI_DEVICES_TS02-66-50-BK-260-LCR-D.step',
    '2021-12-18T19:10:41',
    ( '' ),
    ( '' ),
    'SwSTEP 2.0',
    'SolidWorks 2021',
    '' );
FILE_SCHEMA (( 'AUTOMOTIVE_DESIGN' ));
ENDSEC;

DATA;
#1 = VERTEX_POINT ( 'NONE', #2379 ) ;
#2 = CARTESIAN_POINT ( 'NONE',  ( -0.1240157480314960647, -0.09578120915254409451, -0.1023622047244094474 ) ) ;
#3 =( NAMED_UNIT ( * ) SI_UNIT ( $, .STERADIAN. ) SOLID_ANGLE_UNIT ( ) );
#4 = ORIENTED_EDGE ( 'NONE', *, *, #4297, .F. ) ;
#5 = CARTESIAN_POINT ( 'NONE',  ( -0.1318897637795275746, -0.1377952755905511861, 0.09350393700787401619 ) ) ;
#6 = PLANE ( 'NONE',  #1923 ) ;
#7 = CARTESIAN_POINT ( 'NONE',  ( 0.1263219938489248129, -0.09021343922194134668, -0.07480314960629921850 ) ) ;
#8 = ORIENTED_EDGE ( 'NONE', *, *, #2212, .T. ) ;
#9 = ORIENTED_EDGE ( 'NONE', *, *, #2563, .F. ) ;
#10 = FACE_OUTER_BOUND ( 'NONE', #1293, .T. ) ;
#11 = LINE ( 'NONE', #1087, #3400 ) ;
#12 = EDGE_CURVE ( 'NONE', #1328, #3719, #4224, .T. ) ;
#13 = FACE_OUTER_BOUND ( 'NONE', #231, .T. ) ;
#14 = EDGE_LOOP ( 'NONE', ( #2832, #2881, #1078, #1401 ) ) ;
#15 = DIRECTION ( 'NONE',  ( 0.0000000000000000000, 0.0000000000000000000, -1.000000000000000000 ) ) ;
#16 = CARTESIAN_POINT ( 'NONE',  ( -0.1555118110236220208, -0.06889763779527559306, 0.07480314960629921850 ) ) ;
#17 = ADVANCED_FACE ( 'NONE', ( #3489 ), #2097, .T. ) ;
#18 = DIRECTION ( 'NONE',  ( 0.0000000000000000000, 0.0000000000000000000, -1.000000000000000000 ) ) ;
#19 = ORIENTED_EDGE ( 'NONE', *, *, #1000, .T. ) ;
#20 = EDGE_LOOP ( 'NONE', ( #140, #4290, #3007, #3887 ) ) ;
#21 = ORIENTED_EDGE ( 'NONE', *, *, #4212, .T. ) ;
#22 = EDGE_CURVE ( 'NONE', #785, #3778, #2798, .T. ) ;
#23 = DIRECTION ( 'NONE',  ( 0.0000000000000000000, -1.000000000000000000, 0.0000000000000000000 ) ) ;
#24 = DIRECTION ( 'NONE',  ( -4.063888932435259910E-16, -1.000000000000000000, 0.0000000000000000000 ) ) ;
#25 = ORIENTED_EDGE ( 'NONE', *, *, #3047, .T. ) ;
#26 = PLANE ( 'NONE',  #4104 ) ;
#27 = PLANE ( 'NONE',  #3265 ) ;
#28 = CARTESIAN_POINT ( 'NONE',  ( 0.1240157480314960647, -0.09578120915254409451, -0.07480314960629921850 ) ) ;
#29 = ORIENTED_EDGE ( 'NONE', *, *, #4276, .F. ) ;
#30 = ORIENTED_EDGE ( 'NONE', *, *, #204, .F. ) ;
#31 = DIRECTION ( 'NONE',  ( 1.445602896647339903E-16, 0.0000000000000000000, 1.000000000000000000 ) ) ;
#32 = DIRECTION ( 'NONE',  ( 0.0000000000000000000, 0.0000000000000000000, 1.000000000000000000 ) ) ;
#33 = VECTOR ( 'NONE', #1792, 39.37007874015748143 ) ;
#34 = CARTESIAN_POINT ( 'NONE',  ( -0.1240157480314960647, -0.09578120915254409451, -0.1023622047244094474 ) ) ;
#35 = AXIS2_PLACEMENT_3D ( 'NONE', #684, #1093, #2418 ) ;
#36 = AXIS2_PLACEMENT_3D ( 'NONE', #2459, #1137, #4175 ) ;
#37 = ORIENTED_EDGE ( 'NONE', *, *, #4276, .T. ) ;
#38 = CARTESIAN_POINT ( 'NONE',  ( 0.08858267716535432601, 0.1299212598425196763, 0.1122047244094488139 ) ) ;
#39 = LINE ( 'NONE', #777, #747 ) ;
#40 = COLOUR_RGB ( '',0.8313725490196077761, 0.8392156862745098200, 0.8313725490196077761 ) ;
#41 = VECTOR ( 'NONE', #4070, 39.37007874015748143 ) ;
#42 = PLANE ( 'NONE',  #1505 ) ;
#43 = EDGE_LOOP ( 'NONE', ( #1738, #1553, #3370, #1744, #2110, #2511, #1472, #3626 ) ) ;
#44 = ORIENTED_EDGE ( 'NONE', *, *, #372, .F. ) ;
#45 = VECTOR ( 'NONE', #2590, 39.37007874015748143 ) ;
#46 = EDGE_CURVE ( 'NONE', #148, #3224, #1062, .T. ) ;
#47 = CIRCLE ( 'NONE', #609, 0.007874015748031499423 ) ;
#48 = VERTEX_POINT ( 'NONE', #4096 ) ;
#49 = DIRECTION ( 'NONE',  ( 1.000000000000000000, 0.0000000000000000000, 0.0000000000000000000 ) ) ;
#50 = VECTOR ( 'NONE', #989, 39.37007874015748143 ) ;
#51 = COLOUR_RGB ( '',0.7921568627450980005, 0.8196078431372548767, 0.9294117647058823817 ) ;
#52 = ORIENTED_EDGE ( 'NONE', *, *, #2741, .F. ) ;
#53 = EDGE_CURVE ( 'NONE', #288, #2033, #3531, .T. ) ;
#54 = EDGE_CURVE ( 'NONE', #1335, #1481, #88, .T. ) ;
#55 = VECTOR ( 'NONE', #1048, 39.37007874015748143 ) ;
#56 = CARTESIAN_POINT ( 'NONE',  ( -0.1318897637795275746, -0.09578120915254409451, -0.07480314960629921850 ) ) ;
#57 = CYLINDRICAL_SURFACE ( 'NONE', #2340, 0.007874015748031466463 ) ;
#58 = CARTESIAN_POINT ( 'NONE',  ( -0.1318897637795275746, -0.04201406643800709162, -0.1023622047244094474 ) ) ;
#59 = CIRCLE ( 'NONE', #1452, 0.007874015748031499423 ) ;
#60 = EDGE_LOOP ( 'NONE', ( #2844, #3622, #1229, #1774 ) ) ;
#61 = ORIENTED_EDGE ( 'NONE', *, *, #1861, .T. ) ;
#62 = DIRECTION ( 'NONE',  ( -1.000000000000000000, 0.0000000000000000000, 0.0000000000000000000 ) ) ;
#63 = DIRECTION ( 'NONE',  ( 3.519431053647356462E-16, 0.8660254037844389297, -0.4999999999999994449 ) ) ;
#64 = ORIENTED_EDGE ( 'NONE', *, *, #949, .F. ) ;
#65 = CARTESIAN_POINT ( 'NONE',  ( -0.1532055652061933004, -0.06332986786467284523, 0.07480314960629921850 ) ) ;
#66 = DIRECTION ( 'NONE',  ( -1.000000000000000000, 2.454115839351809943E-16, 0.0000000000000000000 ) ) ;
#67 = LINE ( 'NONE', #2445, #2188 ) ;
#68 = CIRCLE ( 'NONE', #705, 0.005905511811023620231 ) ;
#69 = LINE ( 'NONE', #3161, #3125 ) ;
#70 = LINE ( 'NONE', #1400, #1519 ) ;
#71 = EDGE_CURVE ( 'NONE', #3715, #2931, #1722, .T. ) ;
#72 = PRESENTATION_LAYER_ASSIGNMENT (  '', '', ( #853 ) ) ;
#73 = ORIENTED_EDGE ( 'NONE', *, *, #2772, .T. ) ;
#74 = CYLINDRICAL_SURFACE ( 'NONE', #1230, 0.007874015748031499423 ) ;
#75 = DIRECTION ( 'NONE',  ( 1.000000000000000000, 1.478036555683235174E-47, 6.022684552957449548E-32 ) ) ;
#76 = DIRECTION ( 'NONE',  ( 1.000000000000000000, 0.0000000000000000000, 0.0000000000000000000 ) ) ;
#77 = EDGE_CURVE ( 'NONE', #4181, #2087, #67, .T. ) ;
#78 = ADVANCED_FACE ( 'NONE', ( #4077 ), #1417, .T. ) ;
#79 = ORIENTED_EDGE ( 'NONE', *, *, #3105, .F. ) ;
#80 = ORIENTED_EDGE ( 'NONE', *, *, #4094, .T. ) ;
#81 = FACE_OUTER_BOUND ( 'NONE', #449, .T. ) ;
#82 = ADVANCED_FACE ( 'NONE', ( #3445 ), #3114, .F. ) ;
#83 = DIRECTION ( 'NONE',  ( 0.0000000000000000000, 0.0000000000000000000, -1.000000000000000000 ) ) ;
#84 = ORIENTED_EDGE ( 'NONE', *, *, #1333, .F. ) ;
#85 = CARTESIAN_POINT ( 'NONE',  ( 0.1181102362204724532, 0.02755905511811023584, 0.1023622047244094474 ) ) ;
#86 = CARTESIAN_POINT ( 'NONE',  ( -0.1263219938489248129, -0.09021343922194134668, 0.1023622047244094474 ) ) ;
#87 = ORIENTED_EDGE ( 'NONE', *, *, #3162, .F. ) ;
#88 = LINE ( 'NONE', #2733, #1777 ) ;
#89 = CYLINDRICAL_SURFACE ( 'NONE', #677, 0.02362204724409448092 ) ;
#90 = DIRECTION ( 'NONE',  ( 0.0000000000000000000, 0.0000000000000000000, 1.000000000000000000 ) ) ;
#91 = ORIENTED_EDGE ( 'NONE', *, *, #1591, .F. ) ;
#92 = PRODUCT_DEFINITION ( 'UNKNOWN', '', #3788, #3298 ) ;
#93 = DIRECTION ( 'NONE',  ( 1.000000000000000000, 0.0000000000000000000, 0.0000000000000000000 ) ) ;
#94 = DIRECTION ( 'NONE',  ( 0.0000000000000000000, 0.0000000000000000000, -1.000000000000000000 ) ) ;
#95 = CARTESIAN_POINT ( 'NONE',  ( -0.1181102362204724532, 0.02755905511811023584, -0.1023622047244094474 ) ) ;
#96 = ORIENTED_EDGE ( 'NONE', *, *, #4302, .T. ) ;
#97 = ORIENTED_EDGE ( 'NONE', *, *, #2666, .F. ) ;
#98 = EDGE_CURVE ( 'NONE', #4035, #2887, #4120, .T. ) ;
#99 = FACE_OUTER_BOUND ( 'NONE', #3720, .T. ) ;
#100 = FACE_BOUND ( 'NONE', #3583, .T. ) ;
#101 = PLANE ( 'NONE',  #3271 ) ;
#102 = CLOSED_SHELL ( 'NONE', ( #4112, #4248, #3807, #2618, #2470, #1050, #1425, #3103, #1783, #2687, #967, #4015, #1126, #1256, #1466, #2535, #3806, #658, #1751, #2426, #3352, #161, #3907, #2770, #3404, #3140, #4089, #17, #230, #3741, #216 ) ) ;
#103 = FACE_OUTER_BOUND ( 'NONE', #2914, .T. ) ;
#104 = ORIENTED_EDGE ( 'NONE', *, *, #1076, .F. ) ;
#105 = EDGE_CURVE ( 'NONE', #741, #2004, #3464, .T. ) ;
#106 = DIRECTION ( 'NONE',  ( 0.0000000000000000000, -0.9993908270190957621, 0.03489949670250103164 ) ) ;
#107 = PLANE ( 'NONE',  #2623 ) ;
#108 = CARTESIAN_POINT ( 'NONE',  ( 0.1181102362204724532, 0.02755905511811023584, -0.1023622047244094474 ) ) ;
#109 = AXIS2_PLACEMENT_3D ( 'NONE', #507, #1830, #4157 ) ;
#110 = ORIENTED_EDGE ( 'NONE', *, *, #663, .T. ) ;
#111 = CARTESIAN_POINT ( 'NONE',  ( -0.08858267716535432601, 0.1377952755905511861, -0.08858267716535432601 ) ) ;
#112 = PRESENTATION_LAYER_ASSIGNMENT (  '', '', ( #3121 ) ) ;
#113 = AXIS2_PLACEMENT_3D ( 'NONE', #3440, #2092, #3460 ) ;
#114 = CARTESIAN_POINT ( 'NONE',  ( -0.1318897637795275746, 0.02755905511811023584, -0.07480314960629921850 ) ) ;
#115 = DIRECTION ( 'NONE',  ( 0.0000000000000000000, 0.0000000000000000000, -1.000000000000000000 ) ) ;
#116 = VECTOR ( 'NONE', #4045, 39.37007874015748143 ) ;
#117 = VECTOR ( 'NONE', #2668, 39.37007874015748143 ) ;
#118 = ORIENTED_EDGE ( 'NONE', *, *, #3557, .T. ) ;
#119 = CARTESIAN_POINT ( 'NONE',  ( 0.1476377952755905387, -0.06889763779527559306, -0.1023622047244094474 ) ) ;
#120 = AXIS2_PLACEMENT_3D ( 'NONE', #1339, #3319, #1404 ) ;
#121 = VECTOR ( 'NONE', #920, 39.37007874015748143 ) ;
#122 = PLANE ( 'NONE',  #620 ) ;
#123 = ORIENTED_EDGE ( 'NONE', *, *, #1089, .T. ) ;
#124 = AXIS2_PLACEMENT_3D ( 'NONE', #4292, #3706, #2008 ) ;
#125 = ORIENTED_EDGE ( 'NONE', *, *, #3945, .T. ) ;
#126 = CARTESIAN_POINT ( 'NONE',  ( -0.1318897637795275746, -0.04201406643800709162, -0.1023622047244094474 ) ) ;
#127 = CARTESIAN_POINT ( 'NONE',  ( 0.1240157480314960647, -0.09578120915254409451, 0.07480314960629921850 ) ) ;
#128 = DIRECTION ( 'NONE',  ( 0.0000000000000000000, 0.0000000000000000000, 1.000000000000000000 ) ) ;
#129 = VECTOR ( 'NONE', #387, 39.37007874015748143 ) ;
#130 = EDGE_CURVE ( 'NONE', #2067, #1110, #3142, .T. ) ;
#131 = EDGE_LOOP ( 'NONE', ( #3012, #224, #3949, #3113 ) ) ;
#132 =( GEOMETRIC_REPRESENTATION_CONTEXT ( 3 ) GLOBAL_UNCERTAINTY_ASSIGNED_CONTEXT ( ( #579 ) ) GLOBAL_UNIT_ASSIGNED_CONTEXT ( ( #4100, #3801, #2842 ) ) REPRESENTATION_CONTEXT ( 'NONE', 'WORKASPACE' ) );
#133 = LINE ( 'NONE', #3379, #4307 ) ;
#134 = LINE ( 'NONE', #1459, #1512 ) ;
#135 = ADVANCED_FACE ( 'NONE', ( #3846 ), #1814, .T. ) ;
#136 = LINE ( 'NONE', #108, #3217 ) ;
#137 = EDGE_CURVE ( 'NONE', #2920, #1272, #814, .T. ) ;
#138 = VERTEX_POINT ( 'NONE', #574 ) ;
#139 = VERTEX_POINT ( 'NONE', #1549 ) ;
#140 = ORIENTED_EDGE ( 'NONE', *, *, #4281, .F. ) ;
#141 = DIRECTION ( 'NONE',  ( 0.0000000000000000000, 0.0000000000000000000, 1.000000000000000000 ) ) ;
#142 = LINE ( 'NONE', #2080, #4252 ) ;
#143 = VERTEX_POINT ( 'NONE', #1528 ) ;
#144 = CYLINDRICAL_SURFACE ( 'NONE', #3974, 0.02362204724409448092 ) ;
#145 = PLANE ( 'NONE',  #1795 ) ;
#146 = CIRCLE ( 'NONE', #2939, 0.06889763779527559306 ) ;
#147 = ORIENTED_EDGE ( 'NONE', *, *, #2716, .F. ) ;
#148 = VERTEX_POINT ( 'NONE', #1503 ) ;
#149 = CARTESIAN_POINT ( 'NONE',  ( 0.08858267716535432601, 0.1299212598425196763, 0.1122047244094488139 ) ) ;
#150 = DIRECTION ( 'NONE',  ( 1.000000000000000000, 0.0000000000000000000, 0.0000000000000000000 ) ) ;
#151 = ORIENTED_EDGE ( 'NONE', *, *, #315, .F. ) ;
#152 = DIRECTION ( 'NONE',  ( -0.7071067811865479058, -0.7071067811865469066, 0.0000000000000000000 ) ) ;
#153 = CARTESIAN_POINT ( 'NONE',  ( 0.1240157480314960647, 0.02755905511811023584, 0.1023622047244094474 ) ) ;
#154 = ORIENTED_EDGE ( 'NONE', *, *, #372, .T. ) ;
#155 = ORIENTED_EDGE ( 'NONE', *, *, #1353, .T. ) ;
#156 = CARTESIAN_POINT ( 'NONE',  ( 0.1240157480314960647, -0.04201406643800709162, -0.1023622047244094474 ) ) ;
#157 = FACE_OUTER_BOUND ( 'NONE', #3463, .T. ) ;
#158 = EDGE_CURVE ( 'NONE', #3778, #1847, #1566, .T. ) ;
#159 = ORIENTED_EDGE ( 'NONE', *, *, #2393, .T. ) ;
#160 = EDGE_CURVE ( 'NONE', #1267, #2494, #3569, .T. ) ;
#161 = ADVANCED_FACE ( 'NONE', ( #2491, #3547, #2532, #3510, #4201, #2553 ), #1245, .T. ) ;
#162 = DIRECTION ( 'NONE',  ( 0.0000000000000000000, 0.0000000000000000000, -1.000000000000000000 ) ) ;
#163 = CARTESIAN_POINT ( 'NONE',  ( -0.1263219938489248129, -0.04758183636860983945, -0.1023622047244094474 ) ) ;
#164 = FACE_OUTER_BOUND ( 'NONE', #3084, .T. ) ;
#165 = VERTEX_POINT ( 'NONE', #2817 ) ;
#166 = FACE_BOUND ( 'NONE', #1485, .T. ) ;
#167 = DIRECTION ( 'NONE',  ( 0.0000000000000000000, 0.0000000000000000000, 1.000000000000000000 ) ) ;
#168 = ORIENTED_EDGE ( 'NONE', *, *, #3944, .T. ) ;
#169 = LINE ( 'NONE', #858, #2689 ) ;
#170 = DIRECTION ( 'NONE',  ( -0.0000000000000000000, 1.000000000000000000, 0.0000000000000000000 ) ) ;
#171 = ORIENTED_EDGE ( 'NONE', *, *, #3964, .F. ) ;
#172 = ORIENTED_EDGE ( 'NONE', *, *, #3585, .T. ) ;
#173 = DIRECTION ( 'NONE',  ( 0.0000000000000000000, 0.0000000000000000000, -1.000000000000000000 ) ) ;
#174 = DIRECTION ( 'NONE',  ( 0.0000000000000000000, 1.000000000000000000, 0.0000000000000000000 ) ) ;
#175 = FILL_AREA_STYLE_COLOUR ( '', #2078 ) ;
#176 = ADVANCED_FACE ( 'NONE', ( #4220 ), #883, .F. ) ;
#177 = VERTEX_POINT ( 'NONE', #2197 ) ;
#178 = AXIS2_PLACEMENT_3D ( 'NONE', #1960, #1980, #15 ) ;
#179 = CARTESIAN_POINT ( 'NONE',  ( 0.1318897637795275746, 0.02755905511811023584, -0.1023622047244094474 ) ) ;
#180 = CIRCLE ( 'NONE', #2479, 0.007874015748031499423 ) ;
#181 = AXIS2_PLACEMENT_3D ( 'NONE', #2296, #3642, #4318 ) ;
#182 = EDGE_CURVE ( 'NONE', #3252, #453, #2864, .T. ) ;
#183 = ADVANCED_FACE ( 'NONE', ( #931 ), #3881, .F. ) ;
#184 = ORIENTED_EDGE ( 'NONE', *, *, #3321, .F. ) ;
#185 = AXIS2_PLACEMENT_3D ( 'NONE', #2318, #2652, #2715 ) ;
#186 = TOROIDAL_SURFACE ( 'NONE', #4041, 0.06275849662926456796, 0.003937007874015747977 ) ;
#187 = FACE_OUTER_BOUND ( 'NONE', #1577, .T. ) ;
#188 = DIRECTION ( 'NONE',  ( 0.0000000000000000000, 1.000000000000000000, 0.0000000000000000000 ) ) ;
#189 = DIRECTION ( 'NONE',  ( -2.454115839351809943E-16, -1.000000000000000000, 0.0000000000000000000 ) ) ;
#190 = VECTOR ( 'NONE', #1851, 39.37007874015748143 ) ;
#191 = FILL_AREA_STYLE ('',( #3191 ) ) ;
#192 = ORIENTED_EDGE ( 'NONE', *, *, #4144, .F. ) ;
#193 = CARTESIAN_POINT ( 'NONE',  ( -0.1532055652061933004, -0.06332986786467284523, 0.1023622047244094474 ) ) ;
#194 = VECTOR ( 'NONE', #2872, 39.37007874015748143 ) ;
#195 = DIRECTION ( 'NONE',  ( 0.0000000000000000000, -1.000000000000000000, 0.0000000000000000000 ) ) ;
#196 = CARTESIAN_POINT ( 'NONE',  ( 0.08858267716535432601, 0.1299212598425196763, 0.06496062992125983815 ) ) ;
#197 = VECTOR ( 'NONE', #2566, 39.37007874015748143 ) ;
#198 = ORIENTED_EDGE ( 'NONE', *, *, #2077, .F. ) ;
#199 = ORIENTED_EDGE ( 'NONE', *, *, #752, .F. ) ;
#200 = CARTESIAN_POINT ( 'NONE',  ( 0.08858267716535432601, 0.1377952755905511861, -0.1122047244094488139 ) ) ;
#201 = LINE ( 'NONE', #2841, #3341 ) ;
#202 = FACE_OUTER_BOUND ( 'NONE', #1871, .T. ) ;
#203 = VERTEX_POINT ( 'NONE', #156 ) ;
#204 = EDGE_CURVE ( 'NONE', #680, #2743, #3241, .T. ) ;
#205 = DIRECTION ( 'NONE',  ( 0.0000000000000000000, 0.0000000000000000000, -1.000000000000000000 ) ) ;
#206 = AXIS2_PLACEMENT_3D ( 'NONE', #866, #2223, #464 ) ;
#207 = VERTEX_POINT ( 'NONE', #2247 ) ;
#208 = CARTESIAN_POINT ( 'NONE',  ( 0.1263219938489248129, -0.04758183636860983945, -0.07480314960629921850 ) ) ;
#209 = ADVANCED_FACE ( 'NONE', ( #2840 ), #552, .F. ) ;
#210 = DIRECTION ( 'NONE',  ( 1.000000000000000000, 0.0000000000000000000, 0.0000000000000000000 ) ) ;
#211 = EDGE_CURVE ( 'NONE', #728, #3282, #2512, .T. ) ;
#212 = CARTESIAN_POINT ( 'NONE',  ( 0.1318897637795275746, -0.09578120915254409451, 0.07480314960629921850 ) ) ;
#213 = ORIENTED_EDGE ( 'NONE', *, *, #1460, .F. ) ;
#214 = LINE ( 'NONE', #3898, #4098 ) ;
#215 = DIRECTION ( 'NONE',  ( 0.0000000000000000000, 1.000000000000000000, 0.0000000000000000000 ) ) ;
#216 = ADVANCED_FACE ( 'NONE', ( #2176 ), #525, .T. ) ;
#217 = CARTESIAN_POINT ( 'NONE',  ( -0.1181102362204724532, 0.0000000000000000000, -0.1181102362204724532 ) ) ;
#218 = LINE ( 'NONE', #1546, #495 ) ;
#219 = ORIENTED_EDGE ( 'NONE', *, *, #2613, .F. ) ;
#220 = CYLINDRICAL_SURFACE ( 'NONE', #1292, 0.005905511811023620231 ) ;
#221 = LINE ( 'NONE', #1185, #682 ) ;
#222 = PLANE ( 'NONE',  #2437 ) ;
#223 = ORIENTED_EDGE ( 'NONE', *, *, #4048, .F. ) ;
#224 = ORIENTED_EDGE ( 'NONE', *, *, #1277, .T. ) ;
#225 = PLANE ( 'NONE',  #2707 ) ;
#226 = VERTEX_POINT ( 'NONE', #200 ) ;
#227 = DIRECTION ( 'NONE',  ( 0.0000000000000000000, 0.0000000000000000000, 1.000000000000000000 ) ) ;
#228 = DIRECTION ( 'NONE',  ( 1.000000000000000000, 0.0000000000000000000, 0.0000000000000000000 ) ) ;
#229 = LINE ( 'NONE', #3943, #194 ) ;
#230 = ADVANCED_FACE ( 'NONE', ( #1203 ), #220, .T. ) ;
#231 = EDGE_LOOP ( 'NONE', ( #3972, #1202, #712, #2246, #2398, #791 ) ) ;
#232 = LINE ( 'NONE', #2813, #2974 ) ;
#233 = DIRECTION ( 'NONE',  ( 0.0000000000000000000, -1.000000000000000000, 0.0000000000000000000 ) ) ;
#234 = DIRECTION ( 'NONE',  ( 0.0000000000000000000, 1.000000000000000000, 0.0000000000000000000 ) ) ;
#235 = FACE_OUTER_BOUND ( 'NONE', #1378, .T. ) ;
#236 = EDGE_CURVE ( 'NONE', #1979, #4156, #1988, .T. ) ;
#237 = ORIENTED_EDGE ( 'NONE', *, *, #1409, .F. ) ;
#238 = EDGE_CURVE ( 'NONE', #486, #3163, #3467, .T. ) ;
#239 = ORIENTED_EDGE ( 'NONE', *, *, #646, .T. ) ;
#240 = DIRECTION ( 'NONE',  ( 0.0000000000000000000, 0.0000000000000000000, -1.000000000000000000 ) ) ;
#241 = CARTESIAN_POINT ( 'NONE',  ( 0.1318897637795275746, 0.02755905511811023584, -0.07480314960629921850 ) ) ;
#242 = PLANE ( 'NONE',  #4172 ) ;
#243 = CARTESIAN_POINT ( 'NONE',  ( -0.08858267716535432601, 0.1496062992125984370, 0.06496062992125983815 ) ) ;
#244 = ORIENTED_EDGE ( 'NONE', *, *, #397, .F. ) ;
#245 = ORIENTED_EDGE ( 'NONE', *, *, #917, .T. ) ;
#246 = VECTOR ( 'NONE', #1464, 39.37007874015748143 ) ;
#247 = DIRECTION ( 'NONE',  ( 0.0000000000000000000, 0.0000000000000000000, 1.000000000000000000 ) ) ;
#248 = VECTOR ( 'NONE', #3657, 39.37007874015748143 ) ;
#249 = ORIENTED_EDGE ( 'NONE', *, *, #2819, .F. ) ;
#250 = DIRECTION ( 'NONE',  ( 0.0000000000000000000, -1.000000000000000000, 0.0000000000000000000 ) ) ;
#251 = CIRCLE ( 'NONE', #823, 0.007874015748031499423 ) ;
#252 = AXIS2_PLACEMENT_3D ( 'NONE', #1934, #2967, #1543 ) ;
#253 = CARTESIAN_POINT ( 'NONE',  ( 0.0000000000000000000, 0.1930507854200885776, 0.0000000000000000000 ) ) ;
#254 = PRODUCT_CONTEXT ( 'NONE', #820, 'mechanical' ) ;
#255 = VECTOR ( 'NONE', #2384, 39.37007874015748143 ) ;
#256 = AXIS2_PLACEMENT_3D ( 'NONE', #1517, #1231, #2849 ) ;
#257 = ORIENTED_EDGE ( 'NONE', *, *, #160, .T. ) ;
#258 = LINE ( 'NONE', #2898, #606 ) ;
#259 = LINE ( 'NONE', #2308, #1154 ) ;
#260 = EDGE_CURVE ( 'NONE', #819, #535, #1309, .T. ) ;
#261 = AXIS2_PLACEMENT_3D ( 'NONE', #2786, #773, #4086 ) ;
#262 = DIRECTION ( 'NONE',  ( 0.0000000000000000000, 1.000000000000000000, 0.0000000000000000000 ) ) ;
#263 = ORIENTED_EDGE ( 'NONE', *, *, #2819, .T. ) ;
#264 = EDGE_LOOP ( 'NONE', ( #1501, #239 ) ) ;
#265 = VECTOR ( 'NONE', #2630, 39.37007874015748143 ) ;
#266 = CARTESIAN_POINT ( 'NONE',  ( -0.1181102362204724532, 0.0000000000000000000, 0.1122047244094488277 ) ) ;
#267 = DIRECTION ( 'NONE',  ( -0.0000000000000000000, 1.000000000000000000, 0.0000000000000000000 ) ) ;
#268 = EDGE_CURVE ( 'NONE', #1102, #3069, #4272, .T. ) ;
#269 = DIRECTION ( 'NONE',  ( 0.0000000000000000000, 0.0000000000000000000, 1.000000000000000000 ) ) ;
#270 = ADVANCED_FACE ( 'NONE', ( #2664 ), #352, .F. ) ;
#271 = CARTESIAN_POINT ( 'NONE',  ( 0.1555118110236220763, -0.1377952755905511861, 0.08366141732283464971 ) ) ;
#272 = CIRCLE ( 'NONE', #1177, 0.005905511811023620231 ) ;
#273 = VERTEX_POINT ( 'NONE', #3264 ) ;
#274 = FACE_OUTER_BOUND ( 'NONE', #2274, .T. ) ;
#275 = EDGE_LOOP ( 'NONE', ( #3777, #3407, #3002, #3703 ) ) ;
#276 = SPHERICAL_SURFACE ( 'NONE', #1646, 0.03937007874015747977 ) ;
#277 = SURFACE_STYLE_FILL_AREA ( #1929 ) ;
#278 = ORIENTED_EDGE ( 'NONE', *, *, #1809, .T. ) ;
#279 = LINE ( 'NONE', #1933, #3401 ) ;
#280 = LINE ( 'NONE', #2242, #3608 ) ;
#281 = VECTOR ( 'NONE', #3776, 39.37007874015748143 ) ;
#282 = CARTESIAN_POINT ( 'NONE',  ( 0.1240157480314960647, 0.02755905511811023584, 0.1023622047244094474 ) ) ;
#283 = VERTEX_POINT ( 'NONE', #266 ) ;
#284 = ORIENTED_EDGE ( 'NONE', *, *, #434, .F. ) ;
#285 = PLANE ( 'NONE',  #2839 ) ;
#286 = CYLINDRICAL_SURFACE ( 'NONE', #4241, 0.02362204724409448092 ) ;
#287 = CARTESIAN_POINT ( 'NONE',  ( 0.0000000000000000000, 0.1968503937007874127, 0.06275849662926456796 ) ) ;
#288 = VERTEX_POINT ( 'NONE', #1590 ) ;
#289 = ADVANCED_FACE ( 'NONE', ( #1268 ), #3951, .T. ) ;
#290 = ORIENTED_EDGE ( 'NONE', *, *, #2419, .T. ) ;
#291 = LINE ( 'NONE', #2958, #2834 ) ;
#292 = LINE ( 'NONE', #1617, #3772 ) ;
#293 = EDGE_LOOP ( 'NONE', ( #2091, #833, #4296, #2677, #1596, #1685 ) ) ;
#294 = EDGE_CURVE ( 'NONE', #1328, #3064, #1941, .T. ) ;
#295 = EDGE_CURVE ( 'NONE', #1601, #2330, #1500, .T. ) ;
#296 = LINE ( 'NONE', #2962, #1714 ) ;
#297 = DIRECTION ( 'NONE',  ( 0.0000000000000000000, -1.000000000000000000, 0.0000000000000000000 ) ) ;
#298 = ORIENTED_EDGE ( 'NONE', *, *, #511, .F. ) ;
#299 = PLANE ( 'NONE',  #1992 ) ;
#300 = FACE_OUTER_BOUND ( 'NONE', #1615, .T. ) ;
#301 = FACE_OUTER_BOUND ( 'NONE', #4000, .T. ) ;
#302 = DIRECTION ( 'NONE',  ( 0.0000000000000000000, 0.0000000000000000000, 1.000000000000000000 ) ) ;
#303 = ORIENTED_EDGE ( 'NONE', *, *, #3077, .F. ) ;
#304 = FACE_BOUND ( 'NONE', #2647, .T. ) ;
#305 = DIRECTION ( 'NONE',  ( -1.000000000000000000, 0.0000000000000000000, 0.0000000000000000000 ) ) ;
#306 = CARTESIAN_POINT ( 'NONE',  ( 0.1181102362204724532, 0.02755905511811023584, 0.1023622047244094474 ) ) ;
#307 = ORIENTED_EDGE ( 'NONE', *, *, #2077, .T. ) ;
#308 = DIRECTION ( 'NONE',  ( 0.0000000000000000000, 1.000000000000000000, 0.0000000000000000000 ) ) ;
#309 =( LENGTH_UNIT ( ) NAMED_UNIT ( * ) SI_UNIT ( $, .METRE. ) );
#310 = EDGE_CURVE ( 'NONE', #3719, #1742, #1091, .T. ) ;
#311 = ORIENTED_EDGE ( 'NONE', *, *, #2311, .T. ) ;
#312 = CARTESIAN_POINT ( 'NONE',  ( -0.1476377952755905387, -0.06889763779527559306, 0.1023622047244094474 ) ) ;
#313 = CARTESIAN_POINT ( 'NONE',  ( 0.1318897637795275746, -0.1377952755905511861, 0.08366141732283464971 ) ) ;
#314 = DIRECTION ( 'NONE',  ( -1.000000000000000000, 0.0000000000000000000, 0.0000000000000000000 ) ) ;
#315 = EDGE_CURVE ( 'NONE', #148, #1532, #1716, .T. ) ;
#316 = ADVANCED_FACE ( 'NONE', ( #2730 ), #3395, .T. ) ;
#317 = ORIENTED_EDGE ( 'NONE', *, *, #2212, .F. ) ;
#318 = AXIS2_PLACEMENT_3D ( 'NONE', #3329, #1942, #1246 ) ;
#319 = VECTOR ( 'NONE', #501, 39.37007874015748854 ) ;
#320 = DIRECTION ( 'NONE',  ( 0.0000000000000000000, 0.0000000000000000000, -1.000000000000000000 ) ) ;
#321 = CARTESIAN_POINT ( 'NONE',  ( 0.1263219938489248129, -0.09021343922194134668, 0.1023622047244094474 ) ) ;
#322 = DIRECTION ( 'NONE',  ( -1.000000000000000000, 0.0000000000000000000, 0.0000000000000000000 ) ) ;
#323 = MECHANICAL_DESIGN_GEOMETRIC_PRESENTATION_REPRESENTATION (  '', ( #3755 ), #1641 ) ;
#324 = VECTOR ( 'NONE', #233, 39.37007874015748143 ) ;
#325 = ORIENTED_EDGE ( 'NONE', *, *, #1994, .F. ) ;
#326 = CIRCLE ( 'NONE', #3195, 0.005905511811023620231 ) ;
#327 = AXIS2_PLACEMENT_3D ( 'NONE', #3921, #1257, #2595 ) ;
#328 = DIRECTION ( 'NONE',  ( 0.0000000000000000000, 0.0000000000000000000, 1.000000000000000000 ) ) ;
#329 = DIRECTION ( 'NONE',  ( 0.0000000000000000000, -1.000000000000000000, 0.0000000000000000000 ) ) ;
#330 = CARTESIAN_POINT ( 'NONE',  ( 0.1318897637795275746, -0.09578120915254409451, 0.07480314960629921850 ) ) ;
#331 = VECTOR ( 'NONE', #305, 39.37007874015748143 ) ;
#332 = EDGE_LOOP ( 'NONE', ( #3789, #732, #4050, #722 ) ) ;
#333 = EDGE_LOOP ( 'NONE', ( #1862, #4213, #1765, #3419 ) ) ;
#334 = VECTOR ( 'NONE', #2305, 39.37007874015748143 ) ;
#335 = CARTESIAN_POINT ( 'NONE',  ( -0.1476377952755905387, -0.06889763779527559306, -0.1023622047244094474 ) ) ;
#336 = CARTESIAN_POINT ( 'NONE',  ( -0.1181102362204724532, 0.0000000000000000000, 0.04921259842519685318 ) ) ;
#337 = ORIENTED_EDGE ( 'NONE', *, *, #2045, .F. ) ;
#338 = AXIS2_PLACEMENT_3D ( 'NONE', #383, #3713, #362 ) ;
#339 = DIRECTION ( 'NONE',  ( 0.0000000000000000000, 1.000000000000000000, 0.0000000000000000000 ) ) ;
#340 = CARTESIAN_POINT ( 'NONE',  ( 0.1240157480314960647, 0.02755905511811023584, 0.07480314960629921850 ) ) ;
#341 = LINE ( 'NONE', #1666, #1106 ) ;
#342 = ORIENTED_EDGE ( 'NONE', *, *, #1411, .T. ) ;
#343 = EDGE_CURVE ( 'NONE', #2724, #1060, #3109, .T. ) ;
#344 = EDGE_CURVE ( 'NONE', #2658, #2367, #1707, .T. ) ;
#345 = CARTESIAN_POINT ( 'NONE',  ( 0.0000000000000000000, 0.1377952755905511861, 0.0000000000000000000 ) ) ;
#346 = CARTESIAN_POINT ( 'NONE',  ( 0.1476377952755905387, -0.06889763779527559306, -0.07480314960629921850 ) ) ;
#347 = DIRECTION ( 'NONE',  ( -0.7071067811865479058, -0.7071067811865469066, 0.0000000000000000000 ) ) ;
#348 = LINE ( 'NONE', #1653, #3995 ) ;
#349 = AXIS2_PLACEMENT_3D ( 'NONE', #1415, #1181, #3423 ) ;
#350 = ORIENTED_EDGE ( 'NONE', *, *, #2262, .F. ) ;
#351 = EDGE_CURVE ( 'NONE', #2034, #2187, #1371, .T. ) ;
#352 = PLANE ( 'NONE',  #178 ) ;
#353 = FACE_OUTER_BOUND ( 'NONE', #3950, .T. ) ;
#354 = FACE_OUTER_BOUND ( 'NONE', #857, .T. ) ;
#355 = VECTOR ( 'NONE', #3458, 39.37007874015748143 ) ;
#356 = SURFACE_STYLE_FILL_AREA ( #2975 ) ;
#357 = ORIENTED_EDGE ( 'NONE', *, *, #46, .T. ) ;
#358 = ORIENTED_EDGE ( 'NONE', *, *, #1521, .F. ) ;
#359 = VERTEX_POINT ( 'NONE', #2375 ) ;
#360 = UNCERTAINTY_MEASURE_WITH_UNIT (LENGTH_MEASURE( 1.000000000000000082E-05 ), #1355, 'distance_accuracy_value', 'NONE');
#361 = DIRECTION ( 'NONE',  ( -3.519431053647356462E-16, -0.8660254037844389297, -0.4999999999999994449 ) ) ;
#362 = DIRECTION ( 'NONE',  ( 0.0000000000000000000, 0.0000000000000000000, 1.000000000000000000 ) ) ;
#363 = ORIENTED_EDGE ( 'NONE', *, *, #1650, .F. ) ;
#364 = PLANE ( 'NONE',  #206 ) ;
#365 = DIRECTION ( 'NONE',  ( 0.0000000000000000000, 0.0000000000000000000, -1.000000000000000000 ) ) ;
#366 = CARTESIAN_POINT ( 'NONE',  ( 0.1318897637795275746, -0.04201406643800709162, 0.07480314960629921850 ) ) ;
#367 = CARTESIAN_POINT ( 'NONE',  ( 0.1318897637795275746, -0.1224523058384645591, 0.1023622047244094474 ) ) ;
#368 = VERTEX_POINT ( 'NONE', #4135 ) ;
#369 = ORIENTED_EDGE ( 'NONE', *, *, #3452, .T. ) ;
#370 = DIRECTION ( 'NONE',  ( 0.0000000000000000000, 0.0000000000000000000, -1.000000000000000000 ) ) ;
#371 = DIRECTION ( 'NONE',  ( 1.000000000000000000, 0.0000000000000000000, 0.0000000000000000000 ) ) ;
#372 = EDGE_CURVE ( 'NONE', #3875, #2673, #729, .T. ) ;
#373 = LINE ( 'NONE', #4053, #3295 ) ;
#374 = ORIENTED_EDGE ( 'NONE', *, *, #2765, .F. ) ;
#375 = CARTESIAN_POINT ( 'NONE',  ( 0.1122047244094488277, 0.1299212598425196763, -0.1181102362204724532 ) ) ;
#376 = DIRECTION ( 'NONE',  ( 0.0000000000000000000, 0.0000000000000000000, 1.000000000000000000 ) ) ;
#377 = CARTESIAN_POINT ( 'NONE',  ( -0.1263219938489248129, -0.04758183636860983945, 0.07480314960629921850 ) ) ;
#378 = EDGE_CURVE ( 'NONE', #2931, #1, #133, .T. ) ;
#379 = EDGE_CURVE ( 'NONE', #3157, #1855, #960, .T. ) ;
#380 = VERTEX_POINT ( 'NONE', #1784 ) ;
#381 = ORIENTED_EDGE ( 'NONE', *, *, #3402, .F. ) ;
#382 = EDGE_LOOP ( 'NONE', ( #4102, #2633, #3923, #807 ) ) ;
#383 = CARTESIAN_POINT ( 'NONE',  ( 0.1181102362204724532, 0.03543307086614173179, -0.1023622047244094474 ) ) ;
#384 = ORIENTED_EDGE ( 'NONE', *, *, #1943, .F. ) ;
#385 = CARTESIAN_POINT ( 'NONE',  ( 0.1555118110236220763, -0.1054045616694795212, 0.1122047244094488277 ) ) ;
#386 = DIRECTION ( 'NONE',  ( 0.0000000000000000000, 0.0000000000000000000, 1.000000000000000000 ) ) ;
#387 = DIRECTION ( 'NONE',  ( -1.000000000000000000, 0.0000000000000000000, 0.0000000000000000000 ) ) ;
#388 = VERTEX_POINT ( 'NONE', #1077 ) ;
#389 = VERTEX_POINT ( 'NONE', #38 ) ;
#390 = CARTESIAN_POINT ( 'NONE',  ( 0.1181102362204724532, 0.1299212598425196763, -0.1122047244094488277 ) ) ;
#391 = LINE ( 'NONE', #3739, #3892 ) ;
#392 =( NAMED_UNIT ( * ) SI_UNIT ( $, .STERADIAN. ) SOLID_ANGLE_UNIT ( ) );
#393 = AXIS2_PLACEMENT_3D ( 'NONE', #2071, #2007, #3775 ) ;
#394 = CIRCLE ( 'NONE', #2828, 0.003937007874015749712 ) ;
#395 = ORIENTED_EDGE ( 'NONE', *, *, #1943, .T. ) ;
#396 = CARTESIAN_POINT ( 'NONE',  ( 0.1181102362204724532, 0.02755905511811023584, -0.1023622047244094474 ) ) ;
#397 = EDGE_CURVE ( 'NONE', #639, #426, #2068, .T. ) ;
#398 = VECTOR ( 'NONE', #2661, 39.37007874015748143 ) ;
#399 = VECTOR ( 'NONE', #1649, 39.37007874015748854 ) ;
#400 = EDGE_LOOP ( 'NONE', ( #3205, #4324, #3488, #1082 ) ) ;
#401 = VECTOR ( 'NONE', #1314, 39.37007874015748143 ) ;
#402 = CIRCLE ( 'NONE', #3831, 0.07283464566929134798 ) ;
#403 = CARTESIAN_POINT ( 'NONE',  ( 0.0000000000000000000, 0.1929133858267716439, 0.06275849662926456796 ) ) ;
#404 = EDGE_CURVE ( 'NONE', #4338, #597, #1057, .T. ) ;
#405 = ADVANCED_FACE ( 'NONE', ( #422 ), #3421, .T. ) ;
#406 = PLANE ( 'NONE',  #1100 ) ;
#407 = FACE_OUTER_BOUND ( 'NONE', #1341, .T. ) ;
#408 = AXIS2_PLACEMENT_3D ( 'NONE', #575, #1593, #4274 ) ;
#409 = CIRCLE ( 'NONE', #393, 0.007874015748031499423 ) ;
#410 = ORIENTED_EDGE ( 'NONE', *, *, #238, .T. ) ;
#411 = VECTOR ( 'NONE', #939, 39.37007874015748143 ) ;
#412 = CARTESIAN_POINT ( 'NONE',  ( 0.1318897637795275746, -0.04201406643800709162, -0.1023622047244094474 ) ) ;
#413 = DIRECTION ( 'NONE',  ( 0.0000000000000000000, 0.0000000000000000000, 1.000000000000000000 ) ) ;
#414 = DIRECTION ( 'NONE',  ( 0.0000000000000000000, 0.0000000000000000000, -1.000000000000000000 ) ) ;
#415 = CIRCLE ( 'NONE', #3916, 0.02362204724409448092 ) ;
#416 = ORIENTED_EDGE ( 'NONE', *, *, #2852, .T. ) ;
#417 = ORIENTED_EDGE ( 'NONE', *, *, #805, .F. ) ;
#418 = CARTESIAN_POINT ( 'NONE',  ( -0.1240157480314960647, -0.1377952755905511861, -0.09350393700787401619 ) ) ;
#419 = PLANE ( 'NONE',  #2830 ) ;
#420 = LINE ( 'NONE', #1391, #3929 ) ;
#421 = VERTEX_POINT ( 'NONE', #2711 ) ;
#422 = FACE_OUTER_BOUND ( 'NONE', #2767, .T. ) ;
#423 = FACE_OUTER_BOUND ( 'NONE', #14, .T. ) ;
#424 = PLANE ( 'NONE',  #425 ) ;
#425 = AXIS2_PLACEMENT_3D ( 'NONE', #3842, #2093, #845 ) ;
#426 = VERTEX_POINT ( 'NONE', #3038 ) ;
#427 = VERTEX_POINT ( 'NONE', #65 ) ;
#428 =( GEOMETRIC_REPRESENTATION_CONTEXT ( 3 ) GLOBAL_UNCERTAINTY_ASSIGNED_CONTEXT ( ( #3595 ) ) GLOBAL_UNIT_ASSIGNED_CONTEXT ( ( #2573, #2854, #3582 ) ) REPRESENTATION_CONTEXT ( 'NONE', 'WORKASPACE' ) );
#429 = DIRECTION ( 'NONE',  ( 1.000000000000000000, 0.0000000000000000000, 0.0000000000000000000 ) ) ;
#430 = EDGE_CURVE ( 'NONE', #716, #2607, #3795, .T. ) ;
#431 = ORIENTED_EDGE ( 'NONE', *, *, #3882, .F. ) ;
#432 = DIRECTION ( 'NONE',  ( 0.0000000000000000000, 1.000000000000000000, 0.0000000000000000000 ) ) ;
#433 = DIRECTION ( 'NONE',  ( 0.0000000000000000000, 1.000000000000000000, 0.0000000000000000000 ) ) ;
#434 = EDGE_CURVE ( 'NONE', #3715, #2367, #2111, .T. ) ;
#435 = EDGE_CURVE ( 'NONE', #476, #977, #2525, .T. ) ;
#436 = VERTEX_POINT ( 'NONE', #193 ) ;
#437 = ORIENTED_EDGE ( 'NONE', *, *, #2045, .T. ) ;
#438 = DIRECTION ( 'NONE',  ( -1.000000000000000000, 0.0000000000000000000, 0.0000000000000000000 ) ) ;
#439 = FACE_BOUND ( 'NONE', #1276, .T. ) ;
#440 = LENGTH_MEASURE_WITH_UNIT ( LENGTH_MEASURE( 0.02539999999999999897 ), #2413 );
#441 = ORIENTED_EDGE ( 'NONE', *, *, #842, .F. ) ;
#442 = CARTESIAN_POINT ( 'NONE',  ( -0.1122047244094488277, 0.1299212598425196763, -0.1122047244094488277 ) ) ;
#443 = CARTESIAN_POINT ( 'NONE',  ( 0.1263219938489248129, -0.04758183636860983945, -0.07480314960629921850 ) ) ;
#444 = CARTESIAN_POINT ( 'NONE',  ( 0.1181102362204724532, 0.003937007874015747977, 0.04921259842519685318 ) ) ;
#445 = ORIENTED_EDGE ( 'NONE', *, *, #4212, .F. ) ;
#446 = CARTESIAN_POINT ( 'NONE',  ( -0.1476377952755905387, -0.06889763779527559306, 0.1023622047244094474 ) ) ;
#447 = CARTESIAN_POINT ( 'NONE',  ( -0.1181102362204724532, 0.02755905511811023584, 0.1023622047244094474 ) ) ;
#448 = CARTESIAN_POINT ( 'NONE',  ( 0.1181102362204724532, 0.1299212598425196763, -0.1122047244094488277 ) ) ;
#449 = EDGE_LOOP ( 'NONE', ( #3472, #284, #1011, #3670 ) ) ;
#450 = DIRECTION ( 'NONE',  ( 0.0000000000000000000, 0.0000000000000000000, 1.000000000000000000 ) ) ;
#451 = EDGE_CURVE ( 'NONE', #453, #283, #1029, .T. ) ;
#452 = CARTESIAN_POINT ( 'NONE',  ( 0.1318897637795275746, -0.09578120915254409451, -0.1023622047244094474 ) ) ;
#453 = VERTEX_POINT ( 'NONE', #1153 ) ;
#454 = EDGE_LOOP ( 'NONE', ( #1251, #2415, #2504, #1899, #4095, #4229 ) ) ;
#455 = EDGE_CURVE ( 'NONE', #1370, #288, #2153, .T. ) ;
#456 = CARTESIAN_POINT ( 'NONE',  ( 0.1181102362204724532, 0.1299212598425196763, 0.1181102362204724532 ) ) ;
#457 = EDGE_CURVE ( 'NONE', #1669, #3054, #232, .T. ) ;
#458 = DIRECTION ( 'NONE',  ( -1.000000000000000000, 0.0000000000000000000, 0.0000000000000000000 ) ) ;
#459 = CARTESIAN_POINT ( 'NONE',  ( 0.08858267716535432601, 0.1496062992125984370, -0.08858267716535432601 ) ) ;
#460 = ORIENTED_EDGE ( 'NONE', *, *, #3966, .T. ) ;
#461 = DIRECTION ( 'NONE',  ( 0.0000000000000000000, -1.000000000000000000, 0.0000000000000000000 ) ) ;
#462 = DIRECTION ( 'NONE',  ( 0.0000000000000000000, -1.000000000000000000, 0.0000000000000000000 ) ) ;
#463 = ORIENTED_EDGE ( 'NONE', *, *, #3183, .F. ) ;
#464 = DIRECTION ( 'NONE',  ( 0.0000000000000000000, 0.0000000000000000000, -1.000000000000000000 ) ) ;
#465 = CARTESIAN_POINT ( 'NONE',  ( 0.1240157480314960647, -0.09578120915254409451, -0.1023622047244094474 ) ) ;
#466 = VECTOR ( 'NONE', #2827, 39.37007874015748143 ) ;
#467 = AXIS2_PLACEMENT_3D ( 'NONE', #750, #2416, #4055 ) ;
#468 = DIRECTION ( 'NONE',  ( 0.0000000000000000000, 0.0000000000000000000, -1.000000000000000000 ) ) ;
#469 = AXIS2_PLACEMENT_3D ( 'NONE', #3050, #661, #714 ) ;
#470 = VECTOR ( 'NONE', #2329, 39.37007874015748143 ) ;
#471 = ORIENTED_EDGE ( 'NONE', *, *, #2555, .F. ) ;
#472 = FACE_OUTER_BOUND ( 'NONE', #1633, .T. ) ;
#473 = AXIS2_PLACEMENT_3D ( 'NONE', #794, #128, #458 ) ;
#474 = CIRCLE ( 'NONE', #968, 0.02362204724409448092 ) ;
#475 = DIRECTION ( 'NONE',  ( -1.000000000000000000, 0.0000000000000000000, 0.0000000000000000000 ) ) ;
#476 = VERTEX_POINT ( 'NONE', #4152 ) ;
#477 = AXIS2_PLACEMENT_3D ( 'NONE', #4211, #922, #3581 ) ;
#478 = ORIENTED_EDGE ( 'NONE', *, *, #1250, .T. ) ;
#479 = DIRECTION ( 'NONE',  ( 0.0000000000000000000, 0.0000000000000000000, 1.000000000000000000 ) ) ;
#480 = CARTESIAN_POINT ( 'NONE',  ( -0.1318897637795275746, 0.02755905511811023584, -0.1023622047244094474 ) ) ;
#481 = EDGE_CURVE ( 'NONE', #3328, #1370, #4196, .T. ) ;
#482 = ORIENTED_EDGE ( 'NONE', *, *, #2695, .T. ) ;
#483 = CYLINDRICAL_SURFACE ( 'NONE', #2475, 0.02362204724409448092 ) ;
#484 = DIRECTION ( 'NONE',  ( 0.0000000000000000000, 0.0000000000000000000, 1.000000000000000000 ) ) ;
#485 = EDGE_CURVE ( 'NONE', #4091, #1457, #3894, .T. ) ;
#486 = VERTEX_POINT ( 'NONE', #815 ) ;
#487 = VERTEX_POINT ( 'NONE', #2876 ) ;
#488 = CARTESIAN_POINT ( 'NONE',  ( -0.1181102362204724532, 0.02755905511811023584, -0.1023622047244094474 ) ) ;
#489 = LINE ( 'NONE', #1418, #3901 ) ;
#490 = VERTEX_POINT ( 'NONE', #843 ) ;
#491 = AXIS2_PLACEMENT_3D ( 'NONE', #2192, #1283, #1894 ) ;
#492 = CARTESIAN_POINT ( 'NONE',  ( 0.1318897637795275746, -0.1377952755905511861, 0.09350393700787401619 ) ) ;
#493 = CARTESIAN_POINT ( 'NONE',  ( -0.08858267716535432601, 0.1299212598425196763, -0.08858267716535432601 ) ) ;
#494 = CARTESIAN_POINT ( 'NONE',  ( 0.0000000000000000000, 0.1299212598425196763, 0.07283464566929134798 ) ) ;
#495 = VECTOR ( 'NONE', #974, 39.37007874015748143 ) ;
#496 = ORIENTED_EDGE ( 'NONE', *, *, #3505, .T. ) ;
#497 = CARTESIAN_POINT ( 'NONE',  ( 0.08858267716535432601, 0.1299212598425196763, -0.08858267716535432601 ) ) ;
#498 = DIRECTION ( 'NONE',  ( 0.0000000000000000000, 1.000000000000000000, 0.0000000000000000000 ) ) ;
#499 = CARTESIAN_POINT ( 'NONE',  ( -0.1122047244094488277, 0.1299212598425196763, -0.1181102362204724532 ) ) ;
#500 = EDGE_LOOP ( 'NONE', ( #2579, #4023, #3246, #3919 ) ) ;
#501 = DIRECTION ( 'NONE',  ( -0.7071067811865469066, -0.7071067811865479058, 0.0000000000000000000 ) ) ;
#502 = FACE_OUTER_BOUND ( 'NONE', #3390, .T. ) ;
#503 = EDGE_CURVE ( 'NONE', #2183, #785, #3503, .T. ) ;
#504 = DIRECTION ( 'NONE',  ( 1.000000000000000000, 0.0000000000000000000, 0.0000000000000000000 ) ) ;
#505 = ORIENTED_EDGE ( 'NONE', *, *, #3402, .T. ) ;
#506 = ORIENTED_EDGE ( 'NONE', *, *, #2613, .T. ) ;
#507 = CARTESIAN_POINT ( 'NONE',  ( -0.1555118110236220763, -0.1377952755905511861, 0.08366141732283464971 ) ) ;
#508 = CARTESIAN_POINT ( 'NONE',  ( 0.1181102362204724532, 0.03543307086614173179, 0.1023622047244094474 ) ) ;
#509 = EDGE_CURVE ( 'NONE', #582, #427, #3235, .T. ) ;
#510 = CARTESIAN_POINT ( 'NONE',  ( -0.08858267716535432601, 0.1299212598425196763, 0.1122047244094488139 ) ) ;
#511 = EDGE_CURVE ( 'NONE', #3312, #706, #2547, .T. ) ;
#512 = SURFACE_STYLE_USAGE ( .BOTH. , #2801 ) ;
#513 = CARTESIAN_POINT ( 'NONE',  ( 0.1318897637795275746, -0.04201406643800709162, 0.07480314960629921850 ) ) ;
#514 = EDGE_LOOP ( 'NONE', ( #2074, #4174, #4134, #1152, #4277, #384, #556, #3681, #1118, #1552, #2467, #154, #2732, #1989, #2978, #1075, #1824 ) ) ;
#515 = DIRECTION ( 'NONE',  ( -2.454115839351809943E-16, -1.000000000000000000, 0.0000000000000000000 ) ) ;
#516 = CARTESIAN_POINT ( 'NONE',  ( -0.1532055652061933004, -0.07446540772587834089, -0.07480314960629921850 ) ) ;
#517 = FACE_OUTER_BOUND ( 'NONE', #1424, .T. ) ;
#518 = ORIENTED_EDGE ( 'NONE', *, *, #2179, .T. ) ;
#519 = FACE_OUTER_BOUND ( 'NONE', #2252, .T. ) ;
#520 = DIRECTION ( 'NONE',  ( 0.0000000000000000000, 0.0000000000000000000, 1.000000000000000000 ) ) ;
#521 = CARTESIAN_POINT ( 'NONE',  ( -0.08858267716535432601, 0.1496062992125984370, -0.08858267716535432601 ) ) ;
#522 = ORIENTED_EDGE ( 'NONE', *, *, #3182, .F. ) ;
#523 = ORIENTED_EDGE ( 'NONE', *, *, #4297, .T. ) ;
#524 = EDGE_CURVE ( 'NONE', #1709, #656, #3483, .T. ) ;
#525 = PLANE ( 'NONE',  #748 ) ;
#526 = DIRECTION ( 'NONE',  ( 0.0000000000000000000, 0.0000000000000000000, 1.000000000000000000 ) ) ;
#527 = CARTESIAN_POINT ( 'NONE',  ( 0.1240157480314960647, -0.1224523058384645591, -0.07480314960629921850 ) ) ;
#528 = ORIENTED_EDGE ( 'NONE', *, *, #2261, .T. ) ;
#529 = VECTOR ( 'NONE', #1286, 39.37007874015748143 ) ;
#530 = ADVANCED_FACE ( 'NONE', ( #903 ), #483, .F. ) ;
#531 = AXIS2_PLACEMENT_3D ( 'NONE', #3704, #3071, #3091 ) ;
#532 = EDGE_CURVE ( 'NONE', #426, #1669, #169, .T. ) ;
#533 = DIRECTION ( 'NONE',  ( 0.0000000000000000000, 0.0000000000000000000, 1.000000000000000000 ) ) ;
#534 = AXIS2_PLACEMENT_3D ( 'NONE', #1671, #1342, #62 ) ;
#535 = VERTEX_POINT ( 'NONE', #2170 ) ;
#536 = ADVANCED_FACE ( 'NONE', ( #519 ), #1841, .F. ) ;
#537 = CIRCLE ( 'NONE', #2980, 0.007874015748031499423 ) ;
#538 = TOROIDAL_SURFACE ( 'NONE', #2140, 0.06275849662926456796, 0.003937007874015747977 ) ;
#539 = DIRECTION ( 'NONE',  ( 0.0000000000000000000, -1.000000000000000000, 0.0000000000000000000 ) ) ;
#540 = CARTESIAN_POINT ( 'NONE',  ( -0.1263219938489248129, -0.04758183636860983945, -0.1023622047244094474 ) ) ;
#541 = CIRCLE ( 'NONE', #1652, 0.007874015748031499423 ) ;
#542 = CARTESIAN_POINT ( 'NONE',  ( 0.0000000000000000000, 0.0000000000000000000, 0.0000000000000000000 ) ) ;
#543 = ORIENTED_EDGE ( 'NONE', *, *, #4116, .T. ) ;
#544 = DIRECTION ( 'NONE',  ( 0.0000000000000000000, 0.0000000000000000000, -1.000000000000000000 ) ) ;
#545 = DIRECTION ( 'NONE',  ( 0.0000000000000000000, 1.000000000000000000, 0.0000000000000000000 ) ) ;
#546 = VECTOR ( 'NONE', #3787, 39.37007874015748854 ) ;
#547 = CARTESIAN_POINT ( 'NONE',  ( -0.1240157480314960647, -0.04201406643800709162, 0.1023622047244094474 ) ) ;
#548 = CARTESIAN_POINT ( 'NONE',  ( 0.08858267716535432601, 0.1377952755905511861, -0.1122047244094488139 ) ) ;
#549 = STYLED_ITEM ( 'NONE', ( #1064 ), #3634 ) ;
#550 = VERTEX_POINT ( 'NONE', #3215 ) ;
#551 = ORIENTED_EDGE ( 'NONE', *, *, #3913, .T. ) ;
#552 = PLANE ( 'NONE',  #2057 ) ;
#553 = DIRECTION ( 'NONE',  ( 0.0000000000000000000, 0.0000000000000000000, 1.000000000000000000 ) ) ;
#554 = CARTESIAN_POINT ( 'NONE',  ( 0.1532055652061933004, -0.07446540772587834089, 0.1023622047244094474 ) ) ;
#555 = EDGE_CURVE ( 'NONE', #4320, #273, #214, .T. ) ;
#556 = ORIENTED_EDGE ( 'NONE', *, *, #2910, .F. ) ;
#557 = ORIENTED_EDGE ( 'NONE', *, *, #3160, .F. ) ;
#558 = DIRECTION ( 'NONE',  ( 1.000000000000000000, 0.0000000000000000000, 0.0000000000000000000 ) ) ;
#559 = CARTESIAN_POINT ( 'NONE',  ( -0.1181102362204724532, 0.02755905511811023584, 0.07480314960629921850 ) ) ;
#560 = EDGE_CURVE ( 'NONE', #1911, #2886, #3584, .T. ) ;
#561 = AXIS2_PLACEMENT_3D ( 'NONE', #4275, #2885, #3571 ) ;
#562 = ORIENTED_EDGE ( 'NONE', *, *, #4280, .T. ) ;
#563 = FACE_OUTER_BOUND ( 'NONE', #1183, .T. ) ;
#564 = DIRECTION ( 'NONE',  ( -1.000000000000000000, 0.0000000000000000000, 0.0000000000000000000 ) ) ;
#565 = CARTESIAN_POINT ( 'NONE',  ( -0.1240157480314960647, -0.1377952755905511861, 0.08366141732283464971 ) ) ;
#566 = EDGE_CURVE ( 'NONE', #2174, #487, #1999, .T. ) ;
#567 = ADVANCED_FACE ( 'NONE', ( #635 ), #3967, .F. ) ;
#568 = ORIENTED_EDGE ( 'NONE', *, *, #1173, .F. ) ;
#569 = DIRECTION ( 'NONE',  ( 1.000000000000000000, 0.0000000000000000000, 0.0000000000000000000 ) ) ;
#570 = LINE ( 'NONE', #3540, #824 ) ;
#571 = CARTESIAN_POINT ( 'NONE',  ( 0.1555118110236220208, -0.06889763779527559306, 0.1023622047244094474 ) ) ;
#572 = FACE_OUTER_BOUND ( 'NONE', #806, .T. ) ;
#573 = VERTEX_POINT ( 'NONE', #4287 ) ;
#574 = CARTESIAN_POINT ( 'NONE',  ( -0.1532055652061933004, -0.06332986786467284523, -0.07480314960629921850 ) ) ;
#575 = CARTESIAN_POINT ( 'NONE',  ( -0.08858267716535432601, 0.1299212598425196763, 0.08858267716535432601 ) ) ;
#576 = DIRECTION ( 'NONE',  ( 1.000000000000000000, 0.0000000000000000000, 0.0000000000000000000 ) ) ;
#577 = VERTEX_POINT ( 'NONE', #3304 ) ;
#578 = ORIENTED_EDGE ( 'NONE', *, *, #555, .F. ) ;
#579 = UNCERTAINTY_MEASURE_WITH_UNIT (LENGTH_MEASURE( 1.000000000000000082E-05 ), #4100, 'distance_accuracy_value', 'NONE');
#580 = DIRECTION ( 'NONE',  ( -1.000000000000000000, -4.063888932435259910E-16, 0.0000000000000000000 ) ) ;
#581 = CARTESIAN_POINT ( 'NONE',  ( -0.1181102362204724532, 0.03543307086614173179, -0.1023622047244094474 ) ) ;
#582 = VERTEX_POINT ( 'NONE', #611 ) ;
#583 = EDGE_CURVE ( 'NONE', #3915, #2016, #1235, .T. ) ;
#584 = PLANE ( 'NONE',  #327 ) ;
#585 = CARTESIAN_POINT ( 'NONE',  ( 0.1318897637795275746, 0.02755905511811023584, 0.1023622047244094474 ) ) ;
#586 = APPLICATION_PROTOCOL_DEFINITION ( 'draft international standard', 'automotive_design', 1998, #820 ) ;
#587 = ORIENTED_EDGE ( 'NONE', *, *, #532, .F. ) ;
#588 = EDGE_CURVE ( 'NONE', #1974, #388, #992, .T. ) ;
#589 = EDGE_CURVE ( 'NONE', #1272, #2920, #1433, .T. ) ;
#590 = DIRECTION ( 'NONE',  ( 1.445602896647339903E-16, 0.0000000000000000000, 1.000000000000000000 ) ) ;
#591 = DIRECTION ( 'NONE',  ( -0.7071067811865480168, -0.7071067811865470176, 0.0000000000000000000 ) ) ;
#592 = VERTEX_POINT ( 'NONE', #3323 ) ;
#593 = ORIENTED_EDGE ( 'NONE', *, *, #3499, .F. ) ;
#594 = PLANE ( 'NONE',  #1717 ) ;
#595 = CARTESIAN_POINT ( 'NONE',  ( 0.1240157480314960647, -0.09578120915254409451, 0.1023622047244094474 ) ) ;
#596 = CARTESIAN_POINT ( 'NONE',  ( -0.1181102362204724532, 0.0000000000000000000, -0.04921259842519685318 ) ) ;
#597 = VERTEX_POINT ( 'NONE', #2575 ) ;
#598 = DIRECTION ( 'NONE',  ( 0.0000000000000000000, -1.000000000000000000, 0.0000000000000000000 ) ) ;
#599 = LINE ( 'NONE', #559, #1108 ) ;
#600 = VECTOR ( 'NONE', #1936, 39.37007874015748143 ) ;
#601 = VECTOR ( 'NONE', #3347, 39.37007874015748143 ) ;
#602 = EDGE_LOOP ( 'NONE', ( #1092, #3662, #3931, #3382, #711, #2046, #2403, #3208, #4245, #2399, #1878, #159, #3897, #4068, #2041, #1559, #19 ) ) ;
#603 = CARTESIAN_POINT ( 'NONE',  ( 0.08858267716535432601, 0.1496062992125984370, -0.08858267716535432601 ) ) ;
#604 = AXIS2_PLACEMENT_3D ( 'NONE', #2436, #1776, #3128 ) ;
#605 = DIRECTION ( 'NONE',  ( 0.0000000000000000000, 0.0000000000000000000, -1.000000000000000000 ) ) ;
#606 = VECTOR ( 'NONE', #590, 39.37007874015748143 ) ;
#607 = DIRECTION ( 'NONE',  ( 1.000000000000000000, 0.0000000000000000000, 0.0000000000000000000 ) ) ;
#608 = VECTOR ( 'NONE', #4017, 39.37007874015748143 ) ;
#609 = AXIS2_PLACEMENT_3D ( 'NONE', #1729, #3759, #3823 ) ;
#610 = ORIENTED_EDGE ( 'NONE', *, *, #3259, .T. ) ;
#611 = CARTESIAN_POINT ( 'NONE',  ( -0.1318897637795275746, -0.04201406643800709162, 0.07480314960629921850 ) ) ;
#612 = PLANE ( 'NONE',  #2131 ) ;
#613 = AXIS2_PLACEMENT_3D ( 'NONE', #3617, #3331, #979 ) ;
#614 = STYLED_ITEM ( 'NONE', ( #1264 ), #1831 ) ;
#615 = EDGE_CURVE ( 'NONE', #2240, #1742, #394, .T. ) ;
#616 = CARTESIAN_POINT ( 'NONE',  ( 0.1318897637795275746, -0.04201406643800709162, 0.1023622047244094474 ) ) ;
#617 = ORIENTED_EDGE ( 'NONE', *, *, #1782, .T. ) ;
#618 = CARTESIAN_POINT ( 'NONE',  ( 0.1181102362204724532, 0.1377952755905511861, -0.1122047244094488277 ) ) ;
#619 = ORIENTED_EDGE ( 'NONE', *, *, #130, .F. ) ;
#620 = AXIS2_PLACEMENT_3D ( 'NONE', #1129, #2451, #804 ) ;
#621 = DIRECTION ( 'NONE',  ( -1.000000000000000000, 0.0000000000000000000, 0.0000000000000000000 ) ) ;
#622 = CARTESIAN_POINT ( 'NONE',  ( 0.08858267716535432601, 0.1377952755905511861, 0.08858267716535432601 ) ) ;
#623 = DIRECTION ( 'NONE',  ( -0.0000000000000000000, 0.4999999999999995004, 0.8660254037844390407 ) ) ;
#624 =( GEOMETRIC_REPRESENTATION_CONTEXT ( 3 ) GLOBAL_UNCERTAINTY_ASSIGNED_CONTEXT ( ( #360 ) ) GLOBAL_UNIT_ASSIGNED_CONTEXT ( ( #1355, #3664, #3 ) ) REPRESENTATION_CONTEXT ( 'NONE', 'WORKASPACE' ) );
#625 = EDGE_CURVE ( 'NONE', #2594, #4019, #279, .T. ) ;
#626 = ORIENTED_EDGE ( 'NONE', *, *, #160, .F. ) ;
#627 = VERTEX_POINT ( 'NONE', #1955 ) ;
#628 = LINE ( 'NONE', #1554, #2764 ) ;
#629 = PLANE ( 'NONE',  #3769 ) ;
#630 = EDGE_LOOP ( 'NONE', ( #2531, #1556, #1105, #3043 ) ) ;
#631 = CARTESIAN_POINT ( 'NONE',  ( -0.1318897637795275746, -0.09578120915254409451, 0.1023622047244094474 ) ) ;
#632 = CARTESIAN_POINT ( 'NONE',  ( 0.0000000000000000000, 0.1299212598425196763, 0.06889763779527559306 ) ) ;
#633 = AXIS2_PLACEMENT_3D ( 'NONE', #880, #1938, #2951 ) ;
#634 = ORIENTED_EDGE ( 'NONE', *, *, #862, .T. ) ;
#635 = FACE_OUTER_BOUND ( 'NONE', #643, .T. ) ;
#636 = DIRECTION ( 'NONE',  ( 0.7071067811865469066, -0.7071067811865479058, 0.0000000000000000000 ) ) ;
#637 = AXIS2_PLACEMENT_3D ( 'NONE', #2601, #4269, #951 ) ;
#638 = DIRECTION ( 'NONE',  ( 0.0000000000000000000, 1.000000000000000000, 0.0000000000000000000 ) ) ;
#639 = VERTEX_POINT ( 'NONE', #2241 ) ;
#640 = ADVANCED_FACE ( 'NONE', ( #1012 ), #1606, .T. ) ;
#641 = LINE ( 'NONE', #3309, #331 ) ;
#642 = CARTESIAN_POINT ( 'NONE',  ( -0.1476377952755905387, -0.06889763779527559306, 0.1023622047244094474 ) ) ;
#643 = EDGE_LOOP ( 'NONE', ( #2948, #1051, #2797, #3868 ) ) ;
#644 = ORIENTED_EDGE ( 'NONE', *, *, #4336, .F. ) ;
#645 = ADVANCED_FACE ( 'NONE', ( #946 ), #299, .T. ) ;
#646 = EDGE_CURVE ( 'NONE', #1141, #3729, #4033, .T. ) ;
#647 = CARTESIAN_POINT ( 'NONE',  ( -0.1240157480314960647, 0.03543307086614173179, 0.07480314960629921850 ) ) ;
#648 = DIRECTION ( 'NONE',  ( 0.0000000000000000000, 0.0000000000000000000, 1.000000000000000000 ) ) ;
#649 = ORIENTED_EDGE ( 'NONE', *, *, #2645, .F. ) ;
#650 = CARTESIAN_POINT ( 'NONE',  ( -0.1240157480314960647, -0.1377952755905511861, 0.1023622047244094474 ) ) ;
#651 = CARTESIAN_POINT ( 'NONE',  ( -0.1181102362204724532, 0.02755905511811023584, 0.07480314960629921850 ) ) ;
#652 = ORIENTED_EDGE ( 'NONE', *, *, #1148, .F. ) ;
#653 = CARTESIAN_POINT ( 'NONE',  ( 0.1263219938489248129, -0.04758183636860983945, -0.1023622047244094474 ) ) ;
#654 = FILL_AREA_STYLE ('',( #3927 ) ) ;
#655 = CARTESIAN_POINT ( 'NONE',  ( -0.08858267716535432601, 0.1299212598425196763, -0.08858267716535432601 ) ) ;
#656 = VERTEX_POINT ( 'NONE', #2640 ) ;
#657 = LINE ( 'NONE', #1311, #470 ) ;
#658 = ADVANCED_FACE ( 'NONE', ( #1323 ), #2659, .F. ) ;
#659 = ORIENTED_EDGE ( 'NONE', *, *, #158, .T. ) ;
#660 = ORIENTED_EDGE ( 'NONE', *, *, #856, .T. ) ;
#661 = DIRECTION ( 'NONE',  ( 0.0000000000000000000, 1.000000000000000000, 0.0000000000000000000 ) ) ;
#662 = CLOSED_SHELL ( 'NONE', ( #2298, #2291, #3920, #1326, #1910, #1747, #664, #3645, #4010, #78, #835, #1215, #2506, #3397, #2204, #1321, #183, #2823, #1986, #176, #1860 ) ) ;
#663 = EDGE_CURVE ( 'NONE', #3135, #2042, #2480, .T. ) ;
#664 = ADVANCED_FACE ( 'NONE', ( #3000 ), #42, .T. ) ;
#665 = ORIENTED_EDGE ( 'NONE', *, *, #3447, .F. ) ;
#666 = CARTESIAN_POINT ( 'NONE',  ( 0.1555118110236219930, -0.06889763779527559306, -0.1023622047244094474 ) ) ;
#667 = CARTESIAN_POINT ( 'NONE',  ( 8.167549901399086889E-18, 0.1930507854200885776, -0.06669310618445786765 ) ) ;
#668 = DIRECTION ( 'NONE',  ( 0.7071067811865480168, -0.7071067811865470176, 0.0000000000000000000 ) ) ;
#669 = AXIS2_PLACEMENT_3D ( 'NONE', #1872, #909, #173 ) ;
#670 = EDGE_CURVE ( 'NONE', #1383, #2187, #657, .T. ) ;
#671 = ORIENTED_EDGE ( 'NONE', *, *, #1937, .F. ) ;
#672 = AXIS2_PLACEMENT_3D ( 'NONE', #3230, #1067, #413 ) ;
#673 = VECTOR ( 'NONE', #865, 39.37007874015748143 ) ;
#674 = DIRECTION ( 'NONE',  ( 0.0000000000000000000, 0.0000000000000000000, 1.000000000000000000 ) ) ;
#675 = DIRECTION ( 'NONE',  ( 0.0000000000000000000, 0.0000000000000000000, -1.000000000000000000 ) ) ;
#676 = CARTESIAN_POINT ( 'NONE',  ( 0.1532055652061933004, -0.07446540772587834089, 0.1023622047244094474 ) ) ;
#677 = AXIS2_PLACEMENT_3D ( 'NONE', #2142, #3753, #3075 ) ;
#678 = LINE ( 'NONE', #1958, #3087 ) ;
#679 = VECTOR ( 'NONE', #2368, 39.37007874015748143 ) ;
#680 = VERTEX_POINT ( 'NONE', #2357 ) ;
#681 = DIRECTION ( 'NONE',  ( 0.0000000000000000000, 0.0000000000000000000, -1.000000000000000000 ) ) ;
#682 = VECTOR ( 'NONE', #3934, 39.37007874015748143 ) ;
#683 = VECTOR ( 'NONE', #3029, 39.37007874015748143 ) ;
#684 = CARTESIAN_POINT ( 'NONE',  ( -0.08858267716535432601, 0.1377952755905511861, -0.08858267716535432601 ) ) ;
#685 = CARTESIAN_POINT ( 'NONE',  ( 0.08858267716535432601, 0.1496062992125984370, 0.1122047244094488139 ) ) ;
#686 = LINE ( 'NONE', #1263, #894 ) ;
#687 = AXIS2_PLACEMENT_3D ( 'NONE', #2683, #2149, #2438 ) ;
#688 = ORIENTED_EDGE ( 'NONE', *, *, #54, .T. ) ;
#689 = ORIENTED_EDGE ( 'NONE', *, *, #3966, .F. ) ;
#690 = AXIS2_PLACEMENT_3D ( 'NONE', #2432, #1490, #1820 ) ;
#691 = LINE ( 'NONE', #2014, #3056 ) ;
#692 = LINE ( 'NONE', #2015, #3070 ) ;
#693 = ORIENTED_EDGE ( 'NONE', *, *, #1618, .T. ) ;
#694 = VECTOR ( 'NONE', #90, 39.37007874015748143 ) ;
#695 = DIRECTION ( 'NONE',  ( 0.0000000000000000000, 0.0000000000000000000, 1.000000000000000000 ) ) ;
#696 = ADVANCED_FACE ( 'NONE', ( #2649 ), #4034, .F. ) ;
#697 = CARTESIAN_POINT ( 'NONE',  ( 0.1318897637795275746, 0.02755905511811023584, 0.1023622047244094474 ) ) ;
#698 = CARTESIAN_POINT ( 'NONE',  ( 0.1263219938489248129, -0.04758183636860983945, 0.1023622047244094474 ) ) ;
#699 = ORIENTED_EDGE ( 'NONE', *, *, #1149, .T. ) ;
#700 = ORIENTED_EDGE ( 'NONE', *, *, #1569, .T. ) ;
#701 = DIRECTION ( 'NONE',  ( 0.0000000000000000000, 0.0000000000000000000, 1.000000000000000000 ) ) ;
#702 = ADVANCED_FACE ( 'NONE', ( #1003 ), #3310, .T. ) ;
#703 = LINE ( 'NONE', #1735, #1919 ) ;
#704 = PLANE ( 'NONE',  #1189 ) ;
#705 = AXIS2_PLACEMENT_3D ( 'NONE', #1741, #2795, #3442 ) ;
#706 = VERTEX_POINT ( 'NONE', #1632 ) ;
#707 = DIRECTION ( 'NONE',  ( 0.0000000000000000000, 0.0000000000000000000, 1.000000000000000000 ) ) ;
#708 = CARTESIAN_POINT ( 'NONE',  ( 0.1318897637795275746, 0.02755905511811023584, 0.07480314960629921850 ) ) ;
#709 = CIRCLE ( 'NONE', #4062, 0.005905511811023620231 ) ;
#710 = CARTESIAN_POINT ( 'NONE',  ( -0.1240157480314960647, 0.02755905511811023584, -0.07480314960629921850 ) ) ;
#711 = ORIENTED_EDGE ( 'NONE', *, *, #1346, .F. ) ;
#712 = ORIENTED_EDGE ( 'NONE', *, *, #2477, .T. ) ;
#713 = ORIENTED_EDGE ( 'NONE', *, *, #2964, .F. ) ;
#714 = DIRECTION ( 'NONE',  ( 0.0000000000000000000, 0.0000000000000000000, 1.000000000000000000 ) ) ;
#715 = DIRECTION ( 'NONE',  ( 0.0000000000000000000, -1.000000000000000000, 0.0000000000000000000 ) ) ;
#716 = VERTEX_POINT ( 'NONE', #306 ) ;
#717 = CYLINDRICAL_SURFACE ( 'NONE', #1509, 0.02362204724409448092 ) ;
#718 = DIRECTION ( 'NONE',  ( 0.0000000000000000000, -1.000000000000000000, 0.0000000000000000000 ) ) ;
#719 = CARTESIAN_POINT ( 'NONE',  ( 0.1240157480314960647, -0.1377952755905511861, 0.08366141732283464971 ) ) ;
#720 = VERTEX_POINT ( 'NONE', #710 ) ;
#721 = EDGE_CURVE ( 'NONE', #956, #3778, #1332, .T. ) ;
#722 = ORIENTED_EDGE ( 'NONE', *, *, #1805, .F. ) ;
#723 = CARTESIAN_POINT ( 'NONE',  ( 0.1532055652061933004, -0.06332986786467284523, -0.07480314960629921850 ) ) ;
#724 = FACE_OUTER_BOUND ( 'NONE', #3808, .T. ) ;
#725 = SURFACE_STYLE_FILL_AREA ( #2996 ) ;
#726 = ADVANCED_FACE ( 'NONE', ( #3659 ), #3996, .F. ) ;
#727 = EDGE_CURVE ( 'NONE', #1267, #3621, #3358, .T. ) ;
#728 = VERTEX_POINT ( 'NONE', #4013 ) ;
#729 = LINE ( 'NONE', #2395, #1845 ) ;
#730 = CARTESIAN_POINT ( 'NONE',  ( 0.1181102362204724532, 0.1377952755905511861, 0.1181102362204724532 ) ) ;
#731 = ORIENTED_EDGE ( 'NONE', *, *, #3997, .T. ) ;
#732 = ORIENTED_EDGE ( 'NONE', *, *, #2505, .T. ) ;
#733 = CARTESIAN_POINT ( 'NONE',  ( 0.1318897637795275746, -0.09578120915254409451, 0.07480314960629921850 ) ) ;
#734 = DIRECTION ( 'NONE',  ( 1.000000000000000000, 0.0000000000000000000, 0.0000000000000000000 ) ) ;
#735 = DIRECTION ( 'NONE',  ( 0.0000000000000000000, 1.000000000000000000, 0.0000000000000000000 ) ) ;
#736 = EDGE_LOOP ( 'NONE', ( #2792, #2282, #2580, #652 ) ) ;
#737 = CLOSED_SHELL ( 'NONE', ( #3914, #2297, #2196, #1487, #1831, #4218, #1403, #2803, #530, #82, #1514, #2070, #536, #1536, #1912, #2527, #316, #405, #1120, #2151 ) ) ;
#738 = CARTESIAN_POINT ( 'NONE',  ( -0.08858267716535432601, 0.1377952755905511861, 0.08858267716535432601 ) ) ;
#739 = LINE ( 'NONE', #4327, #255 ) ;
#740 = DIRECTION ( 'NONE',  ( -0.7071067811865480168, -0.7071067811865470176, 0.0000000000000000000 ) ) ;
#741 = VERTEX_POINT ( 'NONE', #2031 ) ;
#742 = ORIENTED_EDGE ( 'NONE', *, *, #811, .T. ) ;
#743 = MANIFOLD_SOLID_BREP ( 'Imported6', #3393 ) ;
#744 = LINE ( 'NONE', #321, #3126 ) ;
#745 = DIRECTION ( 'NONE',  ( -0.7071067811865470176, 0.7071067811865480168, 0.0000000000000000000 ) ) ;
#746 = DIRECTION ( 'NONE',  ( 0.0000000000000000000, 0.0000000000000000000, 1.000000000000000000 ) ) ;
#747 = VECTOR ( 'NONE', #1740, 39.37007874015748143 ) ;
#748 = AXIS2_PLACEMENT_3D ( 'NONE', #1848, #1218, #3201 ) ;
#749 = ORIENTED_EDGE ( 'NONE', *, *, #2094, .T. ) ;
#750 = CARTESIAN_POINT ( 'NONE',  ( -0.1122047244094488277, 0.1377952755905511861, -0.1122047244094488277 ) ) ;
#751 = VECTOR ( 'NONE', #2109, 39.37007874015748143 ) ;
#752 = EDGE_CURVE ( 'NONE', #177, #1272, #686, .T. ) ;
#753 = AXIS2_PLACEMENT_3D ( 'NONE', #1236, #3968, #925 ) ;
#754 = DIRECTION ( 'NONE',  ( 0.0000000000000000000, 0.0000000000000000000, 1.000000000000000000 ) ) ;
#755 = VERTEX_POINT ( 'NONE', #878 ) ;
#756 = AXIS2_PLACEMENT_3D ( 'NONE', #1699, #3383, #308 ) ;
#757 = VECTOR ( 'NONE', #4283, 39.37007874015748143 ) ;
#758 = DIRECTION ( 'NONE',  ( -0.7071067811865479058, -0.7071067811865469066, 0.0000000000000000000 ) ) ;
#759 = ADVANCED_FACE ( 'NONE', ( #4266 ), #612, .F. ) ;
#760 = EDGE_CURVE ( 'NONE', #3612, #283, #258, .T. ) ;
#761 = CARTESIAN_POINT ( 'NONE',  ( 0.1318897637795275746, -0.1224523058384645591, -0.1023622047244094474 ) ) ;
#762 = VECTOR ( 'NONE', #1826, 39.37007874015748143 ) ;
#763 = VERTEX_POINT ( 'NONE', #2600 ) ;
#764 = VECTOR ( 'NONE', #3805, 39.37007874015748854 ) ;
#765 = CARTESIAN_POINT ( 'NONE',  ( -0.1240157480314960647, 0.02755905511811023584, -0.07480314960629921850 ) ) ;
#766 = CARTESIAN_POINT ( 'NONE',  ( 0.1476377952755905387, -0.06889763779527559306, 0.07480314960629921850 ) ) ;
#767 = DIRECTION ( 'NONE',  ( 1.000000000000000000, 0.0000000000000000000, 0.0000000000000000000 ) ) ;
#768 = LINE ( 'NONE', #1688, #2211 ) ;
#769 = PRESENTATION_LAYER_ASSIGNMENT (  '', '', ( #2642 ) ) ;
#770 = ORIENTED_EDGE ( 'NONE', *, *, #2694, .F. ) ;
#771 = ORIENTED_EDGE ( 'NONE', *, *, #975, .F. ) ;
#772 = LINE ( 'NONE', #817, #3079 ) ;
#773 = DIRECTION ( 'NONE',  ( -0.7071067811865480168, -0.7071067811865470176, 0.0000000000000000000 ) ) ;
#774 = DIRECTION ( 'NONE',  ( 1.000000000000000000, 0.0000000000000000000, 0.0000000000000000000 ) ) ;
#775 = CARTESIAN_POINT ( 'NONE',  ( -0.1240157480314960647, -0.04201406643800709162, 0.07480314960629921850 ) ) ;
#776 = ORIENTED_EDGE ( 'NONE', *, *, #524, .T. ) ;
#777 = CARTESIAN_POINT ( 'NONE',  ( -0.1240157480314960647, -0.1024489833240242176, 0.1139111283628084642 ) ) ;
#778 = DIRECTION ( 'NONE',  ( 1.000000000000000000, 0.0000000000000000000, 0.0000000000000000000 ) ) ;
#779 = VECTOR ( 'NONE', #2154, 39.37007874015748143 ) ;
#780 = EDGE_LOOP ( 'NONE', ( #1681, #2681, #441, #2277, #1041, #2309, #4341, #982 ) ) ;
#781 = ORIENTED_EDGE ( 'NONE', *, *, #451, .T. ) ;
#782 = EDGE_CURVE ( 'NONE', #1005, #4009, #280, .T. ) ;
#783 = DIRECTION ( 'NONE',  ( 0.0000000000000000000, 1.000000000000000000, -2.454115839351809943E-16 ) ) ;
#784 = DIRECTION ( 'NONE',  ( 4.063888932435259910E-16, -1.000000000000000000, 0.0000000000000000000 ) ) ;
#785 = VERTEX_POINT ( 'NONE', #2290 ) ;
#786 = EDGE_CURVE ( 'NONE', #2011, #2956, #964, .T. ) ;
#787 = ADVANCED_FACE ( 'NONE', ( #300 ), #3255, .F. ) ;
#788 = LINE ( 'NONE', #4161, #2414 ) ;
#789 = DIRECTION ( 'NONE',  ( 0.0000000000000000000, 0.0000000000000000000, 1.000000000000000000 ) ) ;
#790 = ORIENTED_EDGE ( 'NONE', *, *, #1333, .T. ) ;
#791 = ORIENTED_EDGE ( 'NONE', *, *, #3505, .F. ) ;
#792 = LINE ( 'NONE', #2164, #2703 ) ;
#793 = DIRECTION ( 'NONE',  ( -3.519431053647356462E-16, -0.8660254037844389297, 0.4999999999999994449 ) ) ;
#794 = CARTESIAN_POINT ( 'NONE',  ( -0.1476377952755905387, -0.06889763779527559306, -0.1023622047244094474 ) ) ;
#795 = LINE ( 'NONE', #499, #3501 ) ;
#796 = ORIENTED_EDGE ( 'NONE', *, *, #53, .F. ) ;
#797 = DIRECTION ( 'NONE',  ( -1.000000000000000000, 0.0000000000000000000, 0.0000000000000000000 ) ) ;
#798 = PLANE ( 'NONE',  #349 ) ;
#799 = ORIENTED_EDGE ( 'NONE', *, *, #1542, .F. ) ;
#800 = CARTESIAN_POINT ( 'NONE',  ( 0.1122047244094488277, 0.1299212598425196763, -0.1122047244094488277 ) ) ;
#801 = CARTESIAN_POINT ( 'NONE',  ( -0.1181102362204724532, 0.03543307086614173179, 0.1023622047244094474 ) ) ;
#802 =( LENGTH_UNIT ( ) NAMED_UNIT ( * ) SI_UNIT ( $, .METRE. ) );
#803 = ORIENTED_EDGE ( 'NONE', *, *, #2082, .F. ) ;
#804 = DIRECTION ( 'NONE',  ( 0.0000000000000000000, -1.000000000000000000, 0.0000000000000000000 ) ) ;
#805 = EDGE_CURVE ( 'NONE', #3163, #486, #2061, .T. ) ;
#806 = EDGE_LOOP ( 'NONE', ( #846, #3097, #2717, #29 ) ) ;
#807 = ORIENTED_EDGE ( 'NONE', *, *, #2990, .T. ) ;
#808 = DIRECTION ( 'NONE',  ( 1.000000000000000000, 0.0000000000000000000, 0.0000000000000000000 ) ) ;
#809 = LINE ( 'NONE', #836, #3827 ) ;
#810 = LINE ( 'NONE', #3856, #2283 ) ;
#811 = EDGE_CURVE ( 'NONE', #3435, #2429, #2556, .T. ) ;
#812 = LINE ( 'NONE', #2150, #1953 ) ;
#813 = ORIENTED_EDGE ( 'NONE', *, *, #2029, .T. ) ;
#814 = CIRCLE ( 'NONE', #2471, 0.07283464566929134798 ) ;
#815 = CARTESIAN_POINT ( 'NONE',  ( -0.08858267716535432601, 0.1377952755905511861, 0.06496062992125983815 ) ) ;
#816 = CYLINDRICAL_SURFACE ( 'NONE', #1858, 0.007874015748031499423 ) ;
#817 = CARTESIAN_POINT ( 'NONE',  ( -0.1555118110236220763, 0.003937007874015747977, -0.04921259842519685318 ) ) ;
#818 = AXIS2_PLACEMENT_3D ( 'NONE', #3254, #3605, #4238 ) ;
#819 = VERTEX_POINT ( 'NONE', #1891 ) ;
#820 = APPLICATION_CONTEXT ( 'automotive_design' ) ;
#821 = ORIENTED_EDGE ( 'NONE', *, *, #435, .T. ) ;
#822 = ORIENTED_EDGE ( 'NONE', *, *, #2387, .F. ) ;
#823 = AXIS2_PLACEMENT_3D ( 'NONE', #3476, #2474, #1822 ) ;
#824 = VECTOR ( 'NONE', #636, 39.37007874015748854 ) ;
#825 = DIRECTION ( 'NONE',  ( 0.0000000000000000000, 0.0000000000000000000, 1.000000000000000000 ) ) ;
#826 = FILL_AREA_STYLE ('',( #4123 ) ) ;
#827 = AXIS2_PLACEMENT_3D ( 'NONE', #3646, #1984, #3981 ) ;
#828 = VECTOR ( 'NONE', #1492, 39.37007874015748143 ) ;
#829 = ORIENTED_EDGE ( 'NONE', *, *, #3315, .F. ) ;
#830 = AXIS2_PLACEMENT_3D ( 'NONE', #2933, #3909, #4183 ) ;
#831 = VECTOR ( 'NONE', #2878, 39.37007874015748143 ) ;
#832 = CARTESIAN_POINT ( 'NONE',  ( 0.1318897637795275746, -0.1377952755905511861, -0.08366141732283464971 ) ) ;
#833 = ORIENTED_EDGE ( 'NONE', *, *, #3451, .T. ) ;
#834 = AXIS2_PLACEMENT_3D ( 'NONE', #3281, #297, #2947 ) ;
#835 = ADVANCED_FACE ( 'NONE', ( #2877 ), #4309, .T. ) ;
#836 = CARTESIAN_POINT ( 'NONE',  ( 0.08858267716535432601, 0.1377952755905511861, -0.06496062992125983815 ) ) ;
#837 = CIRCLE ( 'NONE', #2994, 0.007874015748031499423 ) ;
#838 = DIRECTION ( 'NONE',  ( 0.0000000000000000000, 0.0000000000000000000, 1.000000000000000000 ) ) ;
#839 = ORIENTED_EDGE ( 'NONE', *, *, #3134, .F. ) ;
#840 = EDGE_CURVE ( 'NONE', #3487, #2033, #2263, .T. ) ;
#841 = DIRECTION ( 'NONE',  ( -2.454115839351809943E-16, -1.000000000000000000, 0.0000000000000000000 ) ) ;
#842 = EDGE_CURVE ( 'NONE', #1454, #1335, #2548, .T. ) ;
#843 = CARTESIAN_POINT ( 'NONE',  ( 0.1555118110236220208, -0.06889763779527559306, -0.1023622047244094474 ) ) ;
#844 = CARTESIAN_POINT ( 'NONE',  ( 0.1240157480314960647, -0.1377952755905511861, 0.1023622047244094474 ) ) ;
#845 = DIRECTION ( 'NONE',  ( 0.0000000000000000000, 0.0000000000000000000, 1.000000000000000000 ) ) ;
#846 = ORIENTED_EDGE ( 'NONE', *, *, #379, .F. ) ;
#847 = CARTESIAN_POINT ( 'NONE',  ( -0.1122047244094488277, 0.1299212598425196763, 0.1181102362204724532 ) ) ;
#848 = CARTESIAN_POINT ( 'NONE',  ( 0.08858267716535432601, 0.1299212598425196763, -0.1122047244094488139 ) ) ;
#849 = ORIENTED_EDGE ( 'NONE', *, *, #378, .T. ) ;
#850 = AXIS2_PLACEMENT_3D ( 'NONE', #2452, #852, #3998 ) ;
#851 = CARTESIAN_POINT ( 'NONE',  ( 0.08858267716535432601, 0.1377952755905511861, 0.08858267716535432601 ) ) ;
#852 = DIRECTION ( 'NONE',  ( 0.0000000000000000000, -1.000000000000000000, 0.0000000000000000000 ) ) ;
#853 = STYLED_ITEM ( 'NONE', ( #2873 ), #928 ) ;
#854 = ORIENTED_EDGE ( 'NONE', *, *, #615, .F. ) ;
#855 = DIRECTION ( 'NONE',  ( 0.0000000000000000000, 0.0000000000000000000, -1.000000000000000000 ) ) ;
#856 = EDGE_CURVE ( 'NONE', #4091, #3135, #1281, .T. ) ;
#857 = EDGE_LOOP ( 'NONE', ( #3513, #1166, #52, #1702 ) ) ;
#858 = CARTESIAN_POINT ( 'NONE',  ( -0.1318897637795275746, -0.1143824042423135789, -0.07014398974742774850 ) ) ;
#859 = CARTESIAN_POINT ( 'NONE',  ( 0.1476377952755905387, -0.06889763779527559306, -0.1023622047244094474 ) ) ;
#860 = EDGE_CURVE ( 'NONE', #3912, #2067, #570, .T. ) ;
#861 = DIRECTION ( 'NONE',  ( 0.0000000000000000000, 0.0000000000000000000, -1.000000000000000000 ) ) ;
#862 = EDGE_CURVE ( 'NONE', #3346, #2011, #1956, .T. ) ;
#863 = ORIENTED_EDGE ( 'NONE', *, *, #2029, .F. ) ;
#864 = ORIENTED_EDGE ( 'NONE', *, *, #3601, .F. ) ;
#865 = DIRECTION ( 'NONE',  ( 3.519431053647356462E-16, -0.8660254037844389297, -0.4999999999999994449 ) ) ;
#866 = CARTESIAN_POINT ( 'NONE',  ( 0.1181102362204724532, 0.02755905511811023584, 0.1023622047244094474 ) ) ;
#867 = CARTESIAN_POINT ( 'NONE',  ( -0.1318897637795275746, -0.04201406643800709162, -0.1023622047244094474 ) ) ;
#868 = CARTESIAN_POINT ( 'NONE',  ( 0.1181102362204724532, 0.1299212598425196763, 0.1122047244094488277 ) ) ;
#869 = EDGE_CURVE ( 'NONE', #936, #1589, #1213, .T. ) ;
#870 = ORIENTED_EDGE ( 'NONE', *, *, #884, .F. ) ;
#871 = CARTESIAN_POINT ( 'NONE',  ( 0.1318897637795275746, -0.09578120915254409451, -0.1023622047244094474 ) ) ;
#872 = LINE ( 'NONE', #4105, #3484 ) ;
#873 = ORIENTED_EDGE ( 'NONE', *, *, #2099, .T. ) ;
#874 = LINE ( 'NONE', #3533, #3266 ) ;
#875 = DIRECTION ( 'NONE',  ( 0.0000000000000000000, -1.000000000000000000, 0.0000000000000000000 ) ) ;
#876 = ORIENTED_EDGE ( 'NONE', *, *, #2477, .F. ) ;
#877 = DIRECTION ( 'NONE',  ( 0.0000000000000000000, 0.0000000000000000000, 1.000000000000000000 ) ) ;
#878 = CARTESIAN_POINT ( 'NONE',  ( -0.08858267716535432601, 0.1299212598425196763, -0.1122047244094488139 ) ) ;
#879 = LINE ( 'NONE', #1497, #2056 ) ;
#880 = CARTESIAN_POINT ( 'NONE',  ( -0.1122047244094488277, 0.1299212598425196763, -0.1122047244094488277 ) ) ;
#881 = VERTEX_POINT ( 'NONE', #390 ) ;
#882 = ORIENTED_EDGE ( 'NONE', *, *, #1675, .F. ) ;
#883 = PLANE ( 'NONE',  #109 ) ;
#884 = EDGE_CURVE ( 'NONE', #3123, #4009, #1712, .T. ) ;
#885 = CARTESIAN_POINT ( 'NONE',  ( -0.1240157480314960647, -0.1143824042423135789, 0.07014398974742774850 ) ) ;
#886 = CARTESIAN_POINT ( 'NONE',  ( -0.1181102362204724532, 0.1299212598425196763, -0.1181102362204724532 ) ) ;
#887 = AXIS2_PLACEMENT_3D ( 'NONE', #2953, #3638, #932 ) ;
#888 = VECTOR ( 'NONE', #1890, 39.37007874015748854 ) ;
#889 = ORIENTED_EDGE ( 'NONE', *, *, #1676, .T. ) ;
#890 = EDGE_CURVE ( 'NONE', #3177, #3568, #1389, .T. ) ;
#891 = EDGE_CURVE ( 'NONE', #3434, #1005, #3672, .T. ) ;
#892 = DIRECTION ( 'NONE',  ( -1.000000000000000000, 0.0000000000000000000, 0.0000000000000000000 ) ) ;
#893 = CARTESIAN_POINT ( 'NONE',  ( -0.1240157480314960647, -0.1377952755905511861, -0.1023622047244094474 ) ) ;
#894 = VECTOR ( 'NONE', #215, 39.37007874015748143 ) ;
#895 = ORIENTED_EDGE ( 'NONE', *, *, #503, .F. ) ;
#896 = VECTOR ( 'NONE', #3663, 39.37007874015748854 ) ;
#897 = CIRCLE ( 'NONE', #2560, 0.007874015748031499423 ) ;
#898 = DIRECTION ( 'NONE',  ( 0.0000000000000000000, 0.0000000000000000000, -1.000000000000000000 ) ) ;
#899 = LENGTH_MEASURE_WITH_UNIT ( LENGTH_MEASURE( 0.02539999999999999897 ), #2893 );
#900 = DIRECTION ( 'NONE',  ( 0.0000000000000000000, 0.0000000000000000000, 1.000000000000000000 ) ) ;
#901 = AXIS2_PLACEMENT_3D ( 'NONE', #1134, #1804, #2456 ) ;
#902 = EDGE_LOOP ( 'NONE', ( #2540, #3426, #3545, #4049, #3904, #1336, #2561, #223, #2337, #3509, #2267, #369, #3011, #3698, #1788, #2137, #482 ) ) ;
#903 = FACE_OUTER_BOUND ( 'NONE', #3359, .T. ) ;
#904 = CARTESIAN_POINT ( 'NONE',  ( 0.1181102362204724532, 0.1299212598425196763, -0.1181102362204724532 ) ) ;
#905 = VECTOR ( 'NONE', #3031, 39.37007874015748143 ) ;
#906 = DIRECTION ( 'NONE',  ( 0.0000000000000000000, 0.0000000000000000000, -1.000000000000000000 ) ) ;
#907 = CYLINDRICAL_SURFACE ( 'NONE', #637, 0.007874015748031466463 ) ;
#908 = AXIS2_PLACEMENT_3D ( 'NONE', #915, #3556, #3276 ) ;
#909 = DIRECTION ( 'NONE',  ( 0.7071067811865470176, 0.7071067811865480168, 0.0000000000000000000 ) ) ;
#910 = DIRECTION ( 'NONE',  ( 0.7071067811865469066, -0.7071067811865479058, 0.0000000000000000000 ) ) ;
#911 = CARTESIAN_POINT ( 'NONE',  ( 0.1318897637795275746, -0.09578120915254409451, -0.07480314960629921850 ) ) ;
#912 = EDGE_CURVE ( 'NONE', #1407, #3145, #2725, .T. ) ;
#913 = ORIENTED_EDGE ( 'NONE', *, *, #3376, .T. ) ;
#914 = EDGE_LOOP ( 'NONE', ( #3232, #876, #1079, #3930 ) ) ;
#915 = CARTESIAN_POINT ( 'NONE',  ( 0.08858267716535432601, 0.1377952755905511861, 0.08858267716535432601 ) ) ;
#916 = EDGE_CURVE ( 'NONE', #1099, #3912, #1095, .T. ) ;
#917 = EDGE_CURVE ( 'NONE', #3102, #2494, #3700, .T. ) ;
#918 = VECTOR ( 'NONE', #2173, 39.37007874015748143 ) ;
#919 = VERTEX_POINT ( 'NONE', #1072 ) ;
#920 = DIRECTION ( 'NONE',  ( 1.445602896647339903E-16, 0.0000000000000000000, 1.000000000000000000 ) ) ;
#921 = COLOUR_RGB ( '',0.7921568627450980005, 0.8196078431372548767, 0.9294117647058823817 ) ;
#922 = DIRECTION ( 'NONE',  ( 0.0000000000000000000, 0.0000000000000000000, -1.000000000000000000 ) ) ;
#923 = VERTEX_POINT ( 'NONE', #3373 ) ;
#924 = DIRECTION ( 'NONE',  ( 1.224646799147353207E-16, 0.0000000000000000000, -1.000000000000000000 ) ) ;
#925 = DIRECTION ( 'NONE',  ( 0.0000000000000000000, 0.0000000000000000000, 1.000000000000000000 ) ) ;
#926 =( LENGTH_UNIT ( ) NAMED_UNIT ( * ) SI_UNIT ( $, .METRE. ) );
#927 = DIRECTION ( 'NONE',  ( 1.000000000000000000, 0.0000000000000000000, 0.0000000000000000000 ) ) ;
#928 = ADVANCED_BREP_SHAPE_REPRESENTATION ( 'CUI_DEVICES_TS02-66-50-BK-260-LCR-D', ( #3709, #2168, #2103, #3675, #3634, #743, #4191 ), #1604 ) ;
#929 = ORIENTED_EDGE ( 'NONE', *, *, #3270, .T. ) ;
#930 = EDGE_LOOP ( 'NONE', ( #873, #813, #1836, #2802, #2875, #3154, #1376, #3771, #3093, #1482, #1773, #1983, #2138, #4022, #3033, #659, #2989 ) ) ;
#931 = FACE_OUTER_BOUND ( 'NONE', #1114, .T. ) ;
#932 = DIRECTION ( 'NONE',  ( 0.0000000000000000000, 0.0000000000000000000, -1.000000000000000000 ) ) ;
#933 = DIRECTION ( 'NONE',  ( 0.0000000000000000000, -1.000000000000000000, 0.0000000000000000000 ) ) ;
#934 = DIRECTION ( 'NONE',  ( -1.000000000000000000, 0.0000000000000000000, 0.0000000000000000000 ) ) ;
#935 = ORIENTED_EDGE ( 'NONE', *, *, #12, .T. ) ;
#936 = VERTEX_POINT ( 'NONE', #3738 ) ;
#937 = UNCERTAINTY_MEASURE_WITH_UNIT (LENGTH_MEASURE( 1.000000000000000082E-05 ), #3036, 'distance_accuracy_value', 'NONE');
#938 = FACE_OUTER_BOUND ( 'NONE', #602, .T. ) ;
#939 = DIRECTION ( 'NONE',  ( 0.0000000000000000000, 0.0000000000000000000, -1.000000000000000000 ) ) ;
#940 = ORIENTED_EDGE ( 'NONE', *, *, #3481, .F. ) ;
#941 = CARTESIAN_POINT ( 'NONE',  ( 0.1122047244094488277, 0.1377952755905511861, -0.1181102362204724532 ) ) ;
#942 = ADVANCED_FACE ( 'NONE', ( #2323 ), #3086, .T. ) ;
#943 = CYLINDRICAL_SURFACE ( 'NONE', #1504, 0.005905511811023620231 ) ;
#944 = CARTESIAN_POINT ( 'NONE',  ( 0.1240157480314960647, -0.04201406643800709162, -0.07480314960629921850 ) ) ;
#945 = ORIENTED_EDGE ( 'NONE', *, *, #1277, .F. ) ;
#946 = FACE_OUTER_BOUND ( 'NONE', #902, .T. ) ;
#947 = DIRECTION ( 'NONE',  ( 0.0000000000000000000, 0.0000000000000000000, -1.000000000000000000 ) ) ;
#948 = EDGE_CURVE ( 'NONE', #1110, #288, #744, .T. ) ;
#949 = EDGE_CURVE ( 'NONE', #881, #2724, #4166, .T. ) ;
#950 = DIMENSIONAL_EXPONENTS ( 1.000000000000000000, 0.0000000000000000000, 0.0000000000000000000, 0.0000000000000000000, 0.0000000000000000000, 0.0000000000000000000, 0.0000000000000000000 ) ;
#951 = DIRECTION ( 'NONE',  ( 1.000000000000000000, 0.0000000000000000000, 0.0000000000000000000 ) ) ;
#952 = ORIENTED_EDGE ( 'NONE', *, *, #670, .F. ) ;
#953 = CARTESIAN_POINT ( 'NONE',  ( 0.1122047244094488277, 0.1299212598425196763, 0.1122047244094488277 ) ) ;
#954 = FACE_OUTER_BOUND ( 'NONE', #3797, .T. ) ;
#955 = DIRECTION ( 'NONE',  ( 0.0000000000000000000, 0.0000000000000000000, 1.000000000000000000 ) ) ;
#956 = VERTEX_POINT ( 'NONE', #3722 ) ;
#957 = VERTEX_POINT ( 'NONE', #418 ) ;
#958 = DIRECTION ( 'NONE',  ( 0.0000000000000000000, 0.0000000000000000000, 1.000000000000000000 ) ) ;
#959 = CARTESIAN_POINT ( 'NONE',  ( -0.1318897637795275746, 0.02755905511811023584, 0.1023622047244094474 ) ) ;
#960 = CIRCLE ( 'NONE', #4234, 0.005905511811023620231 ) ;
#961 = ORIENTED_EDGE ( 'NONE', *, *, #3296, .F. ) ;
#962 = CARTESIAN_POINT ( 'NONE',  ( -0.1181102362204724532, 0.03543307086614173179, 0.1023622047244094474 ) ) ;
#963 =( GEOMETRIC_REPRESENTATION_CONTEXT ( 3 ) GLOBAL_UNCERTAINTY_ASSIGNED_CONTEXT ( ( #3917 ) ) GLOBAL_UNIT_ASSIGNED_CONTEXT ( ( #3250, #4233, #1952 ) ) REPRESENTATION_CONTEXT ( 'NONE', 'WORKASPACE' ) );
#964 = CIRCLE ( 'NONE', #753, 0.005905511811023620231 ) ;
#965 = DIRECTION ( 'NONE',  ( -0.7071067811865469066, -0.7071067811865479058, 0.0000000000000000000 ) ) ;
#966 = CIRCLE ( 'NONE', #185, 0.02362204724409448092 ) ;
#967 = ADVANCED_FACE ( 'NONE', ( #10 ), #3391, .T. ) ;
#968 = AXIS2_PLACEMENT_3D ( 'NONE', #3055, #3733, #1990 ) ;
#969 = ORIENTED_EDGE ( 'NONE', *, *, #2858, .T. ) ;
#970 = DIRECTION ( 'NONE',  ( 0.0000000000000000000, 0.0000000000000000000, 1.000000000000000000 ) ) ;
#971 = LINE ( 'NONE', #2549, #3272 ) ;
#972 = AXIS2_PLACEMENT_3D ( 'NONE', #3592, #933, #2178 ) ;
#973 = AXIS2_PLACEMENT_3D ( 'NONE', #2112, #3541, #2833 ) ;
#974 = DIRECTION ( 'NONE',  ( 2.454115839351809943E-16, -1.000000000000000000, 0.0000000000000000000 ) ) ;
#975 = EDGE_CURVE ( 'NONE', #785, #3577, #1734, .T. ) ;
#976 = ADVANCED_FACE ( 'NONE', ( #2660 ), #2000, .T. ) ;
#977 = VERTEX_POINT ( 'NONE', #723 ) ;
#978 = CARTESIAN_POINT ( 'NONE',  ( 0.1122047244094488277, 0.1299212598425196763, -0.1181102362204724532 ) ) ;
#979 = DIRECTION ( 'NONE',  ( 0.0000000000000000000, 0.0000000000000000000, 1.000000000000000000 ) ) ;
#980 = CARTESIAN_POINT ( 'NONE',  ( 0.1181102362204724532, 0.1299212598425196763, -0.1181102362204724532 ) ) ;
#981 = CIRCLE ( 'NONE', #3420, 0.007874015748031499423 ) ;
#982 = ORIENTED_EDGE ( 'NONE', *, *, #4144, .T. ) ;
#983 = ORIENTED_EDGE ( 'NONE', *, *, #1023, .T. ) ;
#984 = CARTESIAN_POINT ( 'NONE',  ( -0.1476377952755905387, -0.06889763779527559306, -0.07480314960629921850 ) ) ;
#985 = DIRECTION ( 'NONE',  ( 0.0000000000000000000, 1.000000000000000000, 0.0000000000000000000 ) ) ;
#986 = ORIENTED_EDGE ( 'NONE', *, *, #1244, .F. ) ;
#987 = LINE ( 'NONE', #3716, #1791 ) ;
#988 = CARTESIAN_POINT ( 'NONE',  ( 0.1240157480314960647, 0.02755905511811023584, 0.1023622047244094474 ) ) ;
#989 = DIRECTION ( 'NONE',  ( 0.0000000000000000000, 1.000000000000000000, 0.0000000000000000000 ) ) ;
#990 = VECTOR ( 'NONE', #1117, 39.37007874015748143 ) ;
#991 = ORIENTED_EDGE ( 'NONE', *, *, #3259, .F. ) ;
#992 = LINE ( 'NONE', #1584, #3048 ) ;
#993 = CARTESIAN_POINT ( 'NONE',  ( -0.1476377952755905387, -0.06889763779527559306, 0.1023622047244094474 ) ) ;
#994 = STYLED_ITEM ( 'NONE', ( #3375 ), #4218 ) ;
#995 = LINE ( 'NONE', #3900, #831 ) ;
#996 = EDGE_CURVE ( 'NONE', #3117, #3145, #2307, .T. ) ;
#997 = LENGTH_MEASURE_WITH_UNIT ( LENGTH_MEASURE( 0.02539999999999999897 ), #2662 );
#998 = VERTEX_POINT ( 'NONE', #653 ) ;
#999 = CARTESIAN_POINT ( 'NONE',  ( 0.0000000000000000000, 0.1377952755905511861, 0.0000000000000000000 ) ) ;
#1000 = EDGE_CURVE ( 'NONE', #3145, #2004, #2409, .T. ) ;
#1001 = LINE ( 'NONE', #1757, #3413 ) ;
#1002 = EDGE_CURVE ( 'NONE', #3398, #177, #2977, .T. ) ;
#1003 = FACE_OUTER_BOUND ( 'NONE', #2081, .T. ) ;
#1004 = ORIENTED_EDGE ( 'NONE', *, *, #2023, .F. ) ;
#1005 = VERTEX_POINT ( 'NONE', #2024 ) ;
#1006 = EDGE_CURVE ( 'NONE', #2481, #368, #1365, .T. ) ;
#1007 = ORIENTED_EDGE ( 'NONE', *, *, #2646, .T. ) ;
#1008 = DIRECTION ( 'NONE',  ( 0.0000000000000000000, -1.000000000000000000, 0.0000000000000000000 ) ) ;
#1009 = DIRECTION ( 'NONE',  ( 0.0000000000000000000, 0.0000000000000000000, -1.000000000000000000 ) ) ;
#1010 = PLANE ( 'NONE',  #1375 ) ;
#1011 = ORIENTED_EDGE ( 'NONE', *, *, #71, .T. ) ;
#1012 = FACE_OUTER_BOUND ( 'NONE', #1833, .T. ) ;
#1013 = CARTESIAN_POINT ( 'NONE',  ( 0.1122047244094488277, 0.1299212598425196763, -0.1122047244094488277 ) ) ;
#1014 = LINE ( 'NONE', #2995, #1431 ) ;
#1015 = VERTEX_POINT ( 'NONE', #2108 ) ;
#1016 = CYLINDRICAL_SURFACE ( 'NONE', #2069, 0.007874015748031499423 ) ;
#1017 = FILL_AREA_STYLE_COLOUR ( '', #1161 ) ;
#1018 = ORIENTED_EDGE ( 'NONE', *, *, #3997, .F. ) ;
#1019 = EDGE_CURVE ( 'NONE', #2443, #4043, #4109, .T. ) ;
#1020 = ORIENTED_EDGE ( 'NONE', *, *, #509, .T. ) ;
#1021 = CARTESIAN_POINT ( 'NONE',  ( -0.1181102362204724532, 0.03543307086614173179, -0.07480314960629921850 ) ) ;
#1022 = ORIENTED_EDGE ( 'NONE', *, *, #1200, .T. ) ;
#1023 = EDGE_CURVE ( 'NONE', #3322, #923, #3854, .T. ) ;
#1024 = LINE ( 'NONE', #56, #3762 ) ;
#1025 = CARTESIAN_POINT ( 'NONE',  ( 0.1476377952755905387, -0.06889763779527559306, 0.1023622047244094474 ) ) ;
#1026 = DIRECTION ( 'NONE',  ( 0.0000000000000000000, 1.000000000000000000, 0.0000000000000000000 ) ) ;
#1027 = ORIENTED_EDGE ( 'NONE', *, *, #1598, .F. ) ;
#1028 = ORIENTED_EDGE ( 'NONE', *, *, #3178, .T. ) ;
#1029 = CIRCLE ( 'NONE', #2406, 0.005905511811023620231 ) ;
#1030 = CARTESIAN_POINT ( 'NONE',  ( 0.0000000000000000000, 0.1299212598425196763, 0.0000000000000000000 ) ) ;
#1031 = DIRECTION ( 'NONE',  ( -1.000000000000000000, 0.0000000000000000000, 0.0000000000000000000 ) ) ;
#1032 = VECTOR ( 'NONE', #3165, 39.37007874015748143 ) ;
#1033 = DIRECTION ( 'NONE',  ( 0.0000000000000000000, -1.000000000000000000, 0.0000000000000000000 ) ) ;
#1034 = ORIENTED_EDGE ( 'NONE', *, *, #727, .T. ) ;
#1035 = VECTOR ( 'NONE', #2853, 39.37007874015748854 ) ;
#1036 = CIRCLE ( 'NONE', #2202, 0.02362204724409448092 ) ;
#1037 = DIRECTION ( 'NONE',  ( -1.000000000000000000, -4.063888932435259910E-16, 0.0000000000000000000 ) ) ;
#1038 = CARTESIAN_POINT ( 'NONE',  ( -0.1181102362204724532, 0.1299212598425196763, 0.1122047244094488277 ) ) ;
#1039 = DIRECTION ( 'NONE',  ( 0.7071067811865470176, 0.7071067811865480168, 0.0000000000000000000 ) ) ;
#1040 = CIRCLE ( 'NONE', #1448, 0.007874015748031499423 ) ;
#1041 = ORIENTED_EDGE ( 'NONE', *, *, #2048, .F. ) ;
#1042 = EDGE_LOOP ( 'NONE', ( #3439, #417 ) ) ;
#1043 = VERTEX_POINT ( 'NONE', #1111 ) ;
#1044 = CIRCLE ( 'NONE', #908, 0.02362204724409448092 ) ;
#1045 = EDGE_CURVE ( 'NONE', #998, #577, #2435, .T. ) ;
#1046 = DIRECTION ( 'NONE',  ( 0.0000000000000000000, 0.0000000000000000000, 1.000000000000000000 ) ) ;
#1047 = DIRECTION ( 'NONE',  ( 0.0000000000000000000, 0.0000000000000000000, -1.000000000000000000 ) ) ;
#1048 = DIRECTION ( 'NONE',  ( 1.000000000000000000, 0.0000000000000000000, 0.0000000000000000000 ) ) ;
#1049 = EDGE_CURVE ( 'NONE', #3937, #3025, #792, .T. ) ;
#1050 = ADVANCED_FACE ( 'NONE', ( #2410 ), #538, .T. ) ;
#1051 = ORIENTED_EDGE ( 'NONE', *, *, #2772, .F. ) ;
#1052 = VERTEX_POINT ( 'NONE', #3810 ) ;
#1053 = DIRECTION ( 'NONE',  ( 0.0000000000000000000, -1.000000000000000000, 0.0000000000000000000 ) ) ;
#1054 = DIRECTION ( 'NONE',  ( -1.000000000000000000, 0.0000000000000000000, 0.0000000000000000000 ) ) ;
#1055 = CARTESIAN_POINT ( 'NONE',  ( -0.1122047244094488277, 0.1377952755905511861, 0.1181102362204724532 ) ) ;
#1056 = VERTEX_POINT ( 'NONE', #126 ) ;
#1057 = LINE ( 'NONE', #396, #4160 ) ;
#1058 = PLANE ( 'NONE',  #3188 ) ;
#1059 = AXIS2_PLACEMENT_3D ( 'NONE', #3500, #2478, #4074 ) ;
#1060 = VERTEX_POINT ( 'NONE', #1837 ) ;
#1061 = ORIENTED_EDGE ( 'NONE', *, *, #916, .F. ) ;
#1062 = LINE ( 'NONE', #2051, #246 ) ;
#1063 = CARTESIAN_POINT ( 'NONE',  ( -0.1532055652061933004, -0.07446540772587834089, 0.07480314960629921850 ) ) ;
#1064 = PRESENTATION_STYLE_ASSIGNMENT (( #2653 ) ) ;
#1065 = ORIENTED_EDGE ( 'NONE', *, *, #1758, .F. ) ;
#1066 = DIRECTION ( 'NONE',  ( -4.063888932435259910E-16, -1.000000000000000000, 0.0000000000000000000 ) ) ;
#1067 = DIRECTION ( 'NONE',  ( 0.0000000000000000000, 1.000000000000000000, 0.0000000000000000000 ) ) ;
#1068 = DIRECTION ( 'NONE',  ( -1.000000000000000000, 0.0000000000000000000, 0.0000000000000000000 ) ) ;
#1069 = ORIENTED_EDGE ( 'NONE', *, *, #1049, .F. ) ;
#1070 = ORIENTED_EDGE ( 'NONE', *, *, #2082, .T. ) ;
#1071 = ADVANCED_FACE ( 'NONE', ( #99 ), #1132, .T. ) ;
#1072 = CARTESIAN_POINT ( 'NONE',  ( -0.1122047244094488277, 0.0000000000000000000, -0.1181102362204724532 ) ) ;
#1073 = CARTESIAN_POINT ( 'NONE',  ( -0.1240157480314960647, -0.09578120915254409451, 0.1023622047244094474 ) ) ;
#1074 = DIRECTION ( 'NONE',  ( 0.0000000000000000000, 1.000000000000000000, -2.454115839351809943E-16 ) ) ;
#1075 = ORIENTED_EDGE ( 'NONE', *, *, #1906, .T. ) ;
#1076 = EDGE_CURVE ( 'NONE', #3001, #957, #2088, .T. ) ;
#1077 = CARTESIAN_POINT ( 'NONE',  ( 0.1181102362204724532, 0.0000000000000000000, -0.1122047244094488277 ) ) ;
#1078 = ORIENTED_EDGE ( 'NONE', *, *, #2049, .F. ) ;
#1079 = ORIENTED_EDGE ( 'NONE', *, *, #3099, .F. ) ;
#1080 = VERTEX_POINT ( 'NONE', #3496 ) ;
#1081 = CARTESIAN_POINT ( 'NONE',  ( -0.1263219938489248129, -0.04758183636860983945, 0.1023622047244094474 ) ) ;
#1082 = ORIENTED_EDGE ( 'NONE', *, *, #3746, .F. ) ;
#1083 = DIRECTION ( 'NONE',  ( 0.0000000000000000000, -1.000000000000000000, 0.0000000000000000000 ) ) ;
#1084 = LINE ( 'NONE', #3433, #1237 ) ;
#1085 = EDGE_LOOP ( 'NONE', ( #3340, #1535 ) ) ;
#1086 = ORIENTED_EDGE ( 'NONE', *, *, #1334, .F. ) ;
#1087 = CARTESIAN_POINT ( 'NONE',  ( -0.1532055652061933004, -0.07446540772587834089, -0.07480314960629921850 ) ) ;
#1088 = VECTOR ( 'NONE', #1119, 39.37007874015748143 ) ;
#1089 = EDGE_CURVE ( 'NONE', #2952, #2594, #3475, .T. ) ;
#1090 = AXIS2_PLACEMENT_3D ( 'NONE', #2355, #3745, #3422 ) ;
#1091 = CIRCLE ( 'NONE', #113, 0.06275849662926456796 ) ;
#1092 = ORIENTED_EDGE ( 'NONE', *, *, #3212, .T. ) ;
#1093 = DIRECTION ( 'NONE',  ( 0.0000000000000000000, 1.000000000000000000, 0.0000000000000000000 ) ) ;
#1094 = AXIS2_PLACEMENT_3D ( 'NONE', #3811, #3150, #4168 ) ;
#1095 = CIRCLE ( 'NONE', #1364, 0.007874015748031499423 ) ;
#1096 = EDGE_CURVE ( 'NONE', #3102, #207, #1904, .T. ) ;
#1097 = FACE_OUTER_BOUND ( 'NONE', #1932, .T. ) ;
#1098 = EDGE_CURVE ( 'NONE', #1540, #3117, #3249, .T. ) ;
#1099 = VERTEX_POINT ( 'NONE', #1537 ) ;
#1100 = AXIS2_PLACEMENT_3D ( 'NONE', #1724, #2427, #3820 ) ;
#1101 = VECTOR ( 'NONE', #3560, 39.37007874015748143 ) ;
#1102 = VERTEX_POINT ( 'NONE', #3891 ) ;
#1103 = LINE ( 'NONE', #2098, #2838 ) ;
#1104 = AXIS2_PLACEMENT_3D ( 'NONE', #3570, #2200, #2227 ) ;
#1105 = ORIENTED_EDGE ( 'NONE', *, *, #1045, .T. ) ;
#1106 = VECTOR ( 'NONE', #1359, 39.37007874015748143 ) ;
#1107 = FACE_OUTER_BOUND ( 'NONE', #3660, .T. ) ;
#1108 = VECTOR ( 'NONE', #4227, 39.37007874015748143 ) ;
#1109 = ORIENTED_EDGE ( 'NONE', *, *, #260, .F. ) ;
#1110 = VERTEX_POINT ( 'NONE', #3578 ) ;
#1111 = CARTESIAN_POINT ( 'NONE',  ( -0.1240157480314960647, -0.1224523058384645591, 0.07480314960629921850 ) ) ;
#1112 = PLANE ( 'NONE',  #3836 ) ;
#1113 =( CONVERSION_BASED_UNIT ( 'INCH', #440 ) LENGTH_UNIT ( ) NAMED_UNIT ( #4294 ) );
#1114 = EDGE_LOOP ( 'NONE', ( #1998, #2869, #4305, #1351 ) ) ;
#1115 = DIRECTION ( 'NONE',  ( 0.0000000000000000000, 0.0000000000000000000, -1.000000000000000000 ) ) ;
#1116 = CARTESIAN_POINT ( 'NONE',  ( 0.08858267716535432601, 0.1377952755905511861, -0.08858267716535432601 ) ) ;
#1117 = DIRECTION ( 'NONE',  ( 0.0000000000000000000, 0.0000000000000000000, -1.000000000000000000 ) ) ;
#1118 = ORIENTED_EDGE ( 'NONE', *, *, #3641, .F. ) ;
#1119 = DIRECTION ( 'NONE',  ( 0.0000000000000000000, 0.0000000000000000000, -1.000000000000000000 ) ) ;
#1120 = ADVANCED_FACE ( 'NONE', ( #187 ), #2520, .T. ) ;
#1121 = EDGE_CURVE ( 'NONE', #4156, #1979, #2699, .T. ) ;
#1122 = AXIS2_PLACEMENT_3D ( 'NONE', #459, #2790, #3478 ) ;
#1123 = FACE_OUTER_BOUND ( 'NONE', #400, .T. ) ;
#1124 = SURFACE_STYLE_USAGE ( .BOTH. , #2447 ) ;
#1125 = ORIENTED_EDGE ( 'NONE', *, *, #4216, .F. ) ;
#1126 = ADVANCED_FACE ( 'NONE', ( #563 ), #276, .T. ) ;
#1127 = EDGE_CURVE ( 'NONE', #1855, #592, #4261, .T. ) ;
#1128 = LINE ( 'NONE', #2495, #3058 ) ;
#1129 = CARTESIAN_POINT ( 'NONE',  ( -0.1318897637795275746, -0.09578120915254409451, -0.07480314960629921850 ) ) ;
#1130 = EDGE_LOOP ( 'NONE', ( #3871, #3652, #2386, #4147, #2382, #518, #3905, #3559 ) ) ;
#1131 = EDGE_LOOP ( 'NONE', ( #3394, #3757, #1463, #3643 ) ) ;
#1132 = PLANE ( 'NONE',  #261 ) ;
#1133 = LINE ( 'NONE', #2809, #466 ) ;
#1134 = CARTESIAN_POINT ( 'NONE',  ( 0.1181102362204724532, 0.02755905511811023584, -0.1023622047244094474 ) ) ;
#1135 = LINE ( 'NONE', #2457, #355 ) ;
#1136 = ORIENTED_EDGE ( 'NONE', *, *, #1019, .F. ) ;
#1137 = DIRECTION ( 'NONE',  ( 0.0000000000000000000, 1.000000000000000000, 0.0000000000000000000 ) ) ;
#1138 = CARTESIAN_POINT ( 'NONE',  ( 0.1240157480314960647, 0.02755905511811023584, -0.07480314960629921850 ) ) ;
#1139 = ORIENTED_EDGE ( 'NONE', *, *, #1275, .T. ) ;
#1140 = EDGE_LOOP ( 'NONE', ( #1027, #147 ) ) ;
#1141 = VERTEX_POINT ( 'NONE', #4231 ) ;
#1142 = FACE_OUTER_BOUND ( 'NONE', #275, .T. ) ;
#1143 = EDGE_CURVE ( 'NONE', #4199, #2650, #3872, .T. ) ;
#1144 = ORIENTED_EDGE ( 'NONE', *, *, #3083, .T. ) ;
#1145 = DIRECTION ( 'NONE',  ( 0.0000000000000000000, 0.0000000000000000000, 1.000000000000000000 ) ) ;
#1146 = CYLINDRICAL_SURFACE ( 'NONE', #4036, 0.02362204724409448092 ) ;
#1147 = CARTESIAN_POINT ( 'NONE',  ( 0.1263219938489248129, -0.04758183636860983945, 0.07480314960629921850 ) ) ;
#1148 = EDGE_CURVE ( 'NONE', #2629, #4035, #874, .T. ) ;
#1149 = EDGE_CURVE ( 'NONE', #359, #720, #3209, .T. ) ;
#1150 = CARTESIAN_POINT ( 'NONE',  ( 0.1240157480314960647, -0.09578120915254409451, -0.07480314960629921850 ) ) ;
#1151 = FACE_OUTER_BOUND ( 'NONE', #3273, .T. ) ;
#1152 = ORIENTED_EDGE ( 'NONE', *, *, #1642, .F. ) ;
#1153 = CARTESIAN_POINT ( 'NONE',  ( -0.1122047244094488277, 0.0000000000000000000, 0.1181102362204724532 ) ) ;
#1154 = VECTOR ( 'NONE', #3631, 39.37007874015748143 ) ;
#1155 = CARTESIAN_POINT ( 'NONE',  ( -0.1318897637795275746, 0.02755905511811023584, 0.07480314960629921850 ) ) ;
#1156 = AXIS2_PLACEMENT_3D ( 'NONE', #345, #1975, #3283 ) ;
#1157 = ORIENTED_EDGE ( 'NONE', *, *, #2311, .F. ) ;
#1158 = ORIENTED_EDGE ( 'NONE', *, *, #1096, .T. ) ;
#1159 = DIRECTION ( 'NONE',  ( 0.7071067811865479058, -0.7071067811865469066, 0.0000000000000000000 ) ) ;
#1160 = AXIS2_PLACEMENT_3D ( 'NONE', #3873, #2851, #3455 ) ;
#1161 = COLOUR_RGB ( '',0.8313725490196077761, 0.8392156862745098200, 0.8313725490196077761 ) ;
#1162 = PLANE ( 'NONE',  #3614 ) ;
#1163 =( NAMED_UNIT ( * ) PLANE_ANGLE_UNIT ( ) SI_UNIT ( $, .RADIAN. ) );
#1164 = VECTOR ( 'NONE', #2035, 39.37007874015748143 ) ;
#1165 = CIRCLE ( 'NONE', #4316, 0.06889763779527559306 ) ;
#1166 = ORIENTED_EDGE ( 'NONE', *, *, #2316, .F. ) ;
#1167 = EDGE_CURVE ( 'NONE', #3398, #2920, #1210, .T. ) ;
#1168 = DIRECTION ( 'NONE',  ( 0.0000000000000000000, 0.0000000000000000000, 1.000000000000000000 ) ) ;
#1169 = VECTOR ( 'NONE', #2746, 39.37007874015748143 ) ;
#1170 = FACE_OUTER_BOUND ( 'NONE', #2453, .T. ) ;
#1171 = ORIENTED_EDGE ( 'NONE', *, *, #2984, .F. ) ;
#1172 = CIRCLE ( 'NONE', #1655, 0.007874015748031499423 ) ;
#1173 = EDGE_CURVE ( 'NONE', #3037, #3274, #2542, .T. ) ;
#1174 = PLANE ( 'NONE',  #604 ) ;
#1175 = EDGE_CURVE ( 'NONE', #2537, #1207, #1883, .T. ) ;
#1176 = DIRECTION ( 'NONE',  ( 0.0000000000000000000, 0.0000000000000000000, 1.000000000000000000 ) ) ;
#1177 = AXIS2_PLACEMENT_3D ( 'NONE', #3918, #1290, #533 ) ;
#1178 = EDGE_LOOP ( 'NONE', ( #3708, #4314 ) ) ;
#1179 = CARTESIAN_POINT ( 'NONE',  ( 0.1181102362204724532, 0.03543307086614173179, -0.1023622047244094474 ) ) ;
#1180 = DIRECTION ( 'NONE',  ( 0.0000000000000000000, 0.0000000000000000000, -1.000000000000000000 ) ) ;
#1181 = DIRECTION ( 'NONE',  ( 1.000000000000000000, -4.063888932435259910E-16, 0.0000000000000000000 ) ) ;
#1182 = ORIENTED_EDGE ( 'NONE', *, *, #891, .F. ) ;
#1183 = EDGE_LOOP ( 'NONE', ( #3764, #3844 ) ) ;
#1184 = DIRECTION ( 'NONE',  ( 0.0000000000000000000, 0.4999999999999995004, -0.8660254037844390407 ) ) ;
#1185 = CARTESIAN_POINT ( 'NONE',  ( 0.1240157480314960647, -0.1143824042423135789, -0.07014398974742774850 ) ) ;
#1186 = CIRCLE ( 'NONE', #491, 0.02362204724409448092 ) ;
#1187 = CARTESIAN_POINT ( 'NONE',  ( 0.08858267716535432601, 0.1299212598425196763, -0.06496062992125983815 ) ) ;
#1188 = VERTEX_POINT ( 'NONE', #2256 ) ;
#1189 = AXIS2_PLACEMENT_3D ( 'NONE', #34, #1629, #4334 ) ;
#1190 = CARTESIAN_POINT ( 'NONE',  ( 0.08858267716535432601, 0.1496062992125984370, -0.1122047244094488139 ) ) ;
#1191 = DIRECTION ( 'NONE',  ( -4.273955692857149504E-18, -0.9993908270190957621, -0.03489949670250103164 ) ) ;
#1192 = ORIENTED_EDGE ( 'NONE', *, *, #4048, .T. ) ;
#1193 = CARTESIAN_POINT ( 'NONE',  ( -0.1181102362204724532, 0.1299212598425196763, -0.1181102362204724532 ) ) ;
#1194 = LINE ( 'NONE', #4110, #751 ) ;
#1195 = SURFACE_SIDE_STYLE ('',( #2503 ) ) ;
#1196 = EDGE_CURVE ( 'NONE', #1457, #4091, #1036, .T. ) ;
#1197 = EDGE_LOOP ( 'NONE', ( #4075, #4278, #619, #2970 ) ) ;
#1198 = CARTESIAN_POINT ( 'NONE',  ( -0.1318897637795275746, -0.04201406643800709162, 0.07480314960629921850 ) ) ;
#1199 = CYLINDRICAL_SURFACE ( 'NONE', #1600, 0.02362204724409448092 ) ;
#1200 = EDGE_CURVE ( 'NONE', #1056, #3552, #2236, .T. ) ;
#1201 = ORIENTED_EDGE ( 'NONE', *, *, #560, .T. ) ;
#1202 = ORIENTED_EDGE ( 'NONE', *, *, #3585, .F. ) ;
#1203 = FACE_OUTER_BOUND ( 'NONE', #2123, .T. ) ;
#1204 = CARTESIAN_POINT ( 'NONE',  ( -0.1240157480314960647, 0.03543307086614173179, 0.1023622047244094474 ) ) ;
#1205 = LINE ( 'NONE', #508, #2857 ) ;
#1206 = ORIENTED_EDGE ( 'NONE', *, *, #3234, .T. ) ;
#1207 = VERTEX_POINT ( 'NONE', #2569 ) ;
#1208 = CARTESIAN_POINT ( 'NONE',  ( 0.08858267716535432601, 0.1377952755905511861, 0.1122047244094488139 ) ) ;
#1209 = EDGE_LOOP ( 'NONE', ( #317, #4155, #3366, #1781, #3748, #1639 ) ) ;
#1210 = LINE ( 'NONE', #4209, #3339 ) ;
#1211 = DIRECTION ( 'NONE',  ( 0.0000000000000000000, 0.0000000000000000000, -1.000000000000000000 ) ) ;
#1212 = ORIENTED_EDGE ( 'NONE', *, *, #1002, .F. ) ;
#1213 = LINE ( 'NONE', #3236, #2135 ) ;
#1214 = LINE ( 'NONE', #217, #600 ) ;
#1215 = ADVANCED_FACE ( 'NONE', ( #2285 ), #584, .T. ) ;
#1216 = CYLINDRICAL_SURFACE ( 'NONE', #633, 0.005905511811023620231 ) ;
#1217 = VERTEX_POINT ( 'NONE', #941 ) ;
#1218 = DIRECTION ( 'NONE',  ( 0.0000000000000000000, 1.000000000000000000, 0.0000000000000000000 ) ) ;
#1219 = EDGE_CURVE ( 'NONE', #3886, #582, #3598, .T. ) ;
#1220 = DIRECTION ( 'NONE',  ( 1.000000000000000000, 0.0000000000000000000, 0.0000000000000000000 ) ) ;
#1221 = EDGE_CURVE ( 'NONE', #2330, #2639, #1384, .T. ) ;
#1222 = DIRECTION ( 'NONE',  ( 0.0000000000000000000, 0.0000000000000000000, -1.000000000000000000 ) ) ;
#1223 = ORIENTED_EDGE ( 'NONE', *, *, #1597, .F. ) ;
#1224 = VECTOR ( 'NONE', #386, 39.37007874015748143 ) ;
#1225 = VECTOR ( 'NONE', #3727, 39.37007874015748143 ) ;
#1226 = VERTEX_POINT ( 'NONE', #3667 ) ;
#1227 = LINE ( 'NONE', #3247, #3278 ) ;
#1228 = VECTOR ( 'NONE', #2751, 39.37007874015748143 ) ;
#1229 = ORIENTED_EDGE ( 'NONE', *, *, #2444, .T. ) ;
#1230 = AXIS2_PLACEMENT_3D ( 'NONE', #412, #3786, #93 ) ;
#1231 = DIRECTION ( 'NONE',  ( 0.0000000000000000000, -1.000000000000000000, 0.0000000000000000000 ) ) ;
#1232 = DIRECTION ( 'NONE',  ( 0.0000000000000000000, 0.0000000000000000000, 1.000000000000000000 ) ) ;
#1233 = CIRCLE ( 'NONE', #3345, 0.007874015748031499423 ) ;
#1234 = ORIENTED_EDGE ( 'NONE', *, *, #1023, .F. ) ;
#1235 = LINE ( 'NONE', #1648, #601 ) ;
#1236 = CARTESIAN_POINT ( 'NONE',  ( 0.1122047244094488277, 0.1299212598425196763, 0.1122047244094488277 ) ) ;
#1237 = VECTOR ( 'NONE', #2040, 39.37007874015748143 ) ;
#1238 = FACE_OUTER_BOUND ( 'NONE', #2206, .T. ) ;
#1239 = DIMENSIONAL_EXPONENTS ( 1.000000000000000000, 0.0000000000000000000, 0.0000000000000000000, 0.0000000000000000000, 0.0000000000000000000, 0.0000000000000000000, 0.0000000000000000000 ) ;
#1240 = CARTESIAN_POINT ( 'NONE',  ( -0.1181102362204724532, 0.1299212598425196763, -0.1122047244094488277 ) ) ;
#1241 = MECHANICAL_DESIGN_GEOMETRIC_PRESENTATION_REPRESENTATION (  '', ( #2215 ), #4047 ) ;
#1242 = ORIENTED_EDGE ( 'NONE', *, *, #3609, .T. ) ;
#1243 = EDGE_LOOP ( 'NONE', ( #1818, #2114, #237, #3538, #1654, #2118, #870, #2448 ) ) ;
#1244 = EDGE_CURVE ( 'NONE', #2629, #2175, #987, .T. ) ;
#1245 = PLANE ( 'NONE',  #1428 ) ;
#1246 = DIRECTION ( 'NONE',  ( 1.000000000000000000, 0.0000000000000000000, 0.0000000000000000000 ) ) ;
#1247 = CARTESIAN_POINT ( 'NONE',  ( -0.1555118110236220763, 0.003937007874015747977, 0.04921259842519685318 ) ) ;
#1248 = CARTESIAN_POINT ( 'NONE',  ( 0.08858267716535432601, 0.1496062992125984370, 0.08858267716535432601 ) ) ;
#1249 = ORIENTED_EDGE ( 'NONE', *, *, #77, .F. ) ;
#1250 = EDGE_CURVE ( 'NONE', #3064, #139, #1165, .T. ) ;
#1251 = ORIENTED_EDGE ( 'NONE', *, *, #2476, .T. ) ;
#1252 = LINE ( 'NONE', #871, #45 ) ;
#1253 = DIRECTION ( 'NONE',  ( -1.000000000000000000, 0.0000000000000000000, 0.0000000000000000000 ) ) ;
#1254 = VECTOR ( 'NONE', #1222, 39.37007874015748143 ) ;
#1255 = ORIENTED_EDGE ( 'NONE', *, *, #786, .F. ) ;
#1256 = ADVANCED_FACE ( 'NONE', ( #3692 ), #717, .T. ) ;
#1257 = DIRECTION ( 'NONE',  ( 1.000000000000000000, 0.0000000000000000000, 0.0000000000000000000 ) ) ;
#1258 = CARTESIAN_POINT ( 'NONE',  ( -0.08858267716535432601, 0.1496062992125984370, -0.1122047244094488139 ) ) ;
#1259 = VECTOR ( 'NONE', #3837, 39.37007874015748143 ) ;
#1260 = DIRECTION ( 'NONE',  ( 0.0000000000000000000, 0.0000000000000000000, -1.000000000000000000 ) ) ;
#1261 = VERTEX_POINT ( 'NONE', #1295 ) ;
#1262 = DIRECTION ( 'NONE',  ( -2.168404344971010347E-16, 0.0000000000000000000, -1.000000000000000000 ) ) ;
#1263 = CARTESIAN_POINT ( 'NONE',  ( 8.919671568592926781E-18, 0.1299212598425196763, -0.07283464566929134798 ) ) ;
#1264 = PRESENTATION_STYLE_ASSIGNMENT (( #1977 ) ) ;
#1265 = CARTESIAN_POINT ( 'NONE',  ( 0.08858267716535432601, 0.1496062992125984370, 0.08858267716535432601 ) ) ;
#1266 = ORIENTED_EDGE ( 'NONE', *, *, #1143, .T. ) ;
#1267 = VERTEX_POINT ( 'NONE', #5 ) ;
#1268 = FACE_OUTER_BOUND ( 'NONE', #4108, .T. ) ;
#1269 = DIRECTION ( 'NONE',  ( -4.063888932435259910E-16, 1.000000000000000000, 0.0000000000000000000 ) ) ;
#1270 = DIRECTION ( 'NONE',  ( 1.000000000000000000, 0.0000000000000000000, 0.0000000000000000000 ) ) ;
#1271 = FACE_OUTER_BOUND ( 'NONE', #3492, .T. ) ;
#1272 = VERTEX_POINT ( 'NONE', #4064 ) ;
#1273 = CYLINDRICAL_SURFACE ( 'NONE', #2201, 0.007874015748031466463 ) ;
#1274 = CARTESIAN_POINT ( 'NONE',  ( -0.1240157480314960647, 0.03543307086614173179, -0.07480314960629921850 ) ) ;
#1275 = EDGE_CURVE ( 'NONE', #1261, #2494, #296, .T. ) ;
#1276 = EDGE_LOOP ( 'NONE', ( #3523, #1689 ) ) ;
#1277 = EDGE_CURVE ( 'NONE', #490, #2028, #4301, .T. ) ;
#1278 = EDGE_CURVE ( 'NONE', #3814, #2545, #474, .T. ) ;
#1279 = ORIENTED_EDGE ( 'NONE', *, *, #3834, .F. ) ;
#1280 = DIRECTION ( 'NONE',  ( 1.000000000000000000, 0.0000000000000000000, 0.0000000000000000000 ) ) ;
#1281 = LINE ( 'NONE', #2617, #324 ) ;
#1282 =( NAMED_UNIT ( * ) PLANE_ANGLE_UNIT ( ) SI_UNIT ( $, .RADIAN. ) );
#1283 = DIRECTION ( 'NONE',  ( 0.0000000000000000000, 1.000000000000000000, 0.0000000000000000000 ) ) ;
#1284 = LINE ( 'NONE', #1761, #4337 ) ;
#1285 = ORIENTED_EDGE ( 'NONE', *, *, #1650, .T. ) ;
#1286 = DIRECTION ( 'NONE',  ( 0.0000000000000000000, -1.000000000000000000, 0.0000000000000000000 ) ) ;
#1287 = DIRECTION ( 'NONE',  ( 0.0000000000000000000, 1.000000000000000000, 0.0000000000000000000 ) ) ;
#1288 = EDGE_LOOP ( 'NONE', ( #2775, #2423, #1743, #4226 ) ) ;
#1289 = LINE ( 'NONE', #2, #608 ) ;
#1290 = DIRECTION ( 'NONE',  ( 0.0000000000000000000, -1.000000000000000000, 0.0000000000000000000 ) ) ;
#1291 = VECTOR ( 'NONE', #3933, 39.37007874015748854 ) ;
#1292 = AXIS2_PLACEMENT_3D ( 'NONE', #953, #2326, #681 ) ;
#1293 = EDGE_LOOP ( 'NONE', ( #1007, #2825 ) ) ;
#1294 = EDGE_CURVE ( 'NONE', #177, #3398, #402, .T. ) ;
#1295 = CARTESIAN_POINT ( 'NONE',  ( -0.1240157480314960647, -0.1224523058384645591, 0.1023622047244094474 ) ) ;
#1296 = VECTOR ( 'NONE', #875, 39.37007874015748143 ) ;
#1297 = VECTOR ( 'NONE', #545, 39.37007874015748143 ) ;
#1298 = VECTOR ( 'NONE', #3267, 39.37007874015748143 ) ;
#1299 = ORIENTED_EDGE ( 'NONE', *, *, #912, .T. ) ;
#1300 = ADVANCED_FACE ( 'NONE', ( #2635 ), #2339, .F. ) ;
#1301 = EDGE_CURVE ( 'NONE', #1015, #426, #1024, .T. ) ;
#1302 = DIRECTION ( 'NONE',  ( 0.0000000000000000000, 0.0000000000000000000, 1.000000000000000000 ) ) ;
#1303 = CYLINDRICAL_SURFACE ( 'NONE', #1843, 0.007874015748031499423 ) ;
#1304 =( GEOMETRIC_REPRESENTATION_CONTEXT ( 3 ) GLOBAL_UNCERTAINTY_ASSIGNED_CONTEXT ( ( #1879 ) ) GLOBAL_UNIT_ASSIGNED_CONTEXT ( ( #3586, #1282, #1608 ) ) REPRESENTATION_CONTEXT ( 'NONE', 'WORKASPACE' ) );
#1305 = DIRECTION ( 'NONE',  ( 2.454115839351809943E-16, -1.000000000000000000, 0.0000000000000000000 ) ) ;
#1306 = ORIENTED_EDGE ( 'NONE', *, *, #996, .F. ) ;
#1307 = AXIS2_PLACEMENT_3D ( 'NONE', #179, #3870, #2497 ) ;
#1308 = EDGE_CURVE ( 'NONE', #2820, #1979, #2383, .T. ) ;
#1309 = LINE ( 'NONE', #4030, #2757 ) ;
#1310 = DIRECTION ( 'NONE',  ( 0.0000000000000000000, 0.0000000000000000000, 1.000000000000000000 ) ) ;
#1311 = CARTESIAN_POINT ( 'NONE',  ( 0.1318897637795275746, -0.1377952755905511861, 0.1023622047244094474 ) ) ;
#1312 = ORIENTED_EDGE ( 'NONE', *, *, #3884, .F. ) ;
#1313 = ORIENTED_EDGE ( 'NONE', *, *, #2397, .F. ) ;
#1314 = DIRECTION ( 'NONE',  ( 1.000000000000000000, 0.0000000000000000000, 0.0000000000000000000 ) ) ;
#1315 = CARTESIAN_POINT ( 'NONE',  ( 0.1240157480314960647, 0.02755905511811023584, -0.1023622047244094474 ) ) ;
#1316 = ORIENTED_EDGE ( 'NONE', *, *, #137, .F. ) ;
#1317 = PLANE ( 'NONE',  #3479 ) ;
#1318 = FACE_OUTER_BOUND ( 'NONE', #3466, .T. ) ;
#1319 = CARTESIAN_POINT ( 'NONE',  ( -0.08858267716535432601, 0.1377952755905511861, 0.1122047244094488139 ) ) ;
#1320 = VECTOR ( 'NONE', #1810, 39.37007874015748143 ) ;
#1321 = ADVANCED_FACE ( 'NONE', ( #2674 ), #1317, .F. ) ;
#1322 = ORIENTED_EDGE ( 'NONE', *, *, #1642, .T. ) ;
#1323 = FACE_OUTER_BOUND ( 'NONE', #1243, .T. ) ;
#1324 = DIRECTION ( 'NONE',  ( 0.0000000000000000000, 0.0000000000000000000, -1.000000000000000000 ) ) ;
#1325 = DIRECTION ( 'NONE',  ( 0.0000000000000000000, 0.4999999999999995004, -0.8660254037844390407 ) ) ;
#1326 = ADVANCED_FACE ( 'NONE', ( #1664 ), #26, .T. ) ;
#1327 = CARTESIAN_POINT ( 'NONE',  ( 0.1181102362204724532, 0.1377952755905511861, -0.1181102362204724532 ) ) ;
#1328 = VERTEX_POINT ( 'NONE', #4326 ) ;
#1329 = DIRECTION ( 'NONE',  ( 0.0000000000000000000, 0.0000000000000000000, 1.000000000000000000 ) ) ;
#1330 = DIRECTION ( 'NONE',  ( -1.000000000000000000, -4.063888932435259910E-16, 0.0000000000000000000 ) ) ;
#1331 = DIRECTION ( 'NONE',  ( 3.519431053647356462E-16, -0.8660254037844389297, 0.4999999999999994449 ) ) ;
#1332 = LINE ( 'NONE', #377, #2831 ) ;
#1333 = EDGE_CURVE ( 'NONE', #436, #936, #897, .T. ) ;
#1334 = EDGE_CURVE ( 'NONE', #2961, #2034, #4003, .T. ) ;
#1335 = VERTEX_POINT ( 'NONE', #1357 ) ;
#1336 = ORIENTED_EDGE ( 'NONE', *, *, #3666, .F. ) ;
#1337 = FACE_OUTER_BOUND ( 'NONE', #3508, .T. ) ;
#1338 = ORIENTED_EDGE ( 'NONE', *, *, #1752, .F. ) ;
#1339 = CARTESIAN_POINT ( 'NONE',  ( -0.1476377952755905387, -0.06889763779527559306, 0.07480314960629921850 ) ) ;
#1340 = LINE ( 'NONE', #2738, #3417 ) ;
#1341 = EDGE_LOOP ( 'NONE', ( #700, #198, #2013, #1753 ) ) ;
#1342 = DIRECTION ( 'NONE',  ( 0.0000000000000000000, 0.0000000000000000000, 1.000000000000000000 ) ) ;
#1343 = CARTESIAN_POINT ( 'NONE',  ( -0.1476377952755905387, -0.06889763779527559306, -0.1023622047244094474 ) ) ;
#1344 = CARTESIAN_POINT ( 'NONE',  ( 0.1318897637795275746, -0.1377952755905511861, -0.09350393700787401619 ) ) ;
#1345 = ORIENTED_EDGE ( 'NONE', *, *, #77, .T. ) ;
#1346 = EDGE_CURVE ( 'NONE', #2028, #3225, #47, .T. ) ;
#1347 = LINE ( 'NONE', #1763, #4173 ) ;
#1348 = DIRECTION ( 'NONE',  ( -1.000000000000000000, 0.0000000000000000000, 0.0000000000000000000 ) ) ;
#1349 = DIRECTION ( 'NONE',  ( 1.000000000000000000, 0.0000000000000000000, 0.0000000000000000000 ) ) ;
#1350 = ORIENTED_EDGE ( 'NONE', *, *, #2741, .T. ) ;
#1351 = ORIENTED_EDGE ( 'NONE', *, *, #2563, .T. ) ;
#1352 = ORIENTED_EDGE ( 'NONE', *, *, #4121, .T. ) ;
#1353 = EDGE_CURVE ( 'NONE', #3993, #2429, #788, .T. ) ;
#1354 = ADVANCED_FACE ( 'NONE', ( #3493 ), #74, .T. ) ;
#1355 =( CONVERSION_BASED_UNIT ( 'INCH', #1381 ) LENGTH_UNIT ( ) NAMED_UNIT ( #2213 ) );
#1356 = ORIENTED_EDGE ( 'NONE', *, *, #344, .T. ) ;
#1357 = CARTESIAN_POINT ( 'NONE',  ( -0.1122047244094488277, 0.1299212598425196763, -0.1181102362204724532 ) ) ;
#1358 = LINE ( 'NONE', #697, #116 ) ;
#1359 = DIRECTION ( 'NONE',  ( 0.0000000000000000000, -1.000000000000000000, 0.0000000000000000000 ) ) ;
#1360 = VECTOR ( 'NONE', #1115, 39.37007874015748143 ) ;
#1361 = ORIENTED_EDGE ( 'NONE', *, *, #2076, .T. ) ;
#1362 = VERTEX_POINT ( 'NONE', #3164 ) ;
#1363 = CIRCLE ( 'NONE', #2130, 0.007874015748031499423 ) ;
#1364 = AXIS2_PLACEMENT_3D ( 'NONE', #3065, #2641, #3988 ) ;
#1365 = LINE ( 'NONE', #4051, #1643 ) ;
#1366 = DIRECTION ( 'NONE',  ( 0.0000000000000000000, 0.0000000000000000000, 1.000000000000000000 ) ) ;
#1367 = AXIS2_PLACEMENT_3D ( 'NONE', #984, #2380, #734 ) ;
#1368 = SURFACE_STYLE_USAGE ( .BOTH. , #2352 ) ;
#1369 = VECTOR ( 'NONE', #2892, 39.37007874015748143 ) ;
#1370 = VERTEX_POINT ( 'NONE', #766 ) ;
#1371 = LINE ( 'NONE', #2768, #3679 ) ;
#1372 = CIRCLE ( 'NONE', #3200, 0.007874015748031499423 ) ;
#1373 = AXIS2_PLACEMENT_3D ( 'NONE', #1957, #1628, #2619 ) ;
#1374 = CARTESIAN_POINT ( 'NONE',  ( -0.1181102362204724532, 0.02755905511811023584, 0.1023622047244094474 ) ) ;
#1375 = AXIS2_PLACEMENT_3D ( 'NONE', #1993, #740, #3344 ) ;
#1376 = ORIENTED_EDGE ( 'NONE', *, *, #509, .F. ) ;
#1377 = ORIENTED_EDGE ( 'NONE', *, *, #3311, .T. ) ;
#1378 = EDGE_LOOP ( 'NONE', ( #829, #2524, #4006, #776 ) ) ;
#1379 = VECTOR ( 'NONE', #3338, 39.37007874015748143 ) ;
#1380 = CARTESIAN_POINT ( 'NONE',  ( 0.1181102362204724532, 0.02755905511811023584, -0.07480314960629921850 ) ) ;
#1381 = LENGTH_MEASURE_WITH_UNIT ( LENGTH_MEASURE( 0.02539999999999999897 ), #309 );
#1382 = EDGE_CURVE ( 'NONE', #2394, #207, #2084, .T. ) ;
#1383 = VERTEX_POINT ( 'NONE', #492 ) ;
#1384 = LINE ( 'NONE', #3008, #2981 ) ;
#1385 = CARTESIAN_POINT ( 'NONE',  ( 0.1318897637795275746, -0.09578120915254409451, -0.1023622047244094474 ) ) ;
#1386 = LINE ( 'NONE', #28, #3980 ) ;
#1387 = EDGE_CURVE ( 'NONE', #3743, #3434, #1128, .T. ) ;
#1388 = ORIENTED_EDGE ( 'NONE', *, *, #1308, .T. ) ;
#1389 = LINE ( 'NONE', #2678, #41 ) ;
#1390 = CARTESIAN_POINT ( 'NONE',  ( 0.1181102362204724532, 0.0000000000000000000, -0.04921259842519685318 ) ) ;
#1391 = CARTESIAN_POINT ( 'NONE',  ( -0.1318897637795275746, -0.09578120915254409451, -0.1023622047244094474 ) ) ;
#1392 = VECTOR ( 'NONE', #3223, 39.37007874015748854 ) ;
#1393 = ORIENTED_EDGE ( 'NONE', *, *, #975, .T. ) ;
#1394 = DIRECTION ( 'NONE',  ( -2.454115839351809943E-16, -1.000000000000000000, 0.0000000000000000000 ) ) ;
#1395 = LINE ( 'NONE', #2731, #1637 ) ;
#1396 = VECTOR ( 'NONE', #4313, 39.37007874015748143 ) ;
#1397 = ORIENTED_EDGE ( 'NONE', *, *, #315, .T. ) ;
#1398 = DIRECTION ( 'NONE',  ( -3.519431053647356462E-16, 0.8660254037844389297, -0.4999999999999994449 ) ) ;
#1399 = LINE ( 'NONE', #1816, #3682 ) ;
#1400 = CARTESIAN_POINT ( 'NONE',  ( -0.1181102362204724532, 0.1377952755905511861, 0.1181102362204724532 ) ) ;
#1401 = ORIENTED_EDGE ( 'NONE', *, *, #948, .T. ) ;
#1402 = DIRECTION ( 'NONE',  ( 0.0000000000000000000, 1.000000000000000000, 0.0000000000000000000 ) ) ;
#1403 = ADVANCED_FACE ( 'NONE', ( #1770 ), #144, .F. ) ;
#1404 = DIRECTION ( 'NONE',  ( 1.000000000000000000, 0.0000000000000000000, 0.0000000000000000000 ) ) ;
#1405 = PLANE ( 'NONE',  #3691 ) ;
#1406 = ORIENTED_EDGE ( 'NONE', *, *, #4016, .T. ) ;
#1407 = VERTEX_POINT ( 'NONE', #3098 ) ;
#1408 = DIRECTION ( 'NONE',  ( 0.0000000000000000000, 0.0000000000000000000, 1.000000000000000000 ) ) ;
#1409 = EDGE_CURVE ( 'NONE', #2956, #881, #2430, .T. ) ;
#1410 = FACE_OUTER_BOUND ( 'NONE', #3983, .T. ) ;
#1411 = EDGE_CURVE ( 'NONE', #2240, #1328, #4242, .T. ) ;
#1412 = CARTESIAN_POINT ( 'NONE',  ( 0.1181102362204724532, 0.02755905511811023584, -0.1023622047244094474 ) ) ;
#1413 = ORIENTED_EDGE ( 'NONE', *, *, #2393, .F. ) ;
#1414 = DIRECTION ( 'NONE',  ( 0.0000000000000000000, 0.0000000000000000000, -1.000000000000000000 ) ) ;
#1415 = CARTESIAN_POINT ( 'NONE',  ( -0.1318897637795275746, -0.09578120915254409451, 0.1023622047244094474 ) ) ;
#1416 = ORIENTED_EDGE ( 'NONE', *, *, #2960, .F. ) ;
#1417 = PLANE ( 'NONE',  #2332 ) ;
#1418 = CARTESIAN_POINT ( 'NONE',  ( 0.1318897637795275746, -0.1377952755905511861, -0.1023622047244094474 ) ) ;
#1419 = LINE ( 'NONE', #2779, #694 ) ;
#1420 = ORIENTED_EDGE ( 'NONE', *, *, #2529, .T. ) ;
#1421 = DIRECTION ( 'NONE',  ( 0.0000000000000000000, 0.0000000000000000000, -1.000000000000000000 ) ) ;
#1422 = CYLINDRICAL_SURFACE ( 'NONE', #4103, 0.007874015748031466463 ) ;
#1423 = DIRECTION ( 'NONE',  ( -1.000000000000000000, 0.0000000000000000000, 0.0000000000000000000 ) ) ;
#1424 = EDGE_LOOP ( 'NONE', ( #1413, #2587, #2314, #2303 ) ) ;
#1425 = ADVANCED_FACE ( 'NONE', ( #472 ), #186, .T. ) ;
#1426 = ORIENTED_EDGE ( 'NONE', *, *, #2964, .T. ) ;
#1427 = CARTESIAN_POINT ( 'NONE',  ( -0.08858267716535432601, 0.1377952755905511861, -0.06496062992125983815 ) ) ;
#1428 = AXIS2_PLACEMENT_3D ( 'NONE', #2905, #3159, #3179 ) ;
#1429 = CARTESIAN_POINT ( 'NONE',  ( -0.1318897637795275746, -0.09578120915254409451, 0.1023622047244094474 ) ) ;
#1430 = DIRECTION ( 'NONE',  ( 0.0000000000000000000, 1.000000000000000000, 0.0000000000000000000 ) ) ;
#1431 = VECTOR ( 'NONE', #3673, 39.37007874015748143 ) ;
#1432 = EDGE_CURVE ( 'NONE', #577, #3117, #3118, .T. ) ;
#1433 = CIRCLE ( 'NONE', #1156, 0.07283464566929134798 ) ;
#1434 = ADVANCED_FACE ( 'NONE', ( #1449 ), #2781, .T. ) ;
#1435 = EDGE_LOOP ( 'NONE', ( #1796, #2904, #2669, #4330 ) ) ;
#1436 = DIRECTION ( 'NONE',  ( 0.0000000000000000000, 0.0000000000000000000, 1.000000000000000000 ) ) ;
#1437 = LINE ( 'NONE', #859, #3330 ) ;
#1438 = VECTOR ( 'NONE', #4284, 39.37007874015748143 ) ;
#1439 = AXIS2_PLACEMENT_3D ( 'NONE', #2966, #4308, #4331 ) ;
#1440 = CARTESIAN_POINT ( 'NONE',  ( -0.1181102362204724532, 0.03543307086614173179, 0.07480314960629921850 ) ) ;
#1441 = EDGE_CURVE ( 'NONE', #763, #476, #2226, .T. ) ;
#1442 = ORIENTED_EDGE ( 'NONE', *, *, #752, .T. ) ;
#1443 = VECTOR ( 'NONE', #1602, 39.37007874015748143 ) ;
#1444 = DIRECTION ( 'NONE',  ( 0.0000000000000000000, -1.000000000000000000, 0.0000000000000000000 ) ) ;
#1445 =( LENGTH_UNIT ( ) NAMED_UNIT ( * ) SI_UNIT ( $, .METRE. ) );
#1446 = AXIS2_PLACEMENT_3D ( 'NONE', #3222, #1550, #553 ) ;
#1447 = ORIENTED_EDGE ( 'NONE', *, *, #1387, .T. ) ;
#1448 = AXIS2_PLACEMENT_3D ( 'NONE', #3369, #414, #76 ) ;
#1449 = FACE_OUTER_BOUND ( 'NONE', #1209, .T. ) ;
#1450 = DIRECTION ( 'NONE',  ( 0.0000000000000000000, 0.0000000000000000000, -1.000000000000000000 ) ) ;
#1451 = DIRECTION ( 'NONE',  ( 0.0000000000000000000, 0.0000000000000000000, -1.000000000000000000 ) ) ;
#1452 = AXIS2_PLACEMENT_3D ( 'NONE', #3647, #648, #3364 ) ;
#1453 = ORIENTED_EDGE ( 'NONE', *, *, #1965, .T. ) ;
#1454 = VERTEX_POINT ( 'NONE', #978 ) ;
#1455 = LINE ( 'NONE', #1474, #4232 ) ;
#1456 =( NAMED_UNIT ( * ) SI_UNIT ( $, .STERADIAN. ) SOLID_ANGLE_UNIT ( ) );
#1457 = VERTEX_POINT ( 'NONE', #1611 ) ;
#1458 = DIRECTION ( 'NONE',  ( 1.000000000000000000, 0.0000000000000000000, 0.0000000000000000000 ) ) ;
#1459 = CARTESIAN_POINT ( 'NONE',  ( 0.1240157480314960647, -0.09578120915254409451, 0.07480314960629921850 ) ) ;
#1460 = EDGE_CURVE ( 'NONE', #1454, #3676, #1854, .T. ) ;
#1461 = FACE_OUTER_BOUND ( 'NONE', #3750, .T. ) ;
#1462 = CIRCLE ( 'NONE', #2020, 0.02362204724409448092 ) ;
#1463 = ORIENTED_EDGE ( 'NONE', *, *, #2336, .T. ) ;
#1464 = DIRECTION ( 'NONE',  ( 2.454115839351809943E-16, -1.000000000000000000, 0.0000000000000000000 ) ) ;
#1465 = AXIS2_PLACEMENT_3D ( 'NONE', #3633, #638, #3326 ) ;
#1466 = ADVANCED_FACE ( 'NONE', ( #1961 ), #2972, .T. ) ;
#1467 = PRESENTATION_STYLE_ASSIGNMENT (( #1124 ) ) ;
#1468 = EDGE_LOOP ( 'NONE', ( #1690, #3307, #2361, #1866 ) ) ;
#1469 = DIRECTION ( 'NONE',  ( 0.0000000000000000000, 0.0000000000000000000, 1.000000000000000000 ) ) ;
#1470 = CARTESIAN_POINT ( 'NONE',  ( -8.437527159479795937E-18, 0.1299212598425196763, -0.06889763779527559306 ) ) ;
#1471 = VERTEX_POINT ( 'NONE', #1656 ) ;
#1472 = ORIENTED_EDGE ( 'NONE', *, *, #1409, .T. ) ;
#1473 = CARTESIAN_POINT ( 'NONE',  ( 0.1263219938489248129, -0.04758183636860983945, -0.1023622047244094474 ) ) ;
#1474 = CARTESIAN_POINT ( 'NONE',  ( 0.1181102362204724532, 0.03543307086614173179, 0.1023622047244094474 ) ) ;
#1475 = PLANE ( 'NONE',  #2207 ) ;
#1476 = CARTESIAN_POINT ( 'NONE',  ( -0.1318897637795275746, 0.02755905511811023584, 0.1023622047244094474 ) ) ;
#1477 = ORIENTED_EDGE ( 'NONE', *, *, #3350, .F. ) ;
#1478 = DIRECTION ( 'NONE',  ( 0.0000000000000000000, -1.000000000000000000, 0.0000000000000000000 ) ) ;
#1479 = PLANE ( 'NONE',  #3534 ) ;
#1480 = CYLINDRICAL_SURFACE ( 'NONE', #3431, 0.007874015748031499423 ) ;
#1481 = VERTEX_POINT ( 'NONE', #1631 ) ;
#1482 = ORIENTED_EDGE ( 'NONE', *, *, #3990, .F. ) ;
#1483 = ADVANCED_FACE ( 'NONE', ( #4249 ), #2648, .T. ) ;
#1484 = CARTESIAN_POINT ( 'NONE',  ( 0.0000000000000000000, 0.1377952755905511861, 0.0000000000000000000 ) ) ;
#1485 = EDGE_LOOP ( 'NONE', ( #80, #2712 ) ) ;
#1486 = EDGE_CURVE ( 'NONE', #2367, #2961, #4339, .T. ) ;
#1487 = ADVANCED_FACE ( 'NONE', ( #2294 ), #1914, .F. ) ;
#1488 = CARTESIAN_POINT ( 'NONE',  ( 0.1181102362204724532, 0.1299212598425196763, -0.1181102362204724532 ) ) ;
#1489 = FACE_OUTER_BOUND ( 'NONE', #3378, .T. ) ;
#1490 = DIRECTION ( 'NONE',  ( 0.0000000000000000000, 1.000000000000000000, 0.0000000000000000000 ) ) ;
#1491 = ORIENTED_EDGE ( 'NONE', *, *, #4223, .T. ) ;
#1492 = DIRECTION ( 'NONE',  ( 0.0000000000000000000, 0.0000000000000000000, -1.000000000000000000 ) ) ;
#1493 = CARTESIAN_POINT ( 'NONE',  ( 0.1476377952755905387, -0.06889763779527559306, 0.1023622047244094474 ) ) ;
#1494 = DIRECTION ( 'NONE',  ( 1.000000000000000000, 0.0000000000000000000, 0.0000000000000000000 ) ) ;
#1495 = VERTEX_POINT ( 'NONE', #3952 ) ;
#1496 = CARTESIAN_POINT ( 'NONE',  ( -0.1263219938489248129, -0.04758183636860983945, 0.1023622047244094474 ) ) ;
#1497 = CARTESIAN_POINT ( 'NONE',  ( -0.1181102362204724532, 0.03543307086614173179, 0.1023622047244094474 ) ) ;
#1498 = AXIS2_PLACEMENT_3D ( 'NONE', #3768, #1325, #322 ) ;
#1499 = CARTESIAN_POINT ( 'NONE',  ( 0.1263219938489248129, -0.04758183636860983945, 0.1023622047244094474 ) ) ;
#1500 = CIRCLE ( 'NONE', #3752, 0.02362204724409448092 ) ;
#1501 = ORIENTED_EDGE ( 'NONE', *, *, #3371, .T. ) ;
#1502 = ORIENTED_EDGE ( 'NONE', *, *, #3641, .T. ) ;
#1503 = CARTESIAN_POINT ( 'NONE',  ( -0.1240157480314960647, 0.02755905511811023584, 0.1023622047244094474 ) ) ;
#1504 = AXIS2_PLACEMENT_3D ( 'NONE', #3627, #3599, #605 ) ;
#1505 = AXIS2_PLACEMENT_3D ( 'NONE', #642, #1039, #2626 ) ;
#1506 = LINE ( 'NONE', #2249, #4107 ) ;
#1507 = FACE_OUTER_BOUND ( 'NONE', #2194, .T. ) ;
#1508 = AXIS2_PLACEMENT_3D ( 'NONE', #493, #432, #1168 ) ;
#1509 = AXIS2_PLACEMENT_3D ( 'NONE', #1640, #1972, #1703 ) ;
#1510 = ORIENTED_EDGE ( 'NONE', *, *, #2666, .T. ) ;
#1511 = VECTOR ( 'NONE', #4317, 39.37007874015748143 ) ;
#1512 = VECTOR ( 'NONE', #3485, 39.37007874015748143 ) ;
#1513 = CARTESIAN_POINT ( 'NONE',  ( -0.08858267716535432601, 0.1496062992125984370, -0.08858267716535432601 ) ) ;
#1514 = ADVANCED_FACE ( 'NONE', ( #3289, #3308, #2248, #4273, #304, #3591 ), #594, .T. ) ;
#1515 = ORIENTED_EDGE ( 'NONE', *, *, #1432, .F. ) ;
#1516 = CIRCLE ( 'NONE', #690, 0.02362204724409448092 ) ;
#1517 = CARTESIAN_POINT ( 'NONE',  ( 0.1122047244094488277, 0.1377952755905511861, 0.1122047244094488277 ) ) ;
#1518 = CARTESIAN_POINT ( 'NONE',  ( 0.1122047244094488277, 0.1299212598425196763, 0.1181102362204724532 ) ) ;
#1519 = VECTOR ( 'NONE', #4079, 39.37007874015748143 ) ;
#1520 = ADVANCED_FACE ( 'NONE', ( #954 ), #285, .F. ) ;
#1521 = EDGE_CURVE ( 'NONE', #706, #2377, #2269, .T. ) ;
#1522 = ORIENTED_EDGE ( 'NONE', *, *, #1353, .F. ) ;
#1523 = CARTESIAN_POINT ( 'NONE',  ( -0.1181102362204724532, 0.1377952755905511861, 0.1181102362204724532 ) ) ;
#1524 = CARTESIAN_POINT ( 'NONE',  ( 7.926624551515983871E-18, 0.1968503937007874127, -0.06275849662926456796 ) ) ;
#1525 = LINE ( 'NONE', #3948, #2651 ) ;
#1526 = EDGE_LOOP ( 'NONE', ( #350, #522 ) ) ;
#1527 = ORIENTED_EDGE ( 'NONE', *, *, #1970, .F. ) ;
#1528 = CARTESIAN_POINT ( 'NONE',  ( 0.1532055652061933004, -0.06332986786467284523, -0.1023622047244094474 ) ) ;
#1529 = CYLINDRICAL_SURFACE ( 'NONE', #972, 0.02362204724409448092 ) ;
#1530 = VECTOR ( 'NONE', #1869, 39.37007874015748143 ) ;
#1531 = CARTESIAN_POINT ( 'NONE',  ( -0.1240157480314960647, 0.02755905511811023584, -0.1023622047244094474 ) ) ;
#1532 = VERTEX_POINT ( 'NONE', #3975 ) ;
#1533 = VECTOR ( 'NONE', #3107, 39.37007874015748854 ) ;
#1534 = LINE ( 'NONE', #1555, #411 ) ;
#1535 = ORIENTED_EDGE ( 'NONE', *, *, #4256, .F. ) ;
#1536 = ADVANCED_FACE ( 'NONE', ( #4011 ), #1058, .F. ) ;
#1537 = CARTESIAN_POINT ( 'NONE',  ( 0.1240157480314960647, -0.04201406643800709162, 0.1023622047244094474 ) ) ;
#1538 = CARTESIAN_POINT ( 'NONE',  ( 0.1318897637795275746, -0.1224523058384645591, -0.07480314960629921850 ) ) ;
#1539 = FACE_OUTER_BOUND ( 'NONE', #3181, .T. ) ;
#1540 = VERTEX_POINT ( 'NONE', #443 ) ;
#1541 = EDGE_CURVE ( 'NONE', #2251, #165, #2327, .T. ) ;
#1542 = EDGE_CURVE ( 'NONE', #3794, #2059, #3751, .T. ) ;
#1543 = DIRECTION ( 'NONE',  ( 0.0000000000000000000, 0.0000000000000000000, 1.000000000000000000 ) ) ;
#1544 = CARTESIAN_POINT ( 'NONE',  ( -0.1181102362204724532, 0.1299212598425196763, -0.1181102362204724532 ) ) ;
#1545 = DIMENSIONAL_EXPONENTS ( 1.000000000000000000, 0.0000000000000000000, 0.0000000000000000000, 0.0000000000000000000, 0.0000000000000000000, 0.0000000000000000000, 0.0000000000000000000 ) ;
#1546 = CARTESIAN_POINT ( 'NONE',  ( -0.1240157480314960647, 0.02755905511811023584, 0.07480314960629921850 ) ) ;
#1547 = VERTEX_POINT ( 'NONE', #1374 ) ;
#1548 = ORIENTED_EDGE ( 'NONE', *, *, #211, .F. ) ;
#1549 = CARTESIAN_POINT ( 'NONE',  ( -8.437527159479795937E-18, 0.1299212598425196763, -0.06889763779527559306 ) ) ;
#1550 = DIRECTION ( 'NONE',  ( 0.0000000000000000000, 1.000000000000000000, 0.0000000000000000000 ) ) ;
#1551 = CARTESIAN_POINT ( 'NONE',  ( -0.1476377952755905387, -0.06889763779527559306, 0.07480314960629921850 ) ) ;
#1552 = ORIENTED_EDGE ( 'NONE', *, *, #3350, .T. ) ;
#1553 = ORIENTED_EDGE ( 'NONE', *, *, #379, .T. ) ;
#1554 = CARTESIAN_POINT ( 'NONE',  ( 0.1555118110236220763, -0.1377952755905511861, 0.08366141732283464971 ) ) ;
#1555 = CARTESIAN_POINT ( 'NONE',  ( 0.1318897637795275746, -0.09578120915254409451, 0.1023622047244094474 ) ) ;
#1556 = ORIENTED_EDGE ( 'NONE', *, *, #3525, .F. ) ;
#1557 = CARTESIAN_POINT ( 'NONE',  ( -0.1318897637795275746, -0.04201406643800709162, -0.1023622047244094474 ) ) ;
#1558 = CARTESIAN_POINT ( 'NONE',  ( 0.1318897637795275746, -0.04201406643800709162, -0.07480314960629921850 ) ) ;
#1559 = ORIENTED_EDGE ( 'NONE', *, *, #996, .T. ) ;
#1560 =( CONVERSION_BASED_UNIT ( 'INCH', #2684 ) LENGTH_UNIT ( ) NAMED_UNIT ( #2921 ) );
#1561 = DIRECTION ( 'NONE',  ( 0.0000000000000000000, -1.000000000000000000, 0.0000000000000000000 ) ) ;
#1562 = ADVANCED_FACE ( 'NONE', ( #1678 ), #107, .T. ) ;
#1563 = DIRECTION ( 'NONE',  ( 0.0000000000000000000, 0.0000000000000000000, -1.000000000000000000 ) ) ;
#1564 = ORIENTED_EDGE ( 'NONE', *, *, #137, .T. ) ;
#1565 = ORIENTED_EDGE ( 'NONE', *, *, #869, .F. ) ;
#1566 = LINE ( 'NONE', #3908, #3042 ) ;
#1567 = VECTOR ( 'NONE', #4092, 39.37007874015748143 ) ;
#1568 = PLANE ( 'NONE',  #2301 ) ;
#1569 = EDGE_CURVE ( 'NONE', #4124, #763, #409, .T. ) ;
#1570 = VERTEX_POINT ( 'NONE', #3040 ) ;
#1571 = AXIS2_PLACEMENT_3D ( 'NONE', #2350, #3701, #371 ) ;
#1572 = AXIS2_PLACEMENT_3D ( 'NONE', #3355, #2971, #3018 ) ;
#1573 = ORIENTED_EDGE ( 'NONE', *, *, #1892, .T. ) ;
#1574 = CARTESIAN_POINT ( 'NONE',  ( 0.08858267716535432601, 0.1496062992125984370, 0.06496062992125983815 ) ) ;
#1575 = CIRCLE ( 'NONE', #1508, 0.02362204724409448092 ) ;
#1576 = PRESENTATION_LAYER_ASSIGNMENT (  '', '', ( #3828 ) ) ;
#1577 = EDGE_LOOP ( 'NONE', ( #2863, #3360, #2942, #1109 ) ) ;
#1578 = AXIS2_PLACEMENT_3D ( 'NONE', #867, #4202, #1220 ) ;
#1579 = CARTESIAN_POINT ( 'NONE',  ( -0.1122047244094488277, 0.1377952755905511861, 0.1181102362204724532 ) ) ;
#1580 = CARTESIAN_POINT ( 'NONE',  ( 0.0000000000000000000, 0.0000000000000000000, 0.04921259842519685318 ) ) ;
#1581 = LINE ( 'NONE', #1887, #334 ) ;
#1582 = AXIS2_PLACEMENT_3D ( 'NONE', #1513, #433, #1750 ) ;
#1583 = ORIENTED_EDGE ( 'NONE', *, *, #1598, .T. ) ;
#1584 = CARTESIAN_POINT ( 'NONE',  ( 0.1181102362204724532, 0.0000000000000000000, -0.1181102362204724532 ) ) ;
#1585 = CARTESIAN_POINT ( 'NONE',  ( 0.1181102362204724532, 0.03543307086614173179, -0.1023622047244094474 ) ) ;
#1586 = DIRECTION ( 'NONE',  ( 0.0000000000000000000, 0.0000000000000000000, 1.000000000000000000 ) ) ;
#1587 = LINE ( 'NONE', #1844, #3635 ) ;
#1588 = ORIENTED_EDGE ( 'NONE', *, *, #2646, .F. ) ;
#1589 = VERTEX_POINT ( 'NONE', #16 ) ;
#1590 = CARTESIAN_POINT ( 'NONE',  ( 0.1263219938489248129, -0.09021343922194134668, 0.07480314960629921850 ) ) ;
#1591 = EDGE_CURVE ( 'NONE', #3282, #1226, #1347, .T. ) ;
#1592 = DIRECTION ( 'NONE',  ( -0.0000000000000000000, 0.4999999999999995004, 0.8660254037844390407 ) ) ;
#1593 = DIRECTION ( 'NONE',  ( 0.0000000000000000000, 1.000000000000000000, 0.0000000000000000000 ) ) ;
#1594 = FACE_OUTER_BOUND ( 'NONE', #2574, .T. ) ;
#1595 = ORIENTED_EDGE ( 'NONE', *, *, #3155, .F. ) ;
#1596 = ORIENTED_EDGE ( 'NONE', *, *, #588, .F. ) ;
#1597 = EDGE_CURVE ( 'NONE', #3621, #1261, #39, .T. ) ;
#1598 = EDGE_CURVE ( 'NONE', #1188, #2639, #2473, .T. ) ;
#1599 = DIRECTION ( 'NONE',  ( 0.0000000000000000000, 0.0000000000000000000, -1.000000000000000000 ) ) ;
#1600 = AXIS2_PLACEMENT_3D ( 'NONE', #521, #3587, #861 ) ;
#1601 = VERTEX_POINT ( 'NONE', #3441 ) ;
#1602 = DIRECTION ( 'NONE',  ( 0.0000000000000000000, 0.0000000000000000000, 1.000000000000000000 ) ) ;
#1603 = SURFACE_SIDE_STYLE ('',( #277 ) ) ;
#1604 =( GEOMETRIC_REPRESENTATION_CONTEXT ( 3 ) GLOBAL_UNCERTAINTY_ASSIGNED_CONTEXT ( ( #2940 ) ) GLOBAL_UNIT_ASSIGNED_CONTEXT ( ( #1113, #3131, #1456 ) ) REPRESENTATION_CONTEXT ( 'NONE', 'WORKASPACE' ) );
#1605 = ORIENTED_EDGE ( 'NONE', *, *, #589, .F. ) ;
#1606 = PLANE ( 'NONE',  #1786 ) ;
#1607 = DIRECTION ( 'NONE',  ( 0.0000000000000000000, 0.0000000000000000000, -1.000000000000000000 ) ) ;
#1608 =( NAMED_UNIT ( * ) SI_UNIT ( $, .STERADIAN. ) SOLID_ANGLE_UNIT ( ) );
#1609 = DIRECTION ( 'NONE',  ( -0.7071067811865469066, 0.7071067811865479058, 0.0000000000000000000 ) ) ;
#1610 = ORIENTED_EDGE ( 'NONE', *, *, #1618, .F. ) ;
#1611 = CARTESIAN_POINT ( 'NONE',  ( 0.08858267716535432601, 0.1496062992125984370, -0.1122047244094488139 ) ) ;
#1612 = DIRECTION ( 'NONE',  ( 1.000000000000000000, 0.0000000000000000000, 0.0000000000000000000 ) ) ;
#1613 = DIRECTION ( 'NONE',  ( 0.0000000000000000000, -1.000000000000000000, 0.0000000000000000000 ) ) ;
#1614 = ADVANCED_FACE ( 'NONE', ( #353 ), #2396, .T. ) ;
#1615 = EDGE_LOOP ( 'NONE', ( #3853, #184, #1477, #3471 ) ) ;
#1616 = DIRECTION ( 'NONE',  ( 0.0000000000000000000, -1.000000000000000000, 0.0000000000000000000 ) ) ;
#1617 = CARTESIAN_POINT ( 'NONE',  ( 0.1240157480314960647, 0.02755905511811023584, 0.1023622047244094474 ) ) ;
#1618 = EDGE_CURVE ( 'NONE', #4181, #2122, #1395, .T. ) ;
#1619 = ADVANCED_FACE ( 'NONE', ( #3019 ), #2682, .T. ) ;
#1620 = ORIENTED_EDGE ( 'NONE', *, *, #3781, .T. ) ;
#1621 = DIRECTION ( 'NONE',  ( -1.000000000000000000, 0.0000000000000000000, 0.0000000000000000000 ) ) ;
#1622 = LENGTH_MEASURE_WITH_UNIT ( LENGTH_MEASURE( 0.02539999999999999897 ), #3280 );
#1623 = CARTESIAN_POINT ( 'NONE',  ( 0.1476377952755905387, -0.06889763779527559306, -0.07480314960629921850 ) ) ;
#1624 = ADVANCED_FACE ( 'NONE', ( #423 ), #816, .T. ) ;
#1625 = VERTEX_POINT ( 'NONE', #3461 ) ;
#1626 = CARTESIAN_POINT ( 'NONE',  ( 0.1318897637795275746, -0.09578120915254409451, 0.1023622047244094474 ) ) ;
#1627 = CARTESIAN_POINT ( 'NONE',  ( 0.1122047244094488277, 0.1299212598425196763, 0.1181102362204724532 ) ) ;
#1628 = DIRECTION ( 'NONE',  ( 0.0000000000000000000, -1.000000000000000000, 0.0000000000000000000 ) ) ;
#1629 = DIRECTION ( 'NONE',  ( 1.000000000000000000, -4.063888932435259910E-16, 0.0000000000000000000 ) ) ;
#1630 = ORIENTED_EDGE ( 'NONE', *, *, #3529, .F. ) ;
#1631 = CARTESIAN_POINT ( 'NONE',  ( -0.1122047244094488277, 0.1377952755905511861, -0.1181102362204724532 ) ) ;
#1632 = CARTESIAN_POINT ( 'NONE',  ( 0.1181102362204724532, 0.03543307086614173179, -0.07480314960629921850 ) ) ;
#1633 = EDGE_LOOP ( 'NONE', ( #854, #3610, #935, #2896 ) ) ;
#1634 = VECTOR ( 'NONE', #758, 39.37007874015748854 ) ;
#1635 = CARTESIAN_POINT ( 'NONE',  ( -0.1181102362204724532, 0.03543307086614173179, -0.1023622047244094474 ) ) ;
#1636 = LINE ( 'NONE', #3405, #1379 ) ;
#1637 = VECTOR ( 'NONE', #4076, 39.37007874015748143 ) ;
#1638 = AXIS2_PLACEMENT_3D ( 'NONE', #1523, #544, #1867 ) ;
#1639 = ORIENTED_EDGE ( 'NONE', *, *, #2593, .T. ) ;
#1640 = CARTESIAN_POINT ( 'NONE',  ( 0.08858267716535432601, 0.1496062992125984370, -0.08858267716535432601 ) ) ;
#1641 =( GEOMETRIC_REPRESENTATION_CONTEXT ( 3 ) GLOBAL_UNCERTAINTY_ASSIGNED_CONTEXT ( ( #2232 ) ) GLOBAL_UNIT_ASSIGNED_CONTEXT ( ( #2214, #4066, #3409 ) ) REPRESENTATION_CONTEXT ( 'NONE', 'WORKASPACE' ) );
#1642 = EDGE_CURVE ( 'NONE', #577, #1407, #1437, .T. ) ;
#1643 = VECTOR ( 'NONE', #1053, 39.37007874015748143 ) ;
#1644 = CARTESIAN_POINT ( 'NONE',  ( 0.1476377952755905387, -0.06889763779527559306, -0.1023622047244094474 ) ) ;
#1645 = AXIS2_PLACEMENT_3D ( 'NONE', #2986, #718, #1047 ) ;
#1646 = AXIS2_PLACEMENT_3D ( 'NONE', #3941, #250, #2612 ) ;
#1647 = ORIENTED_EDGE ( 'NONE', *, *, #2120, .F. ) ;
#1648 = CARTESIAN_POINT ( 'NONE',  ( -0.1532055652061933004, -0.07446540772587834089, -0.1023622047244094474 ) ) ;
#1649 = DIRECTION ( 'NONE',  ( 0.7071067811865479058, -0.7071067811865469066, 0.0000000000000000000 ) ) ;
#1650 = EDGE_CURVE ( 'NONE', #3037, #1547, #879, .T. ) ;
#1651 = CARTESIAN_POINT ( 'NONE',  ( -0.1263219938489248129, -0.09021343922194134668, 0.07480314960629921850 ) ) ;
#1652 = AXIS2_PLACEMENT_3D ( 'NONE', #2829, #3152, #150 ) ;
#1653 = CARTESIAN_POINT ( 'NONE',  ( 0.1318897637795275746, -0.04201406643800709162, 0.1023622047244094474 ) ) ;
#1654 = ORIENTED_EDGE ( 'NONE', *, *, #555, .T. ) ;
#1655 = AXIS2_PLACEMENT_3D ( 'NONE', #3530, #1599, #4299 ) ;
#1656 = CARTESIAN_POINT ( 'NONE',  ( -0.08858267716535432601, 0.1299212598425196763, -0.06496062992125983815 ) ) ;
#1657 = CARTESIAN_POINT ( 'NONE',  ( 0.1318897637795275746, -0.04201406643800709162, -0.1023622047244094474 ) ) ;
#1658 = DIRECTION ( 'NONE',  ( 0.0000000000000000000, 0.0000000000000000000, -1.000000000000000000 ) ) ;
#1659 = VECTOR ( 'NONE', #429, 39.37007874015748143 ) ;
#1660 = ORIENTED_EDGE ( 'NONE', *, *, #1853, .T. ) ;
#1661 = ORIENTED_EDGE ( 'NONE', *, *, #1301, .F. ) ;
#1662 = FILL_AREA_STYLE_COLOUR ( '', #1797 ) ;
#1663 = EDGE_LOOP ( 'NONE', ( #1677, #25, #3176, #1312 ) ) ;
#1664 = FACE_OUTER_BOUND ( 'NONE', #1663, .T. ) ;
#1665 = CARTESIAN_POINT ( 'NONE',  ( -0.1263219938489248129, -0.04758183636860983945, 0.1023622047244094474 ) ) ;
#1666 = CARTESIAN_POINT ( 'NONE',  ( 0.1181102362204724532, 0.03543307086614173179, 0.07480314960629921850 ) ) ;
#1667 = ORIENTED_EDGE ( 'NONE', *, *, #3774, .T. ) ;
#1668 = ADVANCED_FACE ( 'NONE', ( #502 ), #1479, .T. ) ;
#1669 = VERTEX_POINT ( 'NONE', #2794 ) ;
#1670 = CARTESIAN_POINT ( 'NONE',  ( 7.685699201632880853E-18, 0.1929133858267716439, -0.06275849662926456796 ) ) ;
#1671 = CARTESIAN_POINT ( 'NONE',  ( 0.1318897637795275746, -0.09578120915254409451, -0.07480314960629921850 ) ) ;
#1672 = VECTOR ( 'NONE', #3655, 39.37007874015748143 ) ;
#1673 = FACE_OUTER_BOUND ( 'NONE', #3286, .T. ) ;
#1674 = LINE ( 'NONE', #2680, #1672 ) ;
#1675 = EDGE_CURVE ( 'NONE', #4320, #3346, #2284, .T. ) ;
#1676 = EDGE_CURVE ( 'NONE', #3303, #226, #4097, .T. ) ;
#1677 = ORIENTED_EDGE ( 'NONE', *, *, #727, .F. ) ;
#1678 = FACE_OUTER_BOUND ( 'NONE', #454, .T. ) ;
#1679 = DIRECTION ( 'NONE',  ( -1.000000000000000000, 0.0000000000000000000, 0.0000000000000000000 ) ) ;
#1680 = ORIENTED_EDGE ( 'NONE', *, *, #3574, .F. ) ;
#1681 = ORIENTED_EDGE ( 'NONE', *, *, #98, .F. ) ;
#1682 = EDGE_LOOP ( 'NONE', ( #578, #4106, #2516, #781, #2704, #3572 ) ) ;
#1683 = LINE ( 'NONE', #3027, #2412 ) ;
#1684 = SURFACE_STYLE_FILL_AREA ( #3005 ) ;
#1685 = ORIENTED_EDGE ( 'NONE', *, *, #4281, .T. ) ;
#1686 = DIRECTION ( 'NONE',  ( 0.0000000000000000000, 0.0000000000000000000, 1.000000000000000000 ) ) ;
#1687 = CARTESIAN_POINT ( 'NONE',  ( 0.1122047244094488277, 0.1377952755905511861, 0.1122047244094488277 ) ) ;
#1688 = CARTESIAN_POINT ( 'NONE',  ( -0.1318897637795275746, 0.02755905511811023584, 0.1023622047244094474 ) ) ;
#1689 = ORIENTED_EDGE ( 'NONE', *, *, #1294, .T. ) ;
#1690 = ORIENTED_EDGE ( 'NONE', *, *, #646, .F. ) ;
#1691 = DIRECTION ( 'NONE',  ( 0.0000000000000000000, -1.000000000000000000, 0.0000000000000000000 ) ) ;
#1692 = CARTESIAN_POINT ( 'NONE',  ( 0.1318897637795275746, -0.04201406643800709162, -0.1023622047244094474 ) ) ;
#1693 = EDGE_LOOP ( 'NONE', ( #863, #1510, #3728, #337 ) ) ;
#1694 = CARTESIAN_POINT ( 'NONE',  ( -0.08858267716535432601, 0.1496062992125984370, 0.08858267716535432601 ) ) ;
#1695 = EDGE_CURVE ( 'NONE', #4083, #4080, #2483, .T. ) ;
#1696 = EDGE_LOOP ( 'NONE', ( #2598, #4205, #4113, #557 ) ) ;
#1697 = DIRECTION ( 'NONE',  ( 0.0000000000000000000, 0.0000000000000000000, -1.000000000000000000 ) ) ;
#1698 = EDGE_CURVE ( 'NONE', #3224, #4282, #4177, .T. ) ;
#1699 = CARTESIAN_POINT ( 'NONE',  ( -0.1181102362204724532, 0.1299212598425196763, -0.1181102362204724532 ) ) ;
#1700 = EDGE_CURVE ( 'NONE', #2965, #3875, #1706, .T. ) ;
#1701 = LINE ( 'NONE', #2735, #2354 ) ;
#1702 = ORIENTED_EDGE ( 'NONE', *, *, #204, .T. ) ;
#1703 = DIRECTION ( 'NONE',  ( 0.0000000000000000000, 0.0000000000000000000, -1.000000000000000000 ) ) ;
#1704 = LINE ( 'NONE', #3693, #1224 ) ;
#1705 = DIRECTION ( 'NONE',  ( 4.063888932435259910E-16, -1.000000000000000000, 0.0000000000000000000 ) ) ;
#1706 = CIRCLE ( 'NONE', #3046, 0.007874015748031499423 ) ;
#1707 = CIRCLE ( 'NONE', #2272, 0.007874015748031499423 ) ;
#1708 = EDGE_LOOP ( 'NONE', ( #2723, #2602, #2530, #1726 ) ) ;
#1709 = VERTEX_POINT ( 'NONE', #1785 ) ;
#1710 = VECTOR ( 'NONE', #228, 39.37007874015748143 ) ;
#1711 = VECTOR ( 'NONE', #3034, 39.37007874015748143 ) ;
#1712 = LINE ( 'NONE', #3324, #3261 ) ;
#1713 = CARTESIAN_POINT ( 'NONE',  ( -0.1181102362204724532, 0.1299212598425196763, -0.1122047244094488277 ) ) ;
#1714 = VECTOR ( 'NONE', #1621, 39.37007874015748143 ) ;
#1715 = EDGE_LOOP ( 'NONE', ( #3448, #3032, #3544, #3684 ) ) ;
#1716 = LINE ( 'NONE', #1739, #1360 ) ;
#1717 = AXIS2_PLACEMENT_3D ( 'NONE', #999, #267, #1981 ) ;
#1718 = CARTESIAN_POINT ( 'NONE',  ( 0.1240157480314960647, -0.09578120915254409451, 0.1023622047244094474 ) ) ;
#1719 = VECTOR ( 'NONE', #1423, 39.37007874015748143 ) ;
#1720 = ORIENTED_EDGE ( 'NONE', *, *, #3133, .F. ) ;
#1721 = EDGE_CURVE ( 'NONE', #2033, #3880, #134, .T. ) ;
#1722 = LINE ( 'NONE', #3074, #1634 ) ;
#1723 = AXIS2_PLACEMENT_3D ( 'NONE', #1315, #2381, #1968 ) ;
#1724 = CARTESIAN_POINT ( 'NONE',  ( -0.1181102362204724532, 0.1377952755905511861, -0.1181102362204724532 ) ) ;
#1725 = DIRECTION ( 'NONE',  ( 0.0000000000000000000, -1.000000000000000000, 0.0000000000000000000 ) ) ;
#1726 = ORIENTED_EDGE ( 'NONE', *, *, #2419, .F. ) ;
#1727 = ADVANCED_FACE ( 'NONE', ( #3815 ), #3860, .T. ) ;
#1728 = EDGE_CURVE ( 'NONE', #3480, #389, #1842, .T. ) ;
#1729 = CARTESIAN_POINT ( 'NONE',  ( 0.1476377952755905387, -0.06889763779527559306, -0.07480314960629921850 ) ) ;
#1730 = DIRECTION ( 'NONE',  ( 0.0000000000000000000, 1.000000000000000000, 0.0000000000000000000 ) ) ;
#1731 = CARTESIAN_POINT ( 'NONE',  ( 0.1181102362204724532, 0.003937007874015747977, -0.04921259842519685318 ) ) ;
#1732 = ORIENTED_EDGE ( 'NONE', *, *, #3234, .F. ) ;
#1733 = ORIENTED_EDGE ( 'NONE', *, *, #2850, .F. ) ;
#1734 = LINE ( 'NONE', #993, #399 ) ;
#1735 = CARTESIAN_POINT ( 'NONE',  ( 0.1240157480314960647, 0.02755905511811023584, -0.1023622047244094474 ) ) ;
#1736 = AXIS2_PLACEMENT_3D ( 'NONE', #1764, #462, #3816 ) ;
#1737 = FACE_OUTER_BOUND ( 'NONE', #4014, .T. ) ;
#1738 = ORIENTED_EDGE ( 'NONE', *, *, #3721, .T. ) ;
#1739 = CARTESIAN_POINT ( 'NONE',  ( -0.1240157480314960647, 0.02755905511811023584, 0.1023622047244094474 ) ) ;
#1740 = DIRECTION ( 'NONE',  ( 3.519431053647356462E-16, 0.8660254037844389297, 0.4999999999999994449 ) ) ;
#1741 = CARTESIAN_POINT ( 'NONE',  ( 0.1122047244094488277, 0.1377952755905511861, -0.1122047244094488277 ) ) ;
#1742 = VERTEX_POINT ( 'NONE', #1524 ) ;
#1743 = ORIENTED_EDGE ( 'NONE', *, *, #2998, .T. ) ;
#1744 = ORIENTED_EDGE ( 'NONE', *, *, #1811, .T. ) ;
#1745 = FACE_OUTER_BOUND ( 'NONE', #1435, .T. ) ;
#1746 = DIRECTION ( 'NONE',  ( 0.7071067811865469066, -0.7071067811865479058, 0.0000000000000000000 ) ) ;
#1747 = ADVANCED_FACE ( 'NONE', ( #4197 ), #1303, .T. ) ;
#1748 = ORIENTED_EDGE ( 'NONE', *, *, #4071, .F. ) ;
#1749 = DIRECTION ( 'NONE',  ( 0.0000000000000000000, -1.000000000000000000, 0.0000000000000000000 ) ) ;
#1750 = DIRECTION ( 'NONE',  ( 0.0000000000000000000, 0.0000000000000000000, 1.000000000000000000 ) ) ;
#1751 = ADVANCED_FACE ( 'NONE', ( #301 ), #3565, .F. ) ;
#1752 = EDGE_CURVE ( 'NONE', #2067, #1370, #3969, .T. ) ;
#1753 = ORIENTED_EDGE ( 'NONE', *, *, #3321, .T. ) ;
#1754 = EDGE_LOOP ( 'NONE', ( #3124, #2325, #2106, #1870 ) ) ;
#1755 = CARTESIAN_POINT ( 'NONE',  ( 0.0000000000000000000, 0.1929133858267716439, 0.0000000000000000000 ) ) ;
#1756 = CARTESIAN_POINT ( 'NONE',  ( -0.1318897637795275746, -0.09578120915254409451, 0.07480314960629921850 ) ) ;
#1757 = CARTESIAN_POINT ( 'NONE',  ( 0.1318897637795275746, -0.1024489833240242176, 0.1139111283628084642 ) ) ;
#1758 = EDGE_CURVE ( 'NONE', #3993, #1056, #995, .T. ) ;
#1759 = LINE ( 'NONE', #3770, #1259 ) ;
#1760 = EDGE_LOOP ( 'NONE', ( #1565, #84, #1802, #2701 ) ) ;
#1761 = CARTESIAN_POINT ( 'NONE',  ( 0.1318897637795275746, 0.02755905511811023584, 0.07480314960629921850 ) ) ;
#1762 = DIRECTION ( 'NONE',  ( 0.0000000000000000000, 1.000000000000000000, 0.0000000000000000000 ) ) ;
#1763 = CARTESIAN_POINT ( 'NONE',  ( 0.1555118110236220763, -0.1377952755905511861, -0.08366141732283464971 ) ) ;
#1764 = CARTESIAN_POINT ( 'NONE',  ( -0.08858267716535432601, 0.1377952755905511861, -0.08858267716535432601 ) ) ;
#1765 = ORIENTED_EDGE ( 'NONE', *, *, #583, .T. ) ;
#1766 = DIRECTION ( 'NONE',  ( 0.0000000000000000000, 1.000000000000000000, 0.0000000000000000000 ) ) ;
#1767 = LINE ( 'NONE', #114, #3130 ) ;
#1768 = LINE ( 'NONE', #761, #1659 ) ;
#1769 = ORIENTED_EDGE ( 'NONE', *, *, #343, .T. ) ;
#1770 = FACE_OUTER_BOUND ( 'NONE', #60, .T. ) ;
#1771 = CARTESIAN_POINT ( 'NONE',  ( -0.1476377952755905387, -0.06889763779527559306, 0.1023622047244094474 ) ) ;
#1772 = PLANE ( 'NONE',  #1307 ) ;
#1773 = ORIENTED_EDGE ( 'NONE', *, *, #2721, .T. ) ;
#1774 = ORIENTED_EDGE ( 'NONE', *, *, #2172, .F. ) ;
#1775 = EDGE_CURVE ( 'NONE', #3443, #3743, #1214, .T. ) ;
#1776 = DIRECTION ( 'NONE',  ( -0.0000000000000000000, 1.000000000000000000, 0.0000000000000000000 ) ) ;
#1777 = VECTOR ( 'NONE', #1766, 39.37007874015748143 ) ;
#1778 = CYLINDRICAL_SURFACE ( 'NONE', #473, 0.007874015748031466463 ) ;
#1779 = AXIS2_PLACEMENT_3D ( 'NONE', #497, #188, #479 ) ;
#1780 = VECTOR ( 'NONE', #4115, 39.37007874015748143 ) ;
#1781 = ORIENTED_EDGE ( 'NONE', *, *, #3212, .F. ) ;
#1782 = EDGE_CURVE ( 'NONE', #2443, #573, #971, .T. ) ;
#1783 = ADVANCED_FACE ( 'NONE', ( #2220 ), #3237, .T. ) ;
#1784 = CARTESIAN_POINT ( 'NONE',  ( -0.1240157480314960647, -0.09578120915254409451, -0.1023622047244094474 ) ) ;
#1785 = CARTESIAN_POINT ( 'NONE',  ( 0.1532055652061933004, -0.06332986786467284523, 0.1023622047244094474 ) ) ;
#1786 = AXIS2_PLACEMENT_3D ( 'NONE', #2599, #320, #2992 ) ;
#1787 = CARTESIAN_POINT ( 'NONE',  ( 0.1240157480314960647, -0.1224523058384645591, 0.07480314960629921850 ) ) ;
#1788 = ORIENTED_EDGE ( 'NONE', *, *, #130, .T. ) ;
#1789 = EDGE_LOOP ( 'NONE', ( #1377, #3588, #79, #1939 ) ) ;
#1790 = CIRCLE ( 'NONE', #613, 0.005905511811023620231 ) ;
#1791 = VECTOR ( 'NONE', #3386, 39.37007874015748143 ) ;
#1792 = DIRECTION ( 'NONE',  ( 0.0000000000000000000, 0.0000000000000000000, 1.000000000000000000 ) ) ;
#1793 = DIRECTION ( 'NONE',  ( 0.0000000000000000000, 0.0000000000000000000, -1.000000000000000000 ) ) ;
#1794 = LENGTH_MEASURE_WITH_UNIT ( LENGTH_MEASURE( 0.02539999999999999897 ), #802 );
#1795 = AXIS2_PLACEMENT_3D ( 'NONE', #452, #2755, #3185 ) ;
#1796 = ORIENTED_EDGE ( 'NONE', *, *, #2592, .F. ) ;
#1797 = COLOUR_RGB ( '',0.8313725490196077761, 0.8392156862745098200, 0.8313725490196077761 ) ;
#1798 = DIRECTION ( 'NONE',  ( -2.168404344971010347E-16, 0.0000000000000000000, -1.000000000000000000 ) ) ;
#1799 = CYLINDRICAL_SURFACE ( 'NONE', #3973, 0.007874015748031466463 ) ;
#1800 = CARTESIAN_POINT ( 'NONE',  ( -0.1240157480314960647, 0.02755905511811023584, 0.1023622047244094474 ) ) ;
#1801 = VERTEX_POINT ( 'NONE', #571 ) ;
#1802 = ORIENTED_EDGE ( 'NONE', *, *, #3457, .T. ) ;
#1803 = LINE ( 'NONE', #3833, #2335 ) ;
#1804 = DIRECTION ( 'NONE',  ( 0.0000000000000000000, -1.000000000000000000, 0.0000000000000000000 ) ) ;
#1805 = EDGE_CURVE ( 'NONE', #1005, #3612, #259, .T. ) ;
#1806 = ORIENTED_EDGE ( 'NONE', *, *, #3288, .T. ) ;
#1807 = DIRECTION ( 'NONE',  ( -0.7071067811865479058, -0.7071067811865469066, 0.0000000000000000000 ) ) ;
#1808 = CARTESIAN_POINT ( 'NONE',  ( 0.1318897637795275746, -0.09578120915254409451, 0.1023622047244094474 ) ) ;
#1809 = EDGE_CURVE ( 'NONE', #1570, #3102, #4311, .T. ) ;
#1810 = DIRECTION ( 'NONE',  ( -1.000000000000000000, 0.0000000000000000000, 0.0000000000000000000 ) ) ;
#1811 = EDGE_CURVE ( 'NONE', #592, #3252, #2405, .T. ) ;
#1812 = ORIENTED_EDGE ( 'NONE', *, *, #4121, .F. ) ;
#1813 = ORIENTED_EDGE ( 'NONE', *, *, #583, .F. ) ;
#1814 = PLANE ( 'NONE',  #4026 ) ;
#1815 = VECTOR ( 'NONE', #2129, 39.37007874015748143 ) ;
#1816 = CARTESIAN_POINT ( 'NONE',  ( -0.08858267716535432601, 0.1496062992125984370, -0.06496062992125983815 ) ) ;
#1817 = DIRECTION ( 'NONE',  ( 1.000000000000000000, 1.478036555683235174E-47, 6.022684552957449548E-32 ) ) ;
#1818 = ORIENTED_EDGE ( 'NONE', *, *, #588, .T. ) ;
#1819 = DIRECTION ( 'NONE',  ( 0.0000000000000000000, -1.000000000000000000, 0.0000000000000000000 ) ) ;
#1820 = DIRECTION ( 'NONE',  ( 0.0000000000000000000, 0.0000000000000000000, 1.000000000000000000 ) ) ;
#1821 = VERTEX_POINT ( 'NONE', #4240 ) ;
#1822 = DIRECTION ( 'NONE',  ( -1.000000000000000000, 0.0000000000000000000, 0.0000000000000000000 ) ) ;
#1823 = DIRECTION ( 'NONE',  ( -1.000000000000000000, 0.0000000000000000000, 0.0000000000000000000 ) ) ;
#1824 = ORIENTED_EDGE ( 'NONE', *, *, #2387, .T. ) ;
#1825 = CARTESIAN_POINT ( 'NONE',  ( 0.1532055652061933004, -0.06332986786467284523, 0.1023622047244094474 ) ) ;
#1826 = DIRECTION ( 'NONE',  ( 0.0000000000000000000, -1.000000000000000000, 0.0000000000000000000 ) ) ;
#1827 = LINE ( 'NONE', #86, #779 ) ;
#1828 = VERTEX_POINT ( 'NONE', #2899 ) ;
#1829 = EDGE_LOOP ( 'NONE', ( #325, #3198 ) ) ;
#1830 = DIRECTION ( 'NONE',  ( -0.0000000000000000000, 0.4999999999999995004, 0.8660254037844390407 ) ) ;
#1831 = ADVANCED_FACE ( 'NONE', ( #1238 ), #2968, .F. ) ;
#1832 = CARTESIAN_POINT ( 'NONE',  ( 0.1555118110236220208, -0.06889763779527559306, 0.07480314960629921850 ) ) ;
#1833 = EDGE_LOOP ( 'NONE', ( #1453, #1234, #4, #1846, #1018, #713, #1065, #1171, #1136, #617, #913, #1902, #1350, #3263, #2434, #3890, #172 ) ) ;
#1834 = ADVANCED_FACE ( 'NONE', ( #81 ), #4333, .F. ) ;
#1835 = DIRECTION ( 'NONE',  ( 0.0000000000000000000, 1.000000000000000000, 0.0000000000000000000 ) ) ;
#1836 = ORIENTED_EDGE ( 'NONE', *, *, #3609, .F. ) ;
#1837 = CARTESIAN_POINT ( 'NONE',  ( 0.1122047244094488277, 0.0000000000000000000, -0.1181102362204724532 ) ) ;
#1838 = CARTESIAN_POINT ( 'NONE',  ( -0.1532055652061933004, -0.06332986786467284523, -0.1023622047244094474 ) ) ;
#1839 = CARTESIAN_POINT ( 'NONE',  ( 0.1181102362204724532, 0.1299212598425196763, 0.1122047244094488277 ) ) ;
#1840 = ORIENTED_EDGE ( 'NONE', *, *, #3774, .F. ) ;
#1841 = PLANE ( 'NONE',  #1638 ) ;
#1842 = LINE ( 'NONE', #3194, #1927 ) ;
#1843 = AXIS2_PLACEMENT_3D ( 'NONE', #2928, #906, #2577 ) ;
#1844 = CARTESIAN_POINT ( 'NONE',  ( -0.1240157480314960647, 0.03543307086614173179, 0.1023622047244094474 ) ) ;
#1845 = VECTOR ( 'NONE', #1394, 39.37007874015748143 ) ;
#1846 = ORIENTED_EDGE ( 'NONE', *, *, #3632, .F. ) ;
#1847 = VERTEX_POINT ( 'NONE', #1651 ) ;
#1848 = CARTESIAN_POINT ( 'NONE',  ( 0.0000000000000000000, 0.1968503937007874127, 0.0000000000000000000 ) ) ;
#1849 = VECTOR ( 'NONE', #3497, 39.37007874015748143 ) ;
#1850 = AXIS2_PLACEMENT_3D ( 'NONE', #980, #3041, #1287 ) ;
#1851 = DIRECTION ( 'NONE',  ( 4.063888932435259910E-16, -1.000000000000000000, 0.0000000000000000000 ) ) ;
#1852 = CIRCLE ( 'NONE', #469, 0.02362204724409448092 ) ;
#1853 = EDGE_CURVE ( 'NONE', #2016, #1015, #11, .T. ) ;
#1854 = CIRCLE ( 'NONE', #2913, 0.005905511811023620231 ) ;
#1855 = VERTEX_POINT ( 'NONE', #1713 ) ;
#1856 = CIRCLE ( 'NONE', #2912, 0.02362204724409448092 ) ;
#1857 = CARTESIAN_POINT ( 'NONE',  ( -0.08858267716535432601, 0.1496062992125984370, 0.1122047244094488139 ) ) ;
#1858 = AXIS2_PLACEMENT_3D ( 'NONE', #1808, #2859, #4153 ) ;
#1859 = LINE ( 'NONE', #3957, #3697 ) ;
#1860 = ADVANCED_FACE ( 'NONE', ( #1410 ), #2742, .F. ) ;
#1861 = EDGE_CURVE ( 'NONE', #143, #977, #1014, .T. ) ;
#1862 = ORIENTED_EDGE ( 'NONE', *, *, #1175, .F. ) ;
#1863 = VECTOR ( 'NONE', #965, 39.37007874015748854 ) ;
#1864 = LINE ( 'NONE', #4210, #4164 ) ;
#1865 = DIRECTION ( 'NONE',  ( 0.0000000000000000000, 0.0000000000000000000, 1.000000000000000000 ) ) ;
#1866 = ORIENTED_EDGE ( 'NONE', *, *, #2127, .F. ) ;
#1867 = DIRECTION ( 'NONE',  ( 0.0000000000000000000, -1.000000000000000000, 0.0000000000000000000 ) ) ;
#1868 = DIRECTION ( 'NONE',  ( -1.000000000000000000, 0.0000000000000000000, 0.0000000000000000000 ) ) ;
#1869 = DIRECTION ( 'NONE',  ( 0.0000000000000000000, -1.000000000000000000, 0.0000000000000000000 ) ) ;
#1870 = ORIENTED_EDGE ( 'NONE', *, *, #1695, .F. ) ;
#1871 = EDGE_LOOP ( 'NONE', ( #2217, #2729, #4193, #155 ) ) ;
#1872 = CARTESIAN_POINT ( 'NONE',  ( -0.1532055652061933004, -0.07446540772587834089, 0.1023622047244094474 ) ) ;
#1873 = CARTESIAN_POINT ( 'NONE',  ( -0.1318897637795275746, -0.04201406643800709162, -0.07480314960629921850 ) ) ;
#1874 = CIRCLE ( 'NONE', #3362, 0.007874015748031499423 ) ;
#1875 = CARTESIAN_POINT ( 'NONE',  ( 0.1240157480314960647, -0.04201406643800709162, 0.1023622047244094474 ) ) ;
#1876 = DIMENSIONAL_EXPONENTS ( 1.000000000000000000, 0.0000000000000000000, 0.0000000000000000000, 0.0000000000000000000, 0.0000000000000000000, 0.0000000000000000000, 0.0000000000000000000 ) ;
#1877 = ORIENTED_EDGE ( 'NONE', *, *, #1775, .T. ) ;
#1878 = ORIENTED_EDGE ( 'NONE', *, *, #1521, .T. ) ;
#1879 = UNCERTAINTY_MEASURE_WITH_UNIT (LENGTH_MEASURE( 1.000000000000000082E-05 ), #3586, 'distance_accuracy_value', 'NONE');
#1880 = PLANE ( 'NONE',  #827 ) ;
#1881 = DIRECTION ( 'NONE',  ( -2.454115839351809943E-16, -1.000000000000000000, 0.0000000000000000000 ) ) ;
#1882 = EDGE_LOOP ( 'NONE', ( #2195, #2915, #3940, #2759 ) ) ;
#1883 = LINE ( 'NONE', #2945, #757 ) ;
#1884 = EDGE_CURVE ( 'NONE', #2607, #2251, #2411, .T. ) ;
#1885 = FILL_AREA_STYLE_COLOUR ( '', #3970 ) ;
#1886 = EDGE_CURVE ( 'NONE', #2400, #2567, #180, .T. ) ;
#1887 = CARTESIAN_POINT ( 'NONE',  ( 0.1555118110236219930, -0.06889763779527559306, 0.1023622047244094474 ) ) ;
#1888 =( LENGTH_UNIT ( ) NAMED_UNIT ( * ) SI_UNIT ( $, .METRE. ) );
#1889 = ORIENTED_EDGE ( 'NONE', *, *, #760, .T. ) ;
#1890 = DIRECTION ( 'NONE',  ( 0.7071067811865469066, -0.7071067811865479058, 0.0000000000000000000 ) ) ;
#1891 = CARTESIAN_POINT ( 'NONE',  ( 0.1181102362204724532, 0.1377952755905511861, 0.1122047244094488277 ) ) ;
#1892 = EDGE_CURVE ( 'NONE', #627, #1821, #3325, .T. ) ;
#1893 = DIRECTION ( 'NONE',  ( 0.0000000000000000000, 0.0000000000000000000, -1.000000000000000000 ) ) ;
#1894 = DIRECTION ( 'NONE',  ( 0.0000000000000000000, 0.0000000000000000000, 1.000000000000000000 ) ) ;
#1895 = ORIENTED_EDGE ( 'NONE', *, *, #1219, .T. ) ;
#1896 = DIRECTION ( 'NONE',  ( 3.519431053647356462E-16, 0.8660254037844389297, 0.4999999999999994449 ) ) ;
#1897 = FACE_OUTER_BOUND ( 'NONE', #2157, .T. ) ;
#1898 = CARTESIAN_POINT ( 'NONE',  ( -0.08858267716535432601, 0.1496062992125984370, -0.1122047244094488139 ) ) ;
#1899 = ORIENTED_EDGE ( 'NONE', *, *, #1721, .T. ) ;
#1900 = ORIENTED_EDGE ( 'NONE', *, *, #294, .F. ) ;
#1901 = DIRECTION ( 'NONE',  ( 0.0000000000000000000, 0.0000000000000000000, -1.000000000000000000 ) ) ;
#1902 = ORIENTED_EDGE ( 'NONE', *, *, #4195, .T. ) ;
#1903 = DIMENSIONAL_EXPONENTS ( 1.000000000000000000, 0.0000000000000000000, 0.0000000000000000000, 0.0000000000000000000, 0.0000000000000000000, 0.0000000000000000000, 0.0000000000000000000 ) ;
#1904 = LINE ( 'NONE', #631, #1101 ) ;
#1905 = PRESENTATION_STYLE_ASSIGNMENT (( #2946 ) ) ;
#1906 = EDGE_CURVE ( 'NONE', #4208, #2224, #4008, .T. ) ;
#1907 = EDGE_LOOP ( 'NONE', ( #945, #463, #61, #929 ) ) ;
#1908 = DIRECTION ( 'NONE',  ( 0.0000000000000000000, 0.0000000000000000000, 1.000000000000000000 ) ) ;
#1909 = CARTESIAN_POINT ( 'NONE',  ( 0.08858267716535432601, 0.1496062992125984370, -0.06496062992125983815 ) ) ;
#1910 = ADVANCED_FACE ( 'NONE', ( #724 ), #2324, .T. ) ;
#1911 = VERTEX_POINT ( 'NONE', #2679 ) ;
#1912 = ADVANCED_FACE ( 'NONE', ( #1673 ), #419, .F. ) ;
#1913 = ORIENTED_EDGE ( 'NONE', *, *, #4165, .F. ) ;
#1914 = CYLINDRICAL_SURFACE ( 'NONE', #887, 0.02362204724409448092 ) ;
#1915 = FACE_OUTER_BOUND ( 'NONE', #4118, .T. ) ;
#1916 = VECTOR ( 'NONE', #2189, 39.37007874015748854 ) ;
#1917 = DIRECTION ( 'NONE',  ( 1.000000000000000000, 0.0000000000000000000, 0.0000000000000000000 ) ) ;
#1918 = ORIENTED_EDGE ( 'NONE', *, *, #1970, .T. ) ;
#1919 = VECTOR ( 'NONE', #4025, 39.37007874015748143 ) ;
#1920 = VECTOR ( 'NONE', #2950, 39.37007874015748143 ) ;
#1921 = EDGE_LOOP ( 'NONE', ( #2331, #3300 ) ) ;
#1922 = DIRECTION ( 'NONE',  ( 0.0000000000000000000, 0.0000000000000000000, 1.000000000000000000 ) ) ;
#1923 = AXIS2_PLACEMENT_3D ( 'NONE', #1385, #1009, #3030 ) ;
#1924 = AXIS2_PLACEMENT_3D ( 'NONE', #385, #3301, #1951 ) ;
#1925 = ORIENTED_EDGE ( 'NONE', *, *, #503, .T. ) ;
#1926 = VECTOR ( 'NONE', #189, 39.37007874015748143 ) ;
#1927 = VECTOR ( 'NONE', #195, 39.37007874015748143 ) ;
#1928 = CARTESIAN_POINT ( 'NONE',  ( -0.1318897637795275746, -0.04201406643800709162, 0.1023622047244094474 ) ) ;
#1929 = FILL_AREA_STYLE ('',( #1885 ) ) ;
#1930 = CARTESIAN_POINT ( 'NONE',  ( -0.1318897637795275746, -0.09578120915254409451, 0.1023622047244094474 ) ) ;
#1931 = CIRCLE ( 'NONE', #4176, 0.06669310618445786765 ) ;
#1932 = EDGE_LOOP ( 'NONE', ( #2050, #257, #3958, #1158, #1242, #437 ) ) ;
#1933 = CARTESIAN_POINT ( 'NONE',  ( 0.1181102362204724532, 0.03543307086614173179, 0.07480314960629921850 ) ) ;
#1934 = CARTESIAN_POINT ( 'NONE',  ( -0.08858267716535432601, 0.1377952755905511861, 0.08858267716535432601 ) ) ;
#1935 = MECHANICAL_DESIGN_GEOMETRIC_PRESENTATION_REPRESENTATION (  '', ( #549 ), #624 ) ;
#1936 = DIRECTION ( 'NONE',  ( 1.445602896647339903E-16, 0.0000000000000000000, 1.000000000000000000 ) ) ;
#1937 = EDGE_CURVE ( 'NONE', #597, #3937, #703, .T. ) ;
#1938 = DIRECTION ( 'NONE',  ( 0.0000000000000000000, -1.000000000000000000, 0.0000000000000000000 ) ) ;
#1939 = ORIENTED_EDGE ( 'NONE', *, *, #2316, .T. ) ;
#1940 = ORIENTED_EDGE ( 'NONE', *, *, #430, .F. ) ;
#1941 = LINE ( 'NONE', #2622, #3604 ) ;
#1942 = DIRECTION ( 'NONE',  ( 0.0000000000000000000, 0.0000000000000000000, -1.000000000000000000 ) ) ;
#1943 = EDGE_CURVE ( 'NONE', #203, #998, #4031, .T. ) ;
#1944 = DIRECTION ( 'NONE',  ( 0.0000000000000000000, 0.0000000000000000000, -1.000000000000000000 ) ) ;
#1945 = EDGE_CURVE ( 'NONE', #3224, #2183, #2691, .T. ) ;
#1946 = DIRECTION ( 'NONE',  ( 0.0000000000000000000, 1.000000000000000000, 0.0000000000000000000 ) ) ;
#1947 = VERTEX_POINT ( 'NONE', #3035 ) ;
#1948 = CARTESIAN_POINT ( 'NONE',  ( -0.1181102362204724532, 0.0000000000000000000, -0.1122047244094488277 ) ) ;
#1949 = VECTOR ( 'NONE', #2072, 39.37007874015748143 ) ;
#1950 = EDGE_LOOP ( 'NONE', ( #3044, #1144, #2289, #2997 ) ) ;
#1951 = DIRECTION ( 'NONE',  ( -1.000000000000000000, 0.0000000000000000000, 0.0000000000000000000 ) ) ;
#1952 =( NAMED_UNIT ( * ) SI_UNIT ( $, .STERADIAN. ) SOLID_ANGLE_UNIT ( ) );
#1953 = VECTOR ( 'NONE', #4150, 39.37007874015748143 ) ;
#1954 = ORIENTED_EDGE ( 'NONE', *, *, #1278, .F. ) ;
#1955 = CARTESIAN_POINT ( 'NONE',  ( -0.1476377952755905387, -0.06889763779527559306, -0.1023622047244094474 ) ) ;
#1956 = LINE ( 'NONE', #1627, #1297 ) ;
#1957 = CARTESIAN_POINT ( 'NONE',  ( -0.08858267716535432601, 0.1181102362204724532, 0.08858267716535432601 ) ) ;
#1958 = CARTESIAN_POINT ( 'NONE',  ( -0.08858267716535432601, 0.1377952755905511861, 0.1122047244094488139 ) ) ;
#1959 = ORIENTED_EDGE ( 'NONE', *, *, #1811, .F. ) ;
#1960 = CARTESIAN_POINT ( 'NONE',  ( -0.1181102362204724532, 0.03543307086614173179, -0.1023622047244094474 ) ) ;
#1961 = FACE_OUTER_BOUND ( 'NONE', #264, .T. ) ;
#1962 = DIRECTION ( 'NONE',  ( -3.519431053647356462E-16, 0.8660254037844389297, 0.4999999999999994449 ) ) ;
#1963 = DIRECTION ( 'NONE',  ( 0.0000000000000000000, 0.0000000000000000000, 1.000000000000000000 ) ) ;
#1964 = ORIENTED_EDGE ( 'NONE', *, *, #3939, .F. ) ;
#1965 = EDGE_CURVE ( 'NONE', #1362, #923, #2706, .T. ) ;
#1966 = ORIENTED_EDGE ( 'NONE', *, *, #1805, .T. ) ;
#1967 = DIRECTION ( 'NONE',  ( 0.7071067811865479058, -0.7071067811865469066, 0.0000000000000000000 ) ) ;
#1968 = DIRECTION ( 'NONE',  ( 1.000000000000000000, 0.0000000000000000000, 0.0000000000000000000 ) ) ;
#1969 = ORIENTED_EDGE ( 'NONE', *, *, #1541, .T. ) ;
#1970 = EDGE_CURVE ( 'NONE', #2740, #4270, #1363, .T. ) ;
#1971 = EDGE_CURVE ( 'NONE', #957, #1362, #391, .T. ) ;
#1972 = DIRECTION ( 'NONE',  ( 0.0000000000000000000, -1.000000000000000000, 0.0000000000000000000 ) ) ;
#1973 = CARTESIAN_POINT ( 'NONE',  ( 0.1476377952755905387, -0.06889763779527559306, 0.1023622047244094474 ) ) ;
#1974 = VERTEX_POINT ( 'NONE', #1390 ) ;
#1975 = DIRECTION ( 'NONE',  ( 0.0000000000000000000, 1.000000000000000000, 0.0000000000000000000 ) ) ;
#1976 = CARTESIAN_POINT ( 'NONE',  ( -0.1181102362204724532, 0.003937007874015747977, -0.1181102362204724532 ) ) ;
#1977 = SURFACE_STYLE_USAGE ( .BOTH. , #3989 ) ;
#1978 = FILL_AREA_STYLE_COLOUR ( '', #921 ) ;
#1979 = VERTEX_POINT ( 'NONE', #149 ) ;
#1980 = DIRECTION ( 'NONE',  ( 0.0000000000000000000, -1.000000000000000000, 0.0000000000000000000 ) ) ;
#1981 = DIRECTION ( 'NONE',  ( 1.000000000000000000, 0.0000000000000000000, 0.0000000000000000000 ) ) ;
#1982 = CARTESIAN_POINT ( 'NONE',  ( 0.1318897637795275746, 0.02755905511811023584, 0.1023622047244094474 ) ) ;
#1983 = ORIENTED_EDGE ( 'NONE', *, *, #3507, .T. ) ;
#1984 = DIRECTION ( 'NONE',  ( 0.0000000000000000000, 0.0000000000000000000, -1.000000000000000000 ) ) ;
#1985 = CARTESIAN_POINT ( 'NONE',  ( -0.1122047244094488277, 0.1377952755905511861, 0.1122047244094488277 ) ) ;
#1986 = ADVANCED_FACE ( 'NONE', ( #3169 ), #2165, .F. ) ;
#1987 = AXIS2_PLACEMENT_3D ( 'NONE', #1073, #2001, #4072 ) ;
#1988 = CIRCLE ( 'NONE', #3122, 0.02362204724409448092 ) ;
#1989 = ORIENTED_EDGE ( 'NONE', *, *, #3183, .T. ) ;
#1990 = DIRECTION ( 'NONE',  ( 0.0000000000000000000, 0.0000000000000000000, 1.000000000000000000 ) ) ;
#1991 = AXIS2_PLACEMENT_3D ( 'NONE', #3712, #1616, #4298 ) ;
#1992 = AXIS2_PLACEMENT_3D ( 'NONE', #1626, #2949, #1280 ) ;
#1993 = CARTESIAN_POINT ( 'NONE',  ( 0.1263219938489248129, -0.04758183636860983945, -0.1023622047244094474 ) ) ;
#1994 = EDGE_CURVE ( 'NONE', #2042, #3135, #2627, .T. ) ;
#1995 = EDGE_CURVE ( 'NONE', #2952, #716, #1455, .T. ) ;
#1996 = VECTOR ( 'NONE', #2719, 39.37007874015748854 ) ;
#1997 = VECTOR ( 'NONE', #3960, 39.37007874015748854 ) ;
#1998 = ORIENTED_EDGE ( 'NONE', *, *, #1382, .T. ) ;
#1999 = LINE ( 'NONE', #3671, #2193 ) ;
#2000 = CYLINDRICAL_SURFACE ( 'NONE', #3756, 0.007874015748031466463 ) ;
#2001 = DIRECTION ( 'NONE',  ( 1.000000000000000000, -4.063888932435259910E-16, 0.0000000000000000000 ) ) ;
#2002 = CIRCLE ( 'NONE', #1578, 0.007874015748031499423 ) ;
#2003 = DIRECTION ( 'NONE',  ( 0.0000000000000000000, 1.000000000000000000, 0.0000000000000000000 ) ) ;
#2004 = VERTEX_POINT ( 'NONE', #1150 ) ;
#2005 = VECTOR ( 'NONE', #4263, 39.37007874015748143 ) ;
#2006 = CARTESIAN_POINT ( 'NONE',  ( 0.08858267716535432601, 0.1299212598425196763, 0.08858267716535432601 ) ) ;
#2007 = DIRECTION ( 'NONE',  ( 0.0000000000000000000, 0.0000000000000000000, -1.000000000000000000 ) ) ;
#2008 = DIRECTION ( 'NONE',  ( 0.0000000000000000000, 0.0000000000000000000, 1.000000000000000000 ) ) ;
#2009 = PRESENTATION_STYLE_ASSIGNMENT (( #3680 ) ) ;
#2010 = VECTOR ( 'NONE', #1725, 39.37007874015748143 ) ;
#2011 = VERTEX_POINT ( 'NONE', #1518 ) ;
#2012 = ORIENTED_EDGE ( 'NONE', *, *, #2990, .F. ) ;
#2013 = ORIENTED_EDGE ( 'NONE', *, *, #1700, .F. ) ;
#2014 = CARTESIAN_POINT ( 'NONE',  ( -0.1240157480314960647, -0.1143824042423135789, -0.07014398974742774850 ) ) ;
#2015 = CARTESIAN_POINT ( 'NONE',  ( 0.1181102362204724532, 0.03543307086614173179, -0.1023622047244094474 ) ) ;
#2016 = VERTEX_POINT ( 'NONE', #516 ) ;
#2017 = DIRECTION ( 'NONE',  ( 0.0000000000000000000, 0.0000000000000000000, -1.000000000000000000 ) ) ;
#2018 = FACE_OUTER_BOUND ( 'NONE', #1950, .T. ) ;
#2019 = FACE_OUTER_BOUND ( 'NONE', #630, .T. ) ;
#2020 = AXIS2_PLACEMENT_3D ( 'NONE', #3861, #3521, #3928 ) ;
#2021 = ORIENTED_EDGE ( 'NONE', *, *, #3049, .F. ) ;
#2022 = VERTEX_POINT ( 'NONE', #1838 ) ;
#2023 = EDGE_CURVE ( 'NONE', #2743, #1495, #2060, .T. ) ;
#2024 = CARTESIAN_POINT ( 'NONE',  ( -0.1181102362204724532, 0.003937007874015747977, 0.04921259842519685318 ) ) ;
#2025 = AXIS2_PLACEMENT_3D ( 'NONE', #2391, #3793, #83 ) ;
#2026 = CARTESIAN_POINT ( 'NONE',  ( -0.1240157480314960647, 0.02755905511811023584, 0.07480314960629921850 ) ) ;
#2027 = LINE ( 'NONE', #2708, #2369 ) ;
#2028 = VERTEX_POINT ( 'NONE', #4190 ) ;
#2029 = EDGE_CURVE ( 'NONE', #1043, #1947, #1194, .T. ) ;
#2030 = DIRECTION ( 'NONE',  ( 3.519431053647356462E-16, -0.8660254037844389297, 0.4999999999999994449 ) ) ;
#2031 = CARTESIAN_POINT ( 'NONE',  ( 0.1240157480314960647, -0.09578120915254409451, -0.1023622047244094474 ) ) ;
#2032 = ORIENTED_EDGE ( 'NONE', *, *, #884, .T. ) ;
#2033 = VERTEX_POINT ( 'NONE', #127 ) ;
#2034 = VERTEX_POINT ( 'NONE', #2521 ) ;
#2035 = DIRECTION ( 'NONE',  ( -3.519431053647356462E-16, 0.8660254037844389297, 0.4999999999999994449 ) ) ;
#2036 = LINE ( 'NONE', #3051, #4179 ) ;
#2037 = VERTEX_POINT ( 'NONE', #3791 ) ;
#2038 = CARTESIAN_POINT ( 'NONE',  ( 0.0000000000000000000, 0.1299212598425196763, 0.0000000000000000000 ) ) ;
#2039 = CARTESIAN_POINT ( 'NONE',  ( -0.1318897637795275746, 0.02755905511811023584, 0.1023622047244094474 ) ) ;
#2040 = DIRECTION ( 'NONE',  ( 0.0000000000000000000, 0.0000000000000000000, 1.000000000000000000 ) ) ;
#2041 = ORIENTED_EDGE ( 'NONE', *, *, #1098, .T. ) ;
#2042 = VERTEX_POINT ( 'NONE', #2089 ) ;
#2043 = DIRECTION ( 'NONE',  ( 0.0000000000000000000, 0.0000000000000000000, 1.000000000000000000 ) ) ;
#2044 = DIRECTION ( 'NONE',  ( 0.0000000000000000000, 0.0000000000000000000, 1.000000000000000000 ) ) ;
#2045 = EDGE_CURVE ( 'NONE', #1947, #1102, #1803, .T. ) ;
#2046 = ORIENTED_EDGE ( 'NONE', *, *, #3270, .F. ) ;
#2047 = DIRECTION ( 'NONE',  ( 4.063888932435259910E-16, -1.000000000000000000, 0.0000000000000000000 ) ) ;
#2048 = EDGE_CURVE ( 'NONE', #535, #3676, #3437, .T. ) ;
#2049 = EDGE_CURVE ( 'NONE', #1110, #3487, #251, .T. ) ;
#2050 = ORIENTED_EDGE ( 'NONE', *, *, #3047, .F. ) ;
#2051 = CARTESIAN_POINT ( 'NONE',  ( -0.1240157480314960647, 0.02755905511811023584, 0.1023622047244094474 ) ) ;
#2052 = DIRECTION ( 'NONE',  ( 0.0000000000000000000, -1.000000000000000000, 0.0000000000000000000 ) ) ;
#2053 = DIRECTION ( 'NONE',  ( 0.0000000000000000000, 0.0000000000000000000, 1.000000000000000000 ) ) ;
#2054 = EDGE_LOOP ( 'NONE', ( #799, #4237 ) ) ;
#2055 = CARTESIAN_POINT ( 'NONE',  ( -0.1122047244094488277, 0.1299212598425196763, 0.1181102362204724532 ) ) ;
#2056 = VECTOR ( 'NONE', #461, 39.37007874015748143 ) ;
#2057 = AXIS2_PLACEMENT_3D ( 'NONE', #4182, #1184, #3221 ) ;
#2058 = ORIENTED_EDGE ( 'NONE', *, *, #2645, .T. ) ;
#2059 = VERTEX_POINT ( 'NONE', #1427 ) ;
#2060 = CIRCLE ( 'NONE', #1160, 0.007874015748031499423 ) ;
#2061 = CIRCLE ( 'NONE', #252, 0.02362204724409448092 ) ;
#2062 = DIRECTION ( 'NONE',  ( 0.0000000000000000000, 1.000000000000000000, 0.0000000000000000000 ) ) ;
#2063 = DIRECTION ( 'NONE',  ( 0.7071067811865479058, -0.7071067811865469066, 0.0000000000000000000 ) ) ;
#2064 = VECTOR ( 'NONE', #598, 39.37007874015748143 ) ;
#2065 = LINE ( 'NONE', #2439, #3153 ) ;
#2066 = AXIS2_PLACEMENT_3D ( 'NONE', #2184, #3279, #4189 ) ;
#2067 = VERTEX_POINT ( 'NONE', #1493 ) ;
#2068 = LINE ( 'NONE', #2441, #2625 ) ;
#2069 = AXIS2_PLACEMENT_3D ( 'NONE', #2328, #3357, #1679 ) ;
#2070 = ADVANCED_FACE ( 'NONE', ( #439, #2501, #3104, #166, #100, #2762 ), #1174, .F. ) ;
#2071 = CARTESIAN_POINT ( 'NONE',  ( 0.1240157480314960647, 0.02755905511811023584, -0.07480314960629921850 ) ) ;
#2072 = DIRECTION ( 'NONE',  ( 2.454115839351809943E-16, -1.000000000000000000, 0.0000000000000000000 ) ) ;
#2073 = AXIS2_PLACEMENT_3D ( 'NONE', #3600, #1211, #607 ) ;
#2074 = ORIENTED_EDGE ( 'NONE', *, *, #3695, .F. ) ;
#2075 = DIRECTION ( 'NONE',  ( -1.000000000000000000, 0.0000000000000000000, 0.0000000000000000000 ) ) ;
#2076 = EDGE_CURVE ( 'NONE', #3303, #3814, #809, .T. ) ;
#2077 = EDGE_CURVE ( 'NONE', #3875, #763, #2787, .T. ) ;
#2078 = COLOUR_RGB ( '',0.8313725490196077761, 0.8392156862745098200, 0.8313725490196077761 ) ;
#2079 = CARTESIAN_POINT ( 'NONE',  ( -0.1318897637795275746, 0.02755905511811023584, 0.07480314960629921850 ) ) ;
#2080 = CARTESIAN_POINT ( 'NONE',  ( 0.1318897637795275746, -0.04201406643800709162, 0.1023622047244094474 ) ) ;
#2081 = EDGE_LOOP ( 'NONE', ( #3551, #496, #2780, #644 ) ) ;
#2082 = EDGE_CURVE ( 'NONE', #3676, #3858, #1133, .T. ) ;
#2083 = DIRECTION ( 'NONE',  ( 1.000000000000000000, 0.0000000000000000000, 0.0000000000000000000 ) ) ;
#2084 = LINE ( 'NONE', #3432, #2835 ) ;
#2085 = DIRECTION ( 'NONE',  ( 0.0000000000000000000, 0.0000000000000000000, 1.000000000000000000 ) ) ;
#2086 = ORIENTED_EDGE ( 'NONE', *, *, #1219, .F. ) ;
#2087 = VERTEX_POINT ( 'NONE', #2455 ) ;
#2088 = LINE ( 'NONE', #3436, #3615 ) ;
#2089 = CARTESIAN_POINT ( 'NONE',  ( 0.08858267716535432601, 0.1299212598425196763, -0.1122047244094488139 ) ) ;
#2090 = AXIS2_PLACEMENT_3D ( 'NONE', #1531, #955, #4184 ) ;
#2091 = ORIENTED_EDGE ( 'NONE', *, *, #1775, .F. ) ;
#2092 = DIRECTION ( 'NONE',  ( 0.0000000000000000000, 1.000000000000000000, 0.0000000000000000000 ) ) ;
#2093 = DIRECTION ( 'NONE',  ( -1.000000000000000000, 0.0000000000000000000, 0.0000000000000000000 ) ) ;
#2094 = EDGE_CURVE ( 'NONE', #165, #3328, #3895, .T. ) ;
#2095 = ORIENTED_EDGE ( 'NONE', *, *, #1121, .F. ) ;
#2096 = EDGE_LOOP ( 'NONE', ( #3594, #3736, #1086, #3532, #849, #249 ) ) ;
#2097 = CYLINDRICAL_SURFACE ( 'NONE', #2895, 0.005905511811023620231 ) ;
#2098 = CARTESIAN_POINT ( 'NONE',  ( 0.1240157480314960647, -0.09578120915254409451, -0.1023622047244094474 ) ) ;
#2099 = EDGE_CURVE ( 'NONE', #2886, #1043, #3855, .T. ) ;
#2100 = ORIENTED_EDGE ( 'NONE', *, *, #1167, .T. ) ;
#2101 = CARTESIAN_POINT ( 'NONE',  ( 0.0000000000000000000, 0.1929133858267716439, 0.0000000000000000000 ) ) ;
#2102 = LINE ( 'NONE', #1470, #2637 ) ;
#2103 = MANIFOLD_SOLID_BREP ( 'Imported3', #662 ) ;
#2104 = EDGE_CURVE ( 'NONE', #3612, #273, #4303, .T. ) ;
#2105 = EDGE_CURVE ( 'NONE', #535, #3177, #3052, .T. ) ;
#2106 = ORIENTED_EDGE ( 'NONE', *, *, #2450, .F. ) ;
#2107 = ORIENTED_EDGE ( 'NONE', *, *, #2344, .T. ) ;
#2108 = CARTESIAN_POINT ( 'NONE',  ( -0.1318897637795275746, -0.09578120915254409451, -0.07480314960629921850 ) ) ;
#2109 = DIRECTION ( 'NONE',  ( -1.000000000000000000, 0.0000000000000000000, 0.0000000000000000000 ) ) ;
#2110 = ORIENTED_EDGE ( 'NONE', *, *, #3579, .T. ) ;
#2111 = LINE ( 'NONE', #2745, #1567 ) ;
#2112 = CARTESIAN_POINT ( 'NONE',  ( 0.1122047244094488277, 0.0000000000000000000, 0.1122047244094488277 ) ) ;
#2113 = LINE ( 'NONE', #1155, #1949 ) ;
#2114 = ORIENTED_EDGE ( 'NONE', *, *, #3780, .T. ) ;
#2115 = DIRECTION ( 'NONE',  ( 1.445602896647339903E-16, 0.0000000000000000000, 1.000000000000000000 ) ) ;
#2116 = CARTESIAN_POINT ( 'NONE',  ( 0.1181102362204724532, 0.02755905511811023584, 0.07480314960629921850 ) ) ;
#2117 = FACE_OUTER_BOUND ( 'NONE', #2848, .T. ) ;
#2118 = ORIENTED_EDGE ( 'NONE', *, *, #2505, .F. ) ;
#2119 = CARTESIAN_POINT ( 'NONE',  ( 0.0000000000000000000, 0.1930507854200885776, 0.0000000000000000000 ) ) ;
#2120 = EDGE_CURVE ( 'NONE', #3829, #728, #2185, .T. ) ;
#2121 = CYLINDRICAL_SURFACE ( 'NONE', #3623, 0.007874015748031499423 ) ;
#2122 = VERTEX_POINT ( 'NONE', #2543 ) ;
#2123 = EDGE_LOOP ( 'NONE', ( #1255, #2254, #882, #2266 ) ) ;
#2124 = ADVANCED_FACE ( 'NONE', ( #2596 ), #3893, .T. ) ;
#2125 = DIRECTION ( 'NONE',  ( 0.0000000000000000000, -1.000000000000000000, 0.0000000000000000000 ) ) ;
#2126 = VECTOR ( 'NONE', #4265, 39.37007874015748143 ) ;
#2127 = EDGE_CURVE ( 'NONE', #3729, #421, #2570, .T. ) ;
#2128 = DIRECTION ( 'NONE',  ( 0.0000000000000000000, -1.000000000000000000, 0.0000000000000000000 ) ) ;
#2129 = DIRECTION ( 'NONE',  ( 0.0000000000000000000, 0.0000000000000000000, 1.000000000000000000 ) ) ;
#2130 = AXIS2_PLACEMENT_3D ( 'NONE', #2371, #3066, #3723 ) ;
#2131 = AXIS2_PLACEMENT_3D ( 'NONE', #4288, #3216, #4239 ) ;
#2132 = ORIENTED_EDGE ( 'NONE', *, *, #782, .F. ) ;
#2133 = DIRECTION ( 'NONE',  ( -0.7071067811865469066, -0.7071067811865479058, 0.0000000000000000000 ) ) ;
#2134 = CARTESIAN_POINT ( 'NONE',  ( 0.1240157480314960647, 0.02755905511811023584, -0.1023622047244094474 ) ) ;
#2135 = VECTOR ( 'NONE', #2576, 39.37007874015748143 ) ;
#2136 = CARTESIAN_POINT ( 'NONE',  ( -0.1318897637795275746, 0.02755905511811023584, -0.1023622047244094474 ) ) ;
#2137 = ORIENTED_EDGE ( 'NONE', *, *, #2049, .T. ) ;
#2138 = ORIENTED_EDGE ( 'NONE', *, *, #4139, .T. ) ;
#2139 = AXIS2_PLACEMENT_3D ( 'NONE', #2789, #2128, #3835 ) ;
#2140 = AXIS2_PLACEMENT_3D ( 'NONE', #1755, #2808, #1408 ) ;
#2141 = ORIENTED_EDGE ( 'NONE', *, *, #2900, .T. ) ;
#2142 = CARTESIAN_POINT ( 'NONE',  ( -0.08858267716535432601, 0.1496062992125984370, -0.08858267716535432601 ) ) ;
#2143 = SURFACE_STYLE_FILL_AREA ( #826 ) ;
#2144 = EDGE_LOOP ( 'NONE', ( #821, #3515, #770, #969 ) ) ;
#2145 = AXIS2_PLACEMENT_3D ( 'NONE', #2233, #3299, #2209 ) ;
#2146 = DIRECTION ( 'NONE',  ( 0.0000000000000000000, -1.000000000000000000, 0.0000000000000000000 ) ) ;
#2147 = ORIENTED_EDGE ( 'NONE', *, *, #1965, .F. ) ;
#2148 = CARTESIAN_POINT ( 'NONE',  ( 0.1318897637795275746, 0.02755905511811023584, -0.1023622047244094474 ) ) ;
#2149 = DIRECTION ( 'NONE',  ( 0.0000000000000000000, 0.0000000000000000000, 1.000000000000000000 ) ) ;
#2150 = CARTESIAN_POINT ( 'NONE',  ( -0.1181102362204724532, 0.03543307086614173179, -0.07480314960629921850 ) ) ;
#2151 = ADVANCED_FACE ( 'NONE', ( #2871 ), #943, .T. ) ;
#2152 = EDGE_LOOP ( 'NONE', ( #2021, #3863, #395, #2588 ) ) ;
#2153 = LINE ( 'NONE', #2482, #3470 ) ;
#2154 = DIRECTION ( 'NONE',  ( 0.0000000000000000000, 0.0000000000000000000, -1.000000000000000000 ) ) ;
#2155 = AXIS2_PLACEMENT_3D ( 'NONE', #3486, #3092, #2771 ) ;
#2156 = EDGE_CURVE ( 'NONE', #1060, #919, #1864, .T. ) ;
#2157 = EDGE_LOOP ( 'NONE', ( #2903, #2032, #2132, #1182 ) ) ;
#2158 = ORIENTED_EDGE ( 'NONE', *, *, #451, .F. ) ;
#2159 = DIRECTION ( 'NONE',  ( 0.0000000000000000000, 1.000000000000000000, 0.0000000000000000000 ) ) ;
#2160 = LINE ( 'NONE', #595, #190 ) ;
#2161 = EDGE_LOOP ( 'NONE', ( #2982, #3061, #4200, #9 ) ) ;
#2162 = CARTESIAN_POINT ( 'NONE',  ( -0.1181102362204724532, 0.1299212598425196763, 0.1181102362204724532 ) ) ;
#2163 = ORIENTED_EDGE ( 'NONE', *, *, #3550, .T. ) ;
#2164 = CARTESIAN_POINT ( 'NONE',  ( 0.1240157480314960647, 0.02755905511811023584, -0.07480314960629921850 ) ) ;
#2165 = PLANE ( 'NONE',  #2976 ) ;
#2166 = LINE ( 'NONE', #3190, #1926 ) ;
#2167 = LENGTH_MEASURE_WITH_UNIT ( LENGTH_MEASURE( 0.02539999999999999897 ), #1888 );
#2168 = MANIFOLD_SOLID_BREP ( 'NONE', #2541 ) ;
#2169 = EDGE_LOOP ( 'NONE', ( #2815, #3186, #2388, #3602 ) ) ;
#2170 = CARTESIAN_POINT ( 'NONE',  ( 0.1181102362204724532, 0.1299212598425196763, 0.1122047244094488277 ) ) ;
#2171 = CARTESIAN_POINT ( 'NONE',  ( 0.1476377952755905387, -0.06889763779527559306, -0.1023622047244094474 ) ) ;
#2172 = EDGE_CURVE ( 'NONE', #2938, #3444, #3334, .T. ) ;
#2173 = DIRECTION ( 'NONE',  ( 1.000000000000000000, 0.0000000000000000000, 0.0000000000000000000 ) ) ;
#2174 = VERTEX_POINT ( 'NONE', #3387 ) ;
#2175 = VERTEX_POINT ( 'NONE', #3650 ) ;
#2176 = FACE_OUTER_BOUND ( 'NONE', #3522, .T. ) ;
#2177 = EDGE_CURVE ( 'NONE', #4043, #3435, #1704, .T. ) ;
#2178 = DIRECTION ( 'NONE',  ( 0.0000000000000000000, 0.0000000000000000000, -1.000000000000000000 ) ) ;
#2179 = EDGE_CURVE ( 'NONE', #3568, #819, #326, .T. ) ;
#2180 = FACE_OUTER_BOUND ( 'NONE', #293, .T. ) ;
#2181 = ORIENTED_EDGE ( 'NONE', *, *, #2344, .F. ) ;
#2182 = PLANE ( 'NONE',  #3275 ) ;
#2183 = VERTEX_POINT ( 'NONE', #1665 ) ;
#2184 = CARTESIAN_POINT ( 'NONE',  ( 0.08858267716535432601, 0.1299212598425196763, 0.08858267716535432601 ) ) ;
#2185 = LINE ( 'NONE', #1538, #1710 ) ;
#2186 = CARTESIAN_POINT ( 'NONE',  ( 0.0000000000000000000, 0.1377952755905511861, 0.07283464566929134798 ) ) ;
#2187 = VERTEX_POINT ( 'NONE', #313 ) ;
#2188 = VECTOR ( 'NONE', #1398, 39.37007874015748143 ) ;
#2189 = DIRECTION ( 'NONE',  ( 0.7071067811865469066, -0.7071067811865479058, 0.0000000000000000000 ) ) ;
#2190 = CARTESIAN_POINT ( 'NONE',  ( -0.1240157480314960647, 0.02755905511811023584, -0.07480314960629921850 ) ) ;
#2191 = AXIS2_PLACEMENT_3D ( 'NONE', #3705, #4056, #3072 ) ;
#2192 = CARTESIAN_POINT ( 'NONE',  ( -0.08858267716535432601, 0.1299212598425196763, -0.08858267716535432601 ) ) ;
#2193 = VECTOR ( 'NONE', #674, 39.37007874015748143 ) ;
#2194 = EDGE_LOOP ( 'NONE', ( #3519, #30, #3108, #699 ) ) ;
#2195 = ORIENTED_EDGE ( 'NONE', *, *, #1000, .F. ) ;
#2196 = ADVANCED_FACE ( 'NONE', ( #3986 ), #3368, .F. ) ;
#2197 = CARTESIAN_POINT ( 'NONE',  ( 8.919671568592926781E-18, 0.1299212598425196763, -0.07283464566929134798 ) ) ;
#2198 = VECTOR ( 'NONE', #4131, 39.37007874015748143 ) ;
#2199 = VECTOR ( 'NONE', #3516, 39.37007874015748143 ) ;
#2200 = DIRECTION ( 'NONE',  ( 0.0000000000000000000, 0.0000000000000000000, -1.000000000000000000 ) ) ;
#2201 = AXIS2_PLACEMENT_3D ( 'NONE', #4258, #958, #558 ) ;
#2202 = AXIS2_PLACEMENT_3D ( 'NONE', #603, #3229, #227 ) ;
#2203 = VERTEX_POINT ( 'NONE', #366 ) ;
#2204 = ADVANCED_FACE ( 'NONE', ( #1318 ), #3734, .F. ) ;
#2205 = EDGE_CURVE ( 'NONE', #427, #1589, #4236, .T. ) ;
#2206 = EDGE_LOOP ( 'NONE', ( #2739, #1442, #2422, #3415 ) ) ;
#2207 = AXIS2_PLACEMENT_3D ( 'NONE', #540, #3874, #3211 ) ;
#2208 = FACE_OUTER_BOUND ( 'NONE', #2096, .T. ) ;
#2209 = DIRECTION ( 'NONE',  ( 1.000000000000000000, 0.0000000000000000000, 0.0000000000000000000 ) ) ;
#2210 = EDGE_LOOP ( 'NONE', ( #471, #1345, #822, #73, #1620, #2685 ) ) ;
#2211 = VECTOR ( 'NONE', #2700, 39.37007874015748143 ) ;
#2212 = EDGE_CURVE ( 'NONE', #2122, #550, #739, .T. ) ;
#2213 = DIMENSIONAL_EXPONENTS ( 1.000000000000000000, 0.0000000000000000000, 0.0000000000000000000, 0.0000000000000000000, 0.0000000000000000000, 0.0000000000000000000, 0.0000000000000000000 ) ;
#2214 =( CONVERSION_BASED_UNIT ( 'INCH', #899 ) LENGTH_UNIT ( ) NAMED_UNIT ( #1876 ) );
#2215 = STYLED_ITEM ( 'NONE', ( #1467 ), #3709 ) ;
#2216 = SHAPE_DEFINITION_REPRESENTATION ( #2923, #928 ) ;
#2217 = ORIENTED_EDGE ( 'NONE', *, *, #811, .F. ) ;
#2218 = DIRECTION ( 'NONE',  ( 0.0000000000000000000, -1.000000000000000000, 0.0000000000000000000 ) ) ;
#2219 =( NAMED_UNIT ( * ) PLANE_ANGLE_UNIT ( ) SI_UNIT ( $, .RADIAN. ) );
#2220 = FACE_OUTER_BOUND ( 'NONE', #4057, .T. ) ;
#2221 = LINE ( 'NONE', #3566, #918 ) ;
#2222 = VERTEX_POINT ( 'NONE', #651 ) ;
#2223 = DIRECTION ( 'NONE',  ( 0.0000000000000000000, -1.000000000000000000, 0.0000000000000000000 ) ) ;
#2224 = VERTEX_POINT ( 'NONE', #3057 ) ;
#2225 = DIRECTION ( 'NONE',  ( 0.0000000000000000000, 0.0000000000000000000, 1.000000000000000000 ) ) ;
#2226 = LINE ( 'NONE', #241, #1298 ) ;
#2227 = DIRECTION ( 'NONE',  ( 1.000000000000000000, 0.0000000000000000000, 0.0000000000000000000 ) ) ;
#2228 = AXIS2_PLACEMENT_3D ( 'NONE', #282, #2879, #4217 ) ;
#2229 = DIRECTION ( 'NONE',  ( 0.0000000000000000000, 0.0000000000000000000, -1.000000000000000000 ) ) ;
#2230 = ORIENTED_EDGE ( 'NONE', *, *, #3457, .F. ) ;
#2231 = VERTEX_POINT ( 'NONE', #988 ) ;
#2232 = UNCERTAINTY_MEASURE_WITH_UNIT (LENGTH_MEASURE( 1.000000000000000082E-05 ), #2214, 'distance_accuracy_value', 'NONE');
#2233 = CARTESIAN_POINT ( 'NONE',  ( -0.1476377952755905387, -0.06889763779527559306, -0.07480314960629921850 ) ) ;
#2234 = ADVANCED_FACE ( 'NONE', ( #2018 ), #57, .T. ) ;
#2235 = ORIENTED_EDGE ( 'NONE', *, *, #3882, .T. ) ;
#2236 = LINE ( 'NONE', #1557, #1369 ) ;
#2237 = DIRECTION ( 'NONE',  ( 0.0000000000000000000, -1.000000000000000000, 0.0000000000000000000 ) ) ;
#2238 = ADVANCED_FACE ( 'NONE', ( #2341 ), #6, .T. ) ;
#2239 = ADVANCED_FACE ( 'NONE', ( #3668 ), #27, .T. ) ;
#2240 = VERTEX_POINT ( 'NONE', #667 ) ;
#2241 = CARTESIAN_POINT ( 'NONE',  ( -0.1240157480314960647, -0.1224523058384645591, -0.07480314960629921850 ) ) ;
#2242 = CARTESIAN_POINT ( 'NONE',  ( -0.1555118110236220763, 0.003937007874015747977, 0.04921259842519685318 ) ) ;
#2243 = LENGTH_MEASURE_WITH_UNIT ( LENGTH_MEASURE( 0.02539999999999999897 ), #926 );
#2244 = FACE_OUTER_BOUND ( 'NONE', #1468, .T. ) ;
#2245 = EDGE_LOOP ( 'NONE', ( #562, #1361, #3167, #3656 ) ) ;
#2246 = ORIENTED_EDGE ( 'NONE', *, *, #3529, .T. ) ;
#2247 = CARTESIAN_POINT ( 'NONE',  ( -0.1318897637795275746, -0.09578120915254409451, 0.07480314960629921850 ) ) ;
#2248 = FACE_BOUND ( 'NONE', #2926, .T. ) ;
#2249 = CARTESIAN_POINT ( 'NONE',  ( -0.1181102362204724532, 0.03543307086614173179, 0.07480314960629921850 ) ) ;
#2250 = CARTESIAN_POINT ( 'NONE',  ( 0.0000000000000000000, 0.0000000000000000000, 0.0000000000000000000 ) ) ;
#2251 = VERTEX_POINT ( 'NONE', #340 ) ;
#2252 = EDGE_LOOP ( 'NONE', ( #551, #3865, #864, #1266 ) ) ;
#2253 = CARTESIAN_POINT ( 'NONE',  ( 0.1240157480314960647, 0.02755905511811023584, 0.07480314960629921850 ) ) ;
#2254 = ORIENTED_EDGE ( 'NONE', *, *, #862, .F. ) ;
#2255 = EDGE_CURVE ( 'NONE', #3085, #2882, #1358, .T. ) ;
#2256 = CARTESIAN_POINT ( 'NONE',  ( -0.08858267716535432601, 0.1299212598425196763, 0.06496062992125983815 ) ) ;
#2257 = SURFACE_STYLE_FILL_AREA ( #2286 ) ;
#2258 = CARTESIAN_POINT ( 'NONE',  ( -0.1318897637795275746, -0.04201406643800709162, 0.07480314960629921850 ) ) ;
#2259 = SURFACE_STYLE_USAGE ( .BOTH. , #1195 ) ;
#2260 = ORIENTED_EDGE ( 'NONE', *, *, #3832, .T. ) ;
#2261 = EDGE_CURVE ( 'NONE', #3886, #436, #2363, .T. ) ;
#2262 = EDGE_CURVE ( 'NONE', #421, #2454, #1575, .T. ) ;
#2263 = LINE ( 'NONE', #3876, #2342 ) ;
#2264 = CARTESIAN_POINT ( 'NONE',  ( 0.1476377952755905387, -0.06889763779527559306, 0.1023622047244094474 ) ) ;
#2265 = PLANE ( 'NONE',  #3784 ) ;
#2266 = ORIENTED_EDGE ( 'NONE', *, *, #3824, .F. ) ;
#2267 = ORIENTED_EDGE ( 'NONE', *, *, #3039, .T. ) ;
#2268 = CARTESIAN_POINT ( 'NONE',  ( -0.1476377952755905387, -0.06889763779527559306, -0.1023622047244094474 ) ) ;
#2269 = LINE ( 'NONE', #3616, #529 ) ;
#2270 = AXIS2_PLACEMENT_3D ( 'NONE', #3351, #3088, #32 ) ;
#2271 = FACE_OUTER_BOUND ( 'NONE', #1708, .T. ) ;
#2272 = AXIS2_PLACEMENT_3D ( 'NONE', #3744, #1414, #3773 ) ;
#2273 = DIRECTION ( 'NONE',  ( -0.0000000000000000000, 1.000000000000000000, 0.0000000000000000000 ) ) ;
#2274 = EDGE_LOOP ( 'NONE', ( #3017, #2012, #3699, #4138 ) ) ;
#2275 = AXIS2_PLACEMENT_3D ( 'NONE', #2924, #2237, #1232 ) ;
#2276 = AXIS2_PLACEMENT_3D ( 'NONE', #1013, #2062, #2043 ) ;
#2277 = ORIENTED_EDGE ( 'NONE', *, *, #1460, .T. ) ;
#2278 = CARTESIAN_POINT ( 'NONE',  ( 0.1181102362204724532, 0.02755905511811023584, -0.07480314960629921850 ) ) ;
#2279 = DIRECTION ( 'NONE',  ( 0.0000000000000000000, 0.0000000000000000000, -1.000000000000000000 ) ) ;
#2280 = AXIS2_PLACEMENT_3D ( 'NONE', #2517, #2609, #892 ) ;
#2281 = VECTOR ( 'NONE', #898, 39.37007874015748143 ) ;
#2282 = ORIENTED_EDGE ( 'NONE', *, *, #54, .F. ) ;
#2283 = VECTOR ( 'NONE', #2810, 39.37007874015748143 ) ;
#2284 = CIRCLE ( 'NONE', #973, 0.005905511811023620231 ) ;
#2285 = FACE_OUTER_BOUND ( 'NONE', #2472, .T. ) ;
#2286 = FILL_AREA_STYLE ('',( #4262 ) ) ;
#2287 = CARTESIAN_POINT ( 'NONE',  ( -0.1318897637795275746, -0.1377952755905511861, -0.09350393700787401619 ) ) ;
#2288 = AXIS2_PLACEMENT_3D ( 'NONE', #3468, #2805, #475 ) ;
#2289 = ORIENTED_EDGE ( 'NONE', *, *, #434, .T. ) ;
#2290 = CARTESIAN_POINT ( 'NONE',  ( -0.1476377952755905387, -0.06889763779527559306, 0.1023622047244094474 ) ) ;
#2291 = ADVANCED_FACE ( 'NONE', ( #3119 ), #1799, .T. ) ;
#2292 = CYLINDRICAL_SURFACE ( 'NONE', #1465, 0.07283464566929134798 ) ;
#2293 = ORIENTED_EDGE ( 'NONE', *, *, #3695, .T. ) ;
#2294 = FACE_OUTER_BOUND ( 'NONE', #3424, .T. ) ;
#2295 = DIRECTION ( 'NONE',  ( 1.000000000000000000, 0.0000000000000000000, 0.0000000000000000000 ) ) ;
#2296 = CARTESIAN_POINT ( 'NONE',  ( 0.08858267716535432601, 0.1299212598425196763, -0.08858267716535432601 ) ) ;
#2297 = ADVANCED_FACE ( 'NONE', ( #2431 ), #1146, .F. ) ;
#2298 = ADVANCED_FACE ( 'NONE', ( #2782 ), #1422, .T. ) ;
#2299 = ORIENTED_EDGE ( 'NONE', *, *, #2336, .F. ) ;
#2300 = ORIENTED_EDGE ( 'NONE', *, *, #2156, .T. ) ;
#2301 = AXIS2_PLACEMENT_3D ( 'NONE', #2250, #2273, #1917 ) ;
#2302 = CYLINDRICAL_SURFACE ( 'NONE', #1723, 0.007874015748031499423 ) ;
#2303 = ORIENTED_EDGE ( 'NONE', *, *, #1937, .T. ) ;
#2304 = CARTESIAN_POINT ( 'NONE',  ( -0.1318897637795275746, -0.04201406643800709162, 0.1023622047244094474 ) ) ;
#2305 = DIRECTION ( 'NONE',  ( 0.0000000000000000000, 0.0000000000000000000, -1.000000000000000000 ) ) ;
#2306 = ORIENTED_EDGE ( 'NONE', *, *, #4071, .T. ) ;
#2307 = LINE ( 'NONE', #346, #3406 ) ;
#2308 = CARTESIAN_POINT ( 'NONE',  ( -0.1181102362204724532, 0.1299212598425196763, 0.04921259842519685318 ) ) ;
#2309 = ORIENTED_EDGE ( 'NONE', *, *, #2105, .T. ) ;
#2310 = DIRECTION ( 'NONE',  ( 0.0000000000000000000, -1.000000000000000000, 0.0000000000000000000 ) ) ;
#2311 = EDGE_CURVE ( 'NONE', #283, #592, #4162, .T. ) ;
#2312 = LINE ( 'NONE', #3658, #3477 ) ;
#2313 = CARTESIAN_POINT ( 'NONE',  ( -0.1555118110236220763, -0.1377952755905511861, 0.09350393700787401619 ) ) ;
#2314 = ORIENTED_EDGE ( 'NONE', *, *, #404, .T. ) ;
#2315 = EDGE_LOOP ( 'NONE', ( #4219, #3354, #1420, #1397 ) ) ;
#2316 = EDGE_CURVE ( 'NONE', #1625, #1495, #2737, .T. ) ;
#2317 = ADVANCED_FACE ( 'NONE', ( #1489 ), #2496, .T. ) ;
#2318 = CARTESIAN_POINT ( 'NONE',  ( 0.08858267716535432601, 0.1299212598425196763, 0.08858267716535432601 ) ) ;
#2319 = ORIENTED_EDGE ( 'NONE', *, *, #1676, .F. ) ;
#2320 = LINE ( 'NONE', #367, #55 ) ;
#2321 = EDGE_LOOP ( 'NONE', ( #358, #298, #1502, #125 ) ) ;
#2322 = DIRECTION ( 'NONE',  ( 1.000000000000000000, 0.0000000000000000000, 0.0000000000000000000 ) ) ;
#2323 = FACE_OUTER_BOUND ( 'NONE', #3839, .T. ) ;
#2324 = PLANE ( 'NONE',  #1987 ) ;
#2325 = ORIENTED_EDGE ( 'NONE', *, *, #1728, .T. ) ;
#2326 = DIRECTION ( 'NONE',  ( 0.0000000000000000000, -1.000000000000000000, 0.0000000000000000000 ) ) ;
#2327 = LINE ( 'NONE', #3110, #1169 ) ;
#2328 = CARTESIAN_POINT ( 'NONE',  ( -0.1318897637795275746, -0.04201406643800709162, -0.1023622047244094474 ) ) ;
#2329 = DIRECTION ( 'NONE',  ( 0.0000000000000000000, 0.0000000000000000000, -1.000000000000000000 ) ) ;
#2330 = VERTEX_POINT ( 'NONE', #1857 ) ;
#2331 = ORIENTED_EDGE ( 'NONE', *, *, #4042, .T. ) ;
#2332 = AXIS2_PLACEMENT_3D ( 'NONE', #2424, #3779, #783 ) ;
#2333 = CARTESIAN_POINT ( 'NONE',  ( -0.08858267716535432601, 0.1299212598425196763, -0.06496062992125983815 ) ) ;
#2334 = CARTESIAN_POINT ( 'NONE',  ( -0.08858267716535432601, 0.1377952755905511861, -0.08858267716535432601 ) ) ;
#2335 = VECTOR ( 'NONE', #793, 39.37007874015748143 ) ;
#2336 = EDGE_CURVE ( 'NONE', #1457, #2042, #4206, .T. ) ;
#2337 = ORIENTED_EDGE ( 'NONE', *, *, #3832, .F. ) ;
#2338 = DIRECTION ( 'NONE',  ( 2.454115839351809943E-16, -1.000000000000000000, 0.0000000000000000000 ) ) ;
#2339 = PLANE ( 'NONE',  #1924 ) ;
#2340 = AXIS2_PLACEMENT_3D ( 'NONE', #1973, #4004, #2675 ) ;
#2341 = FACE_OUTER_BOUND ( 'NONE', #514, .T. ) ;
#2342 = VECTOR ( 'NONE', #1607, 39.37007874015748143 ) ;
#2343 = PLANE ( 'NONE',  #2493 ) ;
#2344 = EDGE_CURVE ( 'NONE', #2187, #3158, #628, .T. ) ;
#2345 = ORIENTED_EDGE ( 'NONE', *, *, #1971, .F. ) ;
#2346 = CIRCLE ( 'NONE', #2139, 0.005905511811023620231 ) ;
#2347 = VECTOR ( 'NONE', #3318, 39.37007874015748143 ) ;
#2348 = ORIENTED_EDGE ( 'NONE', *, *, #4223, .F. ) ;
#2349 = DIRECTION ( 'NONE',  ( 0.0000000000000000000, 1.000000000000000000, 0.0000000000000000000 ) ) ;
#2350 = CARTESIAN_POINT ( 'NONE',  ( -0.1318897637795275746, -0.04201406643800709162, 0.1023622047244094474 ) ) ;
#2351 = VECTOR ( 'NONE', #789, 39.37007874015748143 ) ;
#2352 = SURFACE_SIDE_STYLE ('',( #725 ) ) ;
#2353 = ORIENTED_EDGE ( 'NONE', *, *, #4310, .F. ) ;
#2354 = VECTOR ( 'NONE', #49, 39.37007874015748143 ) ;
#2355 = CARTESIAN_POINT ( 'NONE',  ( 0.1240157480314960647, 0.02755905511811023584, -0.1023622047244094474 ) ) ;
#2356 = CARTESIAN_POINT ( 'NONE',  ( 0.1476377952755905387, -0.06889763779527559306, 0.07480314960629921850 ) ) ;
#2357 = CARTESIAN_POINT ( 'NONE',  ( -0.1240157480314960647, -0.04201406643800709162, -0.1023622047244094474 ) ) ;
#2358 = ORIENTED_EDGE ( 'NONE', *, *, #4256, .T. ) ;
#2359 = ORIENTED_EDGE ( 'NONE', *, *, #3311, .F. ) ;
#2360 = CARTESIAN_POINT ( 'NONE',  ( 0.1122047244094488277, 0.1377952755905511861, -0.1181102362204724532 ) ) ;
#2361 = ORIENTED_EDGE ( 'NONE', *, *, #3182, .T. ) ;
#2362 = EDGE_CURVE ( 'NONE', #1709, #1801, #2631, .T. ) ;
#2363 = LINE ( 'NONE', #3717, #1996 ) ;
#2364 = DIRECTION ( 'NONE',  ( 0.0000000000000000000, -1.000000000000000000, 0.0000000000000000000 ) ) ;
#2365 = CIRCLE ( 'NONE', #2155, 0.007874015748031499423 ) ;
#2366 = ORIENTED_EDGE ( 'NONE', *, *, #3557, .F. ) ;
#2367 = VERTEX_POINT ( 'NONE', #2917 ) ;
#2368 = DIRECTION ( 'NONE',  ( -4.063888932435259910E-16, -1.000000000000000000, 0.0000000000000000000 ) ) ;
#2369 = VECTOR ( 'NONE', #1305, 39.37007874015748143 ) ;
#2370 = ADVANCED_FACE ( 'NONE', ( #2208 ), #2565, .F. ) ;
#2371 = CARTESIAN_POINT ( 'NONE',  ( -0.1240157480314960647, 0.02755905511811023584, 0.1023622047244094474 ) ) ;
#2372 = ADVANCED_FACE ( 'NONE', ( #3869 ), #1273, .T. ) ;
#2373 = DIRECTION ( 'NONE',  ( 0.0000000000000000000, -1.000000000000000000, 0.0000000000000000000 ) ) ;
#2374 = ORIENTED_EDGE ( 'NONE', *, *, #3315, .T. ) ;
#2375 = CARTESIAN_POINT ( 'NONE',  ( -0.1240157480314960647, 0.02755905511811023584, -0.1023622047244094474 ) ) ;
#2376 = CARTESIAN_POINT ( 'NONE',  ( 0.1240157480314960647, 0.02755905511811023584, 0.1023622047244094474 ) ) ;
#2377 = VERTEX_POINT ( 'NONE', #2278 ) ;
#2378 = ORIENTED_EDGE ( 'NONE', *, *, #1127, .F. ) ;
#2379 = CARTESIAN_POINT ( 'NONE',  ( 0.1318897637795275746, -0.1224523058384645591, 0.1023622047244094474 ) ) ;
#2380 = DIRECTION ( 'NONE',  ( 0.0000000000000000000, 0.0000000000000000000, 1.000000000000000000 ) ) ;
#2381 = DIRECTION ( 'NONE',  ( 0.0000000000000000000, 0.0000000000000000000, 1.000000000000000000 ) ) ;
#2382 = ORIENTED_EDGE ( 'NONE', *, *, #3601, .T. ) ;
#2383 = LINE ( 'NONE', #3342, #3132 ) ;
#2384 = DIRECTION ( 'NONE',  ( -3.519431053647356462E-16, 0.8660254037844389297, -0.4999999999999994449 ) ) ;
#2385 = DIRECTION ( 'NONE',  ( 1.000000000000000000, 0.0000000000000000000, 0.0000000000000000000 ) ) ;
#2386 = ORIENTED_EDGE ( 'NONE', *, *, #1244, .T. ) ;
#2387 = EDGE_CURVE ( 'NONE', #2224, #2087, #1252, .T. ) ;
#2388 = ORIENTED_EDGE ( 'NONE', *, *, #1945, .T. ) ;
#2389 = CARTESIAN_POINT ( 'NONE',  ( 0.1263219938489248129, -0.09021343922194134668, -0.1023622047244094474 ) ) ;
#2390 = CARTESIAN_POINT ( 'NONE',  ( 0.1181102362204724532, 0.1377952755905511861, -0.1181102362204724532 ) ) ;
#2391 = CARTESIAN_POINT ( 'NONE',  ( -0.1532055652061933004, -0.07446540772587834089, -0.1023622047244094474 ) ) ;
#2392 = ADVANCED_FACE ( 'NONE', ( #938 ), #1880, .F. ) ;
#2393 = EDGE_CURVE ( 'NONE', #2377, #3937, #4322, .T. ) ;
#2394 = VERTEX_POINT ( 'NONE', #1063 ) ;
#2395 = CARTESIAN_POINT ( 'NONE',  ( 0.1318897637795275746, 0.02755905511811023584, -0.1023622047244094474 ) ) ;
#2396 = PLANE ( 'NONE',  #3963 ) ;
#2397 = EDGE_CURVE ( 'NONE', #1821, #487, #291, .T. ) ;
#2398 = ORIENTED_EDGE ( 'NONE', *, *, #2499, .T. ) ;
#2399 = ORIENTED_EDGE ( 'NONE', *, *, #4255, .F. ) ;
#2400 = VERTEX_POINT ( 'NONE', #647 ) ;
#2401 = DIRECTION ( 'NONE',  ( 0.0000000000000000000, -1.000000000000000000, 0.0000000000000000000 ) ) ;
#2402 = PRESENTATION_STYLE_ASSIGNMENT (( #512 ) ) ;
#2403 = ORIENTED_EDGE ( 'NONE', *, *, #435, .F. ) ;
#2404 = CARTESIAN_POINT ( 'NONE',  ( 0.08858267716535432601, 0.1299212598425196763, -0.06496062992125983815 ) ) ;
#2405 = CIRCLE ( 'NONE', #3838, 0.005905511811023620231 ) ;
#2406 = AXIS2_PLACEMENT_3D ( 'NONE', #2856, #1478, #877 ) ;
#2407 = VERTEX_POINT ( 'NONE', #2690 ) ;
#2408 = ORIENTED_EDGE ( 'NONE', *, *, #860, .F. ) ;
#2409 = CIRCLE ( 'NONE', #534, 0.007874015748031499423 ) ;
#2410 = FACE_OUTER_BOUND ( 'NONE', #3214, .T. ) ;
#2411 = LINE ( 'NONE', #4087, #3606 ) ;
#2412 = VECTOR ( 'NONE', #23, 39.37007874015748143 ) ;
#2413 =( LENGTH_UNIT ( ) NAMED_UNIT ( * ) SI_UNIT ( $, .METRE. ) );
#2414 = VECTOR ( 'NONE', #1145, 39.37007874015748143 ) ;
#2415 = ORIENTED_EDGE ( 'NONE', *, *, #2695, .F. ) ;
#2416 = DIRECTION ( 'NONE',  ( 0.0000000000000000000, -1.000000000000000000, 0.0000000000000000000 ) ) ;
#2417 = CIRCLE ( 'NONE', #1104, 0.007874015748031499423 ) ;
#2418 = DIRECTION ( 'NONE',  ( 0.0000000000000000000, 0.0000000000000000000, 1.000000000000000000 ) ) ;
#2419 = EDGE_CURVE ( 'NONE', #389, #4080, #966, .T. ) ;
#2420 = CYLINDRICAL_SURFACE ( 'NONE', #1736, 0.02362204724409448092 ) ;
#2421 = CIRCLE ( 'NONE', #2288, 0.007874015748031499423 ) ;
#2422 = ORIENTED_EDGE ( 'NONE', *, *, #589, .T. ) ;
#2423 = ORIENTED_EDGE ( 'NONE', *, *, #2255, .F. ) ;
#2424 = CARTESIAN_POINT ( 'NONE',  ( -0.1240157480314960647, 0.02755905511811023584, 0.1023622047244094474 ) ) ;
#2425 = MECHANICAL_DESIGN_GEOMETRIC_PRESENTATION_REPRESENTATION (  '', ( #2642 ), #132 ) ;
#2426 = ADVANCED_FACE ( 'NONE', ( #4060 ), #4001, .F. ) ;
#2427 = DIRECTION ( 'NONE',  ( 1.000000000000000000, 0.0000000000000000000, -1.445602896647339903E-16 ) ) ;
#2428 = EDGE_CURVE ( 'NONE', #1207, #2016, #2484, .T. ) ;
#2429 = VERTEX_POINT ( 'NONE', #3004 ) ;
#2430 = LINE ( 'NONE', #1488, #3689 ) ;
#2431 = FACE_OUTER_BOUND ( 'NONE', #2245, .T. ) ;
#2432 = CARTESIAN_POINT ( 'NONE',  ( -0.08858267716535432601, 0.1496062992125984370, 0.08858267716535432601 ) ) ;
#2433 = ORIENTED_EDGE ( 'NONE', *, *, #3077, .T. ) ;
#2434 = ORIENTED_EDGE ( 'NONE', *, *, #2449, .T. ) ;
#2435 = LINE ( 'NONE', #1473, #2761 ) ;
#2436 = CARTESIAN_POINT ( 'NONE',  ( 0.0000000000000000000, 0.1299212598425196763, 0.0000000000000000000 ) ) ;
#2437 = AXIS2_PLACEMENT_3D ( 'NONE', #271, #623, #576 ) ;
#2438 = DIRECTION ( 'NONE',  ( 1.000000000000000000, 0.0000000000000000000, 0.0000000000000000000 ) ) ;
#2439 = CARTESIAN_POINT ( 'NONE',  ( 0.0000000000000000000, 0.0000000000000000000, -0.04921259842519685318 ) ) ;
#2440 = ORIENTED_EDGE ( 'NONE', *, *, #2397, .T. ) ;
#2441 = CARTESIAN_POINT ( 'NONE',  ( -0.1318897637795275746, -0.1224523058384645591, -0.07480314960629921850 ) ) ;
#2442 = FACE_OUTER_BOUND ( 'NONE', #1682, .T. ) ;
#2443 = VERTEX_POINT ( 'NONE', #1635 ) ;
#2444 = EDGE_CURVE ( 'NONE', #486, #3444, #3337, .T. ) ;
#2445 = CARTESIAN_POINT ( 'NONE',  ( 0.1318897637795275746, -0.1024489833240242176, -0.1139111283628084642 ) ) ;
#2446 = CYLINDRICAL_SURFACE ( 'NONE', #2489, 0.02362204724409448092 ) ;
#2447 = SURFACE_SIDE_STYLE ('',( #2143 ) ) ;
#2448 = ORIENTED_EDGE ( 'NONE', *, *, #3015, .F. ) ;
#2449 = EDGE_CURVE ( 'NONE', #627, #2174, #3313, .T. ) ;
#2450 = EDGE_CURVE ( 'NONE', #4080, #389, #1852, .T. ) ;
#2451 = DIRECTION ( 'NONE',  ( 0.0000000000000000000, 0.0000000000000000000, -1.000000000000000000 ) ) ;
#2452 = CARTESIAN_POINT ( 'NONE',  ( 0.1181102362204724532, 0.03543307086614173179, 0.1023622047244094474 ) ) ;
#2453 = EDGE_LOOP ( 'NONE', ( #3287, #634, #3193, #2458 ) ) ;
#2454 = VERTEX_POINT ( 'NONE', #2333 ) ;
#2455 = CARTESIAN_POINT ( 'NONE',  ( 0.1318897637795275746, -0.1224523058384645591, -0.1023622047244094474 ) ) ;
#2456 = DIRECTION ( 'NONE',  ( 0.0000000000000000000, 0.0000000000000000000, -1.000000000000000000 ) ) ;
#2457 = CARTESIAN_POINT ( 'NONE',  ( 0.1181102362204724532, 0.03543307086614173179, -0.07480314960629921850 ) ) ;
#2458 = ORIENTED_EDGE ( 'NONE', *, *, #182, .T. ) ;
#2459 = CARTESIAN_POINT ( 'NONE',  ( 0.08858267716535432601, 0.1496062992125984370, -0.08858267716535432601 ) ) ;
#2460 = DIRECTION ( 'NONE',  ( 0.0000000000000000000, 0.0000000000000000000, -1.000000000000000000 ) ) ;
#2461 = LINE ( 'NONE', #1440, #1320 ) ;
#2462 = EDGE_LOOP ( 'NONE', ( #3710, #1812, #3045, #3962 ) ) ;
#2463 = DIRECTION ( 'NONE',  ( 0.0000000000000000000, 0.0000000000000000000, 1.000000000000000000 ) ) ;
#2464 = CARTESIAN_POINT ( 'NONE',  ( -0.1476377952755905387, -0.06889763779527559306, 0.1023622047244094474 ) ) ;
#2465 = DIRECTION ( 'NONE',  ( 0.0000000000000000000, 1.000000000000000000, -2.454115839351809943E-16 ) ) ;
#2466 = PRODUCT_RELATED_PRODUCT_CATEGORY ( 'part', '', ( #3060 ) ) ;
#2467 = ORIENTED_EDGE ( 'NONE', *, *, #1700, .T. ) ;
#2468 = CARTESIAN_POINT ( 'NONE',  ( 0.08858267716535432601, 0.1377952755905511861, -0.08858267716535432601 ) ) ;
#2469 = FACE_OUTER_BOUND ( 'NONE', #2862, .T. ) ;
#2470 = ADVANCED_FACE ( 'NONE', ( #1337 ), #4315, .T. ) ;
#2471 = AXIS2_PLACEMENT_3D ( 'NONE', #1484, #2159, #2225 ) ;
#2472 = EDGE_LOOP ( 'NONE', ( #4253, #568, #1285, #2562 ) ) ;
#2473 = CIRCLE ( 'NONE', #2191, 0.02362204724409448092 ) ;
#2474 = DIRECTION ( 'NONE',  ( 0.0000000000000000000, 0.0000000000000000000, 1.000000000000000000 ) ) ;
#2475 = AXIS2_PLACEMENT_3D ( 'NONE', #3859, #2218, #3173 ) ;
#2476 = EDGE_CURVE ( 'NONE', #1828, #2407, #3685, .T. ) ;
#2477 = EDGE_CURVE ( 'NONE', #380, #2037, #1289, .T. ) ;
#2478 = DIRECTION ( 'NONE',  ( 0.0000000000000000000, 1.000000000000000000, 0.0000000000000000000 ) ) ;
#2479 = AXIS2_PLACEMENT_3D ( 'NONE', #2026, #1366, #3374 ) ;
#2480 = CIRCLE ( 'NONE', #181, 0.02362204724409448092 ) ;
#2481 = VERTEX_POINT ( 'NONE', #1021 ) ;
#2482 = CARTESIAN_POINT ( 'NONE',  ( 0.1476377952755905387, -0.06889763779527559306, 0.07480314960629921850 ) ) ;
#2483 = LINE ( 'NONE', #3504, #762 ) ;
#2484 = CIRCLE ( 'NONE', #1367, 0.007874015748031499423 ) ;
#2485 = VECTOR ( 'NONE', #3187, 39.37007874015748143 ) ;
#2486 = DIRECTION ( 'NONE',  ( -1.000000000000000000, 0.0000000000000000000, 0.0000000000000000000 ) ) ;
#2487 = ORIENTED_EDGE ( 'NONE', *, *, #260, .T. ) ;
#2488 = ORIENTED_EDGE ( 'NONE', *, *, #2910, .T. ) ;
#2489 = AXIS2_PLACEMENT_3D ( 'NONE', #3800, #3465, #468 ) ;
#2490 = VECTOR ( 'NONE', #1180, 39.37007874015748143 ) ;
#2491 = FACE_BOUND ( 'NONE', #1085, .T. ) ;
#2492 = LENGTH_MEASURE_WITH_UNIT ( LENGTH_MEASURE( 0.02539999999999999897 ), #1445 );
#2493 = AXIS2_PLACEMENT_3D ( 'NONE', #58, #668, #2720 ) ;
#2494 = VERTEX_POINT ( 'NONE', #3363 ) ;
#2495 = CARTESIAN_POINT ( 'NONE',  ( -0.1181102362204724532, 0.1299212598425196763, -0.04921259842519685318 ) ) ;
#2496 = CYLINDRICAL_SURFACE ( 'NONE', #2697, 0.007874015748031499423 ) ;
#2497 = DIRECTION ( 'NONE',  ( 0.0000000000000000000, 0.0000000000000000000, 1.000000000000000000 ) ) ;
#2498 = ORIENTED_EDGE ( 'NONE', *, *, #12, .F. ) ;
#2499 = EDGE_CURVE ( 'NONE', #639, #3054, #691, .T. ) ;
#2500 = CARTESIAN_POINT ( 'NONE',  ( -0.1181102362204724532, 0.03543307086614173179, -0.1023622047244094474 ) ) ;
#2501 = FACE_OUTER_BOUND ( 'NONE', #780, .T. ) ;
#2502 = CARTESIAN_POINT ( 'NONE',  ( -0.1476377952755905387, -0.06889763779527559306, -0.1023622047244094474 ) ) ;
#2503 = SURFACE_STYLE_FILL_AREA ( #191 ) ;
#2504 = ORIENTED_EDGE ( 'NONE', *, *, #840, .T. ) ;
#2505 = EDGE_CURVE ( 'NONE', #4009, #273, #1683, .T. ) ;
#2506 = ADVANCED_FACE ( 'NONE', ( #4078 ), #1162, .F. ) ;
#2507 = DIRECTION ( 'NONE',  ( 0.0000000000000000000, 0.0000000000000000000, 1.000000000000000000 ) ) ;
#2508 = VECTOR ( 'NONE', #3527, 39.37007874015748143 ) ;
#2509 = CARTESIAN_POINT ( 'NONE',  ( 0.1240157480314960647, -0.1377952755905511861, -0.1023622047244094474 ) ) ;
#2510 = ORIENTED_EDGE ( 'NONE', *, *, #4280, .F. ) ;
#2511 = ORIENTED_EDGE ( 'NONE', *, *, #786, .T. ) ;
#2512 = LINE ( 'NONE', #3866, #673 ) ;
#2513 = MECHANICAL_DESIGN_GEOMETRIC_PRESENTATION_REPRESENTATION (  '', ( #853 ), #428 ) ;
#2514 = CARTESIAN_POINT ( 'NONE',  ( -0.08858267716535432601, 0.1299212598425196763, 0.08858267716535432601 ) ) ;
#2515 = CYLINDRICAL_SURFACE ( 'NONE', #3151, 0.005905511811023620231 ) ;
#2516 = ORIENTED_EDGE ( 'NONE', *, *, #4073, .F. ) ;
#2517 = CARTESIAN_POINT ( 'NONE',  ( 0.1476377952755905387, -0.06889763779527559306, 0.1023622047244094474 ) ) ;
#2518 = CARTESIAN_POINT ( 'NONE',  ( 0.1240157480314960647, 0.03543307086614173179, -0.1023622047244094474 ) ) ;
#2519 = ORIENTED_EDGE ( 'NONE', *, *, #2874, .F. ) ;
#2520 = CYLINDRICAL_SURFACE ( 'NONE', #256, 0.005905511811023620231 ) ;
#2521 = CARTESIAN_POINT ( 'NONE',  ( 0.1318897637795275746, -0.1224523058384645591, 0.07480314960629921850 ) ) ;
#2522 = CARTESIAN_POINT ( 'NONE',  ( 0.1318897637795275746, -0.09578120915254409451, 0.1023622047244094474 ) ) ;
#2523 = EDGE_CURVE ( 'NONE', #936, #1570, #537, .T. ) ;
#2524 = ORIENTED_EDGE ( 'NONE', *, *, #4171, .F. ) ;
#2525 = LINE ( 'NONE', #4214, #1916 ) ;
#2526 = DIRECTION ( 'NONE',  ( -0.7071067811865470176, 0.7071067811865480168, 0.0000000000000000000 ) ) ;
#2527 = ADVANCED_FACE ( 'NONE', ( #3403 ), #406, .F. ) ;
#2528 = LINE ( 'NONE', #548, #1530 ) ;
#2529 = EDGE_CURVE ( 'NONE', #1547, #148, #3144, .T. ) ;
#2530 = ORIENTED_EDGE ( 'NONE', *, *, #1695, .T. ) ;
#2531 = ORIENTED_EDGE ( 'NONE', *, *, #1098, .F. ) ;
#2532 = FACE_BOUND ( 'NONE', #1140, .T. ) ;
#2533 = CARTESIAN_POINT ( 'NONE',  ( -0.1122047244094488277, 0.1299212598425196763, 0.1181102362204724532 ) ) ;
#2534 = CARTESIAN_POINT ( 'NONE',  ( -0.1122047244094488277, 0.1299212598425196763, 0.1122047244094488277 ) ) ;
#2535 = ADVANCED_FACE ( 'NONE', ( #1745 ), #89, .T. ) ;
#2536 = EDGE_LOOP ( 'NONE', ( #3597, #3172, #1393, #2235 ) ) ;
#2537 = VERTEX_POINT ( 'NONE', #3847 ) ;
#2538 = UNCERTAINTY_MEASURE_WITH_UNIT (LENGTH_MEASURE( 1.000000000000000082E-05 ), #1560, 'distance_accuracy_value', 'NONE');
#2539 = LINE ( 'NONE', #2890, #2710 ) ;
#2540 = ORIENTED_EDGE ( 'NONE', *, *, #3133, .T. ) ;
#2541 = CLOSED_SHELL ( 'NONE', ( #2372, #4065, #3297, #942, #1434, #2124, #1727, #3228, #1354, #1619, #2963, #3558, #787, #3611, #3343, #3726, #567, #2238, #2392, #209, #1520 ) ) ;
#2542 = LINE ( 'NONE', #962, #2281 ) ;
#2543 = CARTESIAN_POINT ( 'NONE',  ( 0.1240157480314960647, -0.1377952755905511861, -0.09350393700787401619 ) ) ;
#2544 = FACE_OUTER_BOUND ( 'NONE', #3725, .T. ) ;
#2545 = VERTEX_POINT ( 'NONE', #848 ) ;
#2546 = VECTOR ( 'NONE', #4247, 39.37007874015748143 ) ;
#2547 = LINE ( 'NONE', #1179, #4028 ) ;
#2548 = LINE ( 'NONE', #904, #1920 ) ;
#2549 = CARTESIAN_POINT ( 'NONE',  ( -0.1181102362204724532, 0.03543307086614173179, -0.1023622047244094474 ) ) ;
#2550 = VECTOR ( 'NONE', #210, 39.37007874015748143 ) ;
#2551 = CARTESIAN_POINT ( 'NONE',  ( 0.08858267716535432601, 0.1377952755905511861, 0.06496062992125983815 ) ) ;
#2552 = ORIENTED_EDGE ( 'NONE', *, *, #2476, .F. ) ;
#2553 = FACE_BOUND ( 'NONE', #1526, .T. ) ;
#2554 = VECTOR ( 'NONE', #2821, 39.37007874015748143 ) ;
#2555 = EDGE_CURVE ( 'NONE', #4181, #3282, #489, .T. ) ;
#2556 = CIRCLE ( 'NONE', #3192, 0.007874015748031499423 ) ;
#2557 = CARTESIAN_POINT ( 'NONE',  ( -0.1240157480314960647, -0.04201406643800709162, -0.07480314960629921850 ) ) ;
#2558 = FACE_OUTER_BOUND ( 'NONE', #4244, .T. ) ;
#2559 = AXIS2_PLACEMENT_3D ( 'NONE', #3953, #3883, #526 ) ;
#2560 = AXIS2_PLACEMENT_3D ( 'NONE', #312, #1686, #2655 ) ;
#2561 = ORIENTED_EDGE ( 'NONE', *, *, #2998, .F. ) ;
#2562 = ORIENTED_EDGE ( 'NONE', *, *, #3473, .T. ) ;
#2563 = EDGE_CURVE ( 'NONE', #1570, #2394, #69, .T. ) ;
#2564 = CIRCLE ( 'NONE', #2983, 0.02362204724409448092 ) ;
#2565 = PLANE ( 'NONE',  #3830 ) ;
#2566 = DIRECTION ( 'NONE',  ( 0.0000000000000000000, 0.0000000000000000000, 1.000000000000000000 ) ) ;
#2567 = VERTEX_POINT ( 'NONE', #2079 ) ;
#2568 = AXIS2_PLACEMENT_3D ( 'NONE', #1558, #900, #314 ) ;
#2569 = CARTESIAN_POINT ( 'NONE',  ( -0.1555118110236220208, -0.06889763779527559306, -0.07480314960629921850 ) ) ;
#2570 = LINE ( 'NONE', #1258, #1296 ) ;
#2571 = LINE ( 'NONE', #3651, #3911 ) ;
#2572 = AXIS2_PLACEMENT_3D ( 'NONE', #1985, #735, #2053 ) ;
#2573 =( CONVERSION_BASED_UNIT ( 'INCH', #2167 ) LENGTH_UNIT ( ) NAMED_UNIT ( #1903 ) );
#2574 = EDGE_LOOP ( 'NONE', ( #1416, #1388, #3277, #445 ) ) ;
#2575 = CARTESIAN_POINT ( 'NONE',  ( 0.1240157480314960647, 0.02755905511811023584, -0.1023622047244094474 ) ) ;
#2576 = DIRECTION ( 'NONE',  ( 0.0000000000000000000, 0.0000000000000000000, -1.000000000000000000 ) ) ;
#2577 = DIRECTION ( 'NONE',  ( -1.000000000000000000, 0.0000000000000000000, 0.0000000000000000000 ) ) ;
#2578 = FACE_OUTER_BOUND ( 'NONE', #3845, .T. ) ;
#2579 = ORIENTED_EDGE ( 'NONE', *, *, #3207, .F. ) ;
#2580 = ORIENTED_EDGE ( 'NONE', *, *, #2799, .F. ) ;
#2581 = CARTESIAN_POINT ( 'NONE',  ( -0.1240157480314960647, -0.04201406643800709162, -0.1023622047244094474 ) ) ;
#2582 = CARTESIAN_POINT ( 'NONE',  ( 0.1122047244094488277, 0.1299212598425196763, -0.1122047244094488277 ) ) ;
#2583 = DIRECTION ( 'NONE',  ( -0.0000000000000000000, 1.000000000000000000, 0.0000000000000000000 ) ) ;
#2584 = AXIS2_PLACEMENT_3D ( 'NONE', #3796, #170, #3138 ) ;
#2585 = DIRECTION ( 'NONE',  ( 0.0000000000000000000, -1.000000000000000000, 0.0000000000000000000 ) ) ;
#2586 = EDGE_CURVE ( 'NONE', #1911, #1261, #3490, .T. ) ;
#2587 = ORIENTED_EDGE ( 'NONE', *, *, #3945, .F. ) ;
#2588 = ORIENTED_EDGE ( 'NONE', *, *, #3525, .T. ) ;
#2589 = CIRCLE ( 'NONE', #1059, 0.02362204724409448092 ) ;
#2590 = DIRECTION ( 'NONE',  ( 4.063888932435259910E-16, -1.000000000000000000, 0.0000000000000000000 ) ) ;
#2591 = LINE ( 'NONE', #3938, #4325 ) ;
#2592 = EDGE_CURVE ( 'NONE', #1141, #2454, #1399, .T. ) ;
#2593 = EDGE_CURVE ( 'NONE', #741, #550, #1103, .T. ) ;
#2594 = VERTEX_POINT ( 'NONE', #3446 ) ;
#2595 = DIRECTION ( 'NONE',  ( 0.0000000000000000000, 1.000000000000000000, 0.0000000000000000000 ) ) ;
#2596 = FACE_OUTER_BOUND ( 'NONE', #1882, .T. ) ;
#2597 = CARTESIAN_POINT ( 'NONE',  ( -0.1240157480314960647, -0.1377952755905511861, -0.08366141732283464971 ) ) ;
#2598 = ORIENTED_EDGE ( 'NONE', *, *, #1542, .T. ) ;
#2599 = CARTESIAN_POINT ( 'NONE',  ( -0.1318897637795275746, -0.09578120915254409451, -0.1023622047244094474 ) ) ;
#2600 = CARTESIAN_POINT ( 'NONE',  ( 0.1318897637795275746, 0.02755905511811023584, -0.07480314960629921850 ) ) ;
#2601 = CARTESIAN_POINT ( 'NONE',  ( 0.1476377952755905387, -0.06889763779527559306, -0.1023622047244094474 ) ) ;
#2602 = ORIENTED_EDGE ( 'NONE', *, *, #3481, .T. ) ;
#2603 = ORIENTED_EDGE ( 'NONE', *, *, #2523, .T. ) ;
#2604 = DIRECTION ( 'NONE',  ( 1.000000000000000000, 0.0000000000000000000, 0.0000000000000000000 ) ) ;
#2605 = FACE_OUTER_BOUND ( 'NONE', #914, .T. ) ;
#2606 = LINE ( 'NONE', #4251, #3291 ) ;
#2607 = VERTEX_POINT ( 'NONE', #2116 ) ;
#2608 = EDGE_LOOP ( 'NONE', ( #1069, #671, #2488, #1028 ) ) ;
#2609 = DIRECTION ( 'NONE',  ( 0.0000000000000000000, 0.0000000000000000000, -1.000000000000000000 ) ) ;
#2610 = DIRECTION ( 'NONE',  ( 0.0000000000000000000, -1.000000000000000000, 0.0000000000000000000 ) ) ;
#2611 = ORIENTED_EDGE ( 'NONE', *, *, #1853, .F. ) ;
#2612 = DIRECTION ( 'NONE',  ( 1.000000000000000000, 0.0000000000000000000, 0.0000000000000000000 ) ) ;
#2613 = EDGE_CURVE ( 'NONE', #2429, #3552, #1767, .T. ) ;
#2614 = SURFACE_STYLE_USAGE ( .BOTH. , #1603 ) ;
#2615 = CARTESIAN_POINT ( 'NONE',  ( -0.1263219938489248129, -0.04758183636860983945, -0.1023622047244094474 ) ) ;
#2616 = ORIENTED_EDGE ( 'NONE', *, *, #566, .F. ) ;
#2617 = CARTESIAN_POINT ( 'NONE',  ( 0.08858267716535432601, 0.1496062992125984370, -0.06496062992125983815 ) ) ;
#2618 = ADVANCED_FACE ( 'NONE', ( #1123 ), #2446, .T. ) ;
#2619 = DIRECTION ( 'NONE',  ( 1.000000000000000000, 0.0000000000000000000, 0.0000000000000000000 ) ) ;
#2620 = DIRECTION ( 'NONE',  ( 0.0000000000000000000, 0.0000000000000000000, 1.000000000000000000 ) ) ;
#2621 = ORIENTED_EDGE ( 'NONE', *, *, #1541, .F. ) ;
#2622 = CARTESIAN_POINT ( 'NONE',  ( 0.0000000000000000000, 0.1299212598425196763, 0.06889763779527559306 ) ) ;
#2623 = AXIS2_PLACEMENT_3D ( 'NONE', #1718, #1037, #3396 ) ;
#2624 = DIRECTION ( 'NONE',  ( 0.0000000000000000000, 0.0000000000000000000, 1.000000000000000000 ) ) ;
#2625 = VECTOR ( 'NONE', #797, 39.37007874015748143 ) ;
#2626 = DIRECTION ( 'NONE',  ( 0.0000000000000000000, 0.0000000000000000000, -1.000000000000000000 ) ) ;
#2627 = CIRCLE ( 'NONE', #1779, 0.02362204724409448092 ) ;
#2628 = MECHANICAL_DESIGN_GEOMETRIC_PRESENTATION_REPRESENTATION (  '', ( #3828 ), #2692 ) ;
#2629 = VERTEX_POINT ( 'NONE', #4141 ) ;
#2630 = DIRECTION ( 'NONE',  ( 2.454115839351809943E-16, -1.000000000000000000, 0.0000000000000000000 ) ) ;
#2631 = CIRCLE ( 'NONE', #2280, 0.007874015748031499423 ) ;
#2632 = VECTOR ( 'NONE', #1469, 39.37007874015748143 ) ;
#2633 = ORIENTED_EDGE ( 'NONE', *, *, #1149, .F. ) ;
#2634 = AXIS2_PLACEMENT_3D ( 'NONE', #2954, #2999, #2295 ) ;
#2635 = FACE_OUTER_BOUND ( 'NONE', #2713, .T. ) ;
#2636 = DIRECTION ( 'NONE',  ( 0.0000000000000000000, 0.0000000000000000000, 1.000000000000000000 ) ) ;
#2637 = VECTOR ( 'NONE', #1191, 39.37007874015748143 ) ;
#2638 = ADVANCED_FACE ( 'NONE', ( #1142 ), #3243, .F. ) ;
#2639 = VERTEX_POINT ( 'NONE', #510 ) ;
#2640 = CARTESIAN_POINT ( 'NONE',  ( 0.1532055652061933004, -0.06332986786467284523, 0.07480314960629921850 ) ) ;
#2641 = DIRECTION ( 'NONE',  ( 0.0000000000000000000, 0.0000000000000000000, 1.000000000000000000 ) ) ;
#2642 = STYLED_ITEM ( 'NONE', ( #2402 ), #3675 ) ;
#2643 = DIRECTION ( 'NONE',  ( 0.7071067811865479058, -0.7071067811865469066, 0.0000000000000000000 ) ) ;
#2644 = LINE ( 'NONE', #4027, #3006 ) ;
#2645 = EDGE_CURVE ( 'NONE', #3552, #138, #4250, .T. ) ;
#2646 = EDGE_CURVE ( 'NONE', #3528, #2820, #3619, .T. ) ;
#2647 = EDGE_LOOP ( 'NONE', ( #2510, #2319 ) ) ;
#2648 = CYLINDRICAL_SURFACE ( 'NONE', #318, 0.007874015748031499423 ) ;
#2649 = FACE_OUTER_BOUND ( 'NONE', #1288, .T. ) ;
#2650 = VERTEX_POINT ( 'NONE', #2533 ) ;
#2651 = VECTOR ( 'NONE', #927, 39.37007874015748143 ) ;
#2652 = DIRECTION ( 'NONE',  ( 0.0000000000000000000, 1.000000000000000000, 0.0000000000000000000 ) ) ;
#2653 = SURFACE_STYLE_USAGE ( .BOTH. , #3314 ) ;
#2654 = ORIENTED_EDGE ( 'NONE', *, *, #343, .F. ) ;
#2655 = DIRECTION ( 'NONE',  ( 1.000000000000000000, 0.0000000000000000000, 0.0000000000000000000 ) ) ;
#2656 = DIRECTION ( 'NONE',  ( 0.0000000000000000000, 1.000000000000000000, -2.454115839351809943E-16 ) ) ;
#2657 = FACE_OUTER_BOUND ( 'NONE', #4054, .T. ) ;
#2658 = VERTEX_POINT ( 'NONE', #1832 ) ;
#2659 = PLANE ( 'NONE',  #1850 ) ;
#2660 = FACE_OUTER_BOUND ( 'NONE', #1715, .T. ) ;
#2661 = DIRECTION ( 'NONE',  ( 0.0000000000000000000, 0.0000000000000000000, 1.000000000000000000 ) ) ;
#2662 =( LENGTH_UNIT ( ) NAMED_UNIT ( * ) SI_UNIT ( $, .METRE. ) );
#2663 = ORIENTED_EDGE ( 'NONE', *, *, #4310, .T. ) ;
#2664 = FACE_OUTER_BOUND ( 'NONE', #4271, .T. ) ;
#2665 = DIRECTION ( 'NONE',  ( -1.000000000000000000, 0.0000000000000000000, 2.168404344971010347E-16 ) ) ;
#2666 = EDGE_CURVE ( 'NONE', #1043, #3069, #3180, .T. ) ;
#2667 = EDGE_CURVE ( 'NONE', #1481, #2629, #2769, .T. ) ;
#2668 = DIRECTION ( 'NONE',  ( 1.000000000000000000, 0.0000000000000000000, 0.0000000000000000000 ) ) ;
#2669 = ORIENTED_EDGE ( 'NONE', *, *, #2127, .T. ) ;
#2670 = EDGE_LOOP ( 'NONE', ( #4143, #796, #3245, #3783, #3648, #2621, #4002, #2785, #4069, #3220, #3078, #2374, #2141, #1356, #4158, #3094, #1748 ) ) ;
#2671 = EDGE_CURVE ( 'NONE', #3829, #1226, #221, .T. ) ;
#2672 = CARTESIAN_POINT ( 'NONE',  ( -0.08858267716535432601, 0.1377952755905511861, 0.06496062992125983815 ) ) ;
#2673 = VERTEX_POINT ( 'NONE', #3526 ) ;
#2674 = FACE_OUTER_BOUND ( 'NONE', #3385, .T. ) ;
#2675 = DIRECTION ( 'NONE',  ( 1.000000000000000000, 0.0000000000000000000, 0.0000000000000000000 ) ) ;
#2676 = DIRECTION ( 'NONE',  ( -2.168404344971010347E-16, 0.0000000000000000000, -1.000000000000000000 ) ) ;
#2677 = ORIENTED_EDGE ( 'NONE', *, *, #2943, .T. ) ;
#2678 = CARTESIAN_POINT ( 'NONE',  ( 0.1122047244094488277, 0.1377952755905511861, 0.1181102362204724532 ) ) ;
#2679 = CARTESIAN_POINT ( 'NONE',  ( -0.1240157480314960647, -0.09578120915254409451, 0.1023622047244094474 ) ) ;
#2680 = CARTESIAN_POINT ( 'NONE',  ( 0.08858267716535432601, 0.1496062992125984370, 0.06496062992125983815 ) ) ;
#2681 = ORIENTED_EDGE ( 'NONE', *, *, #2799, .T. ) ;
#2682 = PLANE ( 'NONE',  #1090 ) ;
#2683 = CARTESIAN_POINT ( 'NONE',  ( -0.1476377952755905387, -0.06889763779527559306, 0.07480314960629921850 ) ) ;
#2684 = LENGTH_MEASURE_WITH_UNIT ( LENGTH_MEASURE( 0.02539999999999999897 ), #3021 );
#2685 = ORIENTED_EDGE ( 'NONE', *, *, #211, .T. ) ;
#2686 = ORIENTED_EDGE ( 'NONE', *, *, #3721, .F. ) ;
#2687 = ADVANCED_FACE ( 'NONE', ( #1915 ), #1529, .T. ) ;
#2688 = ORIENTED_EDGE ( 'NONE', *, *, #1945, .F. ) ;
#2689 = VECTOR ( 'NONE', #3520, 39.37007874015748143 ) ;
#2690 = CARTESIAN_POINT ( 'NONE',  ( 0.1240157480314960647, -0.1224523058384645591, 0.1023622047244094474 ) ) ;
#2691 = CIRCLE ( 'NONE', #1571, 0.007874015748031499423 ) ;
#2692 =( GEOMETRIC_REPRESENTATION_CONTEXT ( 3 ) GLOBAL_UNCERTAINTY_ASSIGNED_CONTEXT ( ( #2538 ) ) GLOBAL_UNIT_ASSIGNED_CONTEXT ( ( #1560, #2219, #4215 ) ) REPRESENTATION_CONTEXT ( 'NONE', 'WORKASPACE' ) );
#2693 = ORIENTED_EDGE ( 'NONE', *, *, #2858, .F. ) ;
#2694 = EDGE_CURVE ( 'NONE', #2673, #143, #201, .T. ) ;
#2695 = EDGE_CURVE ( 'NONE', #3487, #2407, #2160, .T. ) ;
#2696 = CARTESIAN_POINT ( 'NONE',  ( 0.1318897637795275746, -0.09578120915254409451, 0.07480314960629921850 ) ) ;
#2697 = AXIS2_PLACEMENT_3D ( 'NONE', #3851, #3761, #767 ) ;
#2698 = DIRECTION ( 'NONE',  ( 0.0000000000000000000, 0.0000000000000000000, 1.000000000000000000 ) ) ;
#2699 = CIRCLE ( 'NONE', #2066, 0.02362204724409448092 ) ;
#2700 = DIRECTION ( 'NONE',  ( 0.0000000000000000000, 0.0000000000000000000, -1.000000000000000000 ) ) ;
#2701 = ORIENTED_EDGE ( 'NONE', *, *, #2205, .T. ) ;
#2702 = VECTOR ( 'NONE', #1176, 39.37007874015748143 ) ;
#2703 = VECTOR ( 'NONE', #515, 39.37007874015748143 ) ;
#2704 = ORIENTED_EDGE ( 'NONE', *, *, #760, .F. ) ;
#2705 = DIRECTION ( 'NONE',  ( 1.000000000000000000, 0.0000000000000000000, 0.0000000000000000000 ) ) ;
#2706 = LINE ( 'NONE', #4052, #3678 ) ;
#2707 = AXIS2_PLACEMENT_3D ( 'NONE', #3576, #2279, #2610 ) ;
#2708 = CARTESIAN_POINT ( 'NONE',  ( -0.1240157480314960647, 0.02755905511811023584, -0.1023622047244094474 ) ) ;
#2709 = ORIENTED_EDGE ( 'NONE', *, *, #891, .T. ) ;
#2710 = VECTOR ( 'NONE', #3226, 39.37007874015748143 ) ;
#2711 = CARTESIAN_POINT ( 'NONE',  ( -0.08858267716535432601, 0.1299212598425196763, -0.1122047244094488139 ) ) ;
#2712 = ORIENTED_EDGE ( 'NONE', *, *, #1278, .T. ) ;
#2713 = EDGE_LOOP ( 'NONE', ( #1733, #263, #1720, #2552 ) ) ;
#2714 = DIRECTION ( 'NONE',  ( 0.0000000000000000000, -1.000000000000000000, 0.0000000000000000000 ) ) ;
#2715 = DIRECTION ( 'NONE',  ( 0.0000000000000000000, 0.0000000000000000000, 1.000000000000000000 ) ) ;
#2716 = EDGE_CURVE ( 'NONE', #2639, #1188, #2564, .T. ) ;
#2717 = ORIENTED_EDGE ( 'NONE', *, *, #3451, .F. ) ;
#2718 = DIRECTION ( 'NONE',  ( 0.0000000000000000000, 1.000000000000000000, 0.0000000000000000000 ) ) ;
#2719 = DIRECTION ( 'NONE',  ( -0.7071067811865469066, -0.7071067811865479058, 0.0000000000000000000 ) ) ;
#2720 = DIRECTION ( 'NONE',  ( 0.0000000000000000000, 0.0000000000000000000, -1.000000000000000000 ) ) ;
#2721 = EDGE_CURVE ( 'NONE', #3274, #2222, #1506, .T. ) ;
#2722 = ADVANCED_FACE ( 'NONE', ( #2605 ), #2865, .T. ) ;
#2723 = ORIENTED_EDGE ( 'NONE', *, *, #1728, .F. ) ;
#2724 = VERTEX_POINT ( 'NONE', #2884 ) ;
#2725 = LINE ( 'NONE', #2389, #1711 ) ;
#2726 = COLOUR_RGB ( '',0.8274509803921568096, 0.8392156862745098200, 0.8274509803921568096 ) ;
#2727 = CARTESIAN_POINT ( 'NONE',  ( 0.1532055652061933004, -0.07446540772587834089, -0.1023622047244094474 ) ) ;
#2728 = PLANE ( 'NONE',  #2025 ) ;
#2729 = ORIENTED_EDGE ( 'NONE', *, *, #2177, .F. ) ;
#2730 = FACE_OUTER_BOUND ( 'NONE', #736, .T. ) ;
#2731 = CARTESIAN_POINT ( 'NONE',  ( 0.1555118110236220763, -0.1377952755905511861, -0.09350393700787401619 ) ) ;
#2732 = ORIENTED_EDGE ( 'NONE', *, *, #2694, .T. ) ;
#2733 = CARTESIAN_POINT ( 'NONE',  ( -0.1122047244094488277, 0.1377952755905511861, -0.1181102362204724532 ) ) ;
#2734 = CARTESIAN_POINT ( 'NONE',  ( -0.1240157480314960647, -0.09578120915254409451, 0.1023622047244094474 ) ) ;
#2735 = CARTESIAN_POINT ( 'NONE',  ( -0.1181102362204724532, 0.1299212598425196763, 0.1181102362204724532 ) ) ;
#2736 = ORIENTED_EDGE ( 'NONE', *, *, #98, .T. ) ;
#2737 = LINE ( 'NONE', #163, #2554 ) ;
#2738 = CARTESIAN_POINT ( 'NONE',  ( 0.1181102362204724532, 0.1377952755905511861, 0.1181102362204724532 ) ) ;
#2739 = ORIENTED_EDGE ( 'NONE', *, *, #1294, .F. ) ;
#2740 = VERTEX_POINT ( 'NONE', #1204 ) ;
#2741 = EDGE_CURVE ( 'NONE', #680, #1625, #2002, .T. ) ;
#2742 = PLANE ( 'NONE',  #1498 ) ;
#2743 = VERTEX_POINT ( 'NONE', #2557 ) ;
#2744 = EDGE_CURVE ( 'NONE', #1847, #2886, #2417, .T. ) ;
#2745 = CARTESIAN_POINT ( 'NONE',  ( 0.1532055652061933004, -0.07446540772587834089, 0.1023622047244094474 ) ) ;
#2746 = DIRECTION ( 'NONE',  ( -2.454115839351809943E-16, -1.000000000000000000, 0.0000000000000000000 ) ) ;
#2747 = CARTESIAN_POINT ( 'NONE',  ( -0.1240157480314960647, -0.1377952755905511861, 0.1023622047244094474 ) ) ;
#2748 = ORIENTED_EDGE ( 'NONE', *, *, #1006, .F. ) ;
#2749 = ORIENTED_EDGE ( 'NONE', *, *, #236, .F. ) ;
#2750 = DIRECTION ( 'NONE',  ( 0.0000000000000000000, 0.0000000000000000000, 1.000000000000000000 ) ) ;
#2751 = DIRECTION ( 'NONE',  ( -4.063888932435259910E-16, -1.000000000000000000, 0.0000000000000000000 ) ) ;
#2752 = FILL_AREA_STYLE ('',( #175 ) ) ;
#2753 = ORIENTED_EDGE ( 'NONE', *, *, #4139, .F. ) ;
#2754 = AXIS2_PLACEMENT_3D ( 'NONE', #111, #1444, #2776 ) ;
#2755 = DIRECTION ( 'NONE',  ( -1.000000000000000000, -4.063888932435259910E-16, 0.0000000000000000000 ) ) ;
#2756 = AXIS2_PLACEMENT_3D ( 'NONE', #1116, #4136, #3218 ) ;
#2757 = VECTOR ( 'NONE', #2310, 39.37007874015748143 ) ;
#2758 = ORIENTED_EDGE ( 'NONE', *, *, #2428, .T. ) ;
#2759 = ORIENTED_EDGE ( 'NONE', *, *, #105, .T. ) ;
#2760 = AXIS2_PLACEMENT_3D ( 'NONE', #1692, #2044, #1031 ) ;
#2761 = VECTOR ( 'NONE', #3767, 39.37007874015748854 ) ;
#2762 = FACE_BOUND ( 'NONE', #1178, .T. ) ;
#2763 = PLANE ( 'NONE',  #2634 ) ;
#2764 = VECTOR ( 'NONE', #2888, 39.37007874015748143 ) ;
#2765 = EDGE_CURVE ( 'NONE', #3444, #2938, #3687, .T. ) ;
#2766 = CYLINDRICAL_SURFACE ( 'NONE', #1122, 0.02362204724409448092 ) ;
#2767 = EDGE_LOOP ( 'NONE', ( #171, #803, #213, #2366 ) ) ;
#2768 = CARTESIAN_POINT ( 'NONE',  ( 0.1318897637795275746, -0.1143824042423135789, 0.07014398974742774850 ) ) ;
#2769 = CIRCLE ( 'NONE', #2559, 0.005905511811023620231 ) ;
#2770 = ADVANCED_FACE ( 'NONE', ( #1897 ), #242, .F. ) ;
#2771 = DIRECTION ( 'NONE',  ( 1.000000000000000000, 0.0000000000000000000, 0.0000000000000000000 ) ) ;
#2772 = EDGE_CURVE ( 'NONE', #2224, #48, #3511, .T. ) ;
#2773 = AXIS2_PLACEMENT_3D ( 'NONE', #2258, #4235, #3922 ) ;
#2774 = ORIENTED_EDGE ( 'NONE', *, *, #4194, .F. ) ;
#2775 = ORIENTED_EDGE ( 'NONE', *, *, #3862, .F. ) ;
#2776 = DIRECTION ( 'NONE',  ( 0.0000000000000000000, 0.0000000000000000000, -1.000000000000000000 ) ) ;
#2777 = VECTOR ( 'NONE', #1901, 39.37007874015748143 ) ;
#2778 = DIRECTION ( 'NONE',  ( -1.000000000000000000, 0.0000000000000000000, 0.0000000000000000000 ) ) ;
#2779 = CARTESIAN_POINT ( 'NONE',  ( 0.1532055652061933004, -0.07446540772587834089, -0.1023622047244094474 ) ) ;
#2780 = ORIENTED_EDGE ( 'NONE', *, *, #457, .F. ) ;
#2781 = PLANE ( 'NONE',  #3196 ) ;
#2782 = FACE_OUTER_BOUND ( 'NONE', #2161, .T. ) ;
#2783 = DIRECTION ( 'NONE',  ( 0.0000000000000000000, 0.0000000000000000000, 1.000000000000000000 ) ) ;
#2784 = EDGE_LOOP ( 'NONE', ( #3399, #431, #610, #1201 ) ) ;
#2785 = ORIENTED_EDGE ( 'NONE', *, *, #3233, .F. ) ;
#2786 = CARTESIAN_POINT ( 'NONE',  ( 0.1263219938489248129, -0.04758183636860983945, 0.1023622047244094474 ) ) ;
#2787 = LINE ( 'NONE', #2148, #2198 ) ;
#2788 = VECTOR ( 'NONE', #2338, 39.37007874015748143 ) ;
#2789 = CARTESIAN_POINT ( 'NONE',  ( 0.1122047244094488277, 0.0000000000000000000, -0.1122047244094488277 ) ) ;
#2790 = DIRECTION ( 'NONE',  ( 0.0000000000000000000, -1.000000000000000000, 0.0000000000000000000 ) ) ;
#2791 = AXIS2_PLACEMENT_3D ( 'NONE', #480, #3089, #1074 ) ;
#2792 = ORIENTED_EDGE ( 'NONE', *, *, #2667, .F. ) ;
#2793 = DIRECTION ( 'NONE',  ( 0.0000000000000000000, 1.000000000000000000, 0.0000000000000000000 ) ) ;
#2794 = CARTESIAN_POINT ( 'NONE',  ( -0.1318897637795275746, -0.1377952755905511861, -0.08366141732283464971 ) ) ;
#2795 = DIRECTION ( 'NONE',  ( 0.0000000000000000000, 1.000000000000000000, 0.0000000000000000000 ) ) ;
#2796 = ORIENTED_EDGE ( 'NONE', *, *, #1308, .F. ) ;
#2797 = ORIENTED_EDGE ( 'NONE', *, *, #1906, .F. ) ;
#2798 = LINE ( 'NONE', #446, #1088 ) ;
#2799 = EDGE_CURVE ( 'NONE', #4035, #1335, #1790, .T. ) ;
#2800 = DIRECTION ( 'NONE',  ( 2.454115839351809943E-16, -1.000000000000000000, 0.0000000000000000000 ) ) ;
#2801 = SURFACE_SIDE_STYLE ('',( #3491 ) ) ;
#2802 = ORIENTED_EDGE ( 'NONE', *, *, #1382, .F. ) ;
#2803 = ADVANCED_FACE ( 'NONE', ( #2271 ), #286, .F. ) ;
#2804 = CARTESIAN_POINT ( 'NONE',  ( -0.1476377952755905387, -0.06889763779527559306, 0.1023622047244094474 ) ) ;
#2805 = DIRECTION ( 'NONE',  ( 0.0000000000000000000, 0.0000000000000000000, -1.000000000000000000 ) ) ;
#2806 = ORIENTED_EDGE ( 'NONE', *, *, #2261, .F. ) ;
#2807 = ORIENTED_EDGE ( 'NONE', *, *, #1995, .F. ) ;
#2808 = DIRECTION ( 'NONE',  ( 0.0000000000000000000, 1.000000000000000000, 0.0000000000000000000 ) ) ;
#2809 = CARTESIAN_POINT ( 'NONE',  ( 0.1181102362204724532, 0.1377952755905511861, -0.1122047244094488277 ) ) ;
#2810 = DIRECTION ( 'NONE',  ( -2.454115839351809943E-16, -1.000000000000000000, 0.0000000000000000000 ) ) ;
#2811 = CARTESIAN_POINT ( 'NONE',  ( 0.0000000000000000000, 0.1299212598425196763, 0.0000000000000000000 ) ) ;
#2812 = ORIENTED_EDGE ( 'NONE', *, *, #615, .T. ) ;
#2813 = CARTESIAN_POINT ( 'NONE',  ( -0.1555118110236220763, -0.1377952755905511861, -0.08366141732283464971 ) ) ;
#2814 = CARTESIAN_POINT ( 'NONE',  ( -0.1318897637795275746, -0.04201406643800709162, 0.1023622047244094474 ) ) ;
#2815 = ORIENTED_EDGE ( 'NONE', *, *, #3082, .F. ) ;
#2816 = ORIENTED_EDGE ( 'NONE', *, *, #3296, .T. ) ;
#2817 = CARTESIAN_POINT ( 'NONE',  ( 0.1240157480314960647, -0.04201406643800709162, 0.07480314960629921850 ) ) ;
#2818 = DIRECTION ( 'NONE',  ( 0.0000000000000000000, 0.0000000000000000000, 1.000000000000000000 ) ) ;
#2819 = EDGE_CURVE ( 'NONE', #1383, #1, #1001, .T. ) ;
#2820 = VERTEX_POINT ( 'NONE', #685 ) ;
#2821 = DIRECTION ( 'NONE',  ( 0.0000000000000000000, 0.0000000000000000000, 1.000000000000000000 ) ) ;
#2822 = LINE ( 'NONE', #513, #546 ) ;
#2823 = ADVANCED_FACE ( 'NONE', ( #3106 ), #101, .T. ) ;
#2824 = ADVANCED_FACE ( 'NONE', ( #4032 ), #2763, .F. ) ;
#2825 = ORIENTED_EDGE ( 'NONE', *, *, #2960, .T. ) ;
#2826 = MECHANICAL_DESIGN_GEOMETRIC_PRESENTATION_REPRESENTATION (  '', ( #614 ), #1304 ) ;
#2827 = DIRECTION ( 'NONE',  ( 0.0000000000000000000, 1.000000000000000000, 0.0000000000000000000 ) ) ;
#2828 = AXIS2_PLACEMENT_3D ( 'NONE', #1670, #3924, #924 ) ;
#2829 = CARTESIAN_POINT ( 'NONE',  ( -0.1240157480314960647, 0.02755905511811023584, -0.1023622047244094474 ) ) ;
#2830 = AXIS2_PLACEMENT_3D ( 'NONE', #2390, #3392, #3014 ) ;
#2831 = VECTOR ( 'NONE', #3333, 39.37007874015748854 ) ;
#2832 = ORIENTED_EDGE ( 'NONE', *, *, #53, .T. ) ;
#2833 = DIRECTION ( 'NONE',  ( 0.0000000000000000000, 0.0000000000000000000, 1.000000000000000000 ) ) ;
#2834 = VECTOR ( 'NONE', #1967, 39.37007874015748854 ) ;
#2835 = VECTOR ( 'NONE', #3804, 39.37007874015748854 ) ;
#2836 = FACE_OUTER_BOUND ( 'NONE', #1696, .T. ) ;
#2837 = ORIENTED_EDGE ( 'NONE', *, *, #1301, .T. ) ;
#2838 = VECTOR ( 'NONE', #784, 39.37007874015748143 ) ;
#2839 = AXIS2_PLACEMENT_3D ( 'NONE', #4291, #1592, #2932 ) ;
#2840 = FACE_OUTER_BOUND ( 'NONE', #3665, .T. ) ;
#2841 = CARTESIAN_POINT ( 'NONE',  ( 0.1318897637795275746, -0.04201406643800709162, -0.1023622047244094474 ) ) ;
#2842 =( NAMED_UNIT ( * ) SI_UNIT ( $, .STERADIAN. ) SOLID_ANGLE_UNIT ( ) );
#2843 = CONICAL_SURFACE ( 'NONE', #834, 0.06889763779527559306, 0.03490658503988665340 ) ;
#2844 = ORIENTED_EDGE ( 'NONE', *, *, #4188, .F. ) ;
#2845 = AXIS2_PLACEMENT_3D ( 'NONE', #1081, #3754, #115 ) ;
#2846 = EDGE_CURVE ( 'NONE', #1742, #3719, #4319, .T. ) ;
#2847 = CARTESIAN_POINT ( 'NONE',  ( -0.1181102362204724532, 0.03543307086614173179, 0.07480314960629921850 ) ) ;
#2848 = EDGE_LOOP ( 'NONE', ( #3262, #1913, #1925, #3112 ) ) ;
#2849 = DIRECTION ( 'NONE',  ( 0.0000000000000000000, 0.0000000000000000000, -1.000000000000000000 ) ) ;
#2850 = EDGE_CURVE ( 'NONE', #1383, #1828, #4012, .T. ) ;
#2851 = DIRECTION ( 'NONE',  ( 0.0000000000000000000, 0.0000000000000000000, -1.000000000000000000 ) ) ;
#2852 = EDGE_CURVE ( 'NONE', #3037, #2740, #641, .T. ) ;
#2853 = DIRECTION ( 'NONE',  ( -0.7071067811865469066, -0.7071067811865479058, 0.0000000000000000000 ) ) ;
#2854 =( NAMED_UNIT ( * ) PLANE_ANGLE_UNIT ( ) SI_UNIT ( $, .RADIAN. ) );
#2855 = EDGE_LOOP ( 'NONE', ( #1316, #1605 ) ) ;
#2856 = CARTESIAN_POINT ( 'NONE',  ( -0.1122047244094488277, 0.0000000000000000000, 0.1122047244094488277 ) ) ;
#2857 = VECTOR ( 'NONE', #2083, 39.37007874015748143 ) ;
#2858 = EDGE_CURVE ( 'NONE', #2673, #476, #2973, .T. ) ;
#2859 = DIRECTION ( 'NONE',  ( 0.0000000000000000000, 0.0000000000000000000, -1.000000000000000000 ) ) ;
#2860 = LINE ( 'NONE', #3260, #4059 ) ;
#2861 = CIRCLE ( 'NONE', #3567, 0.02362204724409448092 ) ;
#2862 = EDGE_LOOP ( 'NONE', ( #1630, #2930, #1313, #2359, #1004, #1279, #839, #2748, #1491, #742, #506, #2058, #2936, #2758, #1660, #2837, #244 ) ) ;
#2863 = ORIENTED_EDGE ( 'NONE', *, *, #2179, .F. ) ;
#2864 = LINE ( 'NONE', #847, #2546 ) ;
#2865 = CYLINDRICAL_SURFACE ( 'NONE', #3062, 0.007874015748031499423 ) ;
#2866 = LINE ( 'NONE', #1875, #1254 ) ;
#2867 = EDGE_LOOP ( 'NONE', ( #749, #1732, #1061, #1667 ) ) ;
#2868 = CARTESIAN_POINT ( 'NONE',  ( -0.1181102362204724532, 0.003937007874015747977, -0.04921259842519685318 ) ) ;
#2869 = ORIENTED_EDGE ( 'NONE', *, *, #1096, .F. ) ;
#2870 = CARTESIAN_POINT ( 'NONE',  ( -0.1240157480314960647, 0.02755905511811023584, -0.1023622047244094474 ) ) ;
#2871 = FACE_OUTER_BOUND ( 'NONE', #3562, .T. ) ;
#2872 = DIRECTION ( 'NONE',  ( 0.0000000000000000000, 0.0000000000000000000, -1.000000000000000000 ) ) ;
#2873 = PRESENTATION_STYLE_ASSIGNMENT (( #2259 ) ) ;
#2874 = EDGE_CURVE ( 'NONE', #3880, #3158, #2312, .T. ) ;
#2875 = ORIENTED_EDGE ( 'NONE', *, *, #2908, .F. ) ;
#2876 = CARTESIAN_POINT ( 'NONE',  ( -0.1263219938489248129, -0.09021343922194134668, -0.07480314960629921850 ) ) ;
#2877 = FACE_OUTER_BOUND ( 'NONE', #2315, .T. ) ;
#2878 = DIRECTION ( 'NONE',  ( 2.454115839351809943E-16, -1.000000000000000000, 0.0000000000000000000 ) ) ;
#2879 = DIRECTION ( 'NONE',  ( 0.0000000000000000000, 0.0000000000000000000, -1.000000000000000000 ) ) ;
#2880 = ADVANCED_FACE ( 'NONE', ( #354 ), #1016, .T. ) ;
#2881 = ORIENTED_EDGE ( 'NONE', *, *, #840, .F. ) ;
#2882 = VERTEX_POINT ( 'NONE', #708 ) ;
#2883 = CARTESIAN_POINT ( 'NONE',  ( -0.1318897637795275746, -0.1024489833240242176, 0.1139111283628084642 ) ) ;
#2884 = CARTESIAN_POINT ( 'NONE',  ( 0.1122047244094488277, 0.1299212598425196763, -0.1181102362204724532 ) ) ;
#2885 = DIRECTION ( 'NONE',  ( -0.7071067811865480168, -0.7071067811865470176, 0.0000000000000000000 ) ) ;
#2886 = VERTEX_POINT ( 'NONE', #3020 ) ;
#2887 = VERTEX_POINT ( 'NONE', #1038 ) ;
#2888 = DIRECTION ( 'NONE',  ( -1.000000000000000000, 0.0000000000000000000, 0.0000000000000000000 ) ) ;
#2889 = AXIS2_PLACEMENT_3D ( 'NONE', #403, #4058, #2463 ) ;
#2890 = CARTESIAN_POINT ( 'NONE',  ( 0.1240157480314960647, -0.1377952755905511861, 0.1023622047244094474 ) ) ;
#2891 = EDGE_LOOP ( 'NONE', ( #2753, #151, #357, #3372 ) ) ;
#2892 = DIRECTION ( 'NONE',  ( 0.0000000000000000000, 0.0000000000000000000, 1.000000000000000000 ) ) ;
#2893 =( LENGTH_UNIT ( ) NAMED_UNIT ( * ) SI_UNIT ( $, .METRE. ) );
#2894 = LINE ( 'NONE', #3628, #50 ) ;
#2895 = AXIS2_PLACEMENT_3D ( 'NONE', #800, #2714, #1697 ) ;
#2896 = ORIENTED_EDGE ( 'NONE', *, *, #2846, .F. ) ;
#2897 = DIRECTION ( 'NONE',  ( -2.168404344971010347E-16, 0.0000000000000000000, -1.000000000000000000 ) ) ;
#2898 = CARTESIAN_POINT ( 'NONE',  ( -0.1181102362204724532, 0.0000000000000000000, -0.1181102362204724532 ) ) ;
#2899 = CARTESIAN_POINT ( 'NONE',  ( 0.1240157480314960647, -0.1377952755905511861, 0.09350393700787401619 ) ) ;
#2900 = EDGE_CURVE ( 'NONE', #656, #2658, #1372, .T. ) ;
#2901 = MECHANICAL_DESIGN_GEOMETRIC_PRESENTATION_REPRESENTATION (  '', ( #3121 ), #963 ) ;
#2902 = DIRECTION ( 'NONE',  ( -1.000000000000000000, 0.0000000000000000000, 0.0000000000000000000 ) ) ;
#2903 = ORIENTED_EDGE ( 'NONE', *, *, #3877, .T. ) ;
#2904 = ORIENTED_EDGE ( 'NONE', *, *, #3371, .F. ) ;
#2905 = CARTESIAN_POINT ( 'NONE',  ( 0.0000000000000000000, 0.1299212598425196763, 0.0000000000000000000 ) ) ;
#2906 = AXIS2_PLACEMENT_3D ( 'NONE', #1982, #4340, #1963 ) ;
#2907 = CARTESIAN_POINT ( 'NONE',  ( -0.08858267716535432601, 0.1181102362204724532, -0.08858267716535432601 ) ) ;
#2908 = EDGE_CURVE ( 'NONE', #1589, #2394, #3546, .T. ) ;
#2909 = DIRECTION ( 'NONE',  ( -0.7071067811865469066, -0.7071067811865479058, 0.0000000000000000000 ) ) ;
#2910 = EDGE_CURVE ( 'NONE', #597, #203, #810, .T. ) ;
#2911 = CYLINDRICAL_SURFACE ( 'NONE', #3003, 0.02362204724409448092 ) ;
#2912 = AXIS2_PLACEMENT_3D ( 'NONE', #4132, #498, #1865 ) ;
#2913 = AXIS2_PLACEMENT_3D ( 'NONE', #2582, #3242, #328 ) ;
#2914 = EDGE_LOOP ( 'NONE', ( #2611, #1813, #523, #2663 ) ) ;
#2915 = ORIENTED_EDGE ( 'NONE', *, *, #912, .F. ) ;
#2916 = VECTOR ( 'NONE', #2364, 39.37007874015748143 ) ;
#2917 = CARTESIAN_POINT ( 'NONE',  ( 0.1532055652061933004, -0.07446540772587834089, 0.07480314960629921850 ) ) ;
#2918 = LINE ( 'NONE', #4279, #3349 ) ;
#2919 = FACE_OUTER_BOUND ( 'NONE', #3148, .T. ) ;
#2920 = VERTEX_POINT ( 'NONE', #2186 ) ;
#2921 = DIMENSIONAL_EXPONENTS ( 1.000000000000000000, 0.0000000000000000000, 0.0000000000000000000, 0.0000000000000000000, 0.0000000000000000000, 0.0000000000000000000, 0.0000000000000000000 ) ;
#2922 = DIRECTION ( 'NONE',  ( 0.0000000000000000000, 1.000000000000000000, 0.0000000000000000000 ) ) ;
#2923 = PRODUCT_DEFINITION_SHAPE ( 'NONE', 'NONE',  #92 ) ;
#2924 = CARTESIAN_POINT ( 'NONE',  ( 0.1122047244094488277, 0.1299212598425196763, 0.1122047244094488277 ) ) ;
#2925 = CARTESIAN_POINT ( 'NONE',  ( -0.1318897637795275746, -0.1377952755905511861, 0.1023622047244094474 ) ) ;
#2926 = EDGE_LOOP ( 'NONE', ( #3737, #940 ) ) ;
#2927 = CARTESIAN_POINT ( 'NONE',  ( -0.1240157480314960647, -0.09578120915254409451, 0.1023622047244094474 ) ) ;
#2928 = CARTESIAN_POINT ( 'NONE',  ( -0.1318897637795275746, -0.09578120915254409451, 0.1023622047244094474 ) ) ;
#2929 = CYLINDRICAL_SURFACE ( 'NONE', #4267, 0.02362204724409448092 ) ;
#2930 = ORIENTED_EDGE ( 'NONE', *, *, #3429, .F. ) ;
#2931 = VERTEX_POINT ( 'NONE', #2522 ) ;
#2932 = DIRECTION ( 'NONE',  ( 1.000000000000000000, 0.0000000000000000000, 0.0000000000000000000 ) ) ;
#2933 = CARTESIAN_POINT ( 'NONE',  ( -0.1555118110236220763, -0.1377952755905511861, -0.08366141732283464971 ) ) ;
#2934 = VECTOR ( 'NONE', #3203, 39.37007874015748143 ) ;
#2935 = LINE ( 'NONE', #911, #4186 ) ;
#2936 = ORIENTED_EDGE ( 'NONE', *, *, #3447, .T. ) ;
#2937 = ADVANCED_FACE ( 'NONE', ( #3536 ), #1475, .T. ) ;
#2938 = VERTEX_POINT ( 'NONE', #3518 ) ;
#2939 = AXIS2_PLACEMENT_3D ( 'NONE', #2811, #1430, #838 ) ;
#2940 = UNCERTAINTY_MEASURE_WITH_UNIT (LENGTH_MEASURE( 1.000000000000000082E-05 ), #1113, 'distance_accuracy_value', 'NONE');
#2941 = CARTESIAN_POINT ( 'NONE',  ( 0.1240157480314960647, -0.09578120915254409451, 0.1023622047244094474 ) ) ;
#2942 = ORIENTED_EDGE ( 'NONE', *, *, #2105, .F. ) ;
#2943 = EDGE_CURVE ( 'NONE', #1060, #388, #2346, .T. ) ;
#2944 = ADVANCED_FACE ( 'NONE', ( #3456 ), #1778, .T. ) ;
#2945 = CARTESIAN_POINT ( 'NONE',  ( -0.1555118110236219930, -0.06889763779527559306, -0.1023622047244094474 ) ) ;
#2946 = SURFACE_STYLE_USAGE ( .BOTH. , #3580 ) ;
#2947 = DIRECTION ( 'NONE',  ( 0.0000000000000000000, 0.0000000000000000000, 1.000000000000000000 ) ) ;
#2948 = ORIENTED_EDGE ( 'NONE', *, *, #3785, .T. ) ;
#2949 = DIRECTION ( 'NONE',  ( 0.0000000000000000000, 0.0000000000000000000, 1.000000000000000000 ) ) ;
#2950 = DIRECTION ( 'NONE',  ( -1.000000000000000000, 0.0000000000000000000, 0.0000000000000000000 ) ) ;
#2951 = DIRECTION ( 'NONE',  ( 0.0000000000000000000, 0.0000000000000000000, -1.000000000000000000 ) ) ;
#2952 = VERTEX_POINT ( 'NONE', #3498 ) ;
#2953 = CARTESIAN_POINT ( 'NONE',  ( -0.08858267716535432601, 0.1377952755905511861, 0.08858267716535432601 ) ) ;
#2954 = CARTESIAN_POINT ( 'NONE',  ( -0.1555118110236220763, -0.1054045616694795212, -0.1122047244094488277 ) ) ;
#2955 = CARTESIAN_POINT ( 'NONE',  ( -0.1240157480314960647, -0.1377952755905511861, -0.1023622047244094474 ) ) ;
#2956 = VERTEX_POINT ( 'NONE', #1839 ) ;
#2957 = EDGE_LOOP ( 'NONE', ( #986, #3636, #2736, #543 ) ) ;
#2958 = CARTESIAN_POINT ( 'NONE',  ( -0.1476377952755905387, -0.06889763779527559306, -0.07480314960629921850 ) ) ;
#2959 = DIRECTION ( 'NONE',  ( 1.000000000000000000, 0.0000000000000000000, 0.0000000000000000000 ) ) ;
#2960 = EDGE_CURVE ( 'NONE', #2820, #3528, #1856, .T. ) ;
#2961 = VERTEX_POINT ( 'NONE', #212 ) ;
#2962 = CARTESIAN_POINT ( 'NONE',  ( -0.1318897637795275746, -0.1224523058384645591, 0.1023622047244094474 ) ) ;
#2963 = ADVANCED_FACE ( 'NONE', ( #517 ), #3129, .T. ) ;
#2964 = EDGE_CURVE ( 'NONE', #1056, #2022, #3812, .T. ) ;
#2965 = VERTEX_POINT ( 'NONE', #4192 ) ;
#2966 = CARTESIAN_POINT ( 'NONE',  ( -0.08858267716535432601, 0.1496062992125984370, -0.08858267716535432601 ) ) ;
#2967 = DIRECTION ( 'NONE',  ( 0.0000000000000000000, 1.000000000000000000, 0.0000000000000000000 ) ) ;
#2968 = CYLINDRICAL_SURFACE ( 'NONE', #2270, 0.07283464566929134798 ) ;
#2969 = LINE ( 'NONE', #1327, #1396 ) ;
#2970 = ORIENTED_EDGE ( 'NONE', *, *, #1752, .T. ) ;
#2971 = DIRECTION ( 'NONE',  ( 0.0000000000000000000, 1.000000000000000000, 0.0000000000000000000 ) ) ;
#2972 = SPHERICAL_SURFACE ( 'NONE', #3063, 0.03937007874015747977 ) ;
#2973 = LINE ( 'NONE', #1657, #3977 ) ;
#2974 = VECTOR ( 'NONE', #569, 39.37007874015748143 ) ;
#2975 = FILL_AREA_STYLE ('',( #1017 ) ) ;
#2976 = AXIS2_PLACEMENT_3D ( 'NONE', #1756, #3189, #4148 ) ;
#2977 = CIRCLE ( 'NONE', #3537, 0.07283464566929134798 ) ;
#2978 = ORIENTED_EDGE ( 'NONE', *, *, #4090, .T. ) ;
#2979 = DIRECTION ( 'NONE',  ( 0.0000000000000000000, 0.0000000000000000000, 1.000000000000000000 ) ) ;
#2980 = AXIS2_PLACEMENT_3D ( 'NONE', #2464, #825, #3095 ) ;
#2981 = VECTOR ( 'NONE', #1008, 39.37007874015748143 ) ;
#2982 = ORIENTED_EDGE ( 'NONE', *, *, #2523, .F. ) ;
#2983 = AXIS2_PLACEMENT_3D ( 'NONE', #2514, #174, #3867 ) ;
#2984 = EDGE_CURVE ( 'NONE', #4043, #3993, #541, .T. ) ;
#2985 = CARTESIAN_POINT ( 'NONE',  ( 0.0000000000000000000, 0.1299212598425196763, 0.0000000000000000000 ) ) ;
#2986 = CARTESIAN_POINT ( 'NONE',  ( 0.08858267716535432601, 0.1377952755905511861, 0.08858267716535432601 ) ) ;
#2987 = CARTESIAN_POINT ( 'NONE',  ( -0.08858267716535432601, 0.1377952755905511861, -0.06496062992125983815 ) ) ;
#2988 = CIRCLE ( 'NONE', #1582, 0.02362204724409448092 ) ;
#2989 = ORIENTED_EDGE ( 'NONE', *, *, #2744, .T. ) ;
#2990 = EDGE_CURVE ( 'NONE', #573, #368, #4169, .T. ) ;
#2991 = ADVANCED_FACE ( 'NONE', ( #1539 ), #1112, .T. ) ;
#2992 = DIRECTION ( 'NONE',  ( 0.0000000000000000000, -1.000000000000000000, 0.0000000000000000000 ) ) ;
#2993 = CARTESIAN_POINT ( 'NONE',  ( -0.1318897637795275746, -0.09578120915254409451, 0.1023622047244094474 ) ) ;
#2994 = AXIS2_PLACEMENT_3D ( 'NONE', #2253, #3888, #1253 ) ;
#2995 = CARTESIAN_POINT ( 'NONE',  ( 0.1532055652061933004, -0.06332986786467284523, -0.1023622047244094474 ) ) ;
#2996 = FILL_AREA_STYLE ('',( #1978 ) ) ;
#2997 = ORIENTED_EDGE ( 'NONE', *, *, #344, .F. ) ;
#2998 = EDGE_CURVE ( 'NONE', #3085, #1080, #2166, .T. ) ;
#2999 = DIRECTION ( 'NONE',  ( -0.0000000000000000000, 0.4999999999999995004, 0.8660254037844390407 ) ) ;
#3000 = FACE_OUTER_BOUND ( 'NONE', #2536, .T. ) ;
#3001 = VERTEX_POINT ( 'NONE', #2287 ) ;
#3002 = ORIENTED_EDGE ( 'NONE', *, *, #457, .T. ) ;
#3003 = AXIS2_PLACEMENT_3D ( 'NONE', #1248, #2585, #3935 ) ;
#3004 = CARTESIAN_POINT ( 'NONE',  ( -0.1318897637795275746, 0.02755905511811023584, -0.07480314960629921850 ) ) ;
#3005 = FILL_AREA_STYLE ('',( #1662 ) ) ;
#3006 = VECTOR ( 'NONE', #2620, 39.37007874015748143 ) ;
#3007 = ORIENTED_EDGE ( 'NONE', *, *, #3877, .F. ) ;
#3008 = CARTESIAN_POINT ( 'NONE',  ( -0.08858267716535432601, 0.1496062992125984370, 0.1122047244094488139 ) ) ;
#3009 = DIRECTION ( 'NONE',  ( -0.7071067811865470176, 0.7071067811865480168, 0.0000000000000000000 ) ) ;
#3010 = DIRECTION ( 'NONE',  ( 0.0000000000000000000, 0.0000000000000000000, -1.000000000000000000 ) ) ;
#3011 = ORIENTED_EDGE ( 'NONE', *, *, #916, .T. ) ;
#3012 = ORIENTED_EDGE ( 'NONE', *, *, #4090, .F. ) ;
#3013 = CARTESIAN_POINT ( 'NONE',  ( 0.1240157480314960647, -0.1377952755905511861, -0.1023622047244094474 ) ) ;
#3014 = DIRECTION ( 'NONE',  ( 1.000000000000000000, 0.0000000000000000000, 0.0000000000000000000 ) ) ;
#3015 = EDGE_CURVE ( 'NONE', #1974, #3123, #2894, .T. ) ;
#3016 = DIRECTION ( 'NONE',  ( 0.0000000000000000000, 0.0000000000000000000, -1.000000000000000000 ) ) ;
#3017 = ORIENTED_EDGE ( 'NONE', *, *, #1006, .T. ) ;
#3018 = DIRECTION ( 'NONE',  ( 0.0000000000000000000, 0.0000000000000000000, 1.000000000000000000 ) ) ;
#3019 = FACE_OUTER_BOUND ( 'NONE', #2608, .T. ) ;
#3020 = CARTESIAN_POINT ( 'NONE',  ( -0.1240157480314960647, -0.09578120915254409451, 0.07480314960629921850 ) ) ;
#3021 =( LENGTH_UNIT ( ) NAMED_UNIT ( * ) SI_UNIT ( $, .METRE. ) );
#3022 = EDGE_CURVE ( 'NONE', #1328, #2240, #1931, .T. ) ;
#3023 = EDGE_CURVE ( 'NONE', #1801, #2658, #1581, .T. ) ;
#3024 = ORIENTED_EDGE ( 'NONE', *, *, #1019, .T. ) ;
#3025 = VERTEX_POINT ( 'NONE', #944 ) ;
#3026 = ORIENTED_EDGE ( 'NONE', *, *, #3780, .F. ) ;
#3027 = CARTESIAN_POINT ( 'NONE',  ( 0.1181102362204724532, -0.003937007874015747977, 0.04921259842519685318 ) ) ;
#3028 = ORIENTED_EDGE ( 'NONE', *, *, #295, .F. ) ;
#3029 = DIRECTION ( 'NONE',  ( 4.063888932435259910E-16, -1.000000000000000000, 0.0000000000000000000 ) ) ;
#3030 = DIRECTION ( 'NONE',  ( 0.0000000000000000000, -1.000000000000000000, 0.0000000000000000000 ) ) ;
#3031 = DIRECTION ( 'NONE',  ( 0.0000000000000000000, -1.000000000000000000, 0.0000000000000000000 ) ) ;
#3032 = ORIENTED_EDGE ( 'NONE', *, *, #3023, .T. ) ;
#3033 = ORIENTED_EDGE ( 'NONE', *, *, #721, .T. ) ;
#3034 = DIRECTION ( 'NONE',  ( 0.0000000000000000000, 0.0000000000000000000, 1.000000000000000000 ) ) ;
#3035 = CARTESIAN_POINT ( 'NONE',  ( -0.1318897637795275746, -0.1224523058384645591, 0.07480314960629921850 ) ) ;
#3036 =( CONVERSION_BASED_UNIT ( 'INCH', #997 ) LENGTH_UNIT ( ) NAMED_UNIT ( #1239 ) );
#3037 = VERTEX_POINT ( 'NONE', #3302 ) ;
#3038 = CARTESIAN_POINT ( 'NONE',  ( -0.1318897637795275746, -0.1224523058384645591, -0.07480314960629921850 ) ) ;
#3039 = EDGE_CURVE ( 'NONE', #716, #2231, #2571, .T. ) ;
#3040 = CARTESIAN_POINT ( 'NONE',  ( -0.1532055652061933004, -0.07446540772587834089, 0.1023622047244094474 ) ) ;
#3041 = DIRECTION ( 'NONE',  ( -1.000000000000000000, 0.0000000000000000000, 2.168404344971010347E-16 ) ) ;
#3042 = VECTOR ( 'NONE', #1159, 39.37007874015748854 ) ;
#3043 = ORIENTED_EDGE ( 'NONE', *, *, #1432, .T. ) ;
#3044 = ORIENTED_EDGE ( 'NONE', *, *, #3023, .F. ) ;
#3045 = ORIENTED_EDGE ( 'NONE', *, *, #2852, .F. ) ;
#3046 = AXIS2_PLACEMENT_3D ( 'NONE', #2134, #2460, #1868 ) ;
#3047 = EDGE_CURVE ( 'NONE', #1267, #1102, #3320, .T. ) ;
#3048 = VECTOR ( 'NONE', #1262, 39.37007874015748143 ) ;
#3049 = EDGE_CURVE ( 'NONE', #3025, #1540, #4044, .T. ) ;
#3050 = CARTESIAN_POINT ( 'NONE',  ( 0.08858267716535432601, 0.1299212598425196763, 0.08858267716535432601 ) ) ;
#3051 = CARTESIAN_POINT ( 'NONE',  ( -0.1318897637795275746, -0.09578120915254409451, 0.07480314960629921850 ) ) ;
#3052 = CIRCLE ( 'NONE', #2275, 0.005905511811023620231 ) ;
#3053 = AXIS2_PLACEMENT_3D ( 'NONE', #3013, #4007, #675 ) ;
#3054 = VERTEX_POINT ( 'NONE', #2597 ) ;
#3055 = CARTESIAN_POINT ( 'NONE',  ( 0.08858267716535432601, 0.1299212598425196763, -0.08858267716535432601 ) ) ;
#3056 = VECTOR ( 'NONE', #361, 39.37007874015748143 ) ;
#3057 = CARTESIAN_POINT ( 'NONE',  ( 0.1318897637795275746, -0.09578120915254409451, -0.1023622047244094474 ) ) ;
#3058 = VECTOR ( 'NONE', #1402, 39.37007874015748143 ) ;
#3059 = DIRECTION ( 'NONE',  ( 0.0000000000000000000, 0.0000000000000000000, 1.000000000000000000 ) ) ;
#3060 = PRODUCT ( 'CUI_DEVICES_TS02-66-50-BK-260-LCR-D', 'CUI_DEVICES_TS02-66-50-BK-260-LCR-D', '', ( #254 ) ) ;
#3061 = ORIENTED_EDGE ( 'NONE', *, *, #869, .T. ) ;
#3062 = AXIS2_PLACEMENT_3D ( 'NONE', #3202, #269, #3268 ) ;
#3063 = AXIS2_PLACEMENT_3D ( 'NONE', #2907, #3850, #2604 ) ;
#3064 = VERTEX_POINT ( 'NONE', #632 ) ;
#3065 = CARTESIAN_POINT ( 'NONE',  ( 0.1318897637795275746, -0.04201406643800709162, 0.1023622047244094474 ) ) ;
#3066 = DIRECTION ( 'NONE',  ( 0.0000000000000000000, 0.0000000000000000000, 1.000000000000000000 ) ) ;
#3067 = AXIS2_PLACEMENT_3D ( 'NONE', #3718, #1026, #3059 ) ;
#3068 =( NAMED_UNIT ( * ) PLANE_ANGLE_UNIT ( ) SI_UNIT ( $, .RADIAN. ) );
#3069 = VERTEX_POINT ( 'NONE', #565 ) ;
#3070 = VECTOR ( 'NONE', #715, 39.37007874015748143 ) ;
#3071 = DIRECTION ( 'NONE',  ( 0.0000000000000000000, -1.000000000000000000, 0.0000000000000000000 ) ) ;
#3072 = DIRECTION ( 'NONE',  ( 0.0000000000000000000, 0.0000000000000000000, 1.000000000000000000 ) ) ;
#3073 = ORIENTED_EDGE ( 'NONE', *, *, #1591, .T. ) ;
#3074 = CARTESIAN_POINT ( 'NONE',  ( 0.1532055652061933004, -0.07446540772587834089, 0.1023622047244094474 ) ) ;
#3075 = DIRECTION ( 'NONE',  ( 0.0000000000000000000, 0.0000000000000000000, -1.000000000000000000 ) ) ;
#3076 = CARTESIAN_POINT ( 'NONE',  ( -0.1263219938489248129, -0.09021343922194134668, 0.1023622047244094474 ) ) ;
#3077 = EDGE_CURVE ( 'NONE', #1052, #4019, #229, .T. ) ;
#3078 = ORIENTED_EDGE ( 'NONE', *, *, #3862, .T. ) ;
#3079 = VECTOR ( 'NONE', #504, 39.37007874015748143 ) ;
#3080 = DIRECTION ( 'NONE',  ( 0.0000000000000000000, 0.0000000000000000000, 1.000000000000000000 ) ) ;
#3081 = DIRECTION ( 'NONE',  ( 0.0000000000000000000, 0.0000000000000000000, -1.000000000000000000 ) ) ;
#3082 = EDGE_CURVE ( 'NONE', #4282, #956, #4321, .T. ) ;
#3083 = EDGE_CURVE ( 'NONE', #1801, #3715, #3549, .T. ) ;
#3084 = EDGE_LOOP ( 'NONE', ( #3428, #87, #1527, #1352 ) ) ;
#3085 = VERTEX_POINT ( 'NONE', #585 ) ;
#3086 = PLANE ( 'NONE',  #3053 ) ;
#3087 = VECTOR ( 'NONE', #2373, 39.37007874015748143 ) ;
#3088 = DIRECTION ( 'NONE',  ( 0.0000000000000000000, 1.000000000000000000, 0.0000000000000000000 ) ) ;
#3089 = DIRECTION ( 'NONE',  ( 1.000000000000000000, 1.478036555683235174E-47, 6.022684552957449548E-32 ) ) ;
#3090 = ORIENTED_EDGE ( 'NONE', *, *, #182, .F. ) ;
#3091 = DIRECTION ( 'NONE',  ( 0.0000000000000000000, 0.0000000000000000000, -1.000000000000000000 ) ) ;
#3092 = DIRECTION ( 'NONE',  ( 0.0000000000000000000, 0.0000000000000000000, 1.000000000000000000 ) ) ;
#3093 = ORIENTED_EDGE ( 'NONE', *, *, #1886, .F. ) ;
#3094 = ORIENTED_EDGE ( 'NONE', *, *, #1334, .T. ) ;
#3095 = DIRECTION ( 'NONE',  ( 1.000000000000000000, 0.0000000000000000000, 0.0000000000000000000 ) ) ;
#3096 = DIRECTION ( 'NONE',  ( -1.000000000000000000, 0.0000000000000000000, 0.0000000000000000000 ) ) ;
#3097 = ORIENTED_EDGE ( 'NONE', *, *, #4302, .F. ) ;
#3098 = CARTESIAN_POINT ( 'NONE',  ( 0.1263219938489248129, -0.09021343922194134668, -0.1023622047244094474 ) ) ;
#3099 = EDGE_CURVE ( 'NONE', #2174, #380, #3139, .T. ) ;
#3100 = DIRECTION ( 'NONE',  ( 1.000000000000000000, 0.0000000000000000000, 0.0000000000000000000 ) ) ;
#3101 = ORIENTED_EDGE ( 'NONE', *, *, #1121, .T. ) ;
#3102 = VERTEX_POINT ( 'NONE', #1930 ) ;
#3103 = ADVANCED_FACE ( 'NONE', ( #2544 ), #2843, .T. ) ;
#3104 = FACE_BOUND ( 'NONE', #1921, .T. ) ;
#3105 = EDGE_CURVE ( 'NONE', #1625, #627, #4285, .T. ) ;
#3106 = FACE_OUTER_BOUND ( 'NONE', #3749, .T. ) ;
#3107 = DIRECTION ( 'NONE',  ( 0.7071067811865479058, -0.7071067811865469066, 0.0000000000000000000 ) ) ;
#3108 = ORIENTED_EDGE ( 'NONE', *, *, #4195, .F. ) ;
#3109 = LINE ( 'NONE', #375, #1225 ) ;
#3110 = CARTESIAN_POINT ( 'NONE',  ( 0.1240157480314960647, 0.02755905511811023584, 0.07480314960629921850 ) ) ;
#3111 = LINE ( 'NONE', #2509, #3564 ) ;
#3112 = ORIENTED_EDGE ( 'NONE', *, *, #22, .T. ) ;
#3113 = ORIENTED_EDGE ( 'NONE', *, *, #3696, .F. ) ;
#3114 = CYLINDRICAL_SURFACE ( 'NONE', #2754, 0.02362204724409448092 ) ;
#3115 = DIRECTION ( 'NONE',  ( 0.0000000000000000000, 0.0000000000000000000, -1.000000000000000000 ) ) ;
#3116 = LINE ( 'NONE', #886, #3926 ) ;
#3117 = VERTEX_POINT ( 'NONE', #1623 ) ;
#3118 = LINE ( 'NONE', #119, #2632 ) ;
#3119 = FACE_OUTER_BOUND ( 'NONE', #1760, .T. ) ;
#3120 = LINE ( 'NONE', #2518, #2351 ) ;
#3121 = STYLED_ITEM ( 'NONE', ( #1905 ), #2103 ) ;
#3122 = AXIS2_PLACEMENT_3D ( 'NONE', #2006, #3637, #1329 ) ;
#3123 = VERTEX_POINT ( 'NONE', #1731 ) ;
#3124 = ORIENTED_EDGE ( 'NONE', *, *, #3316, .T. ) ;
#3125 = VECTOR ( 'NONE', #3115, 39.37007874015748143 ) ;
#3126 = VECTOR ( 'NONE', #1324, 39.37007874015748143 ) ;
#3127 = CARTESIAN_POINT ( 'NONE',  ( -0.1318897637795275746, -0.09578120915254409451, -0.1023622047244094474 ) ) ;
#3128 = DIRECTION ( 'NONE',  ( 1.000000000000000000, 0.0000000000000000000, 0.0000000000000000000 ) ) ;
#3129 = PLANE ( 'NONE',  #901 ) ;
#3130 = VECTOR ( 'NONE', #2800, 39.37007874015748143 ) ;
#3131 =( NAMED_UNIT ( * ) PLANE_ANGLE_UNIT ( ) SI_UNIT ( $, .RADIAN. ) );
#3132 = VECTOR ( 'NONE', #3985, 39.37007874015748143 ) ;
#3133 = EDGE_CURVE ( 'NONE', #2407, #1, #2320, .T. ) ;
#3134 = EDGE_CURVE ( 'NONE', #368, #720, #4021, .T. ) ;
#3135 = VERTEX_POINT ( 'NONE', #2404 ) ;
#3136 = CIRCLE ( 'NONE', #3067, 0.02362204724409448092 ) ;
#3137 = DIRECTION ( 'NONE',  ( 0.0000000000000000000, -1.000000000000000000, 0.0000000000000000000 ) ) ;
#3138 = DIRECTION ( 'NONE',  ( 1.000000000000000000, 0.0000000000000000000, 0.0000000000000000000 ) ) ;
#3139 = CIRCLE ( 'NONE', #2073, 0.007874015748031499423 ) ;
#3140 = ADVANCED_FACE ( 'NONE', ( #3388 ), #1405, .F. ) ;
#3141 = ORIENTED_EDGE ( 'NONE', *, *, #1597, .T. ) ;
#3142 = LINE ( 'NONE', #4140, #3889 ) ;
#3143 = PRESENTATION_LAYER_ASSIGNMENT (  '', '', ( #2215 ) ) ;
#3144 = LINE ( 'NONE', #447, #3542 ) ;
#3145 = VERTEX_POINT ( 'NONE', #7 ) ;
#3146 = DIRECTION ( 'NONE',  ( -1.000000000000000000, 0.0000000000000000000, 0.0000000000000000000 ) ) ;
#3147 = DIRECTION ( 'NONE',  ( 0.0000000000000000000, 0.0000000000000000000, -1.000000000000000000 ) ) ;
#3148 = EDGE_LOOP ( 'NONE', ( #4264, #3239, #2260, #2433 ) ) ;
#3149 = ORIENTED_EDGE ( 'NONE', *, *, #2586, .F. ) ;
#3150 = DIRECTION ( 'NONE',  ( 0.0000000000000000000, 0.0000000000000000000, 1.000000000000000000 ) ) ;
#3151 = AXIS2_PLACEMENT_3D ( 'NONE', #2534, #1613, #2229 ) ;
#3152 = DIRECTION ( 'NONE',  ( 0.0000000000000000000, 0.0000000000000000000, 1.000000000000000000 ) ) ;
#3153 = VECTOR ( 'NONE', #1823, 39.37007874015748143 ) ;
#3154 = ORIENTED_EDGE ( 'NONE', *, *, #2205, .F. ) ;
#3155 = EDGE_CURVE ( 'NONE', #819, #3858, #1340, .T. ) ;
#3156 = LINE ( 'NONE', #2747, #990 ) ;
#3157 = VERTEX_POINT ( 'NONE', #3763 ) ;
#3158 = VERTEX_POINT ( 'NONE', #719 ) ;
#3159 = DIRECTION ( 'NONE',  ( -0.0000000000000000000, 1.000000000000000000, 0.0000000000000000000 ) ) ;
#3160 = EDGE_CURVE ( 'NONE', #3794, #755, #4328, .T. ) ;
#3161 = CARTESIAN_POINT ( 'NONE',  ( -0.1532055652061933004, -0.07446540772587834089, 0.1023622047244094474 ) ) ;
#3162 = EDGE_CURVE ( 'NONE', #4270, #2567, #768, .T. ) ;
#3163 = VERTEX_POINT ( 'NONE', #1319 ) ;
#3164 = CARTESIAN_POINT ( 'NONE',  ( -0.1240157480314960647, -0.1224523058384645591, -0.1023622047244094474 ) ) ;
#3165 = DIRECTION ( 'NONE',  ( 0.0000000000000000000, 1.000000000000000000, 0.0000000000000000000 ) ) ;
#3166 = CARTESIAN_POINT ( 'NONE',  ( 0.1181102362204724532, 0.03543307086614173179, -0.1023622047244094474 ) ) ;
#3167 = ORIENTED_EDGE ( 'NONE', *, *, #4094, .F. ) ;
#3168 = CARTESIAN_POINT ( 'NONE',  ( 0.1181102362204724532, 0.03543307086614173179, 0.1023622047244094474 ) ) ;
#3169 = FACE_OUTER_BOUND ( 'NONE', #930, .T. ) ;
#3170 = CARTESIAN_POINT ( 'NONE',  ( -0.1318897637795275746, -0.04201406643800709162, -0.1023622047244094474 ) ) ;
#3171 = DIRECTION ( 'NONE',  ( 0.0000000000000000000, 1.000000000000000000, 0.0000000000000000000 ) ) ;
#3172 = ORIENTED_EDGE ( 'NONE', *, *, #22, .F. ) ;
#3173 = DIRECTION ( 'NONE',  ( 0.0000000000000000000, 0.0000000000000000000, -1.000000000000000000 ) ) ;
#3174 = DIRECTION ( 'NONE',  ( 0.0000000000000000000, 0.0000000000000000000, -1.000000000000000000 ) ) ;
#3175 = CARTESIAN_POINT ( 'NONE',  ( -0.1318897637795275746, -0.04201406643800709162, 0.1023622047244094474 ) ) ;
#3176 = ORIENTED_EDGE ( 'NONE', *, *, #268, .T. ) ;
#3177 = VERTEX_POINT ( 'NONE', #4082 ) ;
#3178 = EDGE_CURVE ( 'NONE', #203, #3025, #1084, .T. ) ;
#3179 = DIRECTION ( 'NONE',  ( 1.000000000000000000, 0.0000000000000000000, 0.0000000000000000000 ) ) ;
#3180 = LINE ( 'NONE', #885, #3765 ) ;
#3181 = EDGE_LOOP ( 'NONE', ( #2440, #2616, #3790, #1573 ) ) ;
#3182 = EDGE_CURVE ( 'NONE', #2454, #421, #3136, .T. ) ;
#3183 = EDGE_CURVE ( 'NONE', #143, #490, #1233, .T. ) ;
#3184 = DIRECTION ( 'NONE',  ( -1.000000000000000000, 0.0000000000000000000, 0.0000000000000000000 ) ) ;
#3185 = DIRECTION ( 'NONE',  ( -4.063888932435259910E-16, 1.000000000000000000, 0.0000000000000000000 ) ) ;
#3186 = ORIENTED_EDGE ( 'NONE', *, *, #1698, .F. ) ;
#3187 = DIRECTION ( 'NONE',  ( 0.0000000000000000000, -1.000000000000000000, 0.0000000000000000000 ) ) ;
#3188 = AXIS2_PLACEMENT_3D ( 'NONE', #730, #2665, #3677 ) ;
#3189 = DIRECTION ( 'NONE',  ( 0.0000000000000000000, 0.0000000000000000000, 1.000000000000000000 ) ) ;
#3190 = CARTESIAN_POINT ( 'NONE',  ( 0.1318897637795275746, 0.02755905511811023584, 0.1023622047244094474 ) ) ;
#3191 = FILL_AREA_STYLE_COLOUR ( '', #2726 ) ;
#3192 = AXIS2_PLACEMENT_3D ( 'NONE', #2190, #970, #3630 ) ;
#3193 = ORIENTED_EDGE ( 'NONE', *, *, #3579, .F. ) ;
#3194 = CARTESIAN_POINT ( 'NONE',  ( 0.08858267716535432601, 0.1377952755905511861, 0.1122047244094488139 ) ) ;
#3195 = AXIS2_PLACEMENT_3D ( 'NONE', #1687, #1730, #3080 ) ;
#3196 = AXIS2_PLACEMENT_3D ( 'NONE', #4126, #1330, #1269 ) ;
#3197 = DIRECTION ( 'NONE',  ( 0.0000000000000000000, 0.0000000000000000000, -1.000000000000000000 ) ) ;
#3198 = ORIENTED_EDGE ( 'NONE', *, *, #663, .F. ) ;
#3199 = ORIENTED_EDGE ( 'NONE', *, *, #3233, .T. ) ;
#3200 = AXIS2_PLACEMENT_3D ( 'NONE', #2356, #18, #1348 ) ;
#3201 = DIRECTION ( 'NONE',  ( 0.0000000000000000000, 0.0000000000000000000, 1.000000000000000000 ) ) ;
#3202 = CARTESIAN_POINT ( 'NONE',  ( -0.1318897637795275746, -0.09578120915254409451, -0.1023622047244094474 ) ) ;
#3203 = DIRECTION ( 'NONE',  ( 0.0000000000000000000, -1.000000000000000000, 0.0000000000000000000 ) ) ;
#3204 = AXIS2_PLACEMENT_3D ( 'NONE', #851, #1835, #2783 ) ;
#3205 = ORIENTED_EDGE ( 'NONE', *, *, #3288, .F. ) ;
#3206 = LINE ( 'NONE', #4207, #2777 ) ;
#3207 = EDGE_CURVE ( 'NONE', #2059, #1471, #4046, .T. ) ;
#3208 = ORIENTED_EDGE ( 'NONE', *, *, #1441, .F. ) ;
#3209 = LINE ( 'NONE', #2870, #1443 ) ;
#3210 = CARTESIAN_POINT ( 'NONE',  ( 0.1318897637795275746, -0.09578120915254409451, -0.1023622047244094474 ) ) ;
#3211 = DIRECTION ( 'NONE',  ( 0.0000000000000000000, 0.0000000000000000000, -1.000000000000000000 ) ) ;
#3212 = EDGE_CURVE ( 'NONE', #2004, #3829, #1386, .T. ) ;
#3213 = ADVANCED_FACE ( 'NONE', ( #2657 ), #2343, .F. ) ;
#3214 = EDGE_LOOP ( 'NONE', ( #3766, #2812, #4029, #2498 ) ) ;
#3215 = CARTESIAN_POINT ( 'NONE',  ( 0.1240157480314960647, -0.1224523058384645591, -0.1023622047244094474 ) ) ;
#3216 = DIRECTION ( 'NONE',  ( 1.000000000000000000, -4.063888932435259910E-16, 0.0000000000000000000 ) ) ;
#3217 = VECTOR ( 'NONE', #484, 39.37007874015748143 ) ;
#3218 = DIRECTION ( 'NONE',  ( 0.0000000000000000000, 0.0000000000000000000, 1.000000000000000000 ) ) ;
#3219 = CARTESIAN_POINT ( 'NONE',  ( 0.1240157480314960647, 0.03543307086614173179, -0.07480314960629921850 ) ) ;
#3220 = ORIENTED_EDGE ( 'NONE', *, *, #3499, .T. ) ;
#3221 = DIRECTION ( 'NONE',  ( -1.000000000000000000, 0.0000000000000000000, 0.0000000000000000000 ) ) ;
#3222 = CARTESIAN_POINT ( 'NONE',  ( 0.08858267716535432601, 0.1496062992125984370, 0.08858267716535432601 ) ) ;
#3223 = DIRECTION ( 'NONE',  ( -0.7071067811865479058, -0.7071067811865469066, 0.0000000000000000000 ) ) ;
#3224 = VERTEX_POINT ( 'NONE', #4067 ) ;
#3225 = VERTEX_POINT ( 'NONE', #4005 ) ;
#3226 = DIRECTION ( 'NONE',  ( 0.0000000000000000000, 0.0000000000000000000, -1.000000000000000000 ) ) ;
#3227 = ORIENTED_EDGE ( 'NONE', *, *, #842, .T. ) ;
#3228 = ADVANCED_FACE ( 'NONE', ( #2019 ), #1010, .T. ) ;
#3229 = DIRECTION ( 'NONE',  ( 0.0000000000000000000, 1.000000000000000000, 0.0000000000000000000 ) ) ;
#3230 = CARTESIAN_POINT ( 'NONE',  ( -0.08858267716535432601, 0.1299212598425196763, 0.08858267716535432601 ) ) ;
#3231 = DIRECTION ( 'NONE',  ( 1.000000000000000000, 0.0000000000000000000, 0.0000000000000000000 ) ) ;
#3232 = ORIENTED_EDGE ( 'NONE', *, *, #3429, .T. ) ;
#3233 = EDGE_CURVE ( 'NONE', #2594, #2607, #341, .T. ) ;
#3234 = EDGE_CURVE ( 'NONE', #3912, #3328, #3694, .T. ) ;
#3235 = LINE ( 'NONE', #1198, #319 ) ;
#3236 = CARTESIAN_POINT ( 'NONE',  ( -0.1555118110236219930, -0.06889763779527559306, 0.1023622047244094474 ) ) ;
#3237 = SPHERICAL_SURFACE ( 'NONE', #1373, 0.03937007874015747977 ) ;
#3238 = DIRECTION ( 'NONE',  ( 3.519431053647356462E-16, 0.8660254037844389297, -0.4999999999999994449 ) ) ;
#3239 = ORIENTED_EDGE ( 'NONE', *, *, #1089, .F. ) ;
#3240 = ORIENTED_EDGE ( 'NONE', *, *, #485, .F. ) ;
#3241 = LINE ( 'NONE', #2581, #3965 ) ;
#3242 = DIRECTION ( 'NONE',  ( 0.0000000000000000000, -1.000000000000000000, 0.0000000000000000000 ) ) ;
#3243 = PLANE ( 'NONE',  #830 ) ;
#3244 = CARTESIAN_POINT ( 'NONE',  ( 0.1532055652061933004, -0.07446540772587834089, -0.07480314960629921850 ) ) ;
#3245 = ORIENTED_EDGE ( 'NONE', *, *, #455, .F. ) ;
#3246 = ORIENTED_EDGE ( 'NONE', *, *, #3160, .T. ) ;
#3247 = CARTESIAN_POINT ( 'NONE',  ( 0.1263219938489248129, -0.04758183636860983945, -0.1023622047244094474 ) ) ;
#3248 = ORIENTED_EDGE ( 'NONE', *, *, #2529, .F. ) ;
#3249 = LINE ( 'NONE', #208, #1997 ) ;
#3250 =( CONVERSION_BASED_UNIT ( 'INCH', #1622 ) LENGTH_UNIT ( ) NAMED_UNIT ( #3257 ) );
#3251 = APPLICATION_PROTOCOL_DEFINITION ( 'draft international standard', 'automotive_design', 1998, #3554 ) ;
#3252 = VERTEX_POINT ( 'NONE', #2055 ) ;
#3253 = AXIS2_PLACEMENT_3D ( 'NONE', #2268, #3613, #621 ) ;
#3254 = CARTESIAN_POINT ( 'NONE',  ( 0.1532055652061933004, -0.07446540772587834089, -0.1023622047244094474 ) ) ;
#3255 = PLANE ( 'NONE',  #3971 ) ;
#3256 = CARTESIAN_POINT ( 'NONE',  ( -0.1532055652061933004, -0.07446540772587834089, 0.1023622047244094474 ) ) ;
#3257 = DIMENSIONAL_EXPONENTS ( 1.000000000000000000, 0.0000000000000000000, 0.0000000000000000000, 0.0000000000000000000, 0.0000000000000000000, 0.0000000000000000000, 0.0000000000000000000 ) ;
#3258 = VECTOR ( 'NONE', #347, 39.37007874015748854 ) ;
#3259 = EDGE_CURVE ( 'NONE', #3577, #1911, #1040, .T. ) ;
#3260 = CARTESIAN_POINT ( 'NONE',  ( -0.1181102362204724532, 0.1377952755905511861, 0.1122047244094488277 ) ) ;
#3261 = VECTOR ( 'NONE', #1302, 39.37007874015748143 ) ;
#3262 = ORIENTED_EDGE ( 'NONE', *, *, #721, .F. ) ;
#3263 = ORIENTED_EDGE ( 'NONE', *, *, #3105, .T. ) ;
#3264 = CARTESIAN_POINT ( 'NONE',  ( 0.1181102362204724532, 0.0000000000000000000, 0.04921259842519685318 ) ) ;
#3265 = AXIS2_PLACEMENT_3D ( 'NONE', #1025, #3009, #2698 ) ;
#3266 = VECTOR ( 'NONE', #539, 39.37007874015748143 ) ;
#3267 = DIRECTION ( 'NONE',  ( -2.454115839351809943E-16, -1.000000000000000000, 0.0000000000000000000 ) ) ;
#3268 = DIRECTION ( 'NONE',  ( -1.000000000000000000, 0.0000000000000000000, 0.0000000000000000000 ) ) ;
#3269 = LINE ( 'NONE', #868, #2508 ) ;
#3270 = EDGE_CURVE ( 'NONE', #977, #2028, #2421, .T. ) ;
#3271 = AXIS2_PLACEMENT_3D ( 'NONE', #1429, #3290, #1612 ) ;
#3272 = VECTOR ( 'NONE', #1561, 39.37007874015748143 ) ;
#3273 = EDGE_LOOP ( 'NONE', ( #3240, #660, #110, #2299 ) ) ;
#3274 = VERTEX_POINT ( 'NONE', #2847 ) ;
#3275 = AXIS2_PLACEMENT_3D ( 'NONE', #2162, #1451, #2146 ) ;
#3276 = DIRECTION ( 'NONE',  ( 0.0000000000000000000, 0.0000000000000000000, 1.000000000000000000 ) ) ;
#3277 = ORIENTED_EDGE ( 'NONE', *, *, #236, .T. ) ;
#3278 = VECTOR ( 'NONE', #247, 39.37007874015748143 ) ;
#3279 = DIRECTION ( 'NONE',  ( 0.0000000000000000000, 1.000000000000000000, 0.0000000000000000000 ) ) ;
#3280 =( LENGTH_UNIT ( ) NAMED_UNIT ( * ) SI_UNIT ( $, .METRE. ) );
#3281 = CARTESIAN_POINT ( 'NONE',  ( 0.0000000000000000000, 0.1299212598425196763, 0.0000000000000000000 ) ) ;
#3282 = VERTEX_POINT ( 'NONE', #832 ) ;
#3283 = DIRECTION ( 'NONE',  ( 0.0000000000000000000, 0.0000000000000000000, 1.000000000000000000 ) ) ;
#3284 = DIRECTION ( 'NONE',  ( 1.000000000000000000, 0.0000000000000000000, 0.0000000000000000000 ) ) ;
#3285 = CARTESIAN_POINT ( 'NONE',  ( -0.1318897637795275746, -0.1024489833240242176, -0.1139111283628084642 ) ) ;
#3286 = EDGE_LOOP ( 'NONE', ( #3227, #688, #2774, #118 ) ) ;
#3287 = ORIENTED_EDGE ( 'NONE', *, *, #4073, .T. ) ;
#3288 = EDGE_CURVE ( 'NONE', #2330, #1601, #1516, .T. ) ;
#3289 = FACE_BOUND ( 'NONE', #2855, .T. ) ;
#3290 = DIRECTION ( 'NONE',  ( 0.0000000000000000000, 0.0000000000000000000, 1.000000000000000000 ) ) ;
#3291 = VECTOR ( 'NONE', #1946, 39.37007874015748143 ) ;
#3292 = PLANE ( 'NONE',  #561 ) ;
#3293 = ORIENTED_EDGE ( 'NONE', *, *, #3884, .T. ) ;
#3294 = ORIENTED_EDGE ( 'NONE', *, *, #3039, .F. ) ;
#3295 = VECTOR ( 'NONE', #3016, 39.37007874015748143 ) ;
#3296 = EDGE_CURVE ( 'NONE', #2240, #139, #2102, .T. ) ;
#3297 = ADVANCED_FACE ( 'NONE', ( #3450 ), #145, .F. ) ;
#3298 = PRODUCT_DEFINITION_CONTEXT ( 'detailed design', #3554, 'design' ) ;
#3299 = DIRECTION ( 'NONE',  ( 0.0000000000000000000, 0.0000000000000000000, 1.000000000000000000 ) ) ;
#3300 = ORIENTED_EDGE ( 'NONE', *, *, #4145, .T. ) ;
#3301 = DIRECTION ( 'NONE',  ( 0.0000000000000000000, 0.4999999999999995004, -0.8660254037844390407 ) ) ;
#3302 = CARTESIAN_POINT ( 'NONE',  ( -0.1181102362204724532, 0.03543307086614173179, 0.1023622047244094474 ) ) ;
#3303 = VERTEX_POINT ( 'NONE', #3852 ) ;
#3304 = CARTESIAN_POINT ( 'NONE',  ( 0.1476377952755905387, -0.06889763779527559306, -0.1023622047244094474 ) ) ;
#3305 = CARTESIAN_POINT ( 'NONE',  ( -0.1122047244094488277, 0.1299212598425196763, 0.1122047244094488277 ) ) ;
#3306 = CARTESIAN_POINT ( 'NONE',  ( 0.08858267716535432601, 0.1299212598425196763, 0.06496062992125983815 ) ) ;
#3307 = ORIENTED_EDGE ( 'NONE', *, *, #2592, .T. ) ;
#3308 = FACE_OUTER_BOUND ( 'NONE', #1130, .T. ) ;
#3309 = CARTESIAN_POINT ( 'NONE',  ( -0.1181102362204724532, 0.03543307086614173179, 0.1023622047244094474 ) ) ;
#3310 = PLANE ( 'NONE',  #3335 ) ;
#3311 = EDGE_CURVE ( 'NONE', #1495, #1821, #4185, .T. ) ;
#3312 = VERTEX_POINT ( 'NONE', #3166 ) ;
#3313 = LINE ( 'NONE', #335, #896 ) ;
#3314 = SURFACE_SIDE_STYLE ('',( #1684 ) ) ;
#3315 = EDGE_CURVE ( 'NONE', #2203, #656, #2822, .T. ) ;
#3316 = EDGE_CURVE ( 'NONE', #4083, #3480, #4246, .T. ) ;
#3317 = ORIENTED_EDGE ( 'NONE', *, *, #3482, .T. ) ;
#3318 = DIRECTION ( 'NONE',  ( 0.0000000000000000000, 0.0000000000000000000, -1.000000000000000000 ) ) ;
#3319 = DIRECTION ( 'NONE',  ( 0.0000000000000000000, 0.0000000000000000000, 1.000000000000000000 ) ) ;
#3320 = LINE ( 'NONE', #2925, #2005 ) ;
#3321 = EDGE_CURVE ( 'NONE', #2965, #4124, #3120, .T. ) ;
#3322 = VERTEX_POINT ( 'NONE', #3514 ) ;
#3323 = CARTESIAN_POINT ( 'NONE',  ( -0.1181102362204724532, 0.1299212598425196763, 0.1122047244094488277 ) ) ;
#3324 = CARTESIAN_POINT ( 'NONE',  ( 0.1181102362204724532, 0.003937007874015747977, 0.04921259842519685318 ) ) ;
#3325 = LINE ( 'NONE', #1343, #398 ) ;
#3326 = DIRECTION ( 'NONE',  ( 0.0000000000000000000, 0.0000000000000000000, 1.000000000000000000 ) ) ;
#3327 = VECTOR ( 'NONE', #1896, 39.37007874015748143 ) ;
#3328 = VERTEX_POINT ( 'NONE', #1147 ) ;
#3329 = CARTESIAN_POINT ( 'NONE',  ( 0.1318897637795275746, -0.04201406643800709162, 0.1023622047244094474 ) ) ;
#3330 = VECTOR ( 'NONE', #152, 39.37007874015748854 ) ;
#3331 = DIRECTION ( 'NONE',  ( 0.0000000000000000000, -1.000000000000000000, 0.0000000000000000000 ) ) ;
#3332 = VECTOR ( 'NONE', #2133, 39.37007874015748854 ) ;
#3333 = DIRECTION ( 'NONE',  ( -0.7071067811865469066, -0.7071067811865479058, 0.0000000000000000000 ) ) ;
#3334 = CIRCLE ( 'NONE', #672, 0.02362204724409448092 ) ;
#3335 = AXIS2_PLACEMENT_3D ( 'NONE', #2955, #3976, #1658 ) ;
#3336 = ORIENTED_EDGE ( 'NONE', *, *, #2076, .F. ) ;
#3337 = LINE ( 'NONE', #2672, #3760 ) ;
#3338 = DIRECTION ( 'NONE',  ( -4.063888932435259910E-16, -1.000000000000000000, 0.0000000000000000000 ) ) ;
#3339 = VECTOR ( 'NONE', #2922, 39.37007874015748143 ) ;
#3340 = ORIENTED_EDGE ( 'NONE', *, *, #1250, .F. ) ;
#3341 = VECTOR ( 'NONE', #910, 39.37007874015748854 ) ;
#3342 = CARTESIAN_POINT ( 'NONE',  ( 0.08858267716535432601, 0.1496062992125984370, 0.1122047244094488139 ) ) ;
#3343 = ADVANCED_FACE ( 'NONE', ( #1107 ), #1772, .F. ) ;
#3344 = DIRECTION ( 'NONE',  ( -0.7071067811865469066, 0.7071067811865479058, 0.0000000000000000000 ) ) ;
#3345 = AXIS2_PLACEMENT_3D ( 'NONE', #1644, #3010, #1068 ) ;
#3346 = VERTEX_POINT ( 'NONE', #3494 ) ;
#3347 = DIRECTION ( 'NONE',  ( 0.0000000000000000000, 0.0000000000000000000, 1.000000000000000000 ) ) ;
#3348 = CARTESIAN_POINT ( 'NONE',  ( 0.08858267716535432601, 0.1181102362204724532, 0.08858267716535432601 ) ) ;
#3349 = VECTOR ( 'NONE', #4259, 39.37007874015748143 ) ;
#3350 = EDGE_CURVE ( 'NONE', #3312, #2965, #872, .T. ) ;
#3351 = CARTESIAN_POINT ( 'NONE',  ( 0.0000000000000000000, 0.1299212598425196763, 0.0000000000000000000 ) ) ;
#3352 = ADVANCED_FACE ( 'NONE', ( #1170 ), #2182, .F. ) ;
#3353 = CARTESIAN_POINT ( 'NONE',  ( 0.1532055652061933004, -0.07446540772587834089, -0.1023622047244094474 ) ) ;
#3354 = ORIENTED_EDGE ( 'NONE', *, *, #3473, .F. ) ;
#3355 = CARTESIAN_POINT ( 'NONE',  ( -0.08858267716535432601, 0.1377952755905511861, 0.08858267716535432601 ) ) ;
#3356 = DIRECTION ( 'NONE',  ( -1.000000000000000000, 0.0000000000000000000, 0.0000000000000000000 ) ) ;
#3357 = DIRECTION ( 'NONE',  ( 0.0000000000000000000, 0.0000000000000000000, 1.000000000000000000 ) ) ;
#3358 = LINE ( 'NONE', #2313, #117 ) ;
#3359 = EDGE_LOOP ( 'NONE', ( #3336, #889, #3955, #1954 ) ) ;
#3360 = ORIENTED_EDGE ( 'NONE', *, *, #890, .F. ) ;
#3361 = ORIENTED_EDGE ( 'NONE', *, *, #1221, .F. ) ;
#3362 = AXIS2_PLACEMENT_3D ( 'NONE', #4289, #1563, #2902 ) ;
#3363 = CARTESIAN_POINT ( 'NONE',  ( -0.1318897637795275746, -0.1224523058384645591, 0.1023622047244094474 ) ) ;
#3364 = DIRECTION ( 'NONE',  ( 1.000000000000000000, 0.0000000000000000000, 0.0000000000000000000 ) ) ;
#3365 = MECHANICAL_DESIGN_GEOMETRIC_PRESENTATION_REPRESENTATION (  '', ( #994 ), #4128 ) ;
#3366 = ORIENTED_EDGE ( 'NONE', *, *, #2671, .F. ) ;
#3367 = DIRECTION ( 'NONE',  ( 0.0000000000000000000, -1.000000000000000000, 0.0000000000000000000 ) ) ;
#3368 = CYLINDRICAL_SURFACE ( 'NONE', #1645, 0.02362204724409448092 ) ;
#3369 = CARTESIAN_POINT ( 'NONE',  ( -0.1318897637795275746, -0.09578120915254409451, 0.1023622047244094474 ) ) ;
#3370 = ORIENTED_EDGE ( 'NONE', *, *, #1127, .T. ) ;
#3371 = EDGE_CURVE ( 'NONE', #3729, #1141, #2988, .T. ) ;
#3372 = ORIENTED_EDGE ( 'NONE', *, *, #1698, .T. ) ;
#3373 = CARTESIAN_POINT ( 'NONE',  ( -0.1318897637795275746, -0.1224523058384645591, -0.1023622047244094474 ) ) ;
#3374 = DIRECTION ( 'NONE',  ( 1.000000000000000000, 0.0000000000000000000, 0.0000000000000000000 ) ) ;
#3375 = PRESENTATION_STYLE_ASSIGNMENT (( #1368 ) ) ;
#3376 = EDGE_CURVE ( 'NONE', #573, #359, #4127, .T. ) ;
#3377 = ADVANCED_FACE ( 'NONE', ( #2469 ), #122, .F. ) ;
#3378 = EDGE_LOOP ( 'NONE', ( #593, #303, #1192, #4300 ) ) ;
#3379 = CARTESIAN_POINT ( 'NONE',  ( 0.1318897637795275746, -0.09578120915254409451, 0.1023622047244094474 ) ) ;
#3380 = CARTESIAN_POINT ( 'NONE',  ( 0.1318897637795275746, -0.09578120915254409451, -0.1023622047244094474 ) ) ;
#3381 = ORIENTED_EDGE ( 'NONE', *, *, #2450, .T. ) ;
#3382 = ORIENTED_EDGE ( 'NONE', *, *, #3785, .F. ) ;
#3383 = DIRECTION ( 'NONE',  ( 1.000000000000000000, 0.0000000000000000000, -1.445602896647339903E-16 ) ) ;
#3384 = FACE_OUTER_BOUND ( 'NONE', #2321, .T. ) ;
#3385 = EDGE_LOOP ( 'NONE', ( #1020, #2230, #2806, #1895 ) ) ;
#3386 = DIRECTION ( 'NONE',  ( 1.445602896647339903E-16, 0.0000000000000000000, 1.000000000000000000 ) ) ;
#3387 = CARTESIAN_POINT ( 'NONE',  ( -0.1263219938489248129, -0.09021343922194134668, -0.1023622047244094474 ) ) ;
#3388 = FACE_OUTER_BOUND ( 'NONE', #332, .T. ) ;
#3389 = EDGE_LOOP ( 'NONE', ( #3454, #1070, #1595, #2487 ) ) ;
#3390 = EDGE_LOOP ( 'NONE', ( #4204, #3317, #2181, #952 ) ) ;
#3391 = SPHERICAL_SURFACE ( 'NONE', #3683, 0.03937007874015747977 ) ;
#3392 = DIRECTION ( 'NONE',  ( 0.0000000000000000000, 0.0000000000000000000, 1.000000000000000000 ) ) ;
#3393 = CLOSED_SHELL ( 'NONE', ( #976, #2234, #2370, #1668, #1562, #1624, #2239, #1071, #1483, #1614, #3857, #3959, #3864, #2317, #696, #4084, #1834, #645, #726, #3747, #1300 ) ) ;
#3394 = ORIENTED_EDGE ( 'NONE', *, *, #856, .F. ) ;
#3395 = CYLINDRICAL_SURFACE ( 'NONE', #467, 0.005905511811023620231 ) ;
#3396 = DIRECTION ( 'NONE',  ( -4.063888932435259910E-16, 1.000000000000000000, 0.0000000000000000000 ) ) ;
#3397 = ADVANCED_FACE ( 'NONE', ( #164 ), #2121, .T. ) ;
#3398 = VERTEX_POINT ( 'NONE', #494 ) ;
#3399 = ORIENTED_EDGE ( 'NONE', *, *, #2744, .F. ) ;
#3400 = VECTOR ( 'NONE', #2063, 39.37007874015748854 ) ;
#3401 = VECTOR ( 'NONE', #2322, 39.37007874015748143 ) ;
#3402 = EDGE_CURVE ( 'NONE', #4270, #3886, #4163, .T. ) ;
#3403 = FACE_OUTER_BOUND ( 'NONE', #2957, .T. ) ;
#3404 = ADVANCED_FACE ( 'NONE', ( #3982 ), #225, .F. ) ;
#3405 = CARTESIAN_POINT ( 'NONE',  ( -0.1240157480314960647, -0.09578120915254409451, -0.1023622047244094474 ) ) ;
#3406 = VECTOR ( 'NONE', #3653, 39.37007874015748854 ) ;
#3407 = ORIENTED_EDGE ( 'NONE', *, *, #532, .T. ) ;
#3408 = AXIS2_PLACEMENT_3D ( 'NONE', #2039, #75, #2656 ) ;
#3409 =( NAMED_UNIT ( * ) SI_UNIT ( $, .STERADIAN. ) SOLID_ANGLE_UNIT ( ) );
#3410 = AXIS2_PLACEMENT_3D ( 'NONE', #2119, #1749, #1421 ) ;
#3411 = CARTESIAN_POINT ( 'NONE',  ( -0.08858267716535432601, 0.1377952755905511861, -0.1122047244094488139 ) ) ;
#3412 = ORIENTED_EDGE ( 'NONE', *, *, #1441, .T. ) ;
#3413 = VECTOR ( 'NONE', #1962, 39.37007874015748143 ) ;
#3414 = VECTOR ( 'NONE', #1893, 39.37007874015748143 ) ;
#3415 = ORIENTED_EDGE ( 'NONE', *, *, #1167, .F. ) ;
#3416 = DIRECTION ( 'NONE',  ( 0.0000000000000000000, 0.0000000000000000000, 1.000000000000000000 ) ) ;
#3417 = VECTOR ( 'NONE', #2676, 39.37007874015748143 ) ;
#3418 = CARTESIAN_POINT ( 'NONE',  ( -0.1532055652061933004, -0.07446540772587834089, -0.1023622047244094474 ) ) ;
#3419 = ORIENTED_EDGE ( 'NONE', *, *, #2428, .F. ) ;
#3420 = AXIS2_PLACEMENT_3D ( 'NONE', #3512, #2818, #3096 ) ;
#3421 = CYLINDRICAL_SURFACE ( 'NONE', #531, 0.005905511811023620231 ) ;
#3422 = DIRECTION ( 'NONE',  ( 0.0000000000000000000, 0.0000000000000000000, 1.000000000000000000 ) ) ;
#3423 = DIRECTION ( 'NONE',  ( 0.0000000000000000000, 0.0000000000000000000, 1.000000000000000000 ) ) ;
#3424 = EDGE_LOOP ( 'NONE', ( #410, #3644, #374, #4225 ) ) ;
#3425 = ADVANCED_FACE ( 'NONE', ( #274 ), #629, .T. ) ;
#3426 = ORIENTED_EDGE ( 'NONE', *, *, #378, .F. ) ;
#3427 = PLANE ( 'NONE',  #3553 ) ;
#3428 = ORIENTED_EDGE ( 'NONE', *, *, #1886, .T. ) ;
#3429 = EDGE_CURVE ( 'NONE', #487, #2037, #1172, .T. ) ;
#3430 = EDGE_CURVE ( 'NONE', #2931, #2961, #1534, .T. ) ;
#3431 = AXIS2_PLACEMENT_3D ( 'NONE', #2814, #4154, #2486 ) ;
#3432 = CARTESIAN_POINT ( 'NONE',  ( -0.1532055652061933004, -0.07446540772587834089, 0.07480314960629921850 ) ) ;
#3433 = CARTESIAN_POINT ( 'NONE',  ( 0.1240157480314960647, -0.04201406643800709162, -0.1023622047244094474 ) ) ;
#3434 = VERTEX_POINT ( 'NONE', #2868 ) ;
#3435 = VERTEX_POINT ( 'NONE', #1274 ) ;
#3436 = CARTESIAN_POINT ( 'NONE',  ( -0.1555118110236220763, -0.1377952755905511861, -0.09350393700787401619 ) ) ;
#3437 = LINE ( 'NONE', #456, #1849 ) ;
#3438 = LINE ( 'NONE', #3742, #1815 ) ;
#3439 = ORIENTED_EDGE ( 'NONE', *, *, #238, .F. ) ;
#3440 = CARTESIAN_POINT ( 'NONE',  ( 0.0000000000000000000, 0.1968503937007874127, 0.0000000000000000000 ) ) ;
#3441 = CARTESIAN_POINT ( 'NONE',  ( -0.08858267716535432601, 0.1496062992125984370, 0.06496062992125983815 ) ) ;
#3442 = DIRECTION ( 'NONE',  ( 0.0000000000000000000, 0.0000000000000000000, 1.000000000000000000 ) ) ;
#3443 = VERTEX_POINT ( 'NONE', #1948 ) ;
#3444 = VERTEX_POINT ( 'NONE', #3624 ) ;
#3445 = FACE_OUTER_BOUND ( 'NONE', #500, .T. ) ;
#3446 = CARTESIAN_POINT ( 'NONE',  ( 0.1181102362204724532, 0.03543307086614173179, 0.07480314960629921850 ) ) ;
#3447 = EDGE_CURVE ( 'NONE', #138, #1207, #4111, .T. ) ;
#3448 = ORIENTED_EDGE ( 'NONE', *, *, #2362, .T. ) ;
#3449 = DIRECTION ( 'NONE',  ( 0.0000000000000000000, 1.000000000000000000, 0.0000000000000000000 ) ) ;
#3450 = FACE_OUTER_BOUND ( 'NONE', #2210, .T. ) ;
#3451 = EDGE_CURVE ( 'NONE', #3443, #919, #272, .T. ) ;
#3452 = EDGE_CURVE ( 'NONE', #2231, #1099, #292, .T. ) ;
#3453 = EDGE_LOOP ( 'NONE', ( #3936, #587, #1661, #2353, #983, #4260 ) ) ;
#3454 = ORIENTED_EDGE ( 'NONE', *, *, #2048, .T. ) ;
#3455 = DIRECTION ( 'NONE',  ( 1.000000000000000000, 0.0000000000000000000, 0.0000000000000000000 ) ) ;
#3456 = FACE_OUTER_BOUND ( 'NONE', #333, .T. ) ;
#3457 = EDGE_CURVE ( 'NONE', #436, #427, #1859, .T. ) ;
#3458 = DIRECTION ( 'NONE',  ( 1.000000000000000000, 0.0000000000000000000, 0.0000000000000000000 ) ) ;
#3459 = EDGE_LOOP ( 'NONE', ( #2378, #37, #1877, #1447, #2709, #1966, #1889, #311 ) ) ;
#3460 = DIRECTION ( 'NONE',  ( 0.0000000000000000000, 0.0000000000000000000, 1.000000000000000000 ) ) ;
#3461 = CARTESIAN_POINT ( 'NONE',  ( -0.1263219938489248129, -0.04758183636860983945, -0.1023622047244094474 ) ) ;
#3462 = PLANE ( 'NONE',  #2584 ) ;
#3463 = EDGE_LOOP ( 'NONE', ( #3798, #689, #3294, #3809 ) ) ;
#3464 = LINE ( 'NONE', #465, #33 ) ;
#3465 = DIRECTION ( 'NONE',  ( 0.0000000000000000000, -1.000000000000000000, 0.0000000000000000000 ) ) ;
#3466 = EDGE_LOOP ( 'NONE', ( #168, #2086, #381, #4295 ) ) ;
#3467 = CIRCLE ( 'NONE', #1572, 0.02362204724409448092 ) ;
#3468 = CARTESIAN_POINT ( 'NONE',  ( 0.1476377952755905387, -0.06889763779527559306, -0.07480314960629921850 ) ) ;
#3469 = AXIS2_PLACEMENT_3D ( 'NONE', #3210, #2636, #3942 ) ;
#3470 = VECTOR ( 'NONE', #1807, 39.37007874015748854 ) ;
#3471 = ORIENTED_EDGE ( 'NONE', *, *, #511, .T. ) ;
#3472 = ORIENTED_EDGE ( 'NONE', *, *, #1486, .F. ) ;
#3473 = EDGE_CURVE ( 'NONE', #1547, #2222, #3206, .T. ) ;
#3474 = AXIS2_PLACEMENT_3D ( 'NONE', #330, #3707, #1349 ) ;
#3475 = LINE ( 'NONE', #3168, #828 ) ;
#3476 = CARTESIAN_POINT ( 'NONE',  ( 0.1318897637795275746, -0.09578120915254409451, 0.1023622047244094474 ) ) ;
#3477 = VECTOR ( 'NONE', #1331, 39.37007874015748143 ) ;
#3478 = DIRECTION ( 'NONE',  ( 0.0000000000000000000, 0.0000000000000000000, -1.000000000000000000 ) ) ;
#3479 = AXIS2_PLACEMENT_3D ( 'NONE', #2304, #3649, #2017 ) ;
#3480 = VERTEX_POINT ( 'NONE', #1208 ) ;
#3481 = EDGE_CURVE ( 'NONE', #3480, #4083, #1044, .T. ) ;
#3482 = EDGE_CURVE ( 'NONE', #1828, #3158, #2539, .T. ) ;
#3483 = LINE ( 'NONE', #1825, #3535 ) ;
#3484 = VECTOR ( 'NONE', #3100, 39.37007874015748143 ) ;
#3485 = DIRECTION ( 'NONE',  ( 4.063888932435259910E-16, -1.000000000000000000, 0.0000000000000000000 ) ) ;
#3486 = CARTESIAN_POINT ( 'NONE',  ( -0.1476377952755905387, -0.06889763779527559306, -0.1023622047244094474 ) ) ;
#3487 = VERTEX_POINT ( 'NONE', #2941 ) ;
#3488 = ORIENTED_EDGE ( 'NONE', *, *, #2716, .T. ) ;
#3489 = FACE_OUTER_BOUND ( 'NONE', #3946, .T. ) ;
#3490 = LINE ( 'NONE', #2734, #1228 ) ;
#3491 = SURFACE_STYLE_FILL_AREA ( #2752 ) ;
#3492 = EDGE_LOOP ( 'NONE', ( #1959, #1157, #2158, #3090 ) ) ;
#3493 = FACE_OUTER_BOUND ( 'NONE', #2152, .T. ) ;
#3494 = CARTESIAN_POINT ( 'NONE',  ( 0.1122047244094488277, 0.0000000000000000000, 0.1181102362204724532 ) ) ;
#3495 = ORIENTED_EDGE ( 'NONE', *, *, #3746, .T. ) ;
#3496 = CARTESIAN_POINT ( 'NONE',  ( 0.1318897637795275746, -0.04201406643800709162, 0.1023622047244094474 ) ) ;
#3497 = DIRECTION ( 'NONE',  ( -2.168404344971010347E-16, 0.0000000000000000000, -1.000000000000000000 ) ) ;
#3498 = CARTESIAN_POINT ( 'NONE',  ( 0.1181102362204724532, 0.03543307086614173179, 0.1023622047244094474 ) ) ;
#3499 = EDGE_CURVE ( 'NONE', #4019, #2882, #837, .T. ) ;
#3500 = CARTESIAN_POINT ( 'NONE',  ( 0.08858267716535432601, 0.1377952755905511861, -0.08858267716535432601 ) ) ;
#3501 = VECTOR ( 'NONE', #3171, 39.37007874015748143 ) ;
#3502 = ORIENTED_EDGE ( 'NONE', *, *, #2177, .T. ) ;
#3503 = LINE ( 'NONE', #1496, #3332 ) ;
#3504 = CARTESIAN_POINT ( 'NONE',  ( 0.08858267716535432601, 0.1377952755905511861, 0.06496062992125983815 ) ) ;
#3505 = EDGE_CURVE ( 'NONE', #957, #3054, #3596, .T. ) ;
#3506 = LINE ( 'NONE', #4093, #3711 ) ;
#3507 = EDGE_CURVE ( 'NONE', #2222, #1532, #599, .T. ) ;
#3508 = EDGE_LOOP ( 'NONE', ( #3987, #2816, #2358, #1900 ) ) ;
#3509 = ORIENTED_EDGE ( 'NONE', *, *, #1995, .T. ) ;
#3510 = FACE_BOUND ( 'NONE', #3803, .T. ) ;
#3511 = LINE ( 'NONE', #3380, #3906 ) ;
#3512 = CARTESIAN_POINT ( 'NONE',  ( 0.1318897637795275746, -0.09578120915254409451, -0.1023622047244094474 ) ) ;
#3513 = ORIENTED_EDGE ( 'NONE', *, *, #2023, .T. ) ;
#3514 = CARTESIAN_POINT ( 'NONE',  ( -0.1318897637795275746, -0.09578120915254409451, -0.1023622047244094474 ) ) ;
#3515 = ORIENTED_EDGE ( 'NONE', *, *, #1861, .F. ) ;
#3516 = DIRECTION ( 'NONE',  ( -4.063888932435259910E-16, -1.000000000000000000, 0.0000000000000000000 ) ) ;
#3517 = DIRECTION ( 'NONE',  ( 0.0000000000000000000, -1.000000000000000000, 0.0000000000000000000 ) ) ;
#3518 = CARTESIAN_POINT ( 'NONE',  ( -0.08858267716535432601, 0.1299212598425196763, 0.1122047244094488139 ) ) ;
#3519 = ORIENTED_EDGE ( 'NONE', *, *, #3834, .T. ) ;
#3520 = DIRECTION ( 'NONE',  ( -3.519431053647356462E-16, -0.8660254037844389297, -0.4999999999999994449 ) ) ;
#3521 = DIRECTION ( 'NONE',  ( 0.0000000000000000000, 1.000000000000000000, 0.0000000000000000000 ) ) ;
#3522 = EDGE_LOOP ( 'NONE', ( #3879, #3589 ) ) ;
#3523 = ORIENTED_EDGE ( 'NONE', *, *, #1002, .T. ) ;
#3524 = DIRECTION ( 'NONE',  ( 0.0000000000000000000, -1.000000000000000000, 0.0000000000000000000 ) ) ;
#3525 = EDGE_CURVE ( 'NONE', #998, #1540, #1227, .T. ) ;
#3526 = CARTESIAN_POINT ( 'NONE',  ( 0.1318897637795275746, -0.04201406643800709162, -0.1023622047244094474 ) ) ;
#3527 = DIRECTION ( 'NONE',  ( 0.0000000000000000000, -1.000000000000000000, 0.0000000000000000000 ) ) ;
#3528 = VERTEX_POINT ( 'NONE', #1574 ) ;
#3529 = EDGE_CURVE ( 'NONE', #2037, #639, #2918, .T. ) ;
#3530 = CARTESIAN_POINT ( 'NONE',  ( -0.1318897637795275746, -0.09578120915254409451, -0.07480314960629921850 ) ) ;
#3531 = CIRCLE ( 'NONE', #4228, 0.007874015748031499423 ) ;
#3532 = ORIENTED_EDGE ( 'NONE', *, *, #3430, .F. ) ;
#3533 = CARTESIAN_POINT ( 'NONE',  ( -0.1181102362204724532, 0.1377952755905511861, -0.1122047244094488277 ) ) ;
#3534 = AXIS2_PLACEMENT_3D ( 'NONE', #844, #3137, #3174 ) ;
#3535 = VECTOR ( 'NONE', #3539, 39.37007874015748143 ) ;
#3536 = FACE_OUTER_BOUND ( 'NONE', #1789, .T. ) ;
#3537 = AXIS2_PLACEMENT_3D ( 'NONE', #1030, #2349, #701 ) ;
#3538 = ORIENTED_EDGE ( 'NONE', *, *, #3824, .T. ) ;
#3539 = DIRECTION ( 'NONE',  ( 0.0000000000000000000, 0.0000000000000000000, -1.000000000000000000 ) ) ;
#3540 = CARTESIAN_POINT ( 'NONE',  ( 0.1263219938489248129, -0.04758183636860983945, 0.1023622047244094474 ) ) ;
#3541 = DIRECTION ( 'NONE',  ( 0.0000000000000000000, -1.000000000000000000, 0.0000000000000000000 ) ) ;
#3542 = VECTOR ( 'NONE', #2778, 39.37007874015748143 ) ;
#3543 = DIRECTION ( 'NONE',  ( 0.0000000000000000000, -1.000000000000000000, 0.0000000000000000000 ) ) ;
#3544 = ORIENTED_EDGE ( 'NONE', *, *, #2900, .F. ) ;
#3545 = ORIENTED_EDGE ( 'NONE', *, *, #71, .F. ) ;
#3546 = CIRCLE ( 'NONE', #687, 0.007874015748031499423 ) ;
#3547 = FACE_OUTER_BOUND ( 'NONE', #43, .T. ) ;
#3548 = DIRECTION ( 'NONE',  ( 0.0000000000000000000, -1.000000000000000000, 0.0000000000000000000 ) ) ;
#3549 = CIRCLE ( 'NONE', #477, 0.007874015748031499423 ) ;
#3550 = EDGE_CURVE ( 'NONE', #2022, #138, #2591, .T. ) ;
#3551 = ORIENTED_EDGE ( 'NONE', *, *, #1076, .T. ) ;
#3552 = VERTEX_POINT ( 'NONE', #4018 ) ;
#3553 = AXIS2_PLACEMENT_3D ( 'NONE', #3848, #1817, #2465 ) ;
#3554 = APPLICATION_CONTEXT ( 'automotive_design' ) ;
#3555 = DIRECTION ( 'NONE',  ( -4.063888932435259910E-16, 1.000000000000000000, 0.0000000000000000000 ) ) ;
#3556 = DIRECTION ( 'NONE',  ( 0.0000000000000000000, 1.000000000000000000, 0.0000000000000000000 ) ) ;
#3557 = EDGE_CURVE ( 'NONE', #1217, #1454, #3731, .T. ) ;
#3558 = ADVANCED_FACE ( 'NONE', ( #3384 ), #4323, .T. ) ;
#3559 = ORIENTED_EDGE ( 'NONE', *, *, #3964, .T. ) ;
#3560 = DIRECTION ( 'NONE',  ( 0.0000000000000000000, 0.0000000000000000000, -1.000000000000000000 ) ) ;
#3561 = CARTESIAN_POINT ( 'NONE',  ( -0.1240157480314960647, -0.09578120915254409451, 0.07480314960629921850 ) ) ;
#3562 = EDGE_LOOP ( 'NONE', ( #1680, #4254, #192, #4038 ) ) ;
#3563 = DIRECTION ( 'NONE',  ( 0.0000000000000000000, -1.000000000000000000, 0.0000000000000000000 ) ) ;
#3564 = VECTOR ( 'NONE', #754, 39.37007874015748143 ) ;
#3565 = PLANE ( 'NONE',  #4306 ) ;
#3566 = CARTESIAN_POINT ( 'NONE',  ( 0.1318897637795275746, -0.1224523058384645591, 0.07480314960629921850 ) ) ;
#3567 = AXIS2_PLACEMENT_3D ( 'NONE', #655, #2003, #302 ) ;
#3568 = VERTEX_POINT ( 'NONE', #4039 ) ;
#3569 = LINE ( 'NONE', #2883, #3327 ) ;
#3570 = CARTESIAN_POINT ( 'NONE',  ( -0.1318897637795275746, -0.09578120915254409451, 0.07480314960629921850 ) ) ;
#3571 = DIRECTION ( 'NONE',  ( -0.7071067811865469066, 0.7071067811865479058, 0.0000000000000000000 ) ) ;
#3572 = ORIENTED_EDGE ( 'NONE', *, *, #2104, .T. ) ;
#3573 = ORIENTED_EDGE ( 'NONE', *, *, #481, .T. ) ;
#3574 = EDGE_CURVE ( 'NONE', #2175, #4199, #3984, .T. ) ;
#3575 = CARTESIAN_POINT ( 'NONE',  ( 0.1318897637795275746, -0.09578120915254409451, 0.1023622047244094474 ) ) ;
#3576 = CARTESIAN_POINT ( 'NONE',  ( -0.1555118110236220763, -0.003937007874015747977, -0.04921259842519685318 ) ) ;
#3577 = VERTEX_POINT ( 'NONE', #3076 ) ;
#3578 = CARTESIAN_POINT ( 'NONE',  ( 0.1263219938489248129, -0.09021343922194134668, 0.1023622047244094474 ) ) ;
#3579 = EDGE_CURVE ( 'NONE', #3252, #2011, #1701, .T. ) ;
#3580 = SURFACE_SIDE_STYLE ('',( #2257 ) ) ;
#3581 = DIRECTION ( 'NONE',  ( -1.000000000000000000, 0.0000000000000000000, 0.0000000000000000000 ) ) ;
#3582 =( NAMED_UNIT ( * ) SI_UNIT ( $, .STERADIAN. ) SOLID_ANGLE_UNIT ( ) );
#3583 = EDGE_LOOP ( 'NONE', ( #3381, #290 ) ) ;
#3584 = LINE ( 'NONE', #2927, #2126 ) ;
#3585 = EDGE_CURVE ( 'NONE', #380, #1362, #1636, .T. ) ;
#3586 =( CONVERSION_BASED_UNIT ( 'INCH', #2243 ) LENGTH_UNIT ( ) NAMED_UNIT ( #1545 ) );
#3587 = DIRECTION ( 'NONE',  ( 0.0000000000000000000, -1.000000000000000000, 0.0000000000000000000 ) ) ;
#3588 = ORIENTED_EDGE ( 'NONE', *, *, #1892, .F. ) ;
#3589 = ORIENTED_EDGE ( 'NONE', *, *, #2846, .T. ) ;
#3590 = CARTESIAN_POINT ( 'NONE',  ( -0.1555118110236220763, -0.1377952755905511861, 0.08366141732283464971 ) ) ;
#3591 = FACE_BOUND ( 'NONE', #1042, .T. ) ;
#3592 = CARTESIAN_POINT ( 'NONE',  ( -0.08858267716535432601, 0.1496062992125984370, 0.08858267716535432601 ) ) ;
#3593 = FACE_OUTER_BOUND ( 'NONE', #2144, .T. ) ;
#3594 = ORIENTED_EDGE ( 'NONE', *, *, #670, .T. ) ;
#3595 = UNCERTAINTY_MEASURE_WITH_UNIT (LENGTH_MEASURE( 1.000000000000000082E-05 ), #2573, 'distance_accuracy_value', 'NONE');
#3596 = LINE ( 'NONE', #893, #197 ) ;
#3597 = ORIENTED_EDGE ( 'NONE', *, *, #158, .F. ) ;
#3598 = LINE ( 'NONE', #1928, #2347 ) ;
#3599 = DIRECTION ( 'NONE',  ( 0.0000000000000000000, -1.000000000000000000, 0.0000000000000000000 ) ) ;
#3600 = CARTESIAN_POINT ( 'NONE',  ( -0.1318897637795275746, -0.09578120915254409451, -0.1023622047244094474 ) ) ;
#3601 = EDGE_CURVE ( 'NONE', #4199, #3568, #70, .T. ) ;
#3602 = ORIENTED_EDGE ( 'NONE', *, *, #4165, .T. ) ;
#3603 = PRESENTATION_LAYER_ASSIGNMENT (  '', '', ( #614 ) ) ;
#3604 = VECTOR ( 'NONE', #106, 39.37007874015748143 ) ;
#3605 = DIRECTION ( 'NONE',  ( -0.7071067811865470176, 0.7071067811865480168, 0.0000000000000000000 ) ) ;
#3606 = VECTOR ( 'NONE', #774, 39.37007874015748143 ) ;
#3607 = CARTESIAN_POINT ( 'NONE',  ( 0.1240157480314960647, 0.03543307086614173179, 0.07480314960629921850 ) ) ;
#3608 = VECTOR ( 'NONE', #3284, 39.37007874015748143 ) ;
#3609 = EDGE_CURVE ( 'NONE', #207, #1947, #2036, .T. ) ;
#3610 = ORIENTED_EDGE ( 'NONE', *, *, #3022, .F. ) ;
#3611 = ADVANCED_FACE ( 'NONE', ( #407 ), #2302, .T. ) ;
#3612 = VERTEX_POINT ( 'NONE', #336 ) ;
#3613 = DIRECTION ( 'NONE',  ( 0.0000000000000000000, 0.0000000000000000000, 1.000000000000000000 ) ) ;
#3614 = AXIS2_PLACEMENT_3D ( 'NONE', #801, #2401, #1793 ) ;
#3615 = VECTOR ( 'NONE', #808, 39.37007874015748143 ) ;
#3616 = CARTESIAN_POINT ( 'NONE',  ( 0.1181102362204724532, 0.03543307086614173179, -0.07480314960629921850 ) ) ;
#3617 = CARTESIAN_POINT ( 'NONE',  ( -0.1122047244094488277, 0.1299212598425196763, -0.1122047244094488277 ) ) ;
#3618 =( NAMED_UNIT ( * ) SI_UNIT ( $, .STERADIAN. ) SOLID_ANGLE_UNIT ( ) );
#3619 = CIRCLE ( 'NONE', #1446, 0.02362204724409448092 ) ;
#3620 = AXIS2_PLACEMENT_3D ( 'NONE', #2171, #2526, #520 ) ;
#3621 = VERTEX_POINT ( 'NONE', #3686 ) ;
#3622 = ORIENTED_EDGE ( 'NONE', *, *, #805, .T. ) ;
#3623 = AXIS2_PLACEMENT_3D ( 'NONE', #1800, #3147, #3826 ) ;
#3624 = CARTESIAN_POINT ( 'NONE',  ( -0.08858267716535432601, 0.1299212598425196763, 0.06496062992125983815 ) ) ;
#3625 = PLANE ( 'NONE',  #850 ) ;
#3626 = ORIENTED_EDGE ( 'NONE', *, *, #949, .T. ) ;
#3627 = CARTESIAN_POINT ( 'NONE',  ( -0.1122047244094488277, 0.1377952755905511861, 0.1122047244094488277 ) ) ;
#3628 = CARTESIAN_POINT ( 'NONE',  ( 0.1181102362204724532, -0.003937007874015747977, -0.04921259842519685318 ) ) ;
#3629 = ORIENTED_EDGE ( 'NONE', *, *, #3452, .F. ) ;
#3630 = DIRECTION ( 'NONE',  ( 1.000000000000000000, 0.0000000000000000000, 0.0000000000000000000 ) ) ;
#3631 = DIRECTION ( 'NONE',  ( 0.0000000000000000000, -1.000000000000000000, 0.0000000000000000000 ) ) ;
#3632 = EDGE_CURVE ( 'NONE', #2537, #3915, #59, .T. ) ;
#3633 = CARTESIAN_POINT ( 'NONE',  ( 0.0000000000000000000, 0.1299212598425196763, 0.0000000000000000000 ) ) ;
#3634 = MANIFOLD_SOLID_BREP ( 'Imported5', #3740 ) ;
#3635 = VECTOR ( 'NONE', #3197, 39.37007874015748143 ) ;
#3636 = ORIENTED_EDGE ( 'NONE', *, *, #1148, .T. ) ;
#3637 = DIRECTION ( 'NONE',  ( 0.0000000000000000000, 1.000000000000000000, 0.0000000000000000000 ) ) ;
#3638 = DIRECTION ( 'NONE',  ( 0.0000000000000000000, -1.000000000000000000, 0.0000000000000000000 ) ) ;
#3639 = EDGE_CURVE ( 'NONE', #2059, #3794, #415, .T. ) ;
#3640 = CARTESIAN_POINT ( 'NONE',  ( 0.1555118110236220763, -0.1377952755905511861, 0.09350393700787401619 ) ) ;
#3641 = EDGE_CURVE ( 'NONE', #3312, #4338, #692, .T. ) ;
#3642 = DIRECTION ( 'NONE',  ( 0.0000000000000000000, 1.000000000000000000, 0.0000000000000000000 ) ) ;
#3643 = ORIENTED_EDGE ( 'NONE', *, *, #1994, .T. ) ;
#3644 = ORIENTED_EDGE ( 'NONE', *, *, #4188, .T. ) ;
#3645 = ADVANCED_FACE ( 'NONE', ( #2117 ), #3782, .T. ) ;
#3646 = CARTESIAN_POINT ( 'NONE',  ( 0.1318897637795275746, -0.09578120915254409451, -0.07480314960629921850 ) ) ;
#3647 = CARTESIAN_POINT ( 'NONE',  ( -0.1476377952755905387, -0.06889763779527559306, -0.1023622047244094474 ) ) ;
#3648 = ORIENTED_EDGE ( 'NONE', *, *, #2094, .F. ) ;
#3649 = DIRECTION ( 'NONE',  ( 0.7071067811865480168, -0.7071067811865470176, 0.0000000000000000000 ) ) ;
#3650 = CARTESIAN_POINT ( 'NONE',  ( -0.1181102362204724532, 0.1377952755905511861, 0.1122047244094488277 ) ) ;
#3651 = CARTESIAN_POINT ( 'NONE',  ( 0.1181102362204724532, 0.02755905511811023584, 0.1023622047244094474 ) ) ;
#3652 = ORIENTED_EDGE ( 'NONE', *, *, #2667, .T. ) ;
#3653 = DIRECTION ( 'NONE',  ( -0.7071067811865479058, -0.7071067811865469066, 0.0000000000000000000 ) ) ;
#3654 = DIRECTION ( 'NONE',  ( 1.000000000000000000, 0.0000000000000000000, 0.0000000000000000000 ) ) ;
#3655 = DIRECTION ( 'NONE',  ( 0.0000000000000000000, -1.000000000000000000, 0.0000000000000000000 ) ) ;
#3656 = ORIENTED_EDGE ( 'NONE', *, *, #4122, .F. ) ;
#3657 = DIRECTION ( 'NONE',  ( 1.000000000000000000, 0.0000000000000000000, 0.0000000000000000000 ) ) ;
#3658 = CARTESIAN_POINT ( 'NONE',  ( 0.1240157480314960647, -0.1143824042423135789, 0.07014398974742774850 ) ) ;
#3659 = FACE_OUTER_BOUND ( 'NONE', #2670, .T. ) ;
#3660 = EDGE_LOOP ( 'NONE', ( #3412, #2693, #44, #307 ) ) ;
#3661 = EDGE_CURVE ( 'NONE', #1407, #741, #981, .T. ) ;
#3662 = ORIENTED_EDGE ( 'NONE', *, *, #2120, .T. ) ;
#3663 = DIRECTION ( 'NONE',  ( 0.7071067811865479058, -0.7071067811865469066, 0.0000000000000000000 ) ) ;
#3664 =( NAMED_UNIT ( * ) PLANE_ANGLE_UNIT ( ) SI_UNIT ( $, .RADIAN. ) );
#3665 = EDGE_LOOP ( 'NONE', ( #1647, #4167, #91, #1548 ) ) ;
#3666 = EDGE_CURVE ( 'NONE', #1080, #1709, #142, .T. ) ;
#3667 = CARTESIAN_POINT ( 'NONE',  ( 0.1240157480314960647, -0.1377952755905511861, -0.08366141732283464971 ) ) ;
#3668 = FACE_OUTER_BOUND ( 'NONE', #1197, .T. ) ;
#3669 = CARTESIAN_POINT ( 'NONE',  ( -0.1181102362204724532, 0.02755905511811023584, -0.07480314960629921850 ) ) ;
#3670 = ORIENTED_EDGE ( 'NONE', *, *, #3430, .T. ) ;
#3671 = CARTESIAN_POINT ( 'NONE',  ( -0.1263219938489248129, -0.09021343922194134668, -0.1023622047244094474 ) ) ;
#3672 = LINE ( 'NONE', #1976, #4037 ) ;
#3673 = DIRECTION ( 'NONE',  ( 0.0000000000000000000, 0.0000000000000000000, 1.000000000000000000 ) ) ;
#3674 = DIRECTION ( 'NONE',  ( 0.0000000000000000000, 0.0000000000000000000, -1.000000000000000000 ) ) ;
#3675 = MANIFOLD_SOLID_BREP ( 'Imported4', #737 ) ;
#3676 = VERTEX_POINT ( 'NONE', #448 ) ;
#3677 = DIRECTION ( 'NONE',  ( 0.0000000000000000000, 1.000000000000000000, 0.0000000000000000000 ) ) ;
#3678 = VECTOR ( 'NONE', #1054, 39.37007874015748143 ) ;
#3679 = VECTOR ( 'NONE', #2030, 39.37007874015748143 ) ;
#3680 = SURFACE_STYLE_USAGE ( .BOTH. , #4293 ) ;
#3681 = ORIENTED_EDGE ( 'NONE', *, *, #404, .F. ) ;
#3682 = VECTOR ( 'NONE', #4099, 39.37007874015748143 ) ;
#3683 = AXIS2_PLACEMENT_3D ( 'NONE', #3348, #1691, #4332 ) ;
#3684 = ORIENTED_EDGE ( 'NONE', *, *, #524, .F. ) ;
#3685 = LINE ( 'NONE', #3730, #1164 ) ;
#3686 = CARTESIAN_POINT ( 'NONE',  ( -0.1240157480314960647, -0.1377952755905511861, 0.09350393700787401619 ) ) ;
#3687 = CIRCLE ( 'NONE', #408, 0.02362204724409448092 ) ;
#3688 = ADVANCED_FACE ( 'NONE', ( #1507 ), #3427, .T. ) ;
#3689 = VECTOR ( 'NONE', #1798, 39.37007874015748143 ) ;
#3690 = ORIENTED_EDGE ( 'NONE', *, *, #2586, .T. ) ;
#3691 = AXIS2_PLACEMENT_3D ( 'NONE', #3735, #2085, #2385 ) ;
#3692 = FACE_OUTER_BOUND ( 'NONE', #1131, .T. ) ;
#3693 = CARTESIAN_POINT ( 'NONE',  ( -0.1240157480314960647, 0.03543307086614173179, -0.1023622047244094474 ) ) ;
#3694 = LINE ( 'NONE', #698, #3841 ) ;
#3695 = EDGE_CURVE ( 'NONE', #550, #2087, #1768, .T. ) ;
#3696 = EDGE_CURVE ( 'NONE', #4208, #3225, #1419, .T. ) ;
#3697 = VECTOR ( 'NONE', #205, 39.37007874015748143 ) ;
#3698 = ORIENTED_EDGE ( 'NONE', *, *, #860, .T. ) ;
#3699 = ORIENTED_EDGE ( 'NONE', *, *, #1782, .F. ) ;
#3700 = LINE ( 'NONE', #2993, #679 ) ;
#3701 = DIRECTION ( 'NONE',  ( 0.0000000000000000000, 0.0000000000000000000, -1.000000000000000000 ) ) ;
#3702 = CARTESIAN_POINT ( 'NONE',  ( -0.1122047244094488277, 0.1299212598425196763, 0.1122047244094488277 ) ) ;
#3703 = ORIENTED_EDGE ( 'NONE', *, *, #2499, .F. ) ;
#3704 = CARTESIAN_POINT ( 'NONE',  ( 0.1122047244094488277, 0.1377952755905511861, -0.1122047244094488277 ) ) ;
#3705 = CARTESIAN_POINT ( 'NONE',  ( -0.08858267716535432601, 0.1299212598425196763, 0.08858267716535432601 ) ) ;
#3706 = DIRECTION ( 'NONE',  ( 0.0000000000000000000, 1.000000000000000000, 0.0000000000000000000 ) ) ;
#3707 = DIRECTION ( 'NONE',  ( 0.0000000000000000000, 0.0000000000000000000, 1.000000000000000000 ) ) ;
#3708 = ORIENTED_EDGE ( 'NONE', *, *, #2765, .T. ) ;
#3709 = MANIFOLD_SOLID_BREP ( 'Imported1', #102 ) ;
#3710 = ORIENTED_EDGE ( 'NONE', *, *, #3990, .T. ) ;
#3711 = VECTOR ( 'NONE', #778, 39.37007874015748143 ) ;
#3712 = CARTESIAN_POINT ( 'NONE',  ( 0.0000000000000000000, 0.1299212598425196763, 0.0000000000000000000 ) ) ;
#3713 = DIRECTION ( 'NONE',  ( -1.000000000000000000, 0.0000000000000000000, 0.0000000000000000000 ) ) ;
#3714 = PRESENTATION_LAYER_ASSIGNMENT (  '', '', ( #994 ) ) ;
#3715 = VERTEX_POINT ( 'NONE', #554 ) ;
#3716 = CARTESIAN_POINT ( 'NONE',  ( -0.1181102362204724532, 0.1377952755905511861, -0.1181102362204724532 ) ) ;
#3717 = CARTESIAN_POINT ( 'NONE',  ( -0.1318897637795275746, -0.04201406643800709162, 0.1023622047244094474 ) ) ;
#3718 = CARTESIAN_POINT ( 'NONE',  ( -0.08858267716535432601, 0.1299212598425196763, -0.08858267716535432601 ) ) ;
#3719 = VERTEX_POINT ( 'NONE', #287 ) ;
#3720 = EDGE_LOOP ( 'NONE', ( #3573, #1338, #2408, #1206 ) ) ;
#3721 = EDGE_CURVE ( 'NONE', #2724, #3157, #3116, .T. ) ;
#3722 = CARTESIAN_POINT ( 'NONE',  ( -0.1263219938489248129, -0.04758183636860983945, 0.07480314960629921850 ) ) ;
#3723 = DIRECTION ( 'NONE',  ( 1.000000000000000000, 0.0000000000000000000, 0.0000000000000000000 ) ) ;
#3724 = DIRECTION ( 'NONE',  ( 0.0000000000000000000, 0.0000000000000000000, 1.000000000000000000 ) ) ;
#3725 = EDGE_LOOP ( 'NONE', ( #961, #342, #3818, #478 ) ) ;
#3726 = ADVANCED_FACE ( 'NONE', ( #3593 ), #3292, .F. ) ;
#3727 = DIRECTION ( 'NONE',  ( 0.0000000000000000000, -1.000000000000000000, 0.0000000000000000000 ) ) ;
#3728 = ORIENTED_EDGE ( 'NONE', *, *, #268, .F. ) ;
#3729 = VERTEX_POINT ( 'NONE', #1898 ) ;
#3730 = CARTESIAN_POINT ( 'NONE',  ( 0.1240157480314960647, -0.1024489833240242176, 0.1139111283628084642 ) ) ;
#3731 = LINE ( 'NONE', #2360, #2010 ) ;
#3732 = ORIENTED_EDGE ( 'NONE', *, *, #2099, .F. ) ;
#3733 = DIRECTION ( 'NONE',  ( 0.0000000000000000000, 1.000000000000000000, 0.0000000000000000000 ) ) ;
#3734 = PLANE ( 'NONE',  #3408 ) ;
#3735 = CARTESIAN_POINT ( 'NONE',  ( -0.1555118110236220763, -0.003937007874015747977, 0.04921259842519685318 ) ) ;
#3736 = ORIENTED_EDGE ( 'NONE', *, *, #351, .F. ) ;
#3737 = ORIENTED_EDGE ( 'NONE', *, *, #3316, .F. ) ;
#3738 = CARTESIAN_POINT ( 'NONE',  ( -0.1555118110236220208, -0.06889763779527559306, 0.1023622047244094474 ) ) ;
#3739 = CARTESIAN_POINT ( 'NONE',  ( -0.1240157480314960647, -0.1024489833240242176, -0.1139111283628084642 ) ) ;
#3740 = CLOSED_SHELL ( 'NONE', ( #289, #2944, #759, #702, #4170, #2722, #2991, #2937, #2880, #3688, #135, #3425, #270, #3802, #4329, #3213, #4335, #640, #3377, #2638, #2824 ) ) ;
#3741 = ADVANCED_FACE ( 'NONE', ( #1271 ), #2515, .T. ) ;
#3742 = CARTESIAN_POINT ( 'NONE',  ( -0.1318897637795275746, -0.1377952755905511861, -0.1023622047244094474 ) ) ;
#3743 = VERTEX_POINT ( 'NONE', #596 ) ;
#3744 = CARTESIAN_POINT ( 'NONE',  ( 0.1476377952755905387, -0.06889763779527559306, 0.07480314960629921850 ) ) ;
#3745 = DIRECTION ( 'NONE',  ( -1.000000000000000000, 2.454115839351809943E-16, 0.0000000000000000000 ) ) ;
#3746 = EDGE_CURVE ( 'NONE', #1601, #1188, #3885, .T. ) ;
#3747 = ADVANCED_FACE ( 'NONE', ( #2558 ), #222, .F. ) ;
#3748 = ORIENTED_EDGE ( 'NONE', *, *, #105, .F. ) ;
#3749 = EDGE_LOOP ( 'NONE', ( #3956, #3149, #991, #771, #895, #2688, #3817, #3248, #363, #416, #1918, #505, #528, #790, #2603, #278, #245 ) ) ;
#3750 = EDGE_LOOP ( 'NONE', ( #3199, #1940, #2807, #123 ) ) ;
#3751 = CIRCLE ( 'NONE', #35, 0.02362204724409448092 ) ;
#3752 = AXIS2_PLACEMENT_3D ( 'NONE', #1694, #2793, #707 ) ;
#3753 = DIRECTION ( 'NONE',  ( 0.0000000000000000000, -1.000000000000000000, 0.0000000000000000000 ) ) ;
#3754 = DIRECTION ( 'NONE',  ( 0.7071067811865480168, -0.7071067811865470176, 0.0000000000000000000 ) ) ;
#3755 = STYLED_ITEM ( 'NONE', ( #3961 ), #2168 ) ;
#3756 = AXIS2_PLACEMENT_3D ( 'NONE', #4024, #370, #2705 ) ;
#3757 = ORIENTED_EDGE ( 'NONE', *, *, #1196, .F. ) ;
#3758 = LINE ( 'NONE', #765, #2788 ) ;
#3759 = DIRECTION ( 'NONE',  ( 0.0000000000000000000, 0.0000000000000000000, -1.000000000000000000 ) ) ;
#3760 = VECTOR ( 'NONE', #2052, 39.37007874015748143 ) ;
#3761 = DIRECTION ( 'NONE',  ( 0.0000000000000000000, 0.0000000000000000000, -1.000000000000000000 ) ) ;
#3762 = VECTOR ( 'NONE', #1066, 39.37007874015748143 ) ;
#3763 = CARTESIAN_POINT ( 'NONE',  ( -0.1122047244094488277, 0.1299212598425196763, -0.1181102362204724532 ) ) ;
#3764 = ORIENTED_EDGE ( 'NONE', *, *, #1196, .T. ) ;
#3765 = VECTOR ( 'NONE', #4221, 39.37007874015748143 ) ;
#3766 = ORIENTED_EDGE ( 'NONE', *, *, #1411, .F. ) ;
#3767 = DIRECTION ( 'NONE',  ( 0.7071067811865469066, -0.7071067811865479058, 0.0000000000000000000 ) ) ;
#3768 = CARTESIAN_POINT ( 'NONE',  ( -0.1555118110236220763, -0.1054045616694795212, 0.1122047244094488277 ) ) ;
#3769 = AXIS2_PLACEMENT_3D ( 'NONE', #581, #2959, #985 ) ;
#3770 = CARTESIAN_POINT ( 'NONE',  ( -0.1181102362204724532, 0.1299212598425196763, -0.1122047244094488277 ) ) ;
#3771 = ORIENTED_EDGE ( 'NONE', *, *, #3944, .F. ) ;
#3772 = VECTOR ( 'NONE', #1881, 39.37007874015748143 ) ;
#3773 = DIRECTION ( 'NONE',  ( -1.000000000000000000, 0.0000000000000000000, 0.0000000000000000000 ) ) ;
#3774 = EDGE_CURVE ( 'NONE', #1099, #165, #2866, .T. ) ;
#3775 = DIRECTION ( 'NONE',  ( -1.000000000000000000, 0.0000000000000000000, 0.0000000000000000000 ) ) ;
#3776 = DIRECTION ( 'NONE',  ( 0.0000000000000000000, 0.0000000000000000000, -1.000000000000000000 ) ) ;
#3777 = ORIENTED_EDGE ( 'NONE', *, *, #397, .T. ) ;
#3778 = VERTEX_POINT ( 'NONE', #1551 ) ;
#3779 = DIRECTION ( 'NONE',  ( 1.000000000000000000, 1.478036555683235174E-47, 6.022684552957449548E-32 ) ) ;
#3780 = EDGE_CURVE ( 'NONE', #388, #881, #2606, .T. ) ;
#3781 = EDGE_CURVE ( 'NONE', #48, #728, #2935, .T. ) ;
#3782 = PLANE ( 'NONE',  #2845 ) ;
#3783 = ORIENTED_EDGE ( 'NONE', *, *, #481, .F. ) ;
#3784 = AXIS2_PLACEMENT_3D ( 'NONE', #616, #591, #1609 ) ;
#3785 = EDGE_CURVE ( 'NONE', #3225, #48, #4222, .T. ) ;
#3786 = DIRECTION ( 'NONE',  ( 0.0000000000000000000, 0.0000000000000000000, 1.000000000000000000 ) ) ;
#3787 = DIRECTION ( 'NONE',  ( 0.7071067811865469066, -0.7071067811865479058, 0.0000000000000000000 ) ) ;
#3788 = PRODUCT_DEFINITION_FORMATION_WITH_SPECIFIED_SOURCE ( 'ANY', '', #3060, .NOT_KNOWN. ) ;
#3789 = ORIENTED_EDGE ( 'NONE', *, *, #782, .T. ) ;
#3790 = ORIENTED_EDGE ( 'NONE', *, *, #2449, .F. ) ;
#3791 = CARTESIAN_POINT ( 'NONE',  ( -0.1240157480314960647, -0.09578120915254409451, -0.07480314960629921850 ) ) ;
#3792 = DIRECTION ( 'NONE',  ( 0.7071067811865470176, 0.7071067811865480168, 0.0000000000000000000 ) ) ;
#3793 = DIRECTION ( 'NONE',  ( 0.7071067811865470176, 0.7071067811865480168, 0.0000000000000000000 ) ) ;
#3794 = VERTEX_POINT ( 'NONE', #4203 ) ;
#3795 = LINE ( 'NONE', #85, #1780 ) ;
#3796 = CARTESIAN_POINT ( 'NONE',  ( 0.0000000000000000000, 0.0000000000000000000, 0.0000000000000000000 ) ) ;
#3797 = EDGE_LOOP ( 'NONE', ( #693, #8, #2293, #1249 ) ) ;
#3798 = ORIENTED_EDGE ( 'NONE', *, *, #1884, .T. ) ;
#3799 = CARTESIAN_POINT ( 'NONE',  ( -0.1181102362204724532, 0.1299212598425196763, -0.1181102362204724532 ) ) ;
#3800 = CARTESIAN_POINT ( 'NONE',  ( -0.08858267716535432601, 0.1496062992125984370, 0.08858267716535432601 ) ) ;
#3801 =( NAMED_UNIT ( * ) PLANE_ANGLE_UNIT ( ) SI_UNIT ( $, .RADIAN. ) );
#3802 = ADVANCED_FACE ( 'NONE', ( #202 ), #3910, .T. ) ;
#3803 = EDGE_LOOP ( 'NONE', ( #2095, #2749 ) ) ;
#3804 = DIRECTION ( 'NONE',  ( 0.7071067811865479058, -0.7071067811865469066, 0.0000000000000000000 ) ) ;
#3805 = DIRECTION ( 'NONE',  ( -0.7071067811865469066, -0.7071067811865479058, 0.0000000000000000000 ) ) ;
#3806 = ADVANCED_FACE ( 'NONE', ( #2180 ), #1568, .F. ) ;
#3807 = ADVANCED_FACE ( 'NONE', ( #1594 ), #2911, .T. ) ;
#3808 = EDGE_LOOP ( 'NONE', ( #1223, #3293, #97, #3732, #4130, #3690 ) ) ;
#3809 = ORIENTED_EDGE ( 'NONE', *, *, #430, .T. ) ;
#3810 = CARTESIAN_POINT ( 'NONE',  ( 0.1240157480314960647, 0.03543307086614173179, 0.1023622047244094474 ) ) ;
#3811 = CARTESIAN_POINT ( 'NONE',  ( 0.1318897637795275746, -0.04201406643800709162, 0.07480314960629921850 ) ) ;
#3812 = LINE ( 'NONE', #3170, #1035 ) ;
#3813 = LINE ( 'NONE', #3418, #1533 ) ;
#3814 = VERTEX_POINT ( 'NONE', #1187 ) ;
#3815 = FACE_OUTER_BOUND ( 'NONE', #4085, .T. ) ;
#3816 = DIRECTION ( 'NONE',  ( 0.0000000000000000000, 0.0000000000000000000, -1.000000000000000000 ) ) ;
#3817 = ORIENTED_EDGE ( 'NONE', *, *, #46, .F. ) ;
#3818 = ORIENTED_EDGE ( 'NONE', *, *, #294, .T. ) ;
#3819 = DIRECTION ( 'NONE',  ( -0.7071067811865479058, -0.7071067811865469066, 0.0000000000000000000 ) ) ;
#3820 = DIRECTION ( 'NONE',  ( 0.0000000000000000000, 1.000000000000000000, 0.0000000000000000000 ) ) ;
#3821 = VECTOR ( 'NONE', #2115, 39.37007874015748143 ) ;
#3822 = CARTESIAN_POINT ( 'NONE',  ( 0.1318897637795275746, 0.02755905511811023584, -0.1023622047244094474 ) ) ;
#3823 = DIRECTION ( 'NONE',  ( -1.000000000000000000, 0.0000000000000000000, 0.0000000000000000000 ) ) ;
#3824 = EDGE_CURVE ( 'NONE', #2956, #4320, #3269, .T. ) ;
#3825 = CARTESIAN_POINT ( 'NONE',  ( -0.1181102362204724532, 0.1299212598425196763, 0.1122047244094488277 ) ) ;
#3826 = DIRECTION ( 'NONE',  ( -1.000000000000000000, 0.0000000000000000000, 0.0000000000000000000 ) ) ;
#3827 = VECTOR ( 'NONE', #2125, 39.37007874015748143 ) ;
#3828 = STYLED_ITEM ( 'NONE', ( #2009 ), #743 ) ;
#3829 = VERTEX_POINT ( 'NONE', #527 ) ;
#3830 = AXIS2_PLACEMENT_3D ( 'NONE', #3575, #580, #3555 ) ;
#3831 = AXIS2_PLACEMENT_3D ( 'NONE', #2985, #339, #695 ) ;
#3832 = EDGE_CURVE ( 'NONE', #2952, #1052, #1205, .T. ) ;
#3833 = CARTESIAN_POINT ( 'NONE',  ( -0.1318897637795275746, -0.1143824042423135789, 0.07014398974742774850 ) ) ;
#3834 = EDGE_CURVE ( 'NONE', #720, #2743, #3758, .T. ) ;
#3835 = DIRECTION ( 'NONE',  ( 0.0000000000000000000, 0.0000000000000000000, 1.000000000000000000 ) ) ;
#3836 = AXIS2_PLACEMENT_3D ( 'NONE', #2502, #3792, #855 ) ;
#3837 = DIRECTION ( 'NONE',  ( 0.0000000000000000000, -1.000000000000000000, 0.0000000000000000000 ) ) ;
#3838 = AXIS2_PLACEMENT_3D ( 'NONE', #3305, #234, #1586 ) ;
#3839 = EDGE_LOOP ( 'NONE', ( #1610, #4151, #3073, #1964 ) ) ;
#3840 = CARTESIAN_POINT ( 'NONE',  ( 0.1263219938489248129, -0.04758183636860983945, 0.07480314960629921850 ) ) ;
#3841 = VECTOR ( 'NONE', #3081, 39.37007874015748143 ) ;
#3842 = CARTESIAN_POINT ( 'NONE',  ( 0.1181102362204724532, 0.03543307086614173179, 0.1023622047244094474 ) ) ;
#3843 = PRESENTATION_LAYER_ASSIGNMENT (  '', '', ( #549 ) ) ;
#3844 = ORIENTED_EDGE ( 'NONE', *, *, #485, .T. ) ;
#3845 = EDGE_LOOP ( 'NONE', ( #2796, #1588, #21, #3101 ) ) ;
#3846 = FACE_OUTER_BOUND ( 'NONE', #382, .T. ) ;
#3847 = CARTESIAN_POINT ( 'NONE',  ( -0.1555118110236220208, -0.06889763779527559306, -0.1023622047244094474 ) ) ;
#3848 = CARTESIAN_POINT ( 'NONE',  ( -0.1240157480314960647, 0.02755905511811023584, -0.1023622047244094474 ) ) ;
#3849 = EDGE_LOOP ( 'NONE', ( #199, #1212, #2100, #1564 ) ) ;
#3850 = DIRECTION ( 'NONE',  ( 0.0000000000000000000, -1.000000000000000000, 0.0000000000000000000 ) ) ;
#3851 = CARTESIAN_POINT ( 'NONE',  ( 0.1240157480314960647, 0.02755905511811023584, 0.1023622047244094474 ) ) ;
#3852 = CARTESIAN_POINT ( 'NONE',  ( 0.08858267716535432601, 0.1377952755905511861, -0.06496062992125983815 ) ) ;
#3853 = ORIENTED_EDGE ( 'NONE', *, *, #4255, .T. ) ;
#3854 = LINE ( 'NONE', #3127, #2199 ) ;
#3855 = LINE ( 'NONE', #3561, #1438 ) ;
#3856 = CARTESIAN_POINT ( 'NONE',  ( 0.1240157480314960647, 0.02755905511811023584, -0.1023622047244094474 ) ) ;
#3857 = ADVANCED_FACE ( 'NONE', ( #157 ), #364, .T. ) ;
#3858 = VERTEX_POINT ( 'NONE', #618 ) ;
#3859 = CARTESIAN_POINT ( 'NONE',  ( 0.08858267716535432601, 0.1377952755905511861, -0.08858267716535432601 ) ) ;
#3860 = PLANE ( 'NONE',  #3620 ) ;
#3861 = CARTESIAN_POINT ( 'NONE',  ( 0.08858267716535432601, 0.1299212598425196763, -0.08858267716535432601 ) ) ;
#3862 = EDGE_CURVE ( 'NONE', #2882, #2203, #1284, .T. ) ;
#3863 = ORIENTED_EDGE ( 'NONE', *, *, #3178, .F. ) ;
#3864 = ADVANCED_FACE ( 'NONE', ( #2919 ), #3625, .F. ) ;
#3865 = ORIENTED_EDGE ( 'NONE', *, *, #890, .T. ) ;
#3866 = CARTESIAN_POINT ( 'NONE',  ( 0.1318897637795275746, -0.1143824042423135789, -0.07014398974742774850 ) ) ;
#3867 = DIRECTION ( 'NONE',  ( 0.0000000000000000000, 0.0000000000000000000, 1.000000000000000000 ) ) ;
#3868 = ORIENTED_EDGE ( 'NONE', *, *, #3696, .T. ) ;
#3869 = FACE_OUTER_BOUND ( 'NONE', #131, .T. ) ;
#3870 = DIRECTION ( 'NONE',  ( -1.000000000000000000, 2.454115839351809943E-16, 0.0000000000000000000 ) ) ;
#3871 = ORIENTED_EDGE ( 'NONE', *, *, #4194, .T. ) ;
#3872 = LINE ( 'NONE', #1579, #2485 ) ;
#3873 = CARTESIAN_POINT ( 'NONE',  ( -0.1318897637795275746, -0.04201406643800709162, -0.07480314960629921850 ) ) ;
#3874 = DIRECTION ( 'NONE',  ( 0.7071067811865480168, -0.7071067811865470176, 0.0000000000000000000 ) ) ;
#3875 = VERTEX_POINT ( 'NONE', #3822 ) ;
#3876 = CARTESIAN_POINT ( 'NONE',  ( 0.1240157480314960647, -0.09578120915254409451, 0.1023622047244094474 ) ) ;
#3877 = EDGE_CURVE ( 'NONE', #3434, #3123, #772, .T. ) ;
#3878 = DIRECTION ( 'NONE',  ( 0.0000000000000000000, 0.0000000000000000000, -1.000000000000000000 ) ) ;
#3879 = ORIENTED_EDGE ( 'NONE', *, *, #310, .T. ) ;
#3880 = VERTEX_POINT ( 'NONE', #1787 ) ;
#3881 = PLANE ( 'NONE',  #669 ) ;
#3882 = EDGE_CURVE ( 'NONE', #3577, #1847, #1827, .T. ) ;
#3883 = DIRECTION ( 'NONE',  ( 0.0000000000000000000, 1.000000000000000000, 0.0000000000000000000 ) ) ;
#3884 = EDGE_CURVE ( 'NONE', #3621, #3069, #3156, .T. ) ;
#3885 = LINE ( 'NONE', #243, #2934 ) ;
#3886 = VERTEX_POINT ( 'NONE', #3175 ) ;
#3887 = ORIENTED_EDGE ( 'NONE', *, *, #1387, .F. ) ;
#3888 = DIRECTION ( 'NONE',  ( 0.0000000000000000000, 0.0000000000000000000, -1.000000000000000000 ) ) ;
#3889 = VECTOR ( 'NONE', #3819, 39.37007874015748854 ) ;
#3890 = ORIENTED_EDGE ( 'NONE', *, *, #3099, .T. ) ;
#3891 = CARTESIAN_POINT ( 'NONE',  ( -0.1318897637795275746, -0.1377952755905511861, 0.08366141732283464971 ) ) ;
#3892 = VECTOR ( 'NONE', #63, 39.37007874015748143 ) ;
#3893 = CYLINDRICAL_SURFACE ( 'NONE', #3469, 0.007874015748031499423 ) ;
#3894 = CIRCLE ( 'NONE', #36, 0.02362204724409448092 ) ;
#3895 = CIRCLE ( 'NONE', #1094, 0.007874015748031499423 ) ;
#3896 = AXIS2_PLACEMENT_3D ( 'NONE', #3947, #3899, #947 ) ;
#3897 = ORIENTED_EDGE ( 'NONE', *, *, #1049, .T. ) ;
#3898 = CARTESIAN_POINT ( 'NONE',  ( 0.1181102362204724532, 0.0000000000000000000, -0.1181102362204724532 ) ) ;
#3899 = DIRECTION ( 'NONE',  ( 0.0000000000000000000, -1.000000000000000000, 0.0000000000000000000 ) ) ;
#3900 = CARTESIAN_POINT ( 'NONE',  ( -0.1318897637795275746, 0.02755905511811023584, -0.1023622047244094474 ) ) ;
#3901 = VECTOR ( 'NONE', #141, 39.37007874015748143 ) ;
#3902 = VECTOR ( 'NONE', #4020, 39.37007874015748143 ) ;
#3903 = LINE ( 'NONE', #3285, #4125 ) ;
#3904 = ORIENTED_EDGE ( 'NONE', *, *, #2362, .F. ) ;
#3905 = ORIENTED_EDGE ( 'NONE', *, *, #3155, .T. ) ;
#3906 = VECTOR ( 'NONE', #2624, 39.37007874015748143 ) ;
#3907 = ADVANCED_FACE ( 'NONE', ( #2442 ), #3462, .F. ) ;
#3908 = CARTESIAN_POINT ( 'NONE',  ( -0.1476377952755905387, -0.06889763779527559306, 0.07480314960629921850 ) ) ;
#3909 = DIRECTION ( 'NONE',  ( 0.0000000000000000000, 0.4999999999999995004, -0.8660254037844390407 ) ) ;
#3910 = CYLINDRICAL_SURFACE ( 'NONE', #2090, 0.007874015748031499423 ) ;
#3911 = VECTOR ( 'NONE', #3231, 39.37007874015748143 ) ;
#3912 = VERTEX_POINT ( 'NONE', #1499 ) ;
#3913 = EDGE_CURVE ( 'NONE', #2650, #3177, #3506, .T. ) ;
#3914 = ADVANCED_FACE ( 'NONE', ( #2836 ), #2420, .F. ) ;
#3915 = VERTEX_POINT ( 'NONE', #4178 ) ;
#3916 = AXIS2_PLACEMENT_3D ( 'NONE', #2334, #4061, #2979 ) ;
#3917 = UNCERTAINTY_MEASURE_WITH_UNIT (LENGTH_MEASURE( 1.000000000000000082E-05 ), #3250, 'distance_accuracy_value', 'NONE');
#3918 = CARTESIAN_POINT ( 'NONE',  ( -0.1122047244094488277, 0.0000000000000000000, -0.1122047244094488277 ) ) ;
#3919 = ORIENTED_EDGE ( 'NONE', *, *, #4145, .F. ) ;
#3920 = ADVANCED_FACE ( 'NONE', ( #1097 ), #798, .F. ) ;
#3921 = CARTESIAN_POINT ( 'NONE',  ( -0.1181102362204724532, 0.03543307086614173179, 0.1023622047244094474 ) ) ;
#3922 = DIRECTION ( 'NONE',  ( 1.000000000000000000, 0.0000000000000000000, 0.0000000000000000000 ) ) ;
#3923 = ORIENTED_EDGE ( 'NONE', *, *, #3376, .F. ) ;
#3924 = DIRECTION ( 'NONE',  ( 1.000000000000000000, -0.0000000000000000000, 1.224646799147353207E-16 ) ) ;
#3925 = DIRECTION ( 'NONE',  ( 0.0000000000000000000, 0.0000000000000000000, -1.000000000000000000 ) ) ;
#3926 = VECTOR ( 'NONE', #934, 39.37007874015748143 ) ;
#3927 = FILL_AREA_STYLE_COLOUR ( '', #51 ) ;
#3928 = DIRECTION ( 'NONE',  ( 0.0000000000000000000, 0.0000000000000000000, 1.000000000000000000 ) ) ;
#3929 = VECTOR ( 'NONE', #746, 39.37007874015748143 ) ;
#3930 = ORIENTED_EDGE ( 'NONE', *, *, #566, .T. ) ;
#3931 = ORIENTED_EDGE ( 'NONE', *, *, #3781, .F. ) ;
#3932 = DIRECTION ( 'NONE',  ( 0.0000000000000000000, 0.0000000000000000000, 1.000000000000000000 ) ) ;
#3933 = DIRECTION ( 'NONE',  ( -0.7071067811865479058, -0.7071067811865469066, 0.0000000000000000000 ) ) ;
#3934 = DIRECTION ( 'NONE',  ( 3.519431053647356462E-16, -0.8660254037844389297, -0.4999999999999994449 ) ) ;
#3935 = DIRECTION ( 'NONE',  ( 0.0000000000000000000, 0.0000000000000000000, -1.000000000000000000 ) ) ;
#3936 = ORIENTED_EDGE ( 'NONE', *, *, #4336, .T. ) ;
#3937 = VERTEX_POINT ( 'NONE', #1138 ) ;
#3938 = CARTESIAN_POINT ( 'NONE',  ( -0.1532055652061933004, -0.06332986786467284523, -0.1023622047244094474 ) ) ;
#3939 = EDGE_CURVE ( 'NONE', #2122, #1226, #3111, .T. ) ;
#3940 = ORIENTED_EDGE ( 'NONE', *, *, #3661, .T. ) ;
#3941 = CARTESIAN_POINT ( 'NONE',  ( 0.08858267716535432601, 0.1181102362204724532, -0.08858267716535432601 ) ) ;
#3942 = DIRECTION ( 'NONE',  ( 1.000000000000000000, 0.0000000000000000000, 0.0000000000000000000 ) ) ;
#3943 = CARTESIAN_POINT ( 'NONE',  ( 0.1240157480314960647, 0.03543307086614173179, 0.1023622047244094474 ) ) ;
#3944 = EDGE_CURVE ( 'NONE', #2567, #582, #2113, .T. ) ;
#3945 = EDGE_CURVE ( 'NONE', #4338, #2377, #136, .T. ) ;
#3946 = EDGE_LOOP ( 'NONE', ( #64, #3026, #3999, #2654 ) ) ;
#3947 = CARTESIAN_POINT ( 'NONE',  ( -0.1181102362204724532, 0.02755905511811023584, 0.1023622047244094474 ) ) ;
#3948 = CARTESIAN_POINT ( 'NONE',  ( -0.1181102362204724532, 0.0000000000000000000, 0.1181102362204724532 ) ) ;
#3949 = ORIENTED_EDGE ( 'NONE', *, *, #1346, .T. ) ;
#3950 = EDGE_LOOP ( 'NONE', ( #1969, #1840, #3629, #460 ) ) ;
#3951 = CYLINDRICAL_SURFACE ( 'NONE', #3253, 0.007874015748031466463 ) ;
#3952 = CARTESIAN_POINT ( 'NONE',  ( -0.1263219938489248129, -0.04758183636860983945, -0.07480314960629921850 ) ) ;
#3953 = CARTESIAN_POINT ( 'NONE',  ( -0.1122047244094488277, 0.1377952755905511861, -0.1122047244094488277 ) ) ;
#3954 = DIRECTION ( 'NONE',  ( 4.063888932435259910E-16, -1.000000000000000000, 0.0000000000000000000 ) ) ;
#3955 = ORIENTED_EDGE ( 'NONE', *, *, #4122, .T. ) ;
#3956 = ORIENTED_EDGE ( 'NONE', *, *, #1275, .F. ) ;
#3957 = CARTESIAN_POINT ( 'NONE',  ( -0.1532055652061933004, -0.06332986786467284523, 0.1023622047244094474 ) ) ;
#3958 = ORIENTED_EDGE ( 'NONE', *, *, #917, .F. ) ;
#3959 = ADVANCED_FACE ( 'NONE', ( #1461 ), #424, .T. ) ;
#3960 = DIRECTION ( 'NONE',  ( 0.7071067811865469066, -0.7071067811865479058, 0.0000000000000000000 ) ) ;
#3961 = PRESENTATION_STYLE_ASSIGNMENT (( #2614 ) ) ;
#3962 = ORIENTED_EDGE ( 'NONE', *, *, #1173, .T. ) ;
#3963 = AXIS2_PLACEMENT_3D ( 'NONE', #2376, #66, #376 ) ;
#3964 = EDGE_CURVE ( 'NONE', #3858, #1217, #68, .T. ) ;
#3965 = VECTOR ( 'NONE', #3932, 39.37007874015748143 ) ;
#3966 = EDGE_CURVE ( 'NONE', #2231, #2251, #4137, .T. ) ;
#3967 = PLANE ( 'NONE',  #818 ) ;
#3968 = DIRECTION ( 'NONE',  ( 0.0000000000000000000, 1.000000000000000000, 0.0000000000000000000 ) ) ;
#3969 = LINE ( 'NONE', #2264, #3414 ) ;
#3970 = COLOUR_RGB ( '',0.8313725490196077761, 0.8392156862745098200, 0.8313725490196077761 ) ;
#3971 = AXIS2_PLACEMENT_3D ( 'NONE', #1585, #3563, #3925 ) ;
#3972 = ORIENTED_EDGE ( 'NONE', *, *, #1971, .T. ) ;
#3973 = AXIS2_PLACEMENT_3D ( 'NONE', #2804, #94, #3146 ) ;
#3974 = AXIS2_PLACEMENT_3D ( 'NONE', #738, #1083, #162 ) ;
#3975 = CARTESIAN_POINT ( 'NONE',  ( -0.1240157480314960647, 0.02755905511811023584, 0.07480314960629921850 ) ) ;
#3976 = DIRECTION ( 'NONE',  ( 0.0000000000000000000, -1.000000000000000000, 0.0000000000000000000 ) ) ;
#3977 = VECTOR ( 'NONE', #1310, 39.37007874015748143 ) ;
#3978 = VECTOR ( 'NONE', #2643, 39.37007874015748854 ) ;
#3979 = ORIENTED_EDGE ( 'NONE', *, *, #1758, .T. ) ;
#3980 = VECTOR ( 'NONE', #1705, 39.37007874015748143 ) ;
#3981 = DIRECTION ( 'NONE',  ( 0.0000000000000000000, -1.000000000000000000, 0.0000000000000000000 ) ) ;
#3982 = FACE_OUTER_BOUND ( 'NONE', #20, .T. ) ;
#3983 = EDGE_LOOP ( 'NONE', ( #1034, #3141, #1139, #626 ) ) ;
#3984 = CIRCLE ( 'NONE', #2572, 0.005905511811023620231 ) ;
#3985 = DIRECTION ( 'NONE',  ( 0.0000000000000000000, -1.000000000000000000, 0.0000000000000000000 ) ) ;
#3986 = FACE_OUTER_BOUND ( 'NONE', #1754, .T. ) ;
#3987 = ORIENTED_EDGE ( 'NONE', *, *, #3022, .T. ) ;
#3988 = DIRECTION ( 'NONE',  ( -1.000000000000000000, 0.0000000000000000000, 0.0000000000000000000 ) ) ;
#3989 = SURFACE_SIDE_STYLE ('',( #4268 ) ) ;
#3990 = EDGE_CURVE ( 'NONE', #3274, #2400, #2461, .T. ) ;
#3991 = FACE_OUTER_BOUND ( 'NONE', #3849, .T. ) ;
#3992 = CIRCLE ( 'NONE', #2228, 0.007874015748031499423 ) ;
#3993 = VERTEX_POINT ( 'NONE', #2136 ) ;
#3994 = CARTESIAN_POINT ( 'NONE',  ( 0.1532055652061933004, -0.07446540772587834089, 0.07480314960629921850 ) ) ;
#3995 = VECTOR ( 'NONE', #3674, 39.37007874015748143 ) ;
#3996 = PLANE ( 'NONE',  #3474 ) ;
#3997 = EDGE_CURVE ( 'NONE', #2022, #2537, #2365, .T. ) ;
#3998 = DIRECTION ( 'NONE',  ( 0.0000000000000000000, 0.0000000000000000000, -1.000000000000000000 ) ) ;
#3999 = ORIENTED_EDGE ( 'NONE', *, *, #2943, .F. ) ;
#4000 = EDGE_LOOP ( 'NONE', ( #2300, #96, #2686, #1769 ) ) ;
#4001 = PLANE ( 'NONE',  #756 ) ;
#4002 = ORIENTED_EDGE ( 'NONE', *, *, #1884, .F. ) ;
#4003 = LINE ( 'NONE', #2696, #683 ) ;
#4004 = DIRECTION ( 'NONE',  ( 0.0000000000000000000, 0.0000000000000000000, -1.000000000000000000 ) ) ;
#4005 = CARTESIAN_POINT ( 'NONE',  ( 0.1532055652061933004, -0.07446540772587834089, -0.07480314960629921850 ) ) ;
#4006 = ORIENTED_EDGE ( 'NONE', *, *, #3666, .T. ) ;
#4007 = DIRECTION ( 'NONE',  ( 0.0000000000000000000, -1.000000000000000000, 0.0000000000000000000 ) ) ;
#4008 = LINE ( 'NONE', #2727, #3258 ) ;
#4009 = VERTEX_POINT ( 'NONE', #444 ) ;
#4010 = ADVANCED_FACE ( 'NONE', ( #4117 ), #1480, .T. ) ;
#4011 = FACE_OUTER_BOUND ( 'NONE', #3389, .T. ) ;
#4012 = LINE ( 'NONE', #3640, #1511 ) ;
#4013 = CARTESIAN_POINT ( 'NONE',  ( 0.1318897637795275746, -0.1224523058384645591, -0.07480314960629921850 ) ) ;
#4014 = EDGE_LOOP ( 'NONE', ( #219, #1522, #3979, #1022 ) ) ;
#4015 = ADVANCED_FACE ( 'NONE', ( #2578 ), #2929, .T. ) ;
#4016 = EDGE_CURVE ( 'NONE', #3001, #923, #3903, .T. ) ;
#4017 = DIRECTION ( 'NONE',  ( 0.0000000000000000000, 0.0000000000000000000, 1.000000000000000000 ) ) ;
#4018 = CARTESIAN_POINT ( 'NONE',  ( -0.1318897637795275746, -0.04201406643800709162, -0.07480314960629921850 ) ) ;
#4019 = VERTEX_POINT ( 'NONE', #3607 ) ;
#4020 = DIRECTION ( 'NONE',  ( 0.0000000000000000000, 0.0000000000000000000, 1.000000000000000000 ) ) ;
#4021 = LINE ( 'NONE', #3669, #129 ) ;
#4022 = ORIENTED_EDGE ( 'NONE', *, *, #3082, .T. ) ;
#4023 = ORIENTED_EDGE ( 'NONE', *, *, #3639, .T. ) ;
#4024 = CARTESIAN_POINT ( 'NONE',  ( 0.1476377952755905387, -0.06889763779527559306, 0.1023622047244094474 ) ) ;
#4025 = DIRECTION ( 'NONE',  ( 0.0000000000000000000, 0.0000000000000000000, 1.000000000000000000 ) ) ;
#4026 = AXIS2_PLACEMENT_3D ( 'NONE', #488, #3524, #240 ) ;
#4027 = CARTESIAN_POINT ( 'NONE',  ( -0.1181102362204724532, 0.03543307086614173179, -0.1023622047244094474 ) ) ;
#4028 = VECTOR ( 'NONE', #2507, 39.37007874015748143 ) ;
#4029 = ORIENTED_EDGE ( 'NONE', *, *, #310, .F. ) ;
#4030 = CARTESIAN_POINT ( 'NONE',  ( 0.1181102362204724532, 0.1377952755905511861, 0.1122047244094488277 ) ) ;
#4031 = CIRCLE ( 'NONE', #2760, 0.007874015748031499423 ) ;
#4032 = FACE_OUTER_BOUND ( 'NONE', #4119, .T. ) ;
#4033 = CIRCLE ( 'NONE', #1439, 0.02362204724409448092 ) ;
#4034 = PLANE ( 'NONE',  #2906 ) ;
#4035 = VERTEX_POINT ( 'NONE', #1240 ) ;
#4036 = AXIS2_PLACEMENT_3D ( 'NONE', #2468, #1819, #4081 ) ;
#4037 = VECTOR ( 'NONE', #31, 39.37007874015748143 ) ;
#4038 = ORIENTED_EDGE ( 'NONE', *, *, #1143, .F. ) ;
#4039 = CARTESIAN_POINT ( 'NONE',  ( 0.1122047244094488277, 0.1377952755905511861, 0.1181102362204724532 ) ) ;
#4040 = VECTOR ( 'NONE', #2909, 39.37007874015748854 ) ;
#4041 = AXIS2_PLACEMENT_3D ( 'NONE', #2101, #3449, #450 ) ;
#4042 = EDGE_CURVE ( 'NONE', #755, #1471, #1186, .T. ) ;
#4043 = VERTEX_POINT ( 'NONE', #4243 ) ;
#4044 = CIRCLE ( 'NONE', #2568, 0.007874015748031499423 ) ;
#4045 = DIRECTION ( 'NONE',  ( 0.0000000000000000000, 0.0000000000000000000, -1.000000000000000000 ) ) ;
#4046 = LINE ( 'NONE', #2987, #2916 ) ;
#4047 =( GEOMETRIC_REPRESENTATION_CONTEXT ( 3 ) GLOBAL_UNCERTAINTY_ASSIGNED_CONTEXT ( ( #4257 ) ) GLOBAL_UNIT_ASSIGNED_CONTEXT ( ( #4142, #1163, #3618 ) ) REPRESENTATION_CONTEXT ( 'NONE', 'WORKASPACE' ) );
#4048 = EDGE_CURVE ( 'NONE', #1052, #3085, #3992, .T. ) ;
#4049 = ORIENTED_EDGE ( 'NONE', *, *, #3083, .F. ) ;
#4050 = ORIENTED_EDGE ( 'NONE', *, *, #2104, .F. ) ;
#4051 = CARTESIAN_POINT ( 'NONE',  ( -0.1181102362204724532, 0.03543307086614173179, -0.07480314960629921850 ) ) ;
#4052 = CARTESIAN_POINT ( 'NONE',  ( -0.1318897637795275746, -0.1224523058384645591, -0.1023622047244094474 ) ) ;
#4053 = CARTESIAN_POINT ( 'NONE',  ( -0.1263219938489248129, -0.04758183636860983945, 0.1023622047244094474 ) ) ;
#4054 = EDGE_LOOP ( 'NONE', ( #649, #4286, #1426, #2163 ) ) ;
#4055 = DIRECTION ( 'NONE',  ( 0.0000000000000000000, 0.0000000000000000000, -1.000000000000000000 ) ) ;
#4056 = DIRECTION ( 'NONE',  ( 0.0000000000000000000, 1.000000000000000000, 0.0000000000000000000 ) ) ;
#4057 = EDGE_LOOP ( 'NONE', ( #4063, #1806 ) ) ;
#4058 = DIRECTION ( 'NONE',  ( -1.000000000000000000, 0.0000000000000000000, 0.0000000000000000000 ) ) ;
#4059 = VECTOR ( 'NONE', #262, 39.37007874015748143 ) ;
#4060 = FACE_OUTER_BOUND ( 'NONE', #3459, .T. ) ;
#4061 = DIRECTION ( 'NONE',  ( 0.0000000000000000000, 1.000000000000000000, 0.0000000000000000000 ) ) ;
#4062 = AXIS2_PLACEMENT_3D ( 'NONE', #3702, #1033, #3724 ) ;
#4063 = ORIENTED_EDGE ( 'NONE', *, *, #295, .T. ) ;
#4064 = CARTESIAN_POINT ( 'NONE',  ( 8.919671568592926781E-18, 0.1377952755905511861, -0.07283464566929134798 ) ) ;
#4065 = ADVANCED_FACE ( 'NONE', ( #4198 ), #907, .T. ) ;
#4066 =( NAMED_UNIT ( * ) PLANE_ANGLE_UNIT ( ) SI_UNIT ( $, .RADIAN. ) );
#4067 = CARTESIAN_POINT ( 'NONE',  ( -0.1240157480314960647, -0.04201406643800709162, 0.1023622047244094474 ) ) ;
#4068 = ORIENTED_EDGE ( 'NONE', *, *, #3049, .T. ) ;
#4069 = ORIENTED_EDGE ( 'NONE', *, *, #625, .T. ) ;
#4070 = DIRECTION ( 'NONE',  ( 0.0000000000000000000, 1.000000000000000000, 0.0000000000000000000 ) ) ;
#4071 = EDGE_CURVE ( 'NONE', #3880, #2034, #2221, .T. ) ;
#4072 = DIRECTION ( 'NONE',  ( 0.0000000000000000000, 0.0000000000000000000, 1.000000000000000000 ) ) ;
#4073 = EDGE_CURVE ( 'NONE', #453, #3346, #1525, .T. ) ;
#4074 = DIRECTION ( 'NONE',  ( 0.0000000000000000000, 0.0000000000000000000, 1.000000000000000000 ) ) ;
#4075 = ORIENTED_EDGE ( 'NONE', *, *, #455, .T. ) ;
#4076 = DIRECTION ( 'NONE',  ( -1.000000000000000000, 0.0000000000000000000, 0.0000000000000000000 ) ) ;
#4077 = FACE_OUTER_BOUND ( 'NONE', #2891, .T. ) ;
#4078 = FACE_OUTER_BOUND ( 'NONE', #2462, .T. ) ;
#4079 = DIRECTION ( 'NONE',  ( 1.000000000000000000, 0.0000000000000000000, 0.0000000000000000000 ) ) ;
#4080 = VERTEX_POINT ( 'NONE', #196 ) ;
#4081 = DIRECTION ( 'NONE',  ( 0.0000000000000000000, 0.0000000000000000000, -1.000000000000000000 ) ) ;
#4082 = CARTESIAN_POINT ( 'NONE',  ( 0.1122047244094488277, 0.1299212598425196763, 0.1181102362204724532 ) ) ;
#4083 = VERTEX_POINT ( 'NONE', #2551 ) ;
#4084 = ADVANCED_FACE ( 'NONE', ( #235 ), #2265, .F. ) ;
#4085 = EDGE_LOOP ( 'NONE', ( #1306, #1515, #1322, #1299 ) ) ;
#4086 = DIRECTION ( 'NONE',  ( -0.7071067811865469066, 0.7071067811865479058, 0.0000000000000000000 ) ) ;
#4087 = CARTESIAN_POINT ( 'NONE',  ( 0.1181102362204724532, 0.02755905511811023584, 0.07480314960629921850 ) ) ;
#4088 = CARTESIAN_POINT ( 'NONE',  ( 0.1181102362204724532, 0.0000000000000000000, 0.1122047244094488277 ) ) ;
#4089 = ADVANCED_FACE ( 'NONE', ( #572 ), #1216, .T. ) ;
#4090 = EDGE_CURVE ( 'NONE', #490, #4208, #1874, .T. ) ;
#4091 = VERTEX_POINT ( 'NONE', #1909 ) ;
#4092 = DIRECTION ( 'NONE',  ( 0.0000000000000000000, 0.0000000000000000000, -1.000000000000000000 ) ) ;
#4093 = CARTESIAN_POINT ( 'NONE',  ( -0.1181102362204724532, 0.1299212598425196763, 0.1181102362204724532 ) ) ;
#4094 = EDGE_CURVE ( 'NONE', #2545, #3814, #1462, .T. ) ;
#4095 = ORIENTED_EDGE ( 'NONE', *, *, #2874, .T. ) ;
#4096 = CARTESIAN_POINT ( 'NONE',  ( 0.1318897637795275746, -0.09578120915254409451, -0.07480314960629921850 ) ) ;
#4097 = CIRCLE ( 'NONE', #2756, 0.02362204724409448092 ) ;
#4098 = VECTOR ( 'NONE', #2897, 39.37007874015748143 ) ;
#4099 = DIRECTION ( 'NONE',  ( 0.0000000000000000000, -1.000000000000000000, 0.0000000000000000000 ) ) ;
#4100 =( CONVERSION_BASED_UNIT ( 'INCH', #2492 ) LENGTH_UNIT ( ) NAMED_UNIT ( #950 ) );
#4101 = VECTOR ( 'NONE', #438, 39.37007874015748143 ) ;
#4102 = ORIENTED_EDGE ( 'NONE', *, *, #3134, .T. ) ;
#4103 = AXIS2_PLACEMENT_3D ( 'NONE', #1771, #1450, #3184 ) ;
#4104 = AXIS2_PLACEMENT_3D ( 'NONE', #650, #3367, #365 ) ;
#4105 = CARTESIAN_POINT ( 'NONE',  ( 0.1181102362204724532, 0.03543307086614173179, -0.1023622047244094474 ) ) ;
#4106 = ORIENTED_EDGE ( 'NONE', *, *, #1675, .T. ) ;
#4107 = VECTOR ( 'NONE', #3548, 39.37007874015748143 ) ;
#4108 = EDGE_LOOP ( 'NONE', ( #731, #4129, #665, #4187 ) ) ;
#4109 = LINE ( 'NONE', #2500, #4101 ) ;
#4110 = CARTESIAN_POINT ( 'NONE',  ( -0.1318897637795275746, -0.1224523058384645591, 0.07480314960629921850 ) ) ;
#4111 = CIRCLE ( 'NONE', #2145, 0.007874015748031499423 ) ;
#4112 = ADVANCED_FACE ( 'NONE', ( #2244 ), #1199, .T. ) ;
#4113 = ORIENTED_EDGE ( 'NONE', *, *, #4042, .F. ) ;
#4114 = COLOUR_RGB ( '',0.2980392156862745057, 0.2980392156862745057, 0.2980392156862745057 ) ;
#4115 = DIRECTION ( 'NONE',  ( 0.0000000000000000000, 0.0000000000000000000, -1.000000000000000000 ) ) ;
#4116 = EDGE_CURVE ( 'NONE', #2887, #2175, #2860, .T. ) ;
#4117 = FACE_OUTER_BOUND ( 'NONE', #2169, .T. ) ;
#4118 = EDGE_LOOP ( 'NONE', ( #3361, #3028, #3495, #1583 ) ) ;
#4119 = EDGE_LOOP ( 'NONE', ( #104, #1406, #2147, #2345 ) ) ;
#4120 = LINE ( 'NONE', #3799, #3821 ) ;
#4121 = EDGE_CURVE ( 'NONE', #2740, #2400, #1587, .T. ) ;
#4122 = EDGE_CURVE ( 'NONE', #226, #2545, #2528, .T. ) ;
#4123 = FILL_AREA_STYLE_COLOUR ( '', #4114 ) ;
#4124 = VERTEX_POINT ( 'NONE', #3219 ) ;
#4125 = VECTOR ( 'NONE', #3238, 39.37007874015748143 ) ;
#4126 = CARTESIAN_POINT ( 'NONE',  ( 0.1240157480314960647, -0.09578120915254409451, -0.1023622047244094474 ) ) ;
#4127 = LINE ( 'NONE', #95, #1719 ) ;
#4128 =( GEOMETRIC_REPRESENTATION_CONTEXT ( 3 ) GLOBAL_UNCERTAINTY_ASSIGNED_CONTEXT ( ( #937 ) ) GLOBAL_UNIT_ASSIGNED_CONTEXT ( ( #3036, #3068, #392 ) ) REPRESENTATION_CONTEXT ( 'NONE', 'WORKASPACE' ) );
#4129 = ORIENTED_EDGE ( 'NONE', *, *, #1175, .T. ) ;
#4130 = ORIENTED_EDGE ( 'NONE', *, *, #560, .F. ) ;
#4131 = DIRECTION ( 'NONE',  ( 0.0000000000000000000, 0.0000000000000000000, 1.000000000000000000 ) ) ;
#4132 = CARTESIAN_POINT ( 'NONE',  ( 0.08858267716535432601, 0.1496062992125984370, 0.08858267716535432601 ) ) ;
#4133 = PLANE ( 'NONE',  #2791 ) ;
#4134 = ORIENTED_EDGE ( 'NONE', *, *, #3661, .F. ) ;
#4135 = CARTESIAN_POINT ( 'NONE',  ( -0.1181102362204724532, 0.02755905511811023584, -0.07480314960629921850 ) ) ;
#4136 = DIRECTION ( 'NONE',  ( 0.0000000000000000000, 1.000000000000000000, 0.0000000000000000000 ) ) ;
#4137 = LINE ( 'NONE', #153, #281 ) ;
#4138 = ORIENTED_EDGE ( 'NONE', *, *, #4216, .T. ) ;
#4139 = EDGE_CURVE ( 'NONE', #1532, #4282, #218, .T. ) ;
#4140 = CARTESIAN_POINT ( 'NONE',  ( 0.1476377952755905387, -0.06889763779527559306, 0.1023622047244094474 ) ) ;
#4141 = CARTESIAN_POINT ( 'NONE',  ( -0.1181102362204724532, 0.1377952755905511861, -0.1122047244094488277 ) ) ;
#4142 =( CONVERSION_BASED_UNIT ( 'INCH', #1794 ) LENGTH_UNIT ( ) NAMED_UNIT ( #4230 ) );
#4143 = ORIENTED_EDGE ( 'NONE', *, *, #1721, .F. ) ;
#4144 = EDGE_CURVE ( 'NONE', #2650, #2887, #709, .T. ) ;
#4145 = EDGE_CURVE ( 'NONE', #1471, #755, #2861, .T. ) ;
#4146 = CARTESIAN_POINT ( 'NONE',  ( -0.1263219938489248129, -0.04758183636860983945, -0.07480314960629921850 ) ) ;
#4147 = ORIENTED_EDGE ( 'NONE', *, *, #3574, .T. ) ;
#4148 = DIRECTION ( 'NONE',  ( 1.000000000000000000, 0.0000000000000000000, 0.0000000000000000000 ) ) ;
#4149 = CARTESIAN_POINT ( 'NONE',  ( -0.1181102362204724532, 0.02755905511811023584, -0.1023622047244094474 ) ) ;
#4150 = DIRECTION ( 'NONE',  ( -1.000000000000000000, 0.0000000000000000000, 0.0000000000000000000 ) ) ;
#4151 = ORIENTED_EDGE ( 'NONE', *, *, #2555, .T. ) ;
#4152 = CARTESIAN_POINT ( 'NONE',  ( 0.1318897637795275746, -0.04201406643800709162, -0.07480314960629921850 ) ) ;
#4153 = DIRECTION ( 'NONE',  ( 1.000000000000000000, 0.0000000000000000000, 0.0000000000000000000 ) ) ;
#4154 = DIRECTION ( 'NONE',  ( 0.0000000000000000000, 0.0000000000000000000, -1.000000000000000000 ) ) ;
#4155 = ORIENTED_EDGE ( 'NONE', *, *, #3939, .T. ) ;
#4156 = VERTEX_POINT ( 'NONE', #3306 ) ;
#4157 = DIRECTION ( 'NONE',  ( 1.000000000000000000, 0.0000000000000000000, 0.0000000000000000000 ) ) ;
#4158 = ORIENTED_EDGE ( 'NONE', *, *, #1486, .T. ) ;
#4159 = AXIS2_PLACEMENT_3D ( 'NONE', #676, #745, #3416 ) ;
#4160 = VECTOR ( 'NONE', #1458, 39.37007874015748143 ) ;
#4161 = CARTESIAN_POINT ( 'NONE',  ( -0.1318897637795275746, 0.02755905511811023584, -0.1023622047244094474 ) ) ;
#4162 = LINE ( 'NONE', #3825, #1032 ) ;
#4163 = LINE ( 'NONE', #959, #265 ) ;
#4164 = VECTOR ( 'NONE', #564, 39.37007874015748143 ) ;
#4165 = EDGE_CURVE ( 'NONE', #2183, #956, #373, .T. ) ;
#4166 = CIRCLE ( 'NONE', #2276, 0.005905511811023620231 ) ;
#4167 = ORIENTED_EDGE ( 'NONE', *, *, #2671, .T. ) ;
#4168 = DIRECTION ( 'NONE',  ( -1.000000000000000000, 0.0000000000000000000, 0.0000000000000000000 ) ) ;
#4169 = LINE ( 'NONE', #4149, #2702 ) ;
#4170 = ADVANCED_FACE ( 'NONE', ( #13 ), #704, .T. ) ;
#4171 = EDGE_CURVE ( 'NONE', #1080, #2203, #348, .T. ) ;
#4172 = AXIS2_PLACEMENT_3D ( 'NONE', #1247, #2583, #1270 ) ;
#4173 = VECTOR ( 'NONE', #3356, 39.37007874015748143 ) ;
#4174 = ORIENTED_EDGE ( 'NONE', *, *, #2593, .F. ) ;
#4175 = DIRECTION ( 'NONE',  ( 0.0000000000000000000, 0.0000000000000000000, 1.000000000000000000 ) ) ;
#4176 = AXIS2_PLACEMENT_3D ( 'NONE', #253, #4304, #1260 ) ;
#4177 = LINE ( 'NONE', #547, #2490 ) ;
#4178 = CARTESIAN_POINT ( 'NONE',  ( -0.1532055652061933004, -0.07446540772587834089, -0.1023622047244094474 ) ) ;
#4179 = VECTOR ( 'NONE', #24, 39.37007874015748143 ) ;
#4180 = ORIENTED_EDGE ( 'NONE', *, *, #351, .T. ) ;
#4181 = VERTEX_POINT ( 'NONE', #1344 ) ;
#4182 = CARTESIAN_POINT ( 'NONE',  ( 0.1555118110236220763, -0.1377952755905511861, -0.08366141732283464971 ) ) ;
#4183 = DIRECTION ( 'NONE',  ( -1.000000000000000000, 0.0000000000000000000, 0.0000000000000000000 ) ) ;
#4184 = DIRECTION ( 'NONE',  ( -1.000000000000000000, 0.0000000000000000000, 0.0000000000000000000 ) ) ;
#4185 = LINE ( 'NONE', #4146, #764 ) ;
#4186 = VECTOR ( 'NONE', #3954, 39.37007874015748143 ) ;
#4187 = ORIENTED_EDGE ( 'NONE', *, *, #3550, .F. ) ;
#4188 = EDGE_CURVE ( 'NONE', #3163, #2938, #678, .T. ) ;
#4189 = DIRECTION ( 'NONE',  ( 0.0000000000000000000, 0.0000000000000000000, 1.000000000000000000 ) ) ;
#4190 = CARTESIAN_POINT ( 'NONE',  ( 0.1555118110236220208, -0.06889763779527559306, -0.07480314960629921850 ) ) ;
#4191 = AXIS2_PLACEMENT_3D ( 'NONE', #542, #167, #1494 ) ;
#4192 = CARTESIAN_POINT ( 'NONE',  ( 0.1240157480314960647, 0.03543307086614173179, -0.1023622047244094474 ) ) ;
#4193 = ORIENTED_EDGE ( 'NONE', *, *, #2984, .T. ) ;
#4194 = EDGE_CURVE ( 'NONE', #1217, #1481, #2969, .T. ) ;
#4195 = EDGE_CURVE ( 'NONE', #359, #680, #2027, .T. ) ;
#4196 = LINE ( 'NONE', #3840, #888 ) ;
#4197 = FACE_OUTER_BOUND ( 'NONE', #2784, .T. ) ;
#4198 = FACE_OUTER_BOUND ( 'NONE', #1907, .T. ) ;
#4199 = VERTEX_POINT ( 'NONE', #1055 ) ;
#4200 = ORIENTED_EDGE ( 'NONE', *, *, #2908, .T. ) ;
#4201 = FACE_BOUND ( 'NONE', #1829, .T. ) ;
#4202 = DIRECTION ( 'NONE',  ( 0.0000000000000000000, 0.0000000000000000000, -1.000000000000000000 ) ) ;
#4203 = CARTESIAN_POINT ( 'NONE',  ( -0.08858267716535432601, 0.1377952755905511861, -0.1122047244094488139 ) ) ;
#4204 = ORIENTED_EDGE ( 'NONE', *, *, #2850, .T. ) ;
#4205 = ORIENTED_EDGE ( 'NONE', *, *, #3207, .T. ) ;
#4206 = LINE ( 'NONE', #1190, #2064 ) ;
#4207 = CARTESIAN_POINT ( 'NONE',  ( -0.1181102362204724532, 0.02755905511811023584, 0.1023622047244094474 ) ) ;
#4208 = VERTEX_POINT ( 'NONE', #3353 ) ;
#4209 = CARTESIAN_POINT ( 'NONE',  ( 0.0000000000000000000, 0.1299212598425196763, 0.07283464566929134798 ) ) ;
#4210 = CARTESIAN_POINT ( 'NONE',  ( -0.1181102362204724532, 0.0000000000000000000, -0.1181102362204724532 ) ) ;
#4211 = CARTESIAN_POINT ( 'NONE',  ( 0.1476377952755905387, -0.06889763779527559306, 0.1023622047244094474 ) ) ;
#4212 = EDGE_CURVE ( 'NONE', #3528, #4156, #1674, .T. ) ;
#4213 = ORIENTED_EDGE ( 'NONE', *, *, #3632, .T. ) ;
#4214 = CARTESIAN_POINT ( 'NONE',  ( 0.1318897637795275746, -0.04201406643800709162, -0.07480314960629921850 ) ) ;
#4215 =( NAMED_UNIT ( * ) SI_UNIT ( $, .STERADIAN. ) SOLID_ANGLE_UNIT ( ) );
#4216 = EDGE_CURVE ( 'NONE', #2443, #2481, #2644, .T. ) ;
#4217 = DIRECTION ( 'NONE',  ( -1.000000000000000000, 0.0000000000000000000, 0.0000000000000000000 ) ) ;
#4218 = ADVANCED_FACE ( 'NONE', ( #3991 ), #2292, .F. ) ;
#4219 = ORIENTED_EDGE ( 'NONE', *, *, #3507, .F. ) ;
#4220 = FACE_OUTER_BOUND ( 'NONE', #1693, .T. ) ;
#4221 = DIRECTION ( 'NONE',  ( -3.519431053647356462E-16, -0.8660254037844389297, 0.4999999999999994449 ) ) ;
#4222 = LINE ( 'NONE', #3244, #1392 ) ;
#4223 = EDGE_CURVE ( 'NONE', #2481, #3435, #812, .T. ) ;
#4224 = CIRCLE ( 'NONE', #2889, 0.003937007874015749712 ) ;
#4225 = ORIENTED_EDGE ( 'NONE', *, *, #2444, .F. ) ;
#4226 = ORIENTED_EDGE ( 'NONE', *, *, #4171, .T. ) ;
#4227 = DIRECTION ( 'NONE',  ( -1.000000000000000000, 0.0000000000000000000, 0.0000000000000000000 ) ) ;
#4228 = AXIS2_PLACEMENT_3D ( 'NONE', #733, #2750, #2075 ) ;
#4229 = ORIENTED_EDGE ( 'NONE', *, *, #3482, .F. ) ;
#4230 = DIMENSIONAL_EXPONENTS ( 1.000000000000000000, 0.0000000000000000000, 0.0000000000000000000, 0.0000000000000000000, 0.0000000000000000000, 0.0000000000000000000, 0.0000000000000000000 ) ;
#4231 = CARTESIAN_POINT ( 'NONE',  ( -0.08858267716535432601, 0.1496062992125984370, -0.06496062992125983815 ) ) ;
#4232 = VECTOR ( 'NONE', #3517, 39.37007874015748143 ) ;
#4233 =( NAMED_UNIT ( * ) PLANE_ANGLE_UNIT ( ) SI_UNIT ( $, .RADIAN. ) );
#4234 = AXIS2_PLACEMENT_3D ( 'NONE', #442, #1762, #1436 ) ;
#4235 = DIRECTION ( 'NONE',  ( 0.0000000000000000000, 0.0000000000000000000, -1.000000000000000000 ) ) ;
#4236 = CIRCLE ( 'NONE', #120, 0.007874015748031499423 ) ;
#4237 = ORIENTED_EDGE ( 'NONE', *, *, #3639, .F. ) ;
#4238 = DIRECTION ( 'NONE',  ( 0.0000000000000000000, 0.0000000000000000000, 1.000000000000000000 ) ) ;
#4239 = DIRECTION ( 'NONE',  ( 0.0000000000000000000, 0.0000000000000000000, 1.000000000000000000 ) ) ;
#4240 = CARTESIAN_POINT ( 'NONE',  ( -0.1476377952755905387, -0.06889763779527559306, -0.07480314960629921850 ) ) ;
#4241 = AXIS2_PLACEMENT_3D ( 'NONE', #622, #329, #1944 ) ;
#4242 = CIRCLE ( 'NONE', #3410, 0.06669310618445786765 ) ;
#4243 = CARTESIAN_POINT ( 'NONE',  ( -0.1240157480314960647, 0.03543307086614173179, -0.1023622047244094474 ) ) ;
#4244 = EDGE_LOOP ( 'NONE', ( #2306, #4180, #2107, #2519 ) ) ;
#4245 = ORIENTED_EDGE ( 'NONE', *, *, #1569, .F. ) ;
#4246 = CIRCLE ( 'NONE', #3204, 0.02362204724409448092 ) ;
#4247 = DIRECTION ( 'NONE',  ( 0.0000000000000000000, -1.000000000000000000, 0.0000000000000000000 ) ) ;
#4248 = ADVANCED_FACE ( 'NONE', ( #1151 ), #2766, .T. ) ;
#4249 = FACE_OUTER_BOUND ( 'NONE', #2867, .T. ) ;
#4250 = LINE ( 'NONE', #1873, #4040 ) ;
#4251 = CARTESIAN_POINT ( 'NONE',  ( 0.1181102362204724532, 0.1299212598425196763, -0.1122047244094488277 ) ) ;
#4252 = VECTOR ( 'NONE', #1746, 39.37007874015748854 ) ;
#4253 = ORIENTED_EDGE ( 'NONE', *, *, #2721, .F. ) ;
#4254 = ORIENTED_EDGE ( 'NONE', *, *, #4116, .F. ) ;
#4255 = EDGE_CURVE ( 'NONE', #706, #4124, #1135, .T. ) ;
#4256 = EDGE_CURVE ( 'NONE', #139, #3064, #146, .T. ) ;
#4257 = UNCERTAINTY_MEASURE_WITH_UNIT (LENGTH_MEASURE( 1.000000000000000082E-05 ), #4142, 'distance_accuracy_value', 'NONE');
#4258 = CARTESIAN_POINT ( 'NONE',  ( 0.1476377952755905387, -0.06889763779527559306, -0.1023622047244094474 ) ) ;
#4259 = DIRECTION ( 'NONE',  ( -4.063888932435259910E-16, -1.000000000000000000, 0.0000000000000000000 ) ) ;
#4260 = ORIENTED_EDGE ( 'NONE', *, *, #4016, .F. ) ;
#4261 = LINE ( 'NONE', #1193, #121 ) ;
#4262 = FILL_AREA_STYLE_COLOUR ( '', #40 ) ;
#4263 = DIRECTION ( 'NONE',  ( 0.0000000000000000000, 0.0000000000000000000, -1.000000000000000000 ) ) ;
#4264 = ORIENTED_EDGE ( 'NONE', *, *, #625, .F. ) ;
#4265 = DIRECTION ( 'NONE',  ( 0.0000000000000000000, 0.0000000000000000000, -1.000000000000000000 ) ) ;
#4266 = FACE_OUTER_BOUND ( 'NONE', #3453, .T. ) ;
#4267 = AXIS2_PLACEMENT_3D ( 'NONE', #1265, #3543, #3878 ) ;
#4268 = SURFACE_STYLE_FILL_AREA ( #654 ) ;
#4269 = DIRECTION ( 'NONE',  ( 0.0000000000000000000, 0.0000000000000000000, 1.000000000000000000 ) ) ;
#4270 = VERTEX_POINT ( 'NONE', #1476 ) ;
#4271 = EDGE_LOOP ( 'NONE', ( #2348, #1125, #3024, #3502 ) ) ;
#4272 = LINE ( 'NONE', #3590, #248 ) ;
#4273 = FACE_BOUND ( 'NONE', #2054, .T. ) ;
#4274 = DIRECTION ( 'NONE',  ( 0.0000000000000000000, 0.0000000000000000000, 1.000000000000000000 ) ) ;
#4275 = CARTESIAN_POINT ( 'NONE',  ( 0.1318897637795275746, -0.04201406643800709162, -0.1023622047244094474 ) ) ;
#4276 = EDGE_CURVE ( 'NONE', #1855, #3443, #1759, .T. ) ;
#4277 = ORIENTED_EDGE ( 'NONE', *, *, #1045, .F. ) ;
#4278 = ORIENTED_EDGE ( 'NONE', *, *, #948, .F. ) ;
#4279 = CARTESIAN_POINT ( 'NONE',  ( -0.1240157480314960647, -0.09578120915254409451, -0.07480314960629921850 ) ) ;
#4280 = EDGE_CURVE ( 'NONE', #226, #3303, #2589, .T. ) ;
#4281 = EDGE_CURVE ( 'NONE', #1974, #3743, #2065, .T. ) ;
#4282 = VERTEX_POINT ( 'NONE', #775 ) ;
#4283 = DIRECTION ( 'NONE',  ( 0.0000000000000000000, 0.0000000000000000000, 1.000000000000000000 ) ) ;
#4284 = DIRECTION ( 'NONE',  ( -4.063888932435259910E-16, -1.000000000000000000, 0.0000000000000000000 ) ) ;
#4285 = LINE ( 'NONE', #2615, #1863 ) ;
#4286 = ORIENTED_EDGE ( 'NONE', *, *, #1200, .F. ) ;
#4287 = CARTESIAN_POINT ( 'NONE',  ( -0.1181102362204724532, 0.02755905511811023584, -0.1023622047244094474 ) ) ;
#4288 = CARTESIAN_POINT ( 'NONE',  ( -0.1318897637795275746, -0.09578120915254409451, -0.1023622047244094474 ) ) ;
#4289 = CARTESIAN_POINT ( 'NONE',  ( 0.1476377952755905387, -0.06889763779527559306, -0.1023622047244094474 ) ) ;
#4290 = ORIENTED_EDGE ( 'NONE', *, *, #3015, .T. ) ;
#4291 = CARTESIAN_POINT ( 'NONE',  ( 0.1555118110236220763, -0.1054045616694795212, -0.1122047244094488277 ) ) ;
#4292 = CARTESIAN_POINT ( 'NONE',  ( 0.0000000000000000000, 0.1968503937007874127, 0.0000000000000000000 ) ) ;
#4293 = SURFACE_SIDE_STYLE ('',( #356 ) ) ;
#4294 = DIMENSIONAL_EXPONENTS ( 1.000000000000000000, 0.0000000000000000000, 0.0000000000000000000, 0.0000000000000000000, 0.0000000000000000000, 0.0000000000000000000, 0.0000000000000000000 ) ;
#4295 = ORIENTED_EDGE ( 'NONE', *, *, #3162, .T. ) ;
#4296 = ORIENTED_EDGE ( 'NONE', *, *, #2156, .F. ) ;
#4297 = EDGE_CURVE ( 'NONE', #3915, #3322, #3813, .T. ) ;
#4298 = DIRECTION ( 'NONE',  ( 0.0000000000000000000, 0.0000000000000000000, 1.000000000000000000 ) ) ;
#4299 = DIRECTION ( 'NONE',  ( 1.000000000000000000, 0.0000000000000000000, 0.0000000000000000000 ) ) ;
#4300 = ORIENTED_EDGE ( 'NONE', *, *, #2255, .T. ) ;
#4301 = LINE ( 'NONE', #666, #3902 ) ;
#4302 = EDGE_CURVE ( 'NONE', #919, #3157, #795, .T. ) ;
#4303 = LINE ( 'NONE', #1580, #2550 ) ;
#4304 = DIRECTION ( 'NONE',  ( 0.0000000000000000000, -1.000000000000000000, 0.0000000000000000000 ) ) ;
#4305 = ORIENTED_EDGE ( 'NONE', *, *, #1809, .F. ) ;
#4306 = AXIS2_PLACEMENT_3D ( 'NONE', #1544, #1908, #3654 ) ;
#4307 = VECTOR ( 'NONE', #2047, 39.37007874015748143 ) ;
#4308 = DIRECTION ( 'NONE',  ( 0.0000000000000000000, 1.000000000000000000, 0.0000000000000000000 ) ) ;
#4309 = PLANE ( 'NONE',  #3896 ) ;
#4310 = EDGE_CURVE ( 'NONE', #3322, #1015, #420, .T. ) ;
#4311 = LINE ( 'NONE', #3256, #3978 ) ;
#4312 = PRESENTATION_LAYER_ASSIGNMENT (  '', '', ( #3755 ) ) ;
#4313 = DIRECTION ( 'NONE',  ( -1.000000000000000000, 0.0000000000000000000, 0.0000000000000000000 ) ) ;
#4314 = ORIENTED_EDGE ( 'NONE', *, *, #2172, .T. ) ;
#4315 = CONICAL_SURFACE ( 'NONE', #1991, 0.06889763779527559306, 0.03490658503988665340 ) ;
#4316 = AXIS2_PLACEMENT_3D ( 'NONE', #2038, #2718, #1046 ) ;
#4317 = DIRECTION ( 'NONE',  ( -1.000000000000000000, 0.0000000000000000000, 0.0000000000000000000 ) ) ;
#4318 = DIRECTION ( 'NONE',  ( 0.0000000000000000000, 0.0000000000000000000, 1.000000000000000000 ) ) ;
#4319 = CIRCLE ( 'NONE', #124, 0.06275849662926456796 ) ;
#4320 = VERTEX_POINT ( 'NONE', #4088 ) ;
#4321 = CIRCLE ( 'NONE', #2773, 0.007874015748031499423 ) ;
#4322 = LINE ( 'NONE', #1380, #401 ) ;
#4323 = PLANE ( 'NONE',  #338 ) ;
#4324 = ORIENTED_EDGE ( 'NONE', *, *, #1221, .T. ) ;
#4325 = VECTOR ( 'NONE', #1922, 39.37007874015748143 ) ;
#4326 = CARTESIAN_POINT ( 'NONE',  ( 0.0000000000000000000, 0.1930507854200885776, 0.06669310618445786765 ) ) ;
#4327 = CARTESIAN_POINT ( 'NONE',  ( 0.1240157480314960647, -0.1024489833240242176, -0.1139111283628084642 ) ) ;
#4328 = LINE ( 'NONE', #3411, #905 ) ;
#4329 = ADVANCED_FACE ( 'NONE', ( #1737 ), #4133, .F. ) ;
#4330 = ORIENTED_EDGE ( 'NONE', *, *, #2262, .T. ) ;
#4331 = DIRECTION ( 'NONE',  ( 0.0000000000000000000, 0.0000000000000000000, 1.000000000000000000 ) ) ;
#4332 = DIRECTION ( 'NONE',  ( 1.000000000000000000, 0.0000000000000000000, 0.0000000000000000000 ) ) ;
#4333 = PLANE ( 'NONE',  #4159 ) ;
#4334 = DIRECTION ( 'NONE',  ( 0.0000000000000000000, 0.0000000000000000000, 1.000000000000000000 ) ) ;
#4335 = ADVANCED_FACE ( 'NONE', ( #103 ), #2728, .F. ) ;
#4336 = EDGE_CURVE ( 'NONE', #3001, #1669, #3438, .T. ) ;
#4337 = VECTOR ( 'NONE', #841, 39.37007874015748143 ) ;
#4338 = VERTEX_POINT ( 'NONE', #1412 ) ;
#4339 = LINE ( 'NONE', #3994, #1291 ) ;
#4340 = DIRECTION ( 'NONE',  ( -1.000000000000000000, 2.454115839351809943E-16, 0.0000000000000000000 ) ) ;
#4341 = ORIENTED_EDGE ( 'NONE', *, *, #3913, .F. ) ;
ENDSEC;
END-ISO-10303-21;
