ISO-10303-21;
HEADER;
FILE_DESCRIPTION (( 'STEP AP203' ),
    '1' );
FILE_NAME ('CUI_DEVICES_TS02-66-50-BK-260-LCR-D.step',
    '2021-12-18T19:10:42',
    ( '' ),
    ( '' ),
    'SwSTEP 2.0',
    'SolidWorks 2021',
    '' );
FILE_SCHEMA (( 'CONFIG_CONTROL_DESIGN' ));
ENDSEC;

DATA;
#1 = EDGE_LOOP ( 'NONE', ( #3027, #2759, #86, #3919 ) ) ;
#2 = CARTESIAN_POINT ( 'NONE',  ( 0.1181102362204724532, 0.02755905511811023584, 0.1023622047244094474 ) ) ;
#3 = PLANE ( 'NONE',  #2725 ) ;
#4 = ADVANCED_FACE ( 'NONE', ( #79 ), #1073, .T. ) ;
#5 = FACE_OUTER_BOUND ( 'NONE', #1008, .T. ) ;
#6 = ADVANCED_FACE ( 'NONE', ( #1468 ), #1744, .T. ) ;
#7 = VERTEX_POINT ( 'NONE', #1705 ) ;
#8 = CARTESIAN_POINT ( 'NONE',  ( 0.1318897637795275746, 0.02755905511811023584, 0.07480314960629921850 ) ) ;
#9 = FACE_OUTER_BOUND ( 'NONE', #3467, .T. ) ;
#10 = EDGE_CURVE ( 'NONE', #1314, #1064, #1772, .T. ) ;
#11 = ORIENTED_EDGE ( 'NONE', *, *, #4070, .F. ) ;
#12 = VERTEX_POINT ( 'NONE', #758 ) ;
#13 = FACE_OUTER_BOUND ( 'NONE', #1111, .T. ) ;
#14 = DIRECTION ( 'NONE',  ( 0.0000000000000000000, 0.0000000000000000000, -1.000000000000000000 ) ) ;
#15 = CYLINDRICAL_SURFACE ( 'NONE', #3891, 0.007874015748031499423 ) ;
#16 = ORIENTED_EDGE ( 'NONE', *, *, #3936, .T. ) ;
#17 = CARTESIAN_POINT ( 'NONE',  ( -0.1318897637795275746, -0.1377952755905511861, -0.08366141732283464971 ) ) ;
#18 = DIRECTION ( 'NONE',  ( 0.0000000000000000000, -1.000000000000000000, 0.0000000000000000000 ) ) ;
#19 = CARTESIAN_POINT ( 'NONE',  ( 0.1318897637795275746, -0.04201406643800709162, -0.07480314960629921850 ) ) ;
#20 = CARTESIAN_POINT ( 'NONE',  ( 0.1240157480314960647, 0.02755905511811023584, 0.1023622047244094474 ) ) ;
#21 = DIRECTION ( 'NONE',  ( 1.000000000000000000, 0.0000000000000000000, 0.0000000000000000000 ) ) ;
#22 = ORIENTED_EDGE ( 'NONE', *, *, #1096, .T. ) ;
#23 = PLANE ( 'NONE',  #189 ) ;
#24 = DIRECTION ( 'NONE',  ( 0.0000000000000000000, -1.000000000000000000, 0.0000000000000000000 ) ) ;
#25 = CARTESIAN_POINT ( 'NONE',  ( -0.08858267716535432601, 0.1496062992125984370, 0.06496062992125983815 ) ) ;
#26 = ORIENTED_EDGE ( 'NONE', *, *, #3760, .F. ) ;
#27 = CARTESIAN_POINT ( 'NONE',  ( 0.1318897637795275746, -0.09578120915254409451, 0.1023622047244094474 ) ) ;
#28 = DIRECTION ( 'NONE',  ( 1.000000000000000000, 1.478036555683235174E-47, 6.022684552957449548E-32 ) ) ;
#29 = ADVANCED_FACE ( 'NONE', ( #3354 ), #96, .T. ) ;
#30 = ORIENTED_EDGE ( 'NONE', *, *, #651, .F. ) ;
#31 = EDGE_CURVE ( 'NONE', #1942, #4117, #2711, .T. ) ;
#32 = ORIENTED_EDGE ( 'NONE', *, *, #201, .T. ) ;
#33 = DIRECTION ( 'NONE',  ( -3.519431053647356462E-16, 0.8660254037844389297, 0.4999999999999994449 ) ) ;
#34 = DIRECTION ( 'NONE',  ( 0.0000000000000000000, 0.0000000000000000000, 1.000000000000000000 ) ) ;
#35 = AXIS2_PLACEMENT_3D ( 'NONE', #1930, #1315, #4158 ) ;
#36 = CARTESIAN_POINT ( 'NONE',  ( -0.1318897637795275746, 0.02755905511811023584, 0.1023622047244094474 ) ) ;
#37 = VECTOR ( 'NONE', #695, 39.37007874015748854 ) ;
#38 = VECTOR ( 'NONE', #1735, 39.37007874015748143 ) ;
#39 = ORIENTED_EDGE ( 'NONE', *, *, #3492, .F. ) ;
#40 = EDGE_CURVE ( 'NONE', #2410, #4026, #2070, .T. ) ;
#41 = VERTEX_POINT ( 'NONE', #4039 ) ;
#42 = DIRECTION ( 'NONE',  ( -1.000000000000000000, 0.0000000000000000000, 0.0000000000000000000 ) ) ;
#43 = CARTESIAN_POINT ( 'NONE',  ( -0.1181102362204724532, 0.03543307086614173179, 0.07480314960629921850 ) ) ;
#44 = VECTOR ( 'NONE', #2494, 39.37007874015748143 ) ;
#45 = VECTOR ( 'NONE', #252, 39.37007874015748143 ) ;
#46 = DIRECTION ( 'NONE',  ( 0.0000000000000000000, 0.0000000000000000000, -1.000000000000000000 ) ) ;
#47 = CARTESIAN_POINT ( 'NONE',  ( -0.1532055652061933004, -0.07446540772587834089, -0.1023622047244094474 ) ) ;
#48 = AXIS2_PLACEMENT_3D ( 'NONE', #3530, #895, #2249 ) ;
#49 = VECTOR ( 'NONE', #1005, 39.37007874015748143 ) ;
#50 = VERTEX_POINT ( 'NONE', #1116 ) ;
#51 = CARTESIAN_POINT ( 'NONE',  ( -0.1240157480314960647, -0.04201406643800709162, -0.07480314960629921850 ) ) ;
#52 = CARTESIAN_POINT ( 'NONE',  ( 0.1240157480314960647, 0.02755905511811023584, 0.1023622047244094474 ) ) ;
#53 = VECTOR ( 'NONE', #33, 39.37007874015748143 ) ;
#54 = AXIS2_PLACEMENT_3D ( 'NONE', #1651, #965, #1414 ) ;
#55 = EDGE_LOOP ( 'NONE', ( #4000, #2806, #2361, #530 ) ) ;
#56 = AXIS2_PLACEMENT_3D ( 'NONE', #591, #2875, #472 ) ;
#57 = ORIENTED_EDGE ( 'NONE', *, *, #225, .T. ) ;
#58 = CARTESIAN_POINT ( 'NONE',  ( -0.1263219938489248129, -0.09021343922194134668, 0.1023622047244094474 ) ) ;
#59 = DIRECTION ( 'NONE',  ( -2.168404344971010347E-16, 0.0000000000000000000, -1.000000000000000000 ) ) ;
#60 = VECTOR ( 'NONE', #3408, 39.37007874015748143 ) ;
#61 = ORIENTED_EDGE ( 'NONE', *, *, #125, .F. ) ;
#62 = ORIENTED_EDGE ( 'NONE', *, *, #2707, .F. ) ;
#63 = DIRECTION ( 'NONE',  ( 0.0000000000000000000, 0.0000000000000000000, -1.000000000000000000 ) ) ;
#64 = CARTESIAN_POINT ( 'NONE',  ( 0.1532055652061933004, -0.07446540772587834089, -0.1023622047244094474 ) ) ;
#65 = DIRECTION ( 'NONE',  ( 0.0000000000000000000, -1.000000000000000000, 0.0000000000000000000 ) ) ;
#66 = EDGE_CURVE ( 'NONE', #2492, #219, #3192, .T. ) ;
#67 = EDGE_CURVE ( 'NONE', #1347, #2410, #1948, .T. ) ;
#68 = ORIENTED_EDGE ( 'NONE', *, *, #2841, .T. ) ;
#69 = DIRECTION ( 'NONE',  ( 0.0000000000000000000, 0.0000000000000000000, 1.000000000000000000 ) ) ;
#70 = CARTESIAN_POINT ( 'NONE',  ( 0.0000000000000000000, 0.1299212598425196763, 0.0000000000000000000 ) ) ;
#71 = ADVANCED_FACE ( 'NONE', ( #3250 ), #239, .T. ) ;
#72 = APPROVAL_STATUS ( 'not_yet_approved' ) ;
#73 = ORIENTED_EDGE ( 'NONE', *, *, #1871, .F. ) ;
#74 = CIRCLE ( 'NONE', #2466, 0.06275849662926456796 ) ;
#75 = DIRECTION ( 'NONE',  ( 0.0000000000000000000, 0.0000000000000000000, 1.000000000000000000 ) ) ;
#76 = CARTESIAN_POINT ( 'NONE',  ( -0.08858267716535432601, 0.1496062992125984370, 0.1122047244094488139 ) ) ;
#77 = LINE ( 'NONE', #3954, #3326 ) ;
#78 = ORIENTED_EDGE ( 'NONE', *, *, #300, .T. ) ;
#79 = FACE_OUTER_BOUND ( 'NONE', #2656, .T. ) ;
#80 = LINE ( 'NONE', #2331, #3948 ) ;
#81 = FACE_OUTER_BOUND ( 'NONE', #1704, .T. ) ;
#82 = EDGE_LOOP ( 'NONE', ( #1999, #4050, #652, #2673 ) ) ;
#83 = VERTEX_POINT ( 'NONE', #4241 ) ;
#84 = DIRECTION ( 'NONE',  ( 0.0000000000000000000, 1.000000000000000000, 0.0000000000000000000 ) ) ;
#85 = DIRECTION ( 'NONE',  ( 1.000000000000000000, 0.0000000000000000000, 0.0000000000000000000 ) ) ;
#86 = ORIENTED_EDGE ( 'NONE', *, *, #1200, .F. ) ;
#87 = EDGE_CURVE ( 'NONE', #3592, #2149, #3561, .T. ) ;
#88 = CARTESIAN_POINT ( 'NONE',  ( 0.1532055652061933004, -0.07446540772587834089, 0.1023622047244094474 ) ) ;
#89 = VERTEX_POINT ( 'NONE', #3904 ) ;
#90 = EDGE_CURVE ( 'NONE', #155, #2769, #592, .T. ) ;
#91 = EDGE_CURVE ( 'NONE', #3560, #670, #2159, .T. ) ;
#92 = CARTESIAN_POINT ( 'NONE',  ( -0.1263219938489248129, -0.04758183636860983945, -0.1023622047244094474 ) ) ;
#93 = CARTESIAN_POINT ( 'NONE',  ( 0.1532055652061933004, -0.07446540772587834089, 0.1023622047244094474 ) ) ;
#94 = CARTESIAN_POINT ( 'NONE',  ( -0.1318897637795275746, -0.09578120915254409451, -0.1023622047244094474 ) ) ;
#95 = ORIENTED_EDGE ( 'NONE', *, *, #91, .F. ) ;
#96 = CYLINDRICAL_SURFACE ( 'NONE', #2833, 0.007874015748031466463 ) ;
#97 = FACE_OUTER_BOUND ( 'NONE', #2724, .T. ) ;
#98 = CARTESIAN_POINT ( 'NONE',  ( 0.1318897637795275746, -0.1224523058384645591, 0.07480314960629921850 ) ) ;
#99 = EDGE_LOOP ( 'NONE', ( #783, #2414, #3106, #1528 ) ) ;
#100 = ORIENTED_EDGE ( 'NONE', *, *, #447, .F. ) ;
#101 = VERTEX_POINT ( 'NONE', #3884 ) ;
#102 = CARTESIAN_POINT ( 'NONE',  ( 0.1181102362204724532, 0.02755905511811023584, -0.1023622047244094474 ) ) ;
#103 = FACE_OUTER_BOUND ( 'NONE', #841, .T. ) ;
#104 = DIRECTION ( 'NONE',  ( 0.0000000000000000000, 0.0000000000000000000, -1.000000000000000000 ) ) ;
#105 = CLOSED_SHELL ( 'NONE', ( #29, #246, #502, #1982, #527, #2241, #1775, #1270, #3989, #941, #3710, #1153, #3970, #3517, #4141, #1662, #1097, #3097, #3026, #2187, #3050 ) ) ;
#106 = VERTEX_POINT ( 'NONE', #2893 ) ;
#107 = CARTESIAN_POINT ( 'NONE',  ( 0.08858267716535432601, 0.1377952755905511861, -0.08858267716535432601 ) ) ;
#108 = DIRECTION ( 'NONE',  ( 0.0000000000000000000, 0.0000000000000000000, 1.000000000000000000 ) ) ;
#109 = AXIS2_PLACEMENT_3D ( 'NONE', #1630, #1569, #283 ) ;
#110 = ORIENTED_EDGE ( 'NONE', *, *, #1768, .F. ) ;
#111 = VECTOR ( 'NONE', #148, 39.37007874015748143 ) ;
#112 = AXIS2_PLACEMENT_3D ( 'NONE', #3691, #84, #3643 ) ;
#113 = DIRECTION ( 'NONE',  ( -0.7071067811865479058, -0.7071067811865469066, 0.0000000000000000000 ) ) ;
#114 = DIRECTION ( 'NONE',  ( 0.0000000000000000000, 0.0000000000000000000, 1.000000000000000000 ) ) ;
#115 = LINE ( 'NONE', #2706, #3819 ) ;
#116 = EDGE_CURVE ( 'NONE', #2479, #2492, #2190, .T. ) ;
#117 = EDGE_CURVE ( 'NONE', #3645, #1157, #3213, .T. ) ;
#118 = VECTOR ( 'NONE', #178, 39.37007874015748143 ) ;
#119 = ORIENTED_EDGE ( 'NONE', *, *, #2288, .F. ) ;
#120 = AXIS2_PLACEMENT_3D ( 'NONE', #3309, #3016, #1706 ) ;
#121 = DIRECTION ( 'NONE',  ( 1.000000000000000000, 0.0000000000000000000, 0.0000000000000000000 ) ) ;
#122 = VECTOR ( 'NONE', #4013, 39.37007874015748143 ) ;
#123 = AXIS2_PLACEMENT_3D ( 'NONE', #3232, #2574, #3298 ) ;
#124 = CARTESIAN_POINT ( 'NONE',  ( -0.1240157480314960647, -0.1377952755905511861, -0.1023622047244094474 ) ) ;
#125 = EDGE_CURVE ( 'NONE', #286, #496, #2535, .T. ) ;
#126 = VECTOR ( 'NONE', #279, 39.37007874015748143 ) ;
#127 = EDGE_LOOP ( 'NONE', ( #1709, #1609, #340, #3755 ) ) ;
#128 = ORIENTED_EDGE ( 'NONE', *, *, #1578, .T. ) ;
#129 = ORIENTED_EDGE ( 'NONE', *, *, #2689, .F. ) ;
#130 = CARTESIAN_POINT ( 'NONE',  ( -0.1318897637795275746, -0.09578120915254409451, 0.1023622047244094474 ) ) ;
#131 = CARTESIAN_POINT ( 'NONE',  ( -0.1122047244094488277, 0.0000000000000000000, 0.1122047244094488277 ) ) ;
#132 = AXIS2_PLACEMENT_3D ( 'NONE', #3840, #1864, #960 ) ;
#133 = PLANE ( 'NONE',  #3692 ) ;
#134 = ORIENTED_EDGE ( 'NONE', *, *, #681, .T. ) ;
#135 = VECTOR ( 'NONE', #1604, 39.37007874015748854 ) ;
#136 = VERTEX_POINT ( 'NONE', #2911 ) ;
#137 = FACE_OUTER_BOUND ( 'NONE', #2073, .T. ) ;
#138 = LINE ( 'NONE', #88, #1979 ) ;
#139 = ORIENTED_EDGE ( 'NONE', *, *, #125, .T. ) ;
#140 = DIRECTION ( 'NONE',  ( 0.0000000000000000000, 1.000000000000000000, 0.0000000000000000000 ) ) ;
#141 = FACE_OUTER_BOUND ( 'NONE', #1869, .T. ) ;
#142 = CARTESIAN_POINT ( 'NONE',  ( -0.1181102362204724532, 0.1299212598425196763, 0.1122047244094488277 ) ) ;
#143 = EDGE_LOOP ( 'NONE', ( #908, #3816, #2072, #745 ) ) ;
#144 = SECURITY_CLASSIFICATION ( '', '', #725 ) ;
#145 = ORIENTED_EDGE ( 'NONE', *, *, #915, .F. ) ;
#146 = EDGE_CURVE ( 'NONE', #1212, #2326, #1413, .T. ) ;
#147 = EDGE_CURVE ( 'NONE', #3676, #2088, #3735, .T. ) ;
#148 = DIRECTION ( 'NONE',  ( 0.0000000000000000000, 0.0000000000000000000, 1.000000000000000000 ) ) ;
#149 = EDGE_LOOP ( 'NONE', ( #2529, #449, #928, #3641 ) ) ;
#150 = ORIENTED_EDGE ( 'NONE', *, *, #2527, .T. ) ;
#151 = ADVANCED_FACE ( 'NONE', ( #3844 ), #265, .T. ) ;
#152 = DIRECTION ( 'NONE',  ( -1.000000000000000000, 0.0000000000000000000, 0.0000000000000000000 ) ) ;
#153 = DIRECTION ( 'NONE',  ( 0.7071067811865480168, -0.7071067811865470176, 0.0000000000000000000 ) ) ;
#154 = CARTESIAN_POINT ( 'NONE',  ( -0.1318897637795275746, 0.02755905511811023584, 0.07480314960629921850 ) ) ;
#155 = VERTEX_POINT ( 'NONE', #2225 ) ;
#156 = DIRECTION ( 'NONE',  ( -1.000000000000000000, 0.0000000000000000000, 0.0000000000000000000 ) ) ;
#157 = DATE_AND_TIME ( #3088, #3903 ) ;
#158 = ORIENTED_EDGE ( 'NONE', *, *, #2263, .F. ) ;
#159 = DIRECTION ( 'NONE',  ( 1.000000000000000000, 0.0000000000000000000, 0.0000000000000000000 ) ) ;
#160 = CARTESIAN_POINT ( 'NONE',  ( -0.1181102362204724532, 0.1377952755905511861, 0.1181102362204724532 ) ) ;
#161 = LINE ( 'NONE', #1448, #401 ) ;
#162 = ORIENTED_EDGE ( 'NONE', *, *, #1382, .T. ) ;
#163 = DIRECTION ( 'NONE',  ( 0.0000000000000000000, 0.0000000000000000000, -1.000000000000000000 ) ) ;
#164 = DIRECTION ( 'NONE',  ( 0.0000000000000000000, 1.000000000000000000, 0.0000000000000000000 ) ) ;
#165 = DIRECTION ( 'NONE',  ( 1.000000000000000000, 0.0000000000000000000, 0.0000000000000000000 ) ) ;
#166 = ORIENTED_EDGE ( 'NONE', *, *, #2816, .T. ) ;
#167 = ORIENTED_EDGE ( 'NONE', *, *, #1178, .T. ) ;
#168 = DIRECTION ( 'NONE',  ( 0.0000000000000000000, 0.0000000000000000000, 1.000000000000000000 ) ) ;
#169 = CARTESIAN_POINT ( 'NONE',  ( 0.1532055652061933004, -0.07446540772587834089, -0.1023622047244094474 ) ) ;
#170 = EDGE_CURVE ( 'NONE', #409, #2039, #2252, .T. ) ;
#171 = EDGE_CURVE ( 'NONE', #918, #511, #4197, .T. ) ;
#172 = ORIENTED_EDGE ( 'NONE', *, *, #147, .T. ) ;
#173 = ORIENTED_EDGE ( 'NONE', *, *, #201, .F. ) ;
#174 = LINE ( 'NONE', #1784, #967 ) ;
#175 = ADVANCED_FACE ( 'NONE', ( #2340 ), #1024, .T. ) ;
#176 = ORIENTED_EDGE ( 'NONE', *, *, #1178, .F. ) ;
#177 = CARTESIAN_POINT ( 'NONE',  ( 0.1122047244094488277, 0.0000000000000000000, 0.1122047244094488277 ) ) ;
#178 = DIRECTION ( 'NONE',  ( 0.0000000000000000000, -1.000000000000000000, 0.0000000000000000000 ) ) ;
#179 = PLANE ( 'NONE',  #1786 ) ;
#180 = ORIENTED_EDGE ( 'NONE', *, *, #1200, .T. ) ;
#181 = VECTOR ( 'NONE', #3563, 39.37007874015748854 ) ;
#182 = VECTOR ( 'NONE', #1312, 39.37007874015748143 ) ;
#183 = CARTESIAN_POINT ( 'NONE',  ( 0.1318897637795275746, -0.09578120915254409451, -0.07480314960629921850 ) ) ;
#184 = FACE_OUTER_BOUND ( 'NONE', #1060, .T. ) ;
#185 = AXIS2_PLACEMENT_3D ( 'NONE', #2923, #647, #2329 ) ;
#186 = AXIS2_PLACEMENT_3D ( 'NONE', #2007, #387, #2992 ) ;
#187 = ADVANCED_BREP_SHAPE_REPRESENTATION ( 'CUI_DEVICES_TS02-66-50-BK-260-LCR-D', ( #2140, #3497, #766, #2145, #3510, #3524, #4103 ), #564 ) ;
#188 = AXIS2_PLACEMENT_3D ( 'NONE', #2938, #4221, #2576 ) ;
#189 = AXIS2_PLACEMENT_3D ( 'NONE', #2643, #4228, #1365 ) ;
#190 = ORIENTED_EDGE ( 'NONE', *, *, #170, .F. ) ;
#191 = ORIENTED_EDGE ( 'NONE', *, *, #117, .T. ) ;
#192 = FACE_OUTER_BOUND ( 'NONE', #3705, .T. ) ;
#193 = CYLINDRICAL_SURFACE ( 'NONE', #3333, 0.005905511811023620231 ) ;
#194 = DIRECTION ( 'NONE',  ( -1.000000000000000000, 0.0000000000000000000, 0.0000000000000000000 ) ) ;
#195 = AXIS2_PLACEMENT_3D ( 'NONE', #1559, #3574, #313 ) ;
#196 = ORIENTED_EDGE ( 'NONE', *, *, #2403, .T. ) ;
#197 = ORIENTED_EDGE ( 'NONE', *, *, #2708, .T. ) ;
#198 = VECTOR ( 'NONE', #431, 39.37007874015748143 ) ;
#199 = LINE ( 'NONE', #4110, #3395 ) ;
#200 = ADVANCED_FACE ( 'NONE', ( #3625 ), #2319, .F. ) ;
#201 = EDGE_CURVE ( 'NONE', #417, #2413, #1083, .T. ) ;
#202 = CIRCLE ( 'NONE', #2318, 0.007874015748031499423 ) ;
#203 = VERTEX_POINT ( 'NONE', #2043 ) ;
#204 = EDGE_CURVE ( 'NONE', #3712, #998, #3696, .T. ) ;
#205 = SPHERICAL_SURFACE ( 'NONE', #3821, 0.03937007874015747977 ) ;
#206 = CARTESIAN_POINT ( 'NONE',  ( 0.1532055652061933004, -0.06332986786467284523, -0.1023622047244094474 ) ) ;
#207 = CC_DESIGN_DATE_AND_TIME_ASSIGNMENT ( #2621, #356, ( #3868 ) ) ;
#208 = DIRECTION ( 'NONE',  ( 1.000000000000000000, 0.0000000000000000000, 0.0000000000000000000 ) ) ;
#209 = ORIENTED_EDGE ( 'NONE', *, *, #2419, .T. ) ;
#210 = DIRECTION ( 'NONE',  ( -0.7071067811865469066, -0.7071067811865479058, 0.0000000000000000000 ) ) ;
#211 = CC_DESIGN_APPROVAL ( #2162, ( #144 ) ) ;
#212 = EDGE_LOOP ( 'NONE', ( #1446, #1498, #1576, #1170 ) ) ;
#213 = DIRECTION ( 'NONE',  ( -3.519431053647356462E-16, -0.8660254037844389297, 0.4999999999999994449 ) ) ;
#214 = DIRECTION ( 'NONE',  ( 0.0000000000000000000, 0.0000000000000000000, 1.000000000000000000 ) ) ;
#215 = VERTEX_POINT ( 'NONE', #3277 ) ;
#216 = VERTEX_POINT ( 'NONE', #1696 ) ;
#217 = FACE_OUTER_BOUND ( 'NONE', #3236, .T. ) ;
#218 = DIRECTION ( 'NONE',  ( -0.7071067811865469066, -0.7071067811865479058, 0.0000000000000000000 ) ) ;
#219 = VERTEX_POINT ( 'NONE', #1047 ) ;
#220 = CARTESIAN_POINT ( 'NONE',  ( -0.1181102362204724532, 0.03543307086614173179, 0.07480314960629921850 ) ) ;
#221 = LINE ( 'NONE', #1543, #2584 ) ;
#222 = CARTESIAN_POINT ( 'NONE',  ( -0.1240157480314960647, 0.02755905511811023584, -0.07480314960629921850 ) ) ;
#223 = ORIENTED_EDGE ( 'NONE', *, *, #429, .F. ) ;
#224 = EDGE_CURVE ( 'NONE', #2460, #3291, #3941, .T. ) ;
#225 = EDGE_CURVE ( 'NONE', #1314, #820, #3923, .T. ) ;
#226 = ORIENTED_EDGE ( 'NONE', *, *, #650, .T. ) ;
#227 = DIRECTION ( 'NONE',  ( 0.0000000000000000000, 0.0000000000000000000, -1.000000000000000000 ) ) ;
#228 = DIRECTION ( 'NONE',  ( -0.7071067811865469066, 0.7071067811865479058, 0.0000000000000000000 ) ) ;
#229 = VERTEX_POINT ( 'NONE', #724 ) ;
#230 = CARTESIAN_POINT ( 'NONE',  ( -0.1318897637795275746, -0.09578120915254409451, 0.07480314960629921850 ) ) ;
#231 = DIRECTION ( 'NONE',  ( 1.000000000000000000, 0.0000000000000000000, 0.0000000000000000000 ) ) ;
#232 = ORIENTED_EDGE ( 'NONE', *, *, #1945, .F. ) ;
#233 = ORIENTED_EDGE ( 'NONE', *, *, #1637, .T. ) ;
#234 = DIRECTION ( 'NONE',  ( 0.0000000000000000000, 0.0000000000000000000, -1.000000000000000000 ) ) ;
#235 = PLANE ( 'NONE',  #3875 ) ;
#236 = DIRECTION ( 'NONE',  ( 0.0000000000000000000, 0.0000000000000000000, 1.000000000000000000 ) ) ;
#237 = CLOSED_SHELL ( 'NONE', ( #3304, #4064, #1249, #3842, #1792, #325, #1124, #1870, #1475, #4, #4041, #1636, #3815, #1028, #730, #1248, #2004, #4116, #1356, #972, #2424, #1815, #1075, #2206, #421, #689, #892, #1738, #391, #2240, #255 ) ) ;
#238 = EDGE_LOOP ( 'NONE', ( #2858, #3871 ) ) ;
#239 = PLANE ( 'NONE',  #3455 ) ;
#240 = CARTESIAN_POINT ( 'NONE',  ( -0.1318897637795275746, -0.04201406643800709162, 0.1023622047244094474 ) ) ;
#241 = FACE_OUTER_BOUND ( 'NONE', #498, .T. ) ;
#242 = CARTESIAN_POINT ( 'NONE',  ( -0.1240157480314960647, -0.1377952755905511861, 0.08366141732283464971 ) ) ;
#243 = ORIENTED_EDGE ( 'NONE', *, *, #3281, .F. ) ;
#244 = AXIS2_PLACEMENT_3D ( 'NONE', #2383, #1649, #3599 ) ;
#245 = DIRECTION ( 'NONE',  ( 0.0000000000000000000, 0.0000000000000000000, 1.000000000000000000 ) ) ;
#246 = ADVANCED_FACE ( 'NONE', ( #376 ), #3009, .T. ) ;
#247 = DIRECTION ( 'NONE',  ( 0.0000000000000000000, 0.0000000000000000000, -1.000000000000000000 ) ) ;
#248 = EDGE_CURVE ( 'NONE', #1865, #2290, #1380, .T. ) ;
#249 = AXIS2_PLACEMENT_3D ( 'NONE', #2100, #2078, #1108 ) ;
#250 = VERTEX_POINT ( 'NONE', #17 ) ;
#251 = AXIS2_PLACEMENT_3D ( 'NONE', #1746, #1139, #165 ) ;
#252 = DIRECTION ( 'NONE',  ( 2.454115839351809943E-16, -1.000000000000000000, 0.0000000000000000000 ) ) ;
#253 = VECTOR ( 'NONE', #2778, 39.37007874015748143 ) ;
#254 = LINE ( 'NONE', #587, #742 ) ;
#255 = ADVANCED_FACE ( 'NONE', ( #3968 ), #352, .T. ) ;
#256 = AXIS2_PLACEMENT_3D ( 'NONE', #285, #922, #1827 ) ;
#257 = AXIS2_PLACEMENT_3D ( 'NONE', #1154, #140, #2752 ) ;
#258 = ORIENTED_EDGE ( 'NONE', *, *, #789, .T. ) ;
#259 = CARTESIAN_POINT ( 'NONE',  ( 0.1181102362204724532, 0.03543307086614173179, 0.1023622047244094474 ) ) ;
#260 = CARTESIAN_POINT ( 'NONE',  ( 0.1122047244094488277, 0.1299212598425196763, 0.1122047244094488277 ) ) ;
#261 = CIRCLE ( 'NONE', #2310, 0.07283464566929134798 ) ;
#262 = CARTESIAN_POINT ( 'NONE',  ( 0.08858267716535432601, 0.1377952755905511861, 0.06496062992125983815 ) ) ;
#263 = AXIS2_PLACEMENT_3D ( 'NONE', #3726, #461, #804 ) ;
#264 = EDGE_LOOP ( 'NONE', ( #2776, #2425, #2353, #2220 ) ) ;
#265 = PLANE ( 'NONE',  #2433 ) ;
#266 = DIRECTION ( 'NONE',  ( 0.0000000000000000000, 0.0000000000000000000, -1.000000000000000000 ) ) ;
#267 = CARTESIAN_POINT ( 'NONE',  ( 0.1122047244094488277, 0.1299212598425196763, -0.1181102362204724532 ) ) ;
#268 = CARTESIAN_POINT ( 'NONE',  ( 0.1240157480314960647, 0.03543307086614173179, 0.07480314960629921850 ) ) ;
#269 = ORIENTED_EDGE ( 'NONE', *, *, #422, .T. ) ;
#270 = DIRECTION ( 'NONE',  ( 0.0000000000000000000, 0.0000000000000000000, -1.000000000000000000 ) ) ;
#271 = ADVANCED_FACE ( 'NONE', ( #2359 ), #2637, .F. ) ;
#272 = EDGE_CURVE ( 'NONE', #2290, #3177, #834, .T. ) ;
#273 = ORIENTED_EDGE ( 'NONE', *, *, #1482, .T. ) ;
#274 = DIRECTION ( 'NONE',  ( 0.0000000000000000000, -1.000000000000000000, 0.0000000000000000000 ) ) ;
#275 = ADVANCED_FACE ( 'NONE', ( #137 ), #2808, .T. ) ;
#276 = EDGE_LOOP ( 'NONE', ( #3659, #3622, #969, #2697 ) ) ;
#277 = EDGE_CURVE ( 'NONE', #719, #2903, #1821, .T. ) ;
#278 = ORIENTED_EDGE ( 'NONE', *, *, #1715, .F. ) ;
#279 = DIRECTION ( 'NONE',  ( 3.519431053647356462E-16, -0.8660254037844389297, 0.4999999999999994449 ) ) ;
#280 = AXIS2_PLACEMENT_3D ( 'NONE', #363, #2304, #159 ) ;
#281 = CARTESIAN_POINT ( 'NONE',  ( -0.1263219938489248129, -0.04758183636860983945, -0.07480314960629921850 ) ) ;
#282 = CARTESIAN_POINT ( 'NONE',  ( 0.1240157480314960647, 0.02755905511811023584, 0.07480314960629921850 ) ) ;
#283 = DIRECTION ( 'NONE',  ( 1.000000000000000000, 0.0000000000000000000, 0.0000000000000000000 ) ) ;
#284 = FACE_OUTER_BOUND ( 'NONE', #1039, .T. ) ;
#285 = CARTESIAN_POINT ( 'NONE',  ( 0.08858267716535432601, 0.1377952755905511861, 0.08858267716535432601 ) ) ;
#286 = VERTEX_POINT ( 'NONE', #4068 ) ;
#287 = ORIENTED_EDGE ( 'NONE', *, *, #2342, .F. ) ;
#288 = CARTESIAN_POINT ( 'NONE',  ( -0.08858267716535432601, 0.1496062992125984370, -0.08858267716535432601 ) ) ;
#289 = DIRECTION ( 'NONE',  ( 0.0000000000000000000, -1.000000000000000000, 0.0000000000000000000 ) ) ;
#290 = CARTESIAN_POINT ( 'NONE',  ( 0.1240157480314960647, 0.02755905511811023584, -0.07480314960629921850 ) ) ;
#291 = ORIENTED_EDGE ( 'NONE', *, *, #2946, .T. ) ;
#292 = CARTESIAN_POINT ( 'NONE',  ( -0.1122047244094488277, 0.1377952755905511861, 0.1122047244094488277 ) ) ;
#293 = CYLINDRICAL_SURFACE ( 'NONE', #2226, 0.007874015748031499423 ) ;
#294 = VERTEX_POINT ( 'NONE', #2785 ) ;
#295 = ORIENTED_EDGE ( 'NONE', *, *, #204, .F. ) ;
#296 = DIRECTION ( 'NONE',  ( 1.000000000000000000, 0.0000000000000000000, 0.0000000000000000000 ) ) ;
#297 = CARTESIAN_POINT ( 'NONE',  ( -0.1476377952755905387, -0.06889763779527559306, 0.07480314960629921850 ) ) ;
#298 = CARTESIAN_POINT ( 'NONE',  ( 0.1181102362204724532, 0.1377952755905511861, -0.1181102362204724532 ) ) ;
#299 = EDGE_CURVE ( 'NONE', #2123, #670, #1479, .T. ) ;
#300 = EDGE_CURVE ( 'NONE', #1157, #3637, #2575, .T. ) ;
#301 = CARTESIAN_POINT ( 'NONE',  ( 0.1240157480314960647, 0.02755905511811023584, -0.1023622047244094474 ) ) ;
#302 = DIRECTION ( 'NONE',  ( 0.0000000000000000000, 0.0000000000000000000, 1.000000000000000000 ) ) ;
#303 = CARTESIAN_POINT ( 'NONE',  ( 0.1555118110236220208, -0.06889763779527559306, -0.07480314960629921850 ) ) ;
#304 = DIRECTION ( 'NONE',  ( 0.0000000000000000000, 0.0000000000000000000, -1.000000000000000000 ) ) ;
#305 = EDGE_CURVE ( 'NONE', #1309, #3506, #2779, .T. ) ;
#306 = CALENDAR_DATE ( 2021, 18, 12 ) ;
#307 = VERTEX_POINT ( 'NONE', #529 ) ;
#308 = ORIENTED_EDGE ( 'NONE', *, *, #446, .F. ) ;
#309 = DIRECTION ( 'NONE',  ( 0.0000000000000000000, 0.0000000000000000000, -1.000000000000000000 ) ) ;
#310 = DIRECTION ( 'NONE',  ( 0.0000000000000000000, -1.000000000000000000, 0.0000000000000000000 ) ) ;
#311 = EDGE_LOOP ( 'NONE', ( #2091, #223 ) ) ;
#312 = PLANE ( 'NONE',  #3465 ) ;
#313 = DIRECTION ( 'NONE',  ( 0.0000000000000000000, 0.0000000000000000000, 1.000000000000000000 ) ) ;
#314 = VECTOR ( 'NONE', #3512, 39.37007874015748143 ) ;
#315 = ORIENTED_EDGE ( 'NONE', *, *, #574, .F. ) ;
#316 = VECTOR ( 'NONE', #524, 39.37007874015748143 ) ;
#317 = VECTOR ( 'NONE', #2531, 39.37007874015748854 ) ;
#318 = VERTEX_POINT ( 'NONE', #1803 ) ;
#319 = DIRECTION ( 'NONE',  ( 0.0000000000000000000, 1.000000000000000000, 0.0000000000000000000 ) ) ;
#320 = CARTESIAN_POINT ( 'NONE',  ( -0.08858267716535432601, 0.1496062992125984370, -0.06496062992125983815 ) ) ;
#321 = CARTESIAN_POINT ( 'NONE',  ( -0.1532055652061933004, -0.07446540772587834089, -0.1023622047244094474 ) ) ;
#322 = VECTOR ( 'NONE', #3092, 39.37007874015748143 ) ;
#323 = VECTOR ( 'NONE', #1009, 39.37007874015748143 ) ;
#324 = EDGE_CURVE ( 'NONE', #1034, #1519, #3107, .T. ) ;
#325 = ADVANCED_FACE ( 'NONE', ( #4091 ), #2437, .T. ) ;
#326 = CIRCLE ( 'NONE', #819, 0.02362204724409448092 ) ;
#327 = CIRCLE ( 'NONE', #1895, 0.005905511811023620231 ) ;
#328 = CARTESIAN_POINT ( 'NONE',  ( -0.1181102362204724532, 0.03543307086614173179, -0.1023622047244094474 ) ) ;
#329 = DIRECTION ( 'NONE',  ( 0.0000000000000000000, 1.000000000000000000, 0.0000000000000000000 ) ) ;
#330 = PLANE ( 'NONE',  #2791 ) ;
#331 = CARTESIAN_POINT ( 'NONE',  ( 0.1318897637795275746, -0.1224523058384645591, 0.07480314960629921850 ) ) ;
#332 = VECTOR ( 'NONE', #3838, 39.37007874015748143 ) ;
#333 = ORIENTED_EDGE ( 'NONE', *, *, #1658, .F. ) ;
#334 = EDGE_CURVE ( 'NONE', #4016, #4136, #852, .T. ) ;
#335 = CIRCLE ( 'NONE', #896, 0.005905511811023620231 ) ;
#336 = DIRECTION ( 'NONE',  ( -1.000000000000000000, 0.0000000000000000000, 0.0000000000000000000 ) ) ;
#337 = PRODUCT_RELATED_PRODUCT_CATEGORY ( 'detail', '', ( #1022 ) ) ;
#338 = CARTESIAN_POINT ( 'NONE',  ( -0.1476377952755905387, -0.06889763779527559306, 0.1023622047244094474 ) ) ;
#339 = VECTOR ( 'NONE', #3697, 39.37007874015748143 ) ;
#340 = ORIENTED_EDGE ( 'NONE', *, *, #1406, .T. ) ;
#341 = LINE ( 'NONE', #8, #4147 ) ;
#342 = CARTESIAN_POINT ( 'NONE',  ( -0.1263219938489248129, -0.04758183636860983945, 0.1023622047244094474 ) ) ;
#343 = ORIENTED_EDGE ( 'NONE', *, *, #2133, .T. ) ;
#344 = VERTEX_POINT ( 'NONE', #3065 ) ;
#345 = DIRECTION ( 'NONE',  ( 0.0000000000000000000, 0.0000000000000000000, 1.000000000000000000 ) ) ;
#346 = DIRECTION ( 'NONE',  ( 0.0000000000000000000, -1.000000000000000000, 0.0000000000000000000 ) ) ;
#347 = DIRECTION ( 'NONE',  ( -3.519431053647356462E-16, -0.8660254037844389297, -0.4999999999999994449 ) ) ;
#348 = DIRECTION ( 'NONE',  ( 0.0000000000000000000, 0.0000000000000000000, 1.000000000000000000 ) ) ;
#349 = VECTOR ( 'NONE', #2855, 39.37007874015748143 ) ;
#350 = ORIENTED_EDGE ( 'NONE', *, *, #2892, .F. ) ;
#351 = ORIENTED_EDGE ( 'NONE', *, *, #1514, .F. ) ;
#352 = PLANE ( 'NONE',  #743 ) ;
#353 = DIRECTION ( 'NONE',  ( 0.0000000000000000000, -1.000000000000000000, 0.0000000000000000000 ) ) ;
#354 = CARTESIAN_POINT ( 'NONE',  ( -0.1476377952755905387, -0.06889763779527559306, -0.07480314960629921850 ) ) ;
#355 = LINE ( 'NONE', #2274, #474 ) ;
#356 = DATE_TIME_ROLE ( 'creation_date' ) ;
#357 = VERTEX_POINT ( 'NONE', #3127 ) ;
#358 = CARTESIAN_POINT ( 'NONE',  ( 0.1555118110236220763, -0.1377952755905511861, 0.08366141732283464971 ) ) ;
#359 = PLANE ( 'NONE',  #3955 ) ;
#360 = DIRECTION ( 'NONE',  ( 0.0000000000000000000, 0.0000000000000000000, 1.000000000000000000 ) ) ;
#361 = EDGE_CURVE ( 'NONE', #1818, #2087, #199, .T. ) ;
#362 = EDGE_CURVE ( 'NONE', #2822, #521, #1505, .T. ) ;
#363 = CARTESIAN_POINT ( 'NONE',  ( 0.08858267716535432601, 0.1181102362204724532, 0.08858267716535432601 ) ) ;
#364 = ORIENTED_EDGE ( 'NONE', *, *, #2054, .F. ) ;
#365 = LINE ( 'NONE', #1036, #323 ) ;
#366 = CARTESIAN_POINT ( 'NONE',  ( 0.1318897637795275746, 0.02755905511811023584, 0.1023622047244094474 ) ) ;
#367 = EDGE_CURVE ( 'NONE', #4164, #4139, #4051, .T. ) ;
#368 = VERTEX_POINT ( 'NONE', #281 ) ;
#369 = VERTEX_POINT ( 'NONE', #983 ) ;
#370 = DIRECTION ( 'NONE',  ( 0.0000000000000000000, 0.0000000000000000000, -1.000000000000000000 ) ) ;
#371 = DIRECTION ( 'NONE',  ( 0.0000000000000000000, 0.0000000000000000000, 1.000000000000000000 ) ) ;
#372 = LINE ( 'NONE', #1988, #2664 ) ;
#373 = FACE_OUTER_BOUND ( 'NONE', #1220, .T. ) ;
#374 = EDGE_LOOP ( 'NONE', ( #32, #39, #1442, #3117, #718, #3335, #2540, #484, #522, #1847, #2609, #1372, #3794, #3368, #3023, #2950, #1823 ) ) ;
#375 = ORIENTED_EDGE ( 'NONE', *, *, #4199, .F. ) ;
#376 = FACE_OUTER_BOUND ( 'NONE', #2157, .T. ) ;
#377 = DIRECTION ( 'NONE',  ( 0.0000000000000000000, 0.0000000000000000000, 1.000000000000000000 ) ) ;
#378 = DIRECTION ( 'NONE',  ( -1.000000000000000000, 0.0000000000000000000, 0.0000000000000000000 ) ) ;
#379 =( NAMED_UNIT ( * ) SI_UNIT ( $, .STERADIAN. ) SOLID_ANGLE_UNIT ( ) );
#380 = ORIENTED_EDGE ( 'NONE', *, *, #500, .T. ) ;
#381 = DIRECTION ( 'NONE',  ( 0.0000000000000000000, 0.0000000000000000000, 1.000000000000000000 ) ) ;
#382 = LINE ( 'NONE', #3286, #2918 ) ;
#383 = ORIENTED_EDGE ( 'NONE', *, *, #1526, .T. ) ;
#384 = ORIENTED_EDGE ( 'NONE', *, *, #1071, .T. ) ;
#385 = EDGE_CURVE ( 'NONE', #4118, #2703, #1583, .T. ) ;
#386 = EDGE_CURVE ( 'NONE', #511, #250, #3579, .T. ) ;
#387 = DIRECTION ( 'NONE',  ( 0.0000000000000000000, 0.0000000000000000000, 1.000000000000000000 ) ) ;
#388 = DIRECTION ( 'NONE',  ( -1.000000000000000000, 0.0000000000000000000, 0.0000000000000000000 ) ) ;
#389 = VERTEX_POINT ( 'NONE', #4194 ) ;
#390 = CARTESIAN_POINT ( 'NONE',  ( 0.1122047244094488277, 0.1299212598425196763, -0.1181102362204724532 ) ) ;
#391 = ADVANCED_FACE ( 'NONE', ( #1908 ), #2250, .T. ) ;
#392 = LINE ( 'NONE', #3662, #1211 ) ;
#393 = CARTESIAN_POINT ( 'NONE',  ( -0.1555118110236220208, -0.06889763779527559306, -0.1023622047244094474 ) ) ;
#394 = AXIS2_PLACEMENT_3D ( 'NONE', #3918, #4235, #2994 ) ;
#395 = AXIS2_PLACEMENT_3D ( 'NONE', #3667, #1717, #2702 ) ;
#396 = ORIENTED_EDGE ( 'NONE', *, *, #1797, .T. ) ;
#397 = FACE_OUTER_BOUND ( 'NONE', #2908, .T. ) ;
#398 = CIRCLE ( 'NONE', #2782, 0.007874015748031499423 ) ;
#399 = AXIS2_PLACEMENT_3D ( 'NONE', #3768, #3113, #2737 ) ;
#400 = SHAPE_DEFINITION_REPRESENTATION ( #859, #187 ) ;
#401 = VECTOR ( 'NONE', #2428, 39.37007874015748143 ) ;
#402 = VECTOR ( 'NONE', #2047, 39.37007874015748143 ) ;
#403 = ORIENTED_EDGE ( 'NONE', *, *, #1683, .F. ) ;
#404 = CARTESIAN_POINT ( 'NONE',  ( -0.1181102362204724532, 0.1377952755905511861, 0.1181102362204724532 ) ) ;
#405 = DIRECTION ( 'NONE',  ( 1.000000000000000000, -4.063888932435259910E-16, 0.0000000000000000000 ) ) ;
#406 = CARTESIAN_POINT ( 'NONE',  ( -0.1318897637795275746, -0.09578120915254409451, -0.1023622047244094474 ) ) ;
#407 = AXIS2_PLACEMENT_3D ( 'NONE', #2624, #1955, #1006 ) ;
#408 = VECTOR ( 'NONE', #3627, 39.37007874015748143 ) ;
#409 = VERTEX_POINT ( 'NONE', #3901 ) ;
#410 = VECTOR ( 'NONE', #3248, 39.37007874015748143 ) ;
#411 = DIRECTION ( 'NONE',  ( -2.168404344971010347E-16, 0.0000000000000000000, -1.000000000000000000 ) ) ;
#412 = CARTESIAN_POINT ( 'NONE',  ( 0.1263219938489248129, -0.09021343922194134668, -0.07480314960629921850 ) ) ;
#413 = DIRECTION ( 'NONE',  ( 3.519431053647356462E-16, -0.8660254037844389297, -0.4999999999999994449 ) ) ;
#414 = AXIS2_PLACEMENT_3D ( 'NONE', #3087, #2124, #1480 ) ;
#415 = EDGE_CURVE ( 'NONE', #3089, #1004, #2203, .T. ) ;
#416 = ORIENTED_EDGE ( 'NONE', *, *, #4020, .F. ) ;
#417 = VERTEX_POINT ( 'NONE', #2550 ) ;
#418 = CARTESIAN_POINT ( 'NONE',  ( -0.1555118110236220763, -0.1054045616694795212, -0.1122047244094488277 ) ) ;
#419 = CARTESIAN_POINT ( 'NONE',  ( -0.1318897637795275746, -0.1224523058384645591, -0.07480314960629921850 ) ) ;
#420 = CARTESIAN_POINT ( 'NONE',  ( -0.1318897637795275746, 0.02755905511811023584, -0.1023622047244094474 ) ) ;
#421 = ADVANCED_FACE ( 'NONE', ( #2889 ), #934, .F. ) ;
#422 = EDGE_CURVE ( 'NONE', #719, #3094, #2222, .T. ) ;
#423 = ORIENTED_EDGE ( 'NONE', *, *, #596, .T. ) ;
#424 = EDGE_LOOP ( 'NONE', ( #3422, #3203, #561, #2233, #2372, #1724 ) ) ;
#425 = DIRECTION ( 'NONE',  ( 0.0000000000000000000, 0.0000000000000000000, 1.000000000000000000 ) ) ;
#426 = LINE ( 'NONE', #2101, #60 ) ;
#427 = PERSON_AND_ORGANIZATION ( #3565, #2941 ) ;
#428 = LOCAL_TIME ( 19, 10, 42.00000000000000000, #989 ) ;
#429 = EDGE_CURVE ( 'NONE', #4174, #799, #3183, .T. ) ;
#430 = VERTEX_POINT ( 'NONE', #914 ) ;
#431 = DIRECTION ( 'NONE',  ( 0.0000000000000000000, -1.000000000000000000, 0.0000000000000000000 ) ) ;
#432 = CARTESIAN_POINT ( 'NONE',  ( -0.1240157480314960647, 0.02755905511811023584, 0.07480314960629921850 ) ) ;
#433 = EDGE_LOOP ( 'NONE', ( #696, #2381, #1250, #599 ) ) ;
#434 = APPLICATION_CONTEXT ( 'configuration controlled 3d designs of mechanical parts and assemblies' ) ;
#435 = CARTESIAN_POINT ( 'NONE',  ( 0.1181102362204724532, 0.1299212598425196763, -0.1122047244094488277 ) ) ;
#436 = FACE_OUTER_BOUND ( 'NONE', #1462, .T. ) ;
#437 = ORIENTED_EDGE ( 'NONE', *, *, #899, .F. ) ;
#438 = ORIENTED_EDGE ( 'NONE', *, *, #40, .F. ) ;
#439 = ORIENTED_EDGE ( 'NONE', *, *, #1798, .T. ) ;
#440 = DIRECTION ( 'NONE',  ( 0.0000000000000000000, 0.4999999999999995004, -0.8660254037844390407 ) ) ;
#441 = FACE_OUTER_BOUND ( 'NONE', #4060, .T. ) ;
#442 = ORIENTED_EDGE ( 'NONE', *, *, #813, .F. ) ;
#443 = EDGE_LOOP ( 'NONE', ( #2333, #4135, #61, #3040 ) ) ;
#444 = DIRECTION ( 'NONE',  ( 0.0000000000000000000, -1.000000000000000000, 0.0000000000000000000 ) ) ;
#445 = CYLINDRICAL_SURFACE ( 'NONE', #4231, 0.02362204724409448092 ) ;
#446 = EDGE_CURVE ( 'NONE', #2266, #1573, #1149, .T. ) ;
#447 = EDGE_CURVE ( 'NONE', #3317, #1986, #4176, .T. ) ;
#448 = PERSON_AND_ORGANIZATION ( #3565, #2941 ) ;
#449 = ORIENTED_EDGE ( 'NONE', *, *, #386, .T. ) ;
#450 = ADVANCED_FACE ( 'NONE', ( #3167 ), #3878, .F. ) ;
#451 = LINE ( 'NONE', #776, #402 ) ;
#452 = DIRECTION ( 'NONE',  ( 0.0000000000000000000, 0.0000000000000000000, 1.000000000000000000 ) ) ;
#453 = LINE ( 'NONE', #2389, #2166 ) ;
#454 = ORIENTED_EDGE ( 'NONE', *, *, #66, .T. ) ;
#455 = CARTESIAN_POINT ( 'NONE',  ( -0.1181102362204724532, 0.1377952755905511861, 0.1122047244094488277 ) ) ;
#456 = DIRECTION ( 'NONE',  ( 0.0000000000000000000, 1.000000000000000000, 0.0000000000000000000 ) ) ;
#457 = VERTEX_POINT ( 'NONE', #4128 ) ;
#458 = ORIENTED_EDGE ( 'NONE', *, *, #2787, .F. ) ;
#459 = CYLINDRICAL_SURFACE ( 'NONE', #952, 0.007874015748031499423 ) ;
#460 = DIRECTION ( 'NONE',  ( 1.445602896647339903E-16, 0.0000000000000000000, 1.000000000000000000 ) ) ;
#461 = DIRECTION ( 'NONE',  ( 0.0000000000000000000, 1.000000000000000000, 0.0000000000000000000 ) ) ;
#462 = ORIENTED_EDGE ( 'NONE', *, *, #1692, .F. ) ;
#463 = DIRECTION ( 'NONE',  ( -1.000000000000000000, 0.0000000000000000000, 0.0000000000000000000 ) ) ;
#464 = CARTESIAN_POINT ( 'NONE',  ( 0.1181102362204724532, 0.1299212598425196763, -0.1181102362204724532 ) ) ;
#465 = CARTESIAN_POINT ( 'NONE',  ( 0.08858267716535432601, 0.1299212598425196763, 0.1122047244094488139 ) ) ;
#466 = EDGE_CURVE ( 'NONE', #3932, #3146, #3856, .T. ) ;
#467 = EDGE_CURVE ( 'NONE', #1727, #3400, #1288, .T. ) ;
#468 = ORIENTED_EDGE ( 'NONE', *, *, #2921, .F. ) ;
#469 = AXIS2_PLACEMENT_3D ( 'NONE', #844, #2132, #518 ) ;
#470 = VECTOR ( 'NONE', #3339, 39.37007874015748143 ) ;
#471 = DIRECTION ( 'NONE',  ( 0.7071067811865480168, -0.7071067811865470176, 0.0000000000000000000 ) ) ;
#472 = DIRECTION ( 'NONE',  ( 1.000000000000000000, 0.0000000000000000000, 0.0000000000000000000 ) ) ;
#473 = DIRECTION ( 'NONE',  ( 0.0000000000000000000, 1.000000000000000000, 0.0000000000000000000 ) ) ;
#474 = VECTOR ( 'NONE', #3583, 39.37007874015748143 ) ;
#475 = ORIENTED_EDGE ( 'NONE', *, *, #839, .T. ) ;
#476 = AXIS2_PLACEMENT_3D ( 'NONE', #3523, #566, #1558 ) ;
#477 = EDGE_CURVE ( 'NONE', #215, #3967, #879, .T. ) ;
#478 = DIRECTION ( 'NONE',  ( 0.0000000000000000000, 0.0000000000000000000, -1.000000000000000000 ) ) ;
#479 = CIRCLE ( 'NONE', #2856, 0.007874015748031499423 ) ;
#480 = VECTOR ( 'NONE', #336, 39.37007874015748143 ) ;
#481 = DIRECTION ( 'NONE',  ( 1.000000000000000000, 0.0000000000000000000, 0.0000000000000000000 ) ) ;
#482 = AXIS2_PLACEMENT_3D ( 'NONE', #3558, #3022, #85 ) ;
#483 = ORIENTED_EDGE ( 'NONE', *, *, #334, .T. ) ;
#484 = ORIENTED_EDGE ( 'NONE', *, *, #2768, .F. ) ;
#485 = CARTESIAN_POINT ( 'NONE',  ( 0.1181102362204724532, 0.03543307086614173179, 0.1023622047244094474 ) ) ;
#486 = AXIS2_PLACEMENT_3D ( 'NONE', #1631, #3231, #2253 ) ;
#487 = FACE_OUTER_BOUND ( 'NONE', #3428, .T. ) ;
#488 = ORIENTED_EDGE ( 'NONE', *, *, #1147, .F. ) ;
#489 = ORIENTED_EDGE ( 'NONE', *, *, #1508, .F. ) ;
#490 = CARTESIAN_POINT ( 'NONE',  ( -0.1181102362204724532, 0.1299212598425196763, -0.1181102362204724532 ) ) ;
#491 = APPROVAL_DATE_TIME ( #1110, #2162 ) ;
#492 = ORIENTED_EDGE ( 'NONE', *, *, #682, .F. ) ;
#493 = LINE ( 'NONE', #2110, #1691 ) ;
#494 = DIRECTION ( 'NONE',  ( 1.000000000000000000, 0.0000000000000000000, 0.0000000000000000000 ) ) ;
#495 = CARTESIAN_POINT ( 'NONE',  ( -0.1122047244094488277, 0.1299212598425196763, 0.1122047244094488277 ) ) ;
#496 = VERTEX_POINT ( 'NONE', #2906 ) ;
#497 = APPROVAL_PERSON_ORGANIZATION ( #3927, #2214, #2275 ) ;
#498 = EDGE_LOOP ( 'NONE', ( #620, #1450, #1781, #801 ) ) ;
#499 = DIRECTION ( 'NONE',  ( -3.519431053647356462E-16, -0.8660254037844389297, 0.4999999999999994449 ) ) ;
#500 = EDGE_CURVE ( 'NONE', #3176, #2831, #1944, .T. ) ;
#501 = CARTESIAN_POINT ( 'NONE',  ( -0.1476377952755905387, -0.06889763779527559306, 0.1023622047244094474 ) ) ;
#502 = ADVANCED_FACE ( 'NONE', ( #571 ), #235, .F. ) ;
#503 = ORIENTED_EDGE ( 'NONE', *, *, #1452, .F. ) ;
#504 = LINE ( 'NONE', #1778, #2990 ) ;
#505 = DIRECTION ( 'NONE',  ( 0.0000000000000000000, 0.0000000000000000000, -1.000000000000000000 ) ) ;
#506 = ADVANCED_FACE ( 'NONE', ( #3531 ), #615, .T. ) ;
#507 = DIRECTION ( 'NONE',  ( 0.0000000000000000000, 0.0000000000000000000, 1.000000000000000000 ) ) ;
#508 = ORIENTED_EDGE ( 'NONE', *, *, #3547, .F. ) ;
#509 = EDGE_LOOP ( 'NONE', ( #905, #2296, #2898, #569 ) ) ;
#510 = DIRECTION ( 'NONE',  ( 0.0000000000000000000, 0.0000000000000000000, 1.000000000000000000 ) ) ;
#511 = VERTEX_POINT ( 'NONE', #419 ) ;
#512 = FACE_OUTER_BOUND ( 'NONE', #2755, .T. ) ;
#513 = DIRECTION ( 'NONE',  ( 0.0000000000000000000, 1.000000000000000000, 0.0000000000000000000 ) ) ;
#514 = LINE ( 'NONE', #818, #1491 ) ;
#515 = PLANE ( 'NONE',  #2878 ) ;
#516 = ORIENTED_EDGE ( 'NONE', *, *, #1146, .F. ) ;
#517 = DIRECTION ( 'NONE',  ( -1.000000000000000000, 0.0000000000000000000, 0.0000000000000000000 ) ) ;
#518 = DIRECTION ( 'NONE',  ( 0.0000000000000000000, 0.0000000000000000000, 1.000000000000000000 ) ) ;
#519 = EDGE_CURVE ( 'NONE', #1076, #2822, #3620, .T. ) ;
#520 = EDGE_CURVE ( 'NONE', #799, #101, #2934, .T. ) ;
#521 = VERTEX_POINT ( 'NONE', #4239 ) ;
#522 = ORIENTED_EDGE ( 'NONE', *, *, #2891, .F. ) ;
#523 = FACE_OUTER_BOUND ( 'NONE', #1393, .T. ) ;
#524 = DIRECTION ( 'NONE',  ( 0.0000000000000000000, -1.000000000000000000, 0.0000000000000000000 ) ) ;
#525 = DIRECTION ( 'NONE',  ( -0.7071067811865470176, 0.7071067811865480168, 0.0000000000000000000 ) ) ;
#526 = ORIENTED_EDGE ( 'NONE', *, *, #4224, .T. ) ;
#527 = ADVANCED_FACE ( 'NONE', ( #2699 ), #1078, .T. ) ;
#528 = ORIENTED_EDGE ( 'NONE', *, *, #3044, .T. ) ;
#529 = CARTESIAN_POINT ( 'NONE',  ( 0.1181102362204724532, 0.03543307086614173179, 0.1023622047244094474 ) ) ;
#530 = ORIENTED_EDGE ( 'NONE', *, *, #477, .T. ) ;
#531 = CARTESIAN_POINT ( 'NONE',  ( 0.1318897637795275746, -0.1377952755905511861, 0.1023622047244094474 ) ) ;
#532 = LINE ( 'NONE', #3540, #2379 ) ;
#533 = PLANE ( 'NONE',  #842 ) ;
#534 = ORIENTED_EDGE ( 'NONE', *, *, #2472, .F. ) ;
#535 = VECTOR ( 'NONE', #3965, 39.37007874015748143 ) ;
#536 = CARTESIAN_POINT ( 'NONE',  ( -0.1181102362204724532, 0.1377952755905511861, 0.1122047244094488277 ) ) ;
#537 = DIRECTION ( 'NONE',  ( -1.000000000000000000, 0.0000000000000000000, 0.0000000000000000000 ) ) ;
#538 = VECTOR ( 'NONE', #210, 39.37007874015748854 ) ;
#539 = AXIS2_PLACEMENT_3D ( 'NONE', #1677, #1325, #2351 ) ;
#540 = CIRCLE ( 'NONE', #674, 0.007874015748031499423 ) ;
#541 = AXIS2_PLACEMENT_3D ( 'NONE', #3784, #3499, #861 ) ;
#542 = ORIENTED_EDGE ( 'NONE', *, *, #272, .T. ) ;
#543 = ORIENTED_EDGE ( 'NONE', *, *, #3224, .T. ) ;
#544 = CARTESIAN_POINT ( 'NONE',  ( 0.1318897637795275746, -0.09578120915254409451, 0.07480314960629921850 ) ) ;
#545 = LINE ( 'NONE', #3102, #1834 ) ;
#546 = EDGE_CURVE ( 'NONE', #7, #203, #1666, .T. ) ;
#547 = AXIS2_PLACEMENT_3D ( 'NONE', #3673, #3953, #1091 ) ;
#548 = ORIENTED_EDGE ( 'NONE', *, *, #597, .T. ) ;
#549 = VERTEX_POINT ( 'NONE', #1331 ) ;
#550 = DIRECTION ( 'NONE',  ( 1.000000000000000000, 0.0000000000000000000, 0.0000000000000000000 ) ) ;
#551 = CIRCLE ( 'NONE', #1767, 0.06669310618445786765 ) ;
#552 = DIRECTION ( 'NONE',  ( 1.224646799147353207E-16, 0.0000000000000000000, -1.000000000000000000 ) ) ;
#553 = EDGE_CURVE ( 'NONE', #3418, #136, #3315, .T. ) ;
#554 = ADVANCED_FACE ( 'NONE', ( #2634 ), #3940, .T. ) ;
#555 = AXIS2_PLACEMENT_3D ( 'NONE', #2774, #4058, #1181 ) ;
#556 = ORIENTED_EDGE ( 'NONE', *, *, #1254, .T. ) ;
#557 = LINE ( 'NONE', #220, #1831 ) ;
#558 = LINE ( 'NONE', #4160, #1759 ) ;
#559 = CARTESIAN_POINT ( 'NONE',  ( -0.1318897637795275746, 0.02755905511811023584, -0.07480314960629921850 ) ) ;
#560 = ORIENTED_EDGE ( 'NONE', *, *, #1196, .F. ) ;
#561 = ORIENTED_EDGE ( 'NONE', *, *, #1476, .F. ) ;
#562 = DIRECTION ( 'NONE',  ( 0.0000000000000000000, 1.000000000000000000, 0.0000000000000000000 ) ) ;
#563 = FACE_OUTER_BOUND ( 'NONE', #149, .T. ) ;
#564 =( GEOMETRIC_REPRESENTATION_CONTEXT ( 3 ) GLOBAL_UNCERTAINTY_ASSIGNED_CONTEXT ( ( #2493 ) ) GLOBAL_UNIT_ASSIGNED_CONTEXT ( ( #706, #2641, #379 ) ) REPRESENTATION_CONTEXT ( 'NONE', 'WORKASPACE' ) );
#565 = ORIENTED_EDGE ( 'NONE', *, *, #2967, .F. ) ;
#566 = DIRECTION ( 'NONE',  ( 0.0000000000000000000, 1.000000000000000000, 0.0000000000000000000 ) ) ;
#567 = FACE_BOUND ( 'NONE', #2632, .T. ) ;
#568 = VERTEX_POINT ( 'NONE', #2356 ) ;
#569 = ORIENTED_EDGE ( 'NONE', *, *, #651, .T. ) ;
#570 = LINE ( 'NONE', #1202, #1218 ) ;
#571 = FACE_OUTER_BOUND ( 'NONE', #3778, .T. ) ;
#572 = CARTESIAN_POINT ( 'NONE',  ( 8.919671568592926781E-18, 0.1299212598425196763, -0.07283464566929134798 ) ) ;
#573 = ORIENTED_EDGE ( 'NONE', *, *, #1715, .T. ) ;
#574 = EDGE_CURVE ( 'NONE', #2109, #4118, #2616, .T. ) ;
#575 = EDGE_CURVE ( 'NONE', #1638, #1995, #4144, .T. ) ;
#576 = CARTESIAN_POINT ( 'NONE',  ( 0.1532055652061933004, -0.06332986786467284523, 0.1023622047244094474 ) ) ;
#577 = LINE ( 'NONE', #1885, #1156 ) ;
#578 = CARTESIAN_POINT ( 'NONE',  ( -0.1476377952755905387, -0.06889763779527559306, 0.1023622047244094474 ) ) ;
#579 = ORIENTED_EDGE ( 'NONE', *, *, #2081, .F. ) ;
#580 = ORIENTED_EDGE ( 'NONE', *, *, #1640, .T. ) ;
#581 = EDGE_CURVE ( 'NONE', #1264, #3452, #392, .T. ) ;
#582 = CARTESIAN_POINT ( 'NONE',  ( -0.1240157480314960647, 0.02755905511811023584, 0.1023622047244094474 ) ) ;
#583 = CARTESIAN_POINT ( 'NONE',  ( -0.08858267716535432601, 0.1299212598425196763, -0.08858267716535432601 ) ) ;
#584 = DIRECTION ( 'NONE',  ( 0.0000000000000000000, 0.0000000000000000000, 1.000000000000000000 ) ) ;
#585 = ORIENTED_EDGE ( 'NONE', *, *, #2009, .T. ) ;
#586 = LINE ( 'NONE', #4143, #1552 ) ;
#587 = CARTESIAN_POINT ( 'NONE',  ( 0.1181102362204724532, 0.1377952755905511861, -0.1122047244094488277 ) ) ;
#588 = ORIENTED_EDGE ( 'NONE', *, *, #171, .T. ) ;
#589 = CYLINDRICAL_SURFACE ( 'NONE', #3610, 0.007874015748031466463 ) ;
#590 = DIRECTION ( 'NONE',  ( 0.0000000000000000000, 0.0000000000000000000, -1.000000000000000000 ) ) ;
#591 = CARTESIAN_POINT ( 'NONE',  ( -0.1240157480314960647, 0.02755905511811023584, 0.1023622047244094474 ) ) ;
#592 = LINE ( 'NONE', #3861, #2710 ) ;
#593 = LINE ( 'NONE', #2536, #750 ) ;
#594 = DIRECTION ( 'NONE',  ( 0.0000000000000000000, 0.0000000000000000000, 1.000000000000000000 ) ) ;
#595 = CARTESIAN_POINT ( 'NONE',  ( 0.1181102362204724532, 0.1299212598425196763, -0.1181102362204724532 ) ) ;
#596 = EDGE_CURVE ( 'NONE', #2479, #2797, #2315, .T. ) ;
#597 = EDGE_CURVE ( 'NONE', #833, #2022, #3002, .T. ) ;
#598 = VERTEX_POINT ( 'NONE', #2035 ) ;
#599 = ORIENTED_EDGE ( 'NONE', *, *, #519, .F. ) ;
#600 = FACE_BOUND ( 'NONE', #2484, .T. ) ;
#601 = CARTESIAN_POINT ( 'NONE',  ( -0.1240157480314960647, -0.09578120915254409451, 0.1023622047244094474 ) ) ;
#602 = DIRECTION ( 'NONE',  ( 0.0000000000000000000, 0.0000000000000000000, -1.000000000000000000 ) ) ;
#603 = ADVANCED_FACE ( 'NONE', ( #1626 ), #2681, .F. ) ;
#604 = AXIS2_PLACEMENT_3D ( 'NONE', #4003, #3984, #2974 ) ;
#605 = ORIENTED_EDGE ( 'NONE', *, *, #3204, .F. ) ;
#606 = AXIS2_PLACEMENT_3D ( 'NONE', #3454, #2197, #3501 ) ;
#607 = DIRECTION ( 'NONE',  ( 0.0000000000000000000, 0.0000000000000000000, 1.000000000000000000 ) ) ;
#608 = AXIS2_PLACEMENT_3D ( 'NONE', #2610, #2927, #1642 ) ;
#609 = CARTESIAN_POINT ( 'NONE',  ( -0.1532055652061933004, -0.06332986786467284523, -0.1023622047244094474 ) ) ;
#610 = VECTOR ( 'NONE', #3216, 39.37007874015748143 ) ;
#611 = VECTOR ( 'NONE', #2084, 39.37007874015748143 ) ;
#612 = EDGE_LOOP ( 'NONE', ( #3447, #3772, #3074, #3151 ) ) ;
#613 = ORIENTED_EDGE ( 'NONE', *, *, #2131, .F. ) ;
#614 = LINE ( 'NONE', #1862, #1762 ) ;
#615 = PLANE ( 'NONE',  #669 ) ;
#616 = CARTESIAN_POINT ( 'NONE',  ( -0.1122047244094488277, 0.1377952755905511861, -0.1122047244094488277 ) ) ;
#617 = AXIS2_PLACEMENT_3D ( 'NONE', #1731, #3060, #1122 ) ;
#618 = DIRECTION ( 'NONE',  ( 0.0000000000000000000, 1.000000000000000000, 0.0000000000000000000 ) ) ;
#619 = AXIS2_PLACEMENT_3D ( 'NONE', #1376, #3902, #348 ) ;
#620 = ORIENTED_EDGE ( 'NONE', *, *, #1194, .T. ) ;
#621 = DIRECTION ( 'NONE',  ( -3.519431053647356462E-16, 0.8660254037844389297, -0.4999999999999994449 ) ) ;
#622 = CARTESIAN_POINT ( 'NONE',  ( 0.1240157480314960647, -0.09578120915254409451, 0.1023622047244094474 ) ) ;
#623 = DIRECTION ( 'NONE',  ( 0.0000000000000000000, 0.0000000000000000000, 1.000000000000000000 ) ) ;
#624 = CIRCLE ( 'NONE', #4092, 0.02362204724409448092 ) ;
#625 = LINE ( 'NONE', #2981, #1510 ) ;
#626 = ORIENTED_EDGE ( 'NONE', *, *, #1433, .F. ) ;
#627 = LINE ( 'NONE', #2, #49 ) ;
#628 = CARTESIAN_POINT ( 'NONE',  ( 0.08858267716535432601, 0.1496062992125984370, 0.08858267716535432601 ) ) ;
#629 = FACE_OUTER_BOUND ( 'NONE', #2679, .T. ) ;
#630 = VERTEX_POINT ( 'NONE', #320 ) ;
#631 = EDGE_CURVE ( 'NONE', #430, #3506, #1647, .T. ) ;
#632 = EDGE_CURVE ( 'NONE', #344, #1144, #2286, .T. ) ;
#633 = DIRECTION ( 'NONE',  ( 1.000000000000000000, 0.0000000000000000000, 0.0000000000000000000 ) ) ;
#634 = CYLINDRICAL_SURFACE ( 'NONE', #195, 0.07283464566929134798 ) ;
#635 = ORIENTED_EDGE ( 'NONE', *, *, #2497, .F. ) ;
#636 = EDGE_LOOP ( 'NONE', ( #3423, #1708, #2491, #4236 ) ) ;
#637 = DIRECTION ( 'NONE',  ( 0.0000000000000000000, -1.000000000000000000, 0.0000000000000000000 ) ) ;
#638 = VECTOR ( 'NONE', #4244, 39.37007874015748854 ) ;
#639 = EDGE_CURVE ( 'NONE', #797, #2006, #2849, .T. ) ;
#640 = DIRECTION ( 'NONE',  ( 0.0000000000000000000, 1.000000000000000000, 0.0000000000000000000 ) ) ;
#641 = DIRECTION ( 'NONE',  ( 1.000000000000000000, 0.0000000000000000000, 0.0000000000000000000 ) ) ;
#642 = CARTESIAN_POINT ( 'NONE',  ( 0.1181102362204724532, 0.03543307086614173179, 0.07480314960629921850 ) ) ;
#643 = DIRECTION ( 'NONE',  ( 0.0000000000000000000, 0.0000000000000000000, -1.000000000000000000 ) ) ;
#644 = ORIENTED_EDGE ( 'NONE', *, *, #1714, .T. ) ;
#645 = CARTESIAN_POINT ( 'NONE',  ( -0.1532055652061933004, -0.07446540772587834089, -0.07480314960629921850 ) ) ;
#646 = DIRECTION ( 'NONE',  ( 0.0000000000000000000, 0.0000000000000000000, 1.000000000000000000 ) ) ;
#647 = DIRECTION ( 'NONE',  ( -0.0000000000000000000, 0.4999999999999995004, 0.8660254037844390407 ) ) ;
#648 = ORIENTED_EDGE ( 'NONE', *, *, #1323, .T. ) ;
#649 = CARTESIAN_POINT ( 'NONE',  ( 0.08858267716535432601, 0.1496062992125984370, -0.08858267716535432601 ) ) ;
#650 = EDGE_CURVE ( 'NONE', #1064, #2603, #1547, .T. ) ;
#651 = EDGE_CURVE ( 'NONE', #3977, #3376, #1352, .T. ) ;
#652 = ORIENTED_EDGE ( 'NONE', *, *, #840, .T. ) ;
#653 = DIRECTION ( 'NONE',  ( 0.0000000000000000000, -1.000000000000000000, 0.0000000000000000000 ) ) ;
#654 = CARTESIAN_POINT ( 'NONE',  ( -0.1318897637795275746, -0.1143824042423135789, -0.07014398974742774850 ) ) ;
#655 = DIRECTION ( 'NONE',  ( 0.0000000000000000000, -1.000000000000000000, 0.0000000000000000000 ) ) ;
#656 = EDGE_CURVE ( 'NONE', #3801, #1309, #2119, .T. ) ;
#657 = CARTESIAN_POINT ( 'NONE',  ( 0.1318897637795275746, -0.04201406643800709162, 0.1023622047244094474 ) ) ;
#658 = CARTESIAN_POINT ( 'NONE',  ( 0.1181102362204724532, 0.03543307086614173179, -0.07480314960629921850 ) ) ;
#659 = DIRECTION ( 'NONE',  ( 0.0000000000000000000, 1.000000000000000000, 0.0000000000000000000 ) ) ;
#660 = VERTEX_POINT ( 'NONE', #1730 ) ;
#661 = LINE ( 'NONE', #1954, #480 ) ;
#662 = FACE_OUTER_BOUND ( 'NONE', #702, .T. ) ;
#663 = ORIENTED_EDGE ( 'NONE', *, *, #2477, .F. ) ;
#664 = CARTESIAN_POINT ( 'NONE',  ( 0.1318897637795275746, -0.09578120915254409451, -0.1023622047244094474 ) ) ;
#665 = PLANE ( 'NONE',  #2777 ) ;
#666 = VECTOR ( 'NONE', #3318, 39.37007874015748143 ) ;
#667 = ORIENTED_EDGE ( 'NONE', *, *, #1681, .F. ) ;
#668 = VECTOR ( 'NONE', #927, 39.37007874015748143 ) ;
#669 = AXIS2_PLACEMENT_3D ( 'NONE', #2953, #2659, #14 ) ;
#670 = VERTEX_POINT ( 'NONE', #2719 ) ;
#671 = CARTESIAN_POINT ( 'NONE',  ( 0.1240157480314960647, -0.1024489833240242176, 0.1139111283628084642 ) ) ;
#672 = CARTESIAN_POINT ( 'NONE',  ( -0.1240157480314960647, -0.09578120915254409451, -0.1023622047244094474 ) ) ;
#673 = DIRECTION ( 'NONE',  ( 0.0000000000000000000, 0.0000000000000000000, 1.000000000000000000 ) ) ;
#674 = AXIS2_PLACEMENT_3D ( 'NONE', #432, #2770, #3110 ) ;
#675 = VECTOR ( 'NONE', #1961, 39.37007874015748854 ) ;
#676 = EDGE_LOOP ( 'NONE', ( #2741, #2312, #1686, #1853 ) ) ;
#677 = AXIS2_PLACEMENT_3D ( 'NONE', #3716, #2705, #2963 ) ;
#678 = VECTOR ( 'NONE', #3586, 39.37007874015748854 ) ;
#679 = CARTESIAN_POINT ( 'NONE',  ( 0.1263219938489248129, -0.09021343922194134668, -0.1023622047244094474 ) ) ;
#680 = DIRECTION ( 'NONE',  ( 0.0000000000000000000, 0.0000000000000000000, 1.000000000000000000 ) ) ;
#681 = EDGE_CURVE ( 'NONE', #4118, #3000, #3813, .T. ) ;
#682 = EDGE_CURVE ( 'NONE', #3833, #1034, #3707, .T. ) ;
#683 = LINE ( 'NONE', #1587, #2998 ) ;
#684 = DIRECTION ( 'NONE',  ( 0.0000000000000000000, 0.0000000000000000000, -1.000000000000000000 ) ) ;
#685 = APPLICATION_PROTOCOL_DEFINITION ( 'international standard', 'config_control_design', 1994, #2554 ) ;
#686 = ORIENTED_EDGE ( 'NONE', *, *, #2866, .F. ) ;
#687 = ORIENTED_EDGE ( 'NONE', *, *, #3362, .T. ) ;
#688 = CIRCLE ( 'NONE', #3068, 0.02362204724409448092 ) ;
#689 = ADVANCED_FACE ( 'NONE', ( #1473 ), #3037, .F. ) ;
#690 = CARTESIAN_POINT ( 'NONE',  ( -0.08858267716535432601, 0.1299212598425196763, -0.08858267716535432601 ) ) ;
#691 = DIRECTION ( 'NONE',  ( 0.0000000000000000000, 0.0000000000000000000, -1.000000000000000000 ) ) ;
#692 = VECTOR ( 'NONE', #194, 39.37007874015748143 ) ;
#693 = ORIENTED_EDGE ( 'NONE', *, *, #87, .F. ) ;
#694 = FACE_OUTER_BOUND ( 'NONE', #3372, .T. ) ;
#695 = DIRECTION ( 'NONE',  ( 0.7071067811865469066, -0.7071067811865479058, 0.0000000000000000000 ) ) ;
#696 = ORIENTED_EDGE ( 'NONE', *, *, #2714, .F. ) ;
#697 = ORIENTED_EDGE ( 'NONE', *, *, #4171, .F. ) ;
#698 = DIRECTION ( 'NONE',  ( -0.0000000000000000000, 0.4999999999999995004, 0.8660254037844390407 ) ) ;
#699 = CARTESIAN_POINT ( 'NONE',  ( 0.1318897637795275746, -0.1024489833240242176, -0.1139111283628084642 ) ) ;
#700 = CARTESIAN_POINT ( 'NONE',  ( 0.1476377952755905387, -0.06889763779527559306, -0.1023622047244094474 ) ) ;
#701 = AXIS2_PLACEMENT_3D ( 'NONE', #845, #3550, #2863 ) ;
#702 = EDGE_LOOP ( 'NONE', ( #893, #68, #2688, #709 ) ) ;
#703 = DIRECTION ( 'NONE',  ( 0.0000000000000000000, 1.000000000000000000, 0.0000000000000000000 ) ) ;
#704 = CYLINDRICAL_SURFACE ( 'NONE', #617, 0.02362204724409448092 ) ;
#705 = DIRECTION ( 'NONE',  ( 0.0000000000000000000, 0.0000000000000000000, -1.000000000000000000 ) ) ;
#706 =( CONVERSION_BASED_UNIT ( 'INCH', #2295 ) LENGTH_UNIT ( ) NAMED_UNIT ( #1255 ) );
#707 = ADVANCED_FACE ( 'NONE', ( #2461 ), #1749, .T. ) ;
#708 = EDGE_CURVE ( 'NONE', #630, #1188, #504, .T. ) ;
#709 = ORIENTED_EDGE ( 'NONE', *, *, #2551, .F. ) ;
#710 = CARTESIAN_POINT ( 'NONE',  ( 0.1122047244094488277, 0.1299212598425196763, 0.1181102362204724532 ) ) ;
#711 = CARTESIAN_POINT ( 'NONE',  ( 0.1122047244094488277, 0.1299212598425196763, -0.1181102362204724532 ) ) ;
#712 = LINE ( 'NONE', #2260, #4015 ) ;
#713 = ORIENTED_EDGE ( 'NONE', *, *, #2403, .F. ) ;
#714 = EDGE_CURVE ( 'NONE', #294, #3712, #2092, .T. ) ;
#715 = ORIENTED_EDGE ( 'NONE', *, *, #3211, .T. ) ;
#716 = CARTESIAN_POINT ( 'NONE',  ( -0.1532055652061933004, -0.07446540772587834089, -0.07480314960629921850 ) ) ;
#717 = LINE ( 'NONE', #3017, #3133 ) ;
#718 = ORIENTED_EDGE ( 'NONE', *, *, #3306, .F. ) ;
#719 = VERTEX_POINT ( 'NONE', #4027 ) ;
#720 = LINE ( 'NONE', #671, #53 ) ;
#721 = CARTESIAN_POINT ( 'NONE',  ( -0.08858267716535432601, 0.1377952755905511861, 0.06496062992125983815 ) ) ;
#722 = DIRECTION ( 'NONE',  ( 4.063888932435259910E-16, -1.000000000000000000, 0.0000000000000000000 ) ) ;
#723 = ORIENTED_EDGE ( 'NONE', *, *, #3044, .F. ) ;
#724 = CARTESIAN_POINT ( 'NONE',  ( -0.1122047244094488277, 0.1377952755905511861, 0.1181102362204724532 ) ) ;
#725 = SECURITY_CLASSIFICATION_LEVEL ( 'unclassified' ) ;
#726 = ORIENTED_EDGE ( 'NONE', *, *, #3549, .T. ) ;
#727 = DIRECTION ( 'NONE',  ( 0.0000000000000000000, 0.0000000000000000000, 1.000000000000000000 ) ) ;
#728 = CARTESIAN_POINT ( 'NONE',  ( -0.08858267716535432601, 0.1496062992125984370, 0.08858267716535432601 ) ) ;
#729 = LINE ( 'NONE', #338, #1348 ) ;
#730 = ADVANCED_FACE ( 'NONE', ( #523 ), #3101, .T. ) ;
#731 = ORIENTED_EDGE ( 'NONE', *, *, #2454, .T. ) ;
#732 = DIRECTION ( 'NONE',  ( 0.0000000000000000000, 0.0000000000000000000, 1.000000000000000000 ) ) ;
#733 = FACE_OUTER_BOUND ( 'NONE', #264, .T. ) ;
#734 = ADVANCED_FACE ( 'NONE', ( #192 ), #1500, .T. ) ;
#735 = CARTESIAN_POINT ( 'NONE',  ( -0.1318897637795275746, 0.02755905511811023584, 0.1023622047244094474 ) ) ;
#736 = EDGE_CURVE ( 'NONE', #1144, #2739, #884, .T. ) ;
#737 = ORIENTED_EDGE ( 'NONE', *, *, #1565, .T. ) ;
#738 = ORIENTED_EDGE ( 'NONE', *, *, #146, .F. ) ;
#739 = PLANE ( 'NONE',  #2997 ) ;
#740 = CARTESIAN_POINT ( 'NONE',  ( 0.1318897637795275746, -0.09578120915254409451, 0.07480314960629921850 ) ) ;
#741 = LINE ( 'NONE', #154, #1227 ) ;
#742 = VECTOR ( 'NONE', #4208, 39.37007874015748143 ) ;
#743 = AXIS2_PLACEMENT_3D ( 'NONE', #2686, #1333, #3346 ) ;
#744 = VERTEX_POINT ( 'NONE', #3359 ) ;
#745 = ORIENTED_EDGE ( 'NONE', *, *, #1846, .T. ) ;
#746 = CARTESIAN_POINT ( 'NONE',  ( -0.1318897637795275746, -0.04201406643800709162, 0.1023622047244094474 ) ) ;
#747 = VECTOR ( 'NONE', #1198, 39.37007874015748854 ) ;
#748 = COORDINATED_UNIVERSAL_TIME_OFFSET ( 0, 0, .AHEAD. ) ;
#749 = AXIS2_PLACEMENT_3D ( 'NONE', #2364, #3674, #3351 ) ;
#750 = VECTOR ( 'NONE', #2827, 39.37007874015748143 ) ;
#751 = ORIENTED_EDGE ( 'NONE', *, *, #2138, .T. ) ;
#752 = DIRECTION ( 'NONE',  ( 0.0000000000000000000, 1.000000000000000000, 0.0000000000000000000 ) ) ;
#753 = CARTESIAN_POINT ( 'NONE',  ( -0.1555118110236220763, -0.1377952755905511861, 0.09350393700787401619 ) ) ;
#754 = AXIS2_PLACEMENT_3D ( 'NONE', #628, #4186, #646 ) ;
#755 = AXIS2_PLACEMENT_3D ( 'NONE', #3853, #1900, #3207 ) ;
#756 = ORIENTED_EDGE ( 'NONE', *, *, #3971, .T. ) ;
#757 = CARTESIAN_POINT ( 'NONE',  ( -0.08858267716535432601, 0.1299212598425196763, 0.08858267716535432601 ) ) ;
#758 = CARTESIAN_POINT ( 'NONE',  ( 0.08858267716535432601, 0.1299212598425196763, 0.06496062992125983815 ) ) ;
#759 = DIRECTION ( 'NONE',  ( 0.0000000000000000000, 1.000000000000000000, -2.454115839351809943E-16 ) ) ;
#760 = DIRECTION ( 'NONE',  ( 0.0000000000000000000, -1.000000000000000000, 0.0000000000000000000 ) ) ;
#761 = AXIS2_PLACEMENT_3D ( 'NONE', #746, #3366, #3668 ) ;
#762 = ADVANCED_FACE ( 'NONE', ( #802 ), #3081, .F. ) ;
#763 = EDGE_LOOP ( 'NONE', ( #1089, #291 ) ) ;
#764 = CARTESIAN_POINT ( 'NONE',  ( 0.1476377952755905387, -0.06889763779527559306, -0.07480314960629921850 ) ) ;
#765 = ADVANCED_FACE ( 'NONE', ( #3377 ), #459, .T. ) ;
#766 = MANIFOLD_SOLID_BREP ( 'Imported3', #1602 ) ;
#767 = ORIENTED_EDGE ( 'NONE', *, *, #860, .T. ) ;
#768 = ORIENTED_EDGE ( 'NONE', *, *, #3766, .T. ) ;
#769 = DIRECTION ( 'NONE',  ( 0.0000000000000000000, 0.0000000000000000000, -1.000000000000000000 ) ) ;
#770 = CARTESIAN_POINT ( 'NONE',  ( 0.08858267716535432601, 0.1377952755905511861, 0.08858267716535432601 ) ) ;
#771 = ADVANCED_FACE ( 'NONE', ( #3724 ), #3401, .T. ) ;
#772 = CARTESIAN_POINT ( 'NONE',  ( -0.1240157480314960647, 0.02755905511811023584, -0.1023622047244094474 ) ) ;
#773 = CARTESIAN_POINT ( 'NONE',  ( -0.08858267716535432601, 0.1496062992125984370, 0.1122047244094488139 ) ) ;
#774 = VECTOR ( 'NONE', #877, 39.37007874015748143 ) ;
#775 = ORIENTED_EDGE ( 'NONE', *, *, #299, .F. ) ;
#776 = CARTESIAN_POINT ( 'NONE',  ( 0.1181102362204724532, 0.02755905511811023584, 0.07480314960629921850 ) ) ;
#777 = CARTESIAN_POINT ( 'NONE',  ( -0.08858267716535432601, 0.1496062992125984370, -0.08858267716535432601 ) ) ;
#778 = CARTESIAN_POINT ( 'NONE',  ( 0.08858267716535432601, 0.1496062992125984370, -0.08858267716535432601 ) ) ;
#779 = ORIENTED_EDGE ( 'NONE', *, *, #1822, .T. ) ;
#780 = CARTESIAN_POINT ( 'NONE',  ( 0.1181102362204724532, 0.1299212598425196763, -0.1181102362204724532 ) ) ;
#781 = FACE_OUTER_BOUND ( 'NONE', #1471, .T. ) ;
#782 = EDGE_LOOP ( 'NONE', ( #1808, #3505, #2657, #2144, #3139, #134, #1898, #731 ) ) ;
#783 = ORIENTED_EDGE ( 'NONE', *, *, #3205, .F. ) ;
#784 = ORIENTED_EDGE ( 'NONE', *, *, #3807, .T. ) ;
#785 = CARTESIAN_POINT ( 'NONE',  ( 0.1555118110236220763, -0.1054045616694795212, 0.1122047244094488277 ) ) ;
#786 = CARTESIAN_POINT ( 'NONE',  ( 0.1122047244094488277, 0.1299212598425196763, -0.1122047244094488277 ) ) ;
#787 = FACE_BOUND ( 'NONE', #1340, .T. ) ;
#788 = EDGE_CURVE ( 'NONE', #2739, #368, #2436, .T. ) ;
#789 = EDGE_CURVE ( 'NONE', #3808, #4117, #1535, .T. ) ;
#790 = ORIENTED_EDGE ( 'NONE', *, *, #2662, .T. ) ;
#791 = LINE ( 'NONE', #490, #339 ) ;
#792 = ADVANCED_FACE ( 'NONE', ( #2218 ), #2179, .T. ) ;
#793 = ORIENTED_EDGE ( 'NONE', *, *, #632, .T. ) ;
#794 = CARTESIAN_POINT ( 'NONE',  ( -0.1318897637795275746, -0.1377952755905511861, 0.09350393700787401619 ) ) ;
#795 = PLANE ( 'NONE',  #677 ) ;
#796 = DIRECTION ( 'NONE',  ( 0.0000000000000000000, 0.0000000000000000000, 1.000000000000000000 ) ) ;
#797 = VERTEX_POINT ( 'NONE', #1877 ) ;
#798 = CARTESIAN_POINT ( 'NONE',  ( 0.1555118110236220763, -0.1054045616694795212, -0.1122047244094488277 ) ) ;
#799 = VERTEX_POINT ( 'NONE', #1838 ) ;
#800 = ORIENTED_EDGE ( 'NONE', *, *, #3631, .T. ) ;
#801 = ORIENTED_EDGE ( 'NONE', *, *, #915, .T. ) ;
#802 = FACE_OUTER_BOUND ( 'NONE', #3271, .T. ) ;
#803 = LINE ( 'NONE', #4046, #3118 ) ;
#804 = DIRECTION ( 'NONE',  ( 0.0000000000000000000, 0.0000000000000000000, 1.000000000000000000 ) ) ;
#805 = ORIENTED_EDGE ( 'NONE', *, *, #10, .F. ) ;
#806 = VECTOR ( 'NONE', #1271, 39.37007874015748143 ) ;
#807 = ORIENTED_EDGE ( 'NONE', *, *, #3921, .T. ) ;
#808 = CARTESIAN_POINT ( 'NONE',  ( 0.08858267716535432601, 0.1299212598425196763, -0.08858267716535432601 ) ) ;
#809 = CARTESIAN_POINT ( 'NONE',  ( 0.1318897637795275746, 0.02755905511811023584, -0.07480314960629921850 ) ) ;
#810 = VECTOR ( 'NONE', #463, 39.37007874015748143 ) ;
#811 = ORIENTED_EDGE ( 'NONE', *, *, #2138, .F. ) ;
#812 = EDGE_CURVE ( 'NONE', #3613, #4191, #2545, .T. ) ;
#813 = EDGE_CURVE ( 'NONE', #318, #155, #2499, .T. ) ;
#814 = AXIS2_PLACEMENT_3D ( 'NONE', #1213, #1892, #3548 ) ;
#815 = VECTOR ( 'NONE', #213, 39.37007874015748143 ) ;
#816 = DIRECTION ( 'NONE',  ( 0.0000000000000000000, 0.0000000000000000000, -1.000000000000000000 ) ) ;
#817 = DIRECTION ( 'NONE',  ( 1.000000000000000000, 0.0000000000000000000, 0.0000000000000000000 ) ) ;
#818 = CARTESIAN_POINT ( 'NONE',  ( 0.1240157480314960647, -0.1377952755905511861, 0.1023622047244094474 ) ) ;
#819 = AXIS2_PLACEMENT_3D ( 'NONE', #1652, #3257, #4201 ) ;
#820 = VERTEX_POINT ( 'NONE', #3221 ) ;
#821 = VECTOR ( 'NONE', #3171, 39.37007874015748143 ) ;
#822 = EDGE_CURVE ( 'NONE', #2739, #744, #3484, .T. ) ;
#823 = VECTOR ( 'NONE', #1032, 39.37007874015748143 ) ;
#824 = VECTOR ( 'NONE', #3999, 39.37007874015748143 ) ;
#825 = CARTESIAN_POINT ( 'NONE',  ( -0.1240157480314960647, 0.02755905511811023584, 0.07480314960629921850 ) ) ;
#826 = VECTOR ( 'NONE', #3103, 39.37007874015748854 ) ;
#827 = ORIENTED_EDGE ( 'NONE', *, *, #2631, .T. ) ;
#828 = DIRECTION ( 'NONE',  ( 0.0000000000000000000, -1.000000000000000000, 0.0000000000000000000 ) ) ;
#829 = CIRCLE ( 'NONE', #3202, 0.02362204724409448092 ) ;
#830 = LINE ( 'NONE', #3663, #1430 ) ;
#831 = ORIENTED_EDGE ( 'NONE', *, *, #1196, .T. ) ;
#832 = FACE_OUTER_BOUND ( 'NONE', #4168, .T. ) ;
#833 = VERTEX_POINT ( 'NONE', #544 ) ;
#834 = LINE ( 'NONE', #2422, #2093 ) ;
#835 = DIRECTION ( 'NONE',  ( 0.0000000000000000000, 1.000000000000000000, 0.0000000000000000000 ) ) ;
#836 = ORIENTED_EDGE ( 'NONE', *, *, #2105, .F. ) ;
#837 = CARTESIAN_POINT ( 'NONE',  ( 0.1318897637795275746, -0.1143824042423135789, -0.07014398974742774850 ) ) ;
#838 = LINE ( 'NONE', #1806, #954 ) ;
#839 = EDGE_CURVE ( 'NONE', #2947, #3866, #888, .T. ) ;
#840 = EDGE_CURVE ( 'NONE', #4089, #1485, #951, .T. ) ;
#841 = EDGE_LOOP ( 'NONE', ( #3260, #3479, #1802, #196, #911, #3058 ) ) ;
#842 = AXIS2_PLACEMENT_3D ( 'NONE', #3478, #1886, #2560 ) ;
#843 = DIRECTION ( 'NONE',  ( 0.0000000000000000000, 1.000000000000000000, 0.0000000000000000000 ) ) ;
#844 = CARTESIAN_POINT ( 'NONE',  ( 0.08858267716535432601, 0.1299212598425196763, -0.08858267716535432601 ) ) ;
#845 = CARTESIAN_POINT ( 'NONE',  ( 0.08858267716535432601, 0.1496062992125984370, -0.08858267716535432601 ) ) ;
#846 = EDGE_CURVE ( 'NONE', #101, #3147, #3125, .T. ) ;
#847 = EDGE_LOOP ( 'NONE', ( #1464, #1597, #3780, #996 ) ) ;
#848 = CYLINDRICAL_SURFACE ( 'NONE', #4087, 0.02362204724409448092 ) ;
#849 = CARTESIAN_POINT ( 'NONE',  ( 0.1532055652061933004, -0.07446540772587834089, -0.1023622047244094474 ) ) ;
#850 = VERTEX_POINT ( 'NONE', #2868 ) ;
#851 = ORIENTED_EDGE ( 'NONE', *, *, #1945, .T. ) ;
#852 = LINE ( 'NONE', #1463, #1344 ) ;
#853 = ORIENTED_EDGE ( 'NONE', *, *, #4115, .F. ) ;
#854 = DIRECTION ( 'NONE',  ( 0.0000000000000000000, 1.000000000000000000, 0.0000000000000000000 ) ) ;
#855 = DIRECTION ( 'NONE',  ( 1.000000000000000000, 0.0000000000000000000, 0.0000000000000000000 ) ) ;
#856 = CARTESIAN_POINT ( 'NONE',  ( 0.1318897637795275746, -0.04201406643800709162, 0.1023622047244094474 ) ) ;
#857 = DIRECTION ( 'NONE',  ( -1.000000000000000000, 0.0000000000000000000, 0.0000000000000000000 ) ) ;
#858 = ORIENTED_EDGE ( 'NONE', *, *, #3521, .T. ) ;
#859 = PRODUCT_DEFINITION_SHAPE ( 'NONE', 'NONE',  #3868 ) ;
#860 = EDGE_CURVE ( 'NONE', #2460, #3676, #586, .T. ) ;
#861 = DIRECTION ( 'NONE',  ( 0.0000000000000000000, 0.0000000000000000000, 1.000000000000000000 ) ) ;
#862 = LINE ( 'NONE', #3453, #1099 ) ;
#863 = DIRECTION ( 'NONE',  ( -0.7071067811865469066, 0.7071067811865479058, 0.0000000000000000000 ) ) ;
#864 = VERTEX_POINT ( 'NONE', #3459 ) ;
#865 = ORIENTED_EDGE ( 'NONE', *, *, #2080, .F. ) ;
#866 = EDGE_CURVE ( 'NONE', #1818, #3308, #1858, .T. ) ;
#867 = ADVANCED_FACE ( 'NONE', ( #3162 ), #1577, .F. ) ;
#868 = LINE ( 'NONE', #3503, #2167 ) ;
#869 = VERTEX_POINT ( 'NONE', #2839 ) ;
#870 = ORIENTED_EDGE ( 'NONE', *, *, #2793, .F. ) ;
#871 = CARTESIAN_POINT ( 'NONE',  ( 7.926624551515983871E-18, 0.1968503937007874127, -0.06275849662926456796 ) ) ;
#872 = DIRECTION ( 'NONE',  ( -0.7071067811865479058, -0.7071067811865469066, 0.0000000000000000000 ) ) ;
#873 = CLOSED_SHELL ( 'NONE', ( #2835, #2449, #271, #3179, #2735, #3489, #1383, #2151, #554, #71, #707, #175, #3130, #1739, #3597, #4172, #3679, #974, #3361, #2995, #2062 ) ) ;
#874 = VERTEX_POINT ( 'NONE', #929 ) ;
#875 = DIRECTION ( 'NONE',  ( 0.0000000000000000000, -1.000000000000000000, 0.0000000000000000000 ) ) ;
#876 = DIRECTION ( 'NONE',  ( 3.519431053647356462E-16, -0.8660254037844389297, 0.4999999999999994449 ) ) ;
#877 = DIRECTION ( 'NONE',  ( 0.0000000000000000000, 0.0000000000000000000, 1.000000000000000000 ) ) ;
#878 = ORIENTED_EDGE ( 'NONE', *, *, #2003, .T. ) ;
#879 = CIRCLE ( 'NONE', #3322, 0.007874015748031499423 ) ;
#880 = ORIENTED_EDGE ( 'NONE', *, *, #2213, .F. ) ;
#881 = DIRECTION ( 'NONE',  ( 0.0000000000000000000, 0.0000000000000000000, 1.000000000000000000 ) ) ;
#882 = DIRECTION ( 'NONE',  ( 0.0000000000000000000, -1.000000000000000000, 0.0000000000000000000 ) ) ;
#883 = CARTESIAN_POINT ( 'NONE',  ( -0.1476377952755905387, -0.06889763779527559306, 0.1023622047244094474 ) ) ;
#884 = CIRCLE ( 'NONE', #1152, 0.007874015748031499423 ) ;
#885 = AXIS2_PLACEMENT_3D ( 'NONE', #2538, #1190, #594 ) ;
#886 = VECTOR ( 'NONE', #3433, 39.37007874015748143 ) ;
#887 = ORIENTED_EDGE ( 'NONE', *, *, #2396, .F. ) ;
#888 = LINE ( 'NONE', #3206, #2103 ) ;
#889 = DIRECTION ( 'NONE',  ( 0.7071067811865469066, -0.7071067811865479058, 0.0000000000000000000 ) ) ;
#890 = CIRCLE ( 'NONE', #2242, 0.02362204724409448092 ) ;
#891 = EDGE_CURVE ( 'NONE', #3019, #3545, #868, .T. ) ;
#892 = ADVANCED_FACE ( 'NONE', ( #1899 ), #2523, .T. ) ;
#893 = ORIENTED_EDGE ( 'NONE', *, *, #2707, .T. ) ;
#894 = EDGE_LOOP ( 'NONE', ( #4034, #2626, #2098, #1055, #278, #2130, #811, #1305, #1581, #2792, #1014, #3220, #3018, #2082, #3576, #1120, #726 ) ) ;
#895 = DIRECTION ( 'NONE',  ( 0.0000000000000000000, 1.000000000000000000, 0.0000000000000000000 ) ) ;
#896 = AXIS2_PLACEMENT_3D ( 'NONE', #3693, #1800, #2378 ) ;
#897 = DIRECTION ( 'NONE',  ( 1.000000000000000000, 0.0000000000000000000, -1.445602896647339903E-16 ) ) ;
#898 = CARTESIAN_POINT ( 'NONE',  ( 0.1318897637795275746, -0.1224523058384645591, -0.07480314960629921850 ) ) ;
#899 = EDGE_CURVE ( 'NONE', #3498, #4188, #2884, .T. ) ;
#900 = ORIENTED_EDGE ( 'NONE', *, *, #1816, .F. ) ;
#901 = LINE ( 'NONE', #4182, #1023 ) ;
#902 = LINE ( 'NONE', #206, #2722 ) ;
#903 = CARTESIAN_POINT ( 'NONE',  ( -0.08858267716535432601, 0.1299212598425196763, -0.1122047244094488139 ) ) ;
#904 = ORIENTED_EDGE ( 'NONE', *, *, #520, .F. ) ;
#905 = ORIENTED_EDGE ( 'NONE', *, *, #1018, .T. ) ;
#906 = DIRECTION ( 'NONE',  ( 0.0000000000000000000, 0.0000000000000000000, 1.000000000000000000 ) ) ;
#907 = DIRECTION ( 'NONE',  ( -1.000000000000000000, 0.0000000000000000000, 0.0000000000000000000 ) ) ;
#908 = ORIENTED_EDGE ( 'NONE', *, *, #2896, .T. ) ;
#909 = CARTESIAN_POINT ( 'NONE',  ( -0.1122047244094488277, 0.1299212598425196763, -0.1122047244094488277 ) ) ;
#910 = FACE_BOUND ( 'NONE', #2172, .T. ) ;
#911 = ORIENTED_EDGE ( 'NONE', *, *, #2551, .T. ) ;
#912 = ORIENTED_EDGE ( 'NONE', *, *, #3437, .F. ) ;
#913 = CARTESIAN_POINT ( 'NONE',  ( -0.1181102362204724532, 0.03543307086614173179, -0.1023622047244094474 ) ) ;
#914 = CARTESIAN_POINT ( 'NONE',  ( 0.1555118110236220208, -0.06889763779527559306, 0.1023622047244094474 ) ) ;
#915 = EDGE_CURVE ( 'NONE', #3914, #3837, #4189, .T. ) ;
#916 = EDGE_CURVE ( 'NONE', #4026, #229, #3398, .T. ) ;
#917 = CARTESIAN_POINT ( 'NONE',  ( 0.1318897637795275746, -0.09578120915254409451, 0.07480314960629921850 ) ) ;
#918 = VERTEX_POINT ( 'NONE', #1283 ) ;
#919 = CARTESIAN_POINT ( 'NONE',  ( 0.1240157480314960647, -0.1024489833240242176, -0.1139111283628084642 ) ) ;
#920 = EDGE_CURVE ( 'NONE', #12, #83, #3951, .T. ) ;
#921 = CARTESIAN_POINT ( 'NONE',  ( 0.1122047244094488277, 0.1299212598425196763, -0.1122047244094488277 ) ) ;
#922 = DIRECTION ( 'NONE',  ( 0.0000000000000000000, -1.000000000000000000, 0.0000000000000000000 ) ) ;
#923 = CARTESIAN_POINT ( 'NONE',  ( 0.1181102362204724532, 0.02755905511811023584, -0.1023622047244094474 ) ) ;
#924 = VERTEX_POINT ( 'NONE', #4234 ) ;
#925 = VERTEX_POINT ( 'NONE', #716 ) ;
#926 = CARTESIAN_POINT ( 'NONE',  ( 0.08858267716535432601, 0.1377952755905511861, -0.08858267716535432601 ) ) ;
#927 = DIRECTION ( 'NONE',  ( 0.0000000000000000000, 0.0000000000000000000, -1.000000000000000000 ) ) ;
#928 = ORIENTED_EDGE ( 'NONE', *, *, #3098, .T. ) ;
#929 = CARTESIAN_POINT ( 'NONE',  ( -0.1318897637795275746, -0.04201406643800709162, -0.1023622047244094474 ) ) ;
#930 = FACE_OUTER_BOUND ( 'NONE', #4163, .T. ) ;
#931 = ORIENTED_EDGE ( 'NONE', *, *, #3806, .T. ) ;
#932 = ORIENTED_EDGE ( 'NONE', *, *, #1275, .T. ) ;
#933 = LINE ( 'NONE', #3486, #126 ) ;
#934 = PLANE ( 'NONE',  #3120 ) ;
#935 = DIRECTION ( 'NONE',  ( 0.0000000000000000000, -1.000000000000000000, 0.0000000000000000000 ) ) ;
#936 = AXIS2_PLACEMENT_3D ( 'NONE', #3741, #3033, #163 ) ;
#937 = EDGE_LOOP ( 'NONE', ( #560, #3483, #4149, #4057 ) ) ;
#938 = DIRECTION ( 'NONE',  ( 0.0000000000000000000, 0.0000000000000000000, -1.000000000000000000 ) ) ;
#939 = DIRECTION ( 'NONE',  ( 0.0000000000000000000, -1.000000000000000000, 0.0000000000000000000 ) ) ;
#940 = ADVANCED_FACE ( 'NONE', ( #1057 ), #312, .T. ) ;
#941 = ADVANCED_FACE ( 'NONE', ( #3590 ), #3917, .T. ) ;
#942 = ORIENTED_EDGE ( 'NONE', *, *, #553, .F. ) ;
#943 = CARTESIAN_POINT ( 'NONE',  ( 0.1240157480314960647, -0.04201406643800709162, -0.1023622047244094474 ) ) ;
#944 = LINE ( 'NONE', #3569, #1159 ) ;
#945 = LINE ( 'NONE', #2900, #1085 ) ;
#946 = AXIS2_PLACEMENT_3D ( 'NONE', #735, #28, #2676 ) ;
#947 = VECTOR ( 'NONE', #444, 39.37007874015748143 ) ;
#948 = EDGE_CURVE ( 'NONE', #389, #3176, #2948, .T. ) ;
#949 = VERTEX_POINT ( 'NONE', #993 ) ;
#950 = VECTOR ( 'NONE', #2393, 39.37007874015748143 ) ;
#951 = LINE ( 'NONE', #1241, #2783 ) ;
#952 = AXIS2_PLACEMENT_3D ( 'NONE', #130, #2743, #1121 ) ;
#953 = CARTESIAN_POINT ( 'NONE',  ( 0.0000000000000000000, 0.1299212598425196763, 0.0000000000000000000 ) ) ;
#954 = VECTOR ( 'NONE', #2128, 39.37007874015748143 ) ;
#955 = AXIS2_PLACEMENT_3D ( 'NONE', #4165, #4119, #1237 ) ;
#956 = ORIENTED_EDGE ( 'NONE', *, *, #1656, .F. ) ;
#957 = LINE ( 'NONE', #913, #3062 ) ;
#958 = DIRECTION ( 'NONE',  ( 0.0000000000000000000, -1.000000000000000000, 0.0000000000000000000 ) ) ;
#959 = VECTOR ( 'NONE', #1906, 39.37007874015748854 ) ;
#960 = DIRECTION ( 'NONE',  ( -1.000000000000000000, 0.0000000000000000000, 0.0000000000000000000 ) ) ;
#961 = CIRCLE ( 'NONE', #3527, 0.06275849662926456796 ) ;
#962 = VECTOR ( 'NONE', #655, 39.37007874015748143 ) ;
#963 = CARTESIAN_POINT ( 'NONE',  ( 0.1555118110236220763, -0.1377952755905511861, -0.09350393700787401619 ) ) ;
#964 = DIRECTION ( 'NONE',  ( 0.0000000000000000000, -1.000000000000000000, 0.0000000000000000000 ) ) ;
#965 = DIRECTION ( 'NONE',  ( 0.0000000000000000000, -1.000000000000000000, 0.0000000000000000000 ) ) ;
#966 = LINE ( 'NONE', #3280, #2238 ) ;
#967 = VECTOR ( 'NONE', #4006, 39.37007874015748143 ) ;
#968 = MECHANICAL_CONTEXT ( 'NONE', #434, 'mechanical' ) ;
#969 = ORIENTED_EDGE ( 'NONE', *, *, #2471, .T. ) ;
#970 = DIRECTION ( 'NONE',  ( 0.7071067811865470176, 0.7071067811865480168, 0.0000000000000000000 ) ) ;
#971 = LINE ( 'NONE', #2563, #4086 ) ;
#972 = ADVANCED_FACE ( 'NONE', ( #1391 ), #1940, .F. ) ;
#973 = PLANE ( 'NONE',  #606 ) ;
#974 = ADVANCED_FACE ( 'NONE', ( #3268 ), #2279, .T. ) ;
#975 = ORIENTED_EDGE ( 'NONE', *, *, #4100, .T. ) ;
#976 = LINE ( 'NONE', #3959, #1825 ) ;
#977 = CARTESIAN_POINT ( 'NONE',  ( -0.1476377952755905387, -0.06889763779527559306, -0.1023622047244094474 ) ) ;
#978 = EDGE_CURVE ( 'NONE', #744, #797, #3289, .T. ) ;
#979 = CIRCLE ( 'NONE', #3425, 0.007874015748031499423 ) ;
#980 = ORIENTED_EDGE ( 'NONE', *, *, #2448, .T. ) ;
#981 = ORIENTED_EDGE ( 'NONE', *, *, #3334, .T. ) ;
#982 = DIRECTION ( 'NONE',  ( 0.0000000000000000000, 1.000000000000000000, 0.0000000000000000000 ) ) ;
#983 = CARTESIAN_POINT ( 'NONE',  ( -0.1181102362204724532, 0.1377952755905511861, -0.1122047244094488277 ) ) ;
#984 = LINE ( 'NONE', #2270, #1222 ) ;
#985 = DIRECTION ( 'NONE',  ( 0.0000000000000000000, 0.0000000000000000000, -1.000000000000000000 ) ) ;
#986 = CARTESIAN_POINT ( 'NONE',  ( -0.1476377952755905387, -0.06889763779527559306, -0.07480314960629921850 ) ) ;
#987 = DIRECTION ( 'NONE',  ( 0.7071067811865469066, -0.7071067811865479058, 0.0000000000000000000 ) ) ;
#988 = CARTESIAN_POINT ( 'NONE',  ( -0.1263219938489248129, -0.04758183636860983945, -0.1023622047244094474 ) ) ;
#989 = COORDINATED_UNIVERSAL_TIME_OFFSET ( 0, 0, .AHEAD. ) ;
#990 = ORIENTED_EDGE ( 'NONE', *, *, #3311, .F. ) ;
#991 = CARTESIAN_POINT ( 'NONE',  ( 0.1476377952755905387, -0.06889763779527559306, 0.1023622047244094474 ) ) ;
#992 = ORIENTED_EDGE ( 'NONE', *, *, #2552, .F. ) ;
#993 = CARTESIAN_POINT ( 'NONE',  ( -0.08858267716535432601, 0.1377952755905511861, -0.06496062992125983815 ) ) ;
#994 = CARTESIAN_POINT ( 'NONE',  ( 0.1240157480314960647, -0.09578120915254409451, 0.1023622047244094474 ) ) ;
#995 = EDGE_CURVE ( 'NONE', #2406, #3801, #341, .T. ) ;
#996 = ORIENTED_EDGE ( 'NONE', *, *, #3416, .T. ) ;
#997 = EDGE_CURVE ( 'NONE', #1378, #1561, #365, .T. ) ;
#998 = VERTEX_POINT ( 'NONE', #412 ) ;
#999 = CARTESIAN_POINT ( 'NONE',  ( -0.1318897637795275746, -0.09578120915254409451, 0.07480314960629921850 ) ) ;
#1000 = CARTESIAN_POINT ( 'NONE',  ( 0.1555118110236219930, -0.06889763779527559306, 0.1023622047244094474 ) ) ;
#1001 = DIRECTION ( 'NONE',  ( 0.0000000000000000000, -1.000000000000000000, 0.0000000000000000000 ) ) ;
#1002 = DIRECTION ( 'NONE',  ( 0.0000000000000000000, 0.0000000000000000000, -1.000000000000000000 ) ) ;
#1003 = DIRECTION ( 'NONE',  ( -1.000000000000000000, 0.0000000000000000000, 0.0000000000000000000 ) ) ;
#1004 = VERTEX_POINT ( 'NONE', #1660 ) ;
#1005 = DIRECTION ( 'NONE',  ( 1.000000000000000000, 0.0000000000000000000, 0.0000000000000000000 ) ) ;
#1006 = DIRECTION ( 'NONE',  ( 0.0000000000000000000, 0.0000000000000000000, -1.000000000000000000 ) ) ;
#1007 = DIRECTION ( 'NONE',  ( 4.063888932435259910E-16, -1.000000000000000000, 0.0000000000000000000 ) ) ;
#1008 = EDGE_LOOP ( 'NONE', ( #4031, #1623, #1438, #2338 ) ) ;
#1009 = DIRECTION ( 'NONE',  ( 0.0000000000000000000, 0.0000000000000000000, -1.000000000000000000 ) ) ;
#1010 = CARTESIAN_POINT ( 'NONE',  ( -0.1555118110236219930, -0.06889763779527559306, 0.1023622047244094474 ) ) ;
#1011 = ORIENTED_EDGE ( 'NONE', *, *, #2629, .T. ) ;
#1012 = VECTOR ( 'NONE', #1117, 39.37007874015748143 ) ;
#1013 = AXIS2_PLACEMENT_3D ( 'NONE', #3595, #769, #3246 ) ;
#1014 = ORIENTED_EDGE ( 'NONE', *, *, #1481, .T. ) ;
#1015 = FACE_OUTER_BOUND ( 'NONE', #3522, .T. ) ;
#1016 = CARTESIAN_POINT ( 'NONE',  ( 0.1318897637795275746, -0.04201406643800709162, -0.1023622047244094474 ) ) ;
#1017 = DIRECTION ( 'NONE',  ( 0.0000000000000000000, 0.0000000000000000000, 1.000000000000000000 ) ) ;
#1018 = EDGE_CURVE ( 'NONE', #3376, #1513, #80, .T. ) ;
#1019 = EDGE_CURVE ( 'NONE', #2149, #511, #976, .T. ) ;
#1020 = CIRCLE ( 'NONE', #3397, 0.007874015748031499423 ) ;
#1021 = AXIS2_PLACEMENT_3D ( 'NONE', #292, #1595, #4207 ) ;
#1022 = PRODUCT ( 'CUI_DEVICES_TS02-66-50-BK-260-LCR-D', 'CUI_DEVICES_TS02-66-50-BK-260-LCR-D', '', ( #968 ) ) ;
#1023 = VECTOR ( 'NONE', #4112, 39.37007874015748143 ) ;
#1024 = PLANE ( 'NONE',  #244 ) ;
#1025 = CARTESIAN_POINT ( 'NONE',  ( 0.0000000000000000000, 0.0000000000000000000, -0.04921259842519685318 ) ) ;
#1026 = FACE_OUTER_BOUND ( 'NONE', #1193, .T. ) ;
#1027 = DIRECTION ( 'NONE',  ( -1.000000000000000000, 0.0000000000000000000, 0.0000000000000000000 ) ) ;
#1028 = ADVANCED_FACE ( 'NONE', ( #694 ), #1987, .T. ) ;
#1029 = DIRECTION ( 'NONE',  ( 0.0000000000000000000, 0.0000000000000000000, 1.000000000000000000 ) ) ;
#1030 = AXIS2_PLACEMENT_3D ( 'NONE', #2020, #405, #114 ) ;
#1031 = EDGE_LOOP ( 'NONE', ( #1390, #3771, #2602, #315 ) ) ;
#1032 = DIRECTION ( 'NONE',  ( 0.0000000000000000000, 0.0000000000000000000, 1.000000000000000000 ) ) ;
#1033 = CARTESIAN_POINT ( 'NONE',  ( -0.1181102362204724532, 0.003937007874015747977, -0.04921259842519685318 ) ) ;
#1034 = VERTEX_POINT ( 'NONE', #3638 ) ;
#1035 = ORIENTED_EDGE ( 'NONE', *, *, #1224, .T. ) ;
#1036 = CARTESIAN_POINT ( 'NONE',  ( -0.1318897637795275746, -0.09578120915254409451, 0.1023622047244094474 ) ) ;
#1037 = CARTESIAN_POINT ( 'NONE',  ( -0.1181102362204724532, 0.0000000000000000000, -0.1181102362204724532 ) ) ;
#1038 = VERTEX_POINT ( 'NONE', #27 ) ;
#1039 = EDGE_LOOP ( 'NONE', ( #756, #1787, #3823, #904 ) ) ;
#1040 = CARTESIAN_POINT ( 'NONE',  ( 0.1318897637795275746, -0.04201406643800709162, 0.1023622047244094474 ) ) ;
#1041 = DIRECTION ( 'NONE',  ( 0.0000000000000000000, -1.000000000000000000, 0.0000000000000000000 ) ) ;
#1042 = DIRECTION ( 'NONE',  ( 1.000000000000000000, 0.0000000000000000000, 0.0000000000000000000 ) ) ;
#1043 = VECTOR ( 'NONE', #3629, 39.37007874015748143 ) ;
#1044 = ORIENTED_EDGE ( 'NONE', *, *, #1224, .F. ) ;
#1045 = EDGE_CURVE ( 'NONE', #369, #1347, #3241, .T. ) ;
#1046 = EDGE_CURVE ( 'NONE', #50, #1905, #2308, .T. ) ;
#1047 = CARTESIAN_POINT ( 'NONE',  ( 0.1240157480314960647, -0.1224523058384645591, -0.1023622047244094474 ) ) ;
#1048 = CARTESIAN_POINT ( 'NONE',  ( 0.1181102362204724532, 0.1377952755905511861, -0.1122047244094488277 ) ) ;
#1049 = VERTEX_POINT ( 'NONE', #58 ) ;
#1050 = EDGE_CURVE ( 'NONE', #3089, #3390, #1370, .T. ) ;
#1051 = ADVANCED_FACE ( 'NONE', ( #733 ), #2392, .T. ) ;
#1052 = DIRECTION ( 'NONE',  ( 0.0000000000000000000, 0.0000000000000000000, 1.000000000000000000 ) ) ;
#1053 = FACE_OUTER_BOUND ( 'NONE', #612, .T. ) ;
#1054 = LINE ( 'NONE', #2347, #1887 ) ;
#1055 = ORIENTED_EDGE ( 'NONE', *, *, #2896, .F. ) ;
#1056 = ORIENTED_EDGE ( 'NONE', *, *, #920, .F. ) ;
#1057 = FACE_OUTER_BOUND ( 'NONE', #2965, .T. ) ;
#1058 = CARTESIAN_POINT ( 'NONE',  ( -0.1240157480314960647, -0.1377952755905511861, 0.09350393700787401619 ) ) ;
#1059 = VERTEX_POINT ( 'NONE', #3075 ) ;
#1060 = EDGE_LOOP ( 'NONE', ( #4212, #1449, #2515, #1186, #416, #931 ) ) ;
#1061 = DIRECTION ( 'NONE',  ( -1.000000000000000000, 0.0000000000000000000, 0.0000000000000000000 ) ) ;
#1062 = DIRECTION ( 'NONE',  ( 0.0000000000000000000, 0.0000000000000000000, -1.000000000000000000 ) ) ;
#1063 = DIRECTION ( 'NONE',  ( 0.0000000000000000000, 0.0000000000000000000, -1.000000000000000000 ) ) ;
#1064 = VERTEX_POINT ( 'NONE', #435 ) ;
#1065 = DIRECTION ( 'NONE',  ( 0.0000000000000000000, -1.000000000000000000, 0.0000000000000000000 ) ) ;
#1066 = CALENDAR_DATE ( 2021, 18, 12 ) ;
#1067 = ORIENTED_EDGE ( 'NONE', *, *, #2871, .T. ) ;
#1068 = DIRECTION ( 'NONE',  ( -0.7071067811865469066, -0.7071067811865479058, 0.0000000000000000000 ) ) ;
#1069 = FACE_OUTER_BOUND ( 'NONE', #1477, .T. ) ;
#1070 = EDGE_CURVE ( 'NONE', #3783, #4233, #2756, .T. ) ;
#1071 = EDGE_CURVE ( 'NONE', #83, #12, #2234, .T. ) ;
#1072 = VERTEX_POINT ( 'NONE', #3998 ) ;
#1073 = CYLINDRICAL_SURFACE ( 'NONE', #936, 0.02362204724409448092 ) ;
#1074 = PLANE ( 'NONE',  #1359 ) ;
#1075 = ADVANCED_FACE ( 'NONE', ( #97 ), #3742, .F. ) ;
#1076 = VERTEX_POINT ( 'NONE', #2773 ) ;
#1077 = ORIENTED_EDGE ( 'NONE', *, *, #2736, .T. ) ;
#1078 = PLANE ( 'NONE',  #1417 ) ;
#1079 = VECTOR ( 'NONE', #1603, 39.37007874015748143 ) ;
#1080 = DIRECTION ( 'NONE',  ( -1.000000000000000000, 2.454115839351809943E-16, 0.0000000000000000000 ) ) ;
#1081 = VECTOR ( 'NONE', #413, 39.37007874015748143 ) ;
#1082 = ORIENTED_EDGE ( 'NONE', *, *, #1875, .T. ) ;
#1083 = LINE ( 'NONE', #2618, #1750 ) ;
#1084 = CARTESIAN_POINT ( 'NONE',  ( -0.1532055652061933004, -0.06332986786467284523, -0.07480314960629921850 ) ) ;
#1085 = VECTOR ( 'NONE', #1532, 39.37007874015748143 ) ;
#1086 = VECTOR ( 'NONE', #3979, 39.37007874015748143 ) ;
#1087 = AXIS2_PLACEMENT_3D ( 'NONE', #778, #473, #2068 ) ;
#1088 = CIRCLE ( 'NONE', #4218, 0.02362204724409448092 ) ;
#1089 = ORIENTED_EDGE ( 'NONE', *, *, #2081, .T. ) ;
#1090 = PLANE ( 'NONE',  #1219 ) ;
#1091 = DIRECTION ( 'NONE',  ( 0.0000000000000000000, 0.0000000000000000000, 1.000000000000000000 ) ) ;
#1092 = LINE ( 'NONE', #3414, #122 ) ;
#1093 = AXIS2_PLACEMENT_3D ( 'NONE', #1741, #2328, #2670 ) ;
#1094 = ORIENTED_EDGE ( 'NONE', *, *, #1399, .T. ) ;
#1095 = CIRCLE ( 'NONE', #2451, 0.007874015748031499423 ) ;
#1096 = EDGE_CURVE ( 'NONE', #2592, #106, #1408, .T. ) ;
#1097 = ADVANCED_FACE ( 'NONE', ( #1160 ), #2456, .F. ) ;
#1098 = CARTESIAN_POINT ( 'NONE',  ( 0.1181102362204724532, 0.0000000000000000000, 0.04921259842519685318 ) ) ;
#1099 = VECTOR ( 'NONE', #2116, 39.37007874015748143 ) ;
#1100 = ORIENTED_EDGE ( 'NONE', *, *, #3786, .T. ) ;
#1101 = ORIENTED_EDGE ( 'NONE', *, *, #225, .F. ) ;
#1102 = ORIENTED_EDGE ( 'NONE', *, *, #1217, .F. ) ;
#1103 = ADVANCED_FACE ( 'NONE', ( #2695 ), #3682, .T. ) ;
#1104 = CARTESIAN_POINT ( 'NONE',  ( -0.1240157480314960647, 0.02755905511811023584, -0.07480314960629921850 ) ) ;
#1105 = CARTESIAN_POINT ( 'NONE',  ( 0.1181102362204724532, 0.03543307086614173179, 0.07480314960629921850 ) ) ;
#1106 = CC_DESIGN_PERSON_AND_ORGANIZATION_ASSIGNMENT ( #3647, #4033, ( #3559 ) ) ;
#1107 = ORIENTED_EDGE ( 'NONE', *, *, #3392, .T. ) ;
#1108 = DIRECTION ( 'NONE',  ( 1.000000000000000000, 0.0000000000000000000, 0.0000000000000000000 ) ) ;
#1109 = DIRECTION ( 'NONE',  ( 1.000000000000000000, 0.0000000000000000000, 0.0000000000000000000 ) ) ;
#1110 = DATE_AND_TIME ( #3067, #3149 ) ;
#1111 = EDGE_LOOP ( 'NONE', ( #693, #1119, #2305, #1817, #3828, #3491, #635, #119, #2961, #172, #2582, #475, #2544, #1286, #831, #588, #2684 ) ) ;
#1112 = DIRECTION ( 'NONE',  ( 0.0000000000000000000, -1.000000000000000000, 0.0000000000000000000 ) ) ;
#1113 = DIRECTION ( 'NONE',  ( 0.0000000000000000000, -1.000000000000000000, 0.0000000000000000000 ) ) ;
#1114 = LINE ( 'NONE', #94, #3056 ) ;
#1115 = ORIENTED_EDGE ( 'NONE', *, *, #171, .F. ) ;
#1116 = CARTESIAN_POINT ( 'NONE',  ( 0.1263219938489248129, -0.09021343922194134668, 0.1023622047244094474 ) ) ;
#1117 = DIRECTION ( 'NONE',  ( 0.0000000000000000000, -1.000000000000000000, 0.0000000000000000000 ) ) ;
#1118 = ORIENTED_EDGE ( 'NONE', *, *, #2689, .T. ) ;
#1119 = ORIENTED_EDGE ( 'NONE', *, *, #3078, .F. ) ;
#1120 = ORIENTED_EDGE ( 'NONE', *, *, #467, .T. ) ;
#1121 = DIRECTION ( 'NONE',  ( -1.000000000000000000, 0.0000000000000000000, 0.0000000000000000000 ) ) ;
#1122 = DIRECTION ( 'NONE',  ( 0.0000000000000000000, 0.0000000000000000000, -1.000000000000000000 ) ) ;
#1123 = FACE_BOUND ( 'NONE', #1437, .T. ) ;
#1124 = ADVANCED_FACE ( 'NONE', ( #2474 ), #1215, .T. ) ;
#1125 = EDGE_CURVE ( 'NONE', #7, #1357, #2924, .T. ) ;
#1126 = ORIENTED_EDGE ( 'NONE', *, *, #362, .T. ) ;
#1127 = ORIENTED_EDGE ( 'NONE', *, *, #1973, .T. ) ;
#1128 = FACE_OUTER_BOUND ( 'NONE', #2376, .T. ) ;
#1129 = COORDINATED_UNIVERSAL_TIME_OFFSET ( 0, 0, .AHEAD. ) ;
#1130 = ADVANCED_FACE ( 'NONE', ( #2176, #1833, #2519, #2860, #600, #1855 ), #1258, .T. ) ;
#1131 = VERTEX_POINT ( 'NONE', #1530 ) ;
#1132 = CARTESIAN_POINT ( 'NONE',  ( -0.1181102362204724532, 0.1299212598425196763, -0.1181102362204724532 ) ) ;
#1133 = LINE ( 'NONE', #1584, #2113 ) ;
#1134 = LINE ( 'NONE', #2754, #118 ) ;
#1135 = ORIENTED_EDGE ( 'NONE', *, *, #3105, .T. ) ;
#1136 = ORIENTED_EDGE ( 'NONE', *, *, #467, .F. ) ;
#1137 = CARTESIAN_POINT ( 'NONE',  ( 0.08858267716535432601, 0.1299212598425196763, 0.08858267716535432601 ) ) ;
#1138 = CARTESIAN_POINT ( 'NONE',  ( 0.1181102362204724532, 0.02755905511811023584, 0.1023622047244094474 ) ) ;
#1139 = DIRECTION ( 'NONE',  ( 0.0000000000000000000, 0.0000000000000000000, 1.000000000000000000 ) ) ;
#1140 = ORIENTED_EDGE ( 'NONE', *, *, #2708, .F. ) ;
#1141 = CARTESIAN_POINT ( 'NONE',  ( 0.1476377952755905387, -0.06889763779527559306, -0.1023622047244094474 ) ) ;
#1142 = CARTESIAN_POINT ( 'NONE',  ( -0.08858267716535432601, 0.1377952755905511861, 0.08858267716535432601 ) ) ;
#1143 = EDGE_LOOP ( 'NONE', ( #2649, #1716 ) ) ;
#1144 = VERTEX_POINT ( 'NONE', #2236 ) ;
#1145 = FACE_OUTER_BOUND ( 'NONE', #3687, .T. ) ;
#1146 = EDGE_CURVE ( 'NONE', #660, #3560, #2562, .T. ) ;
#1147 = EDGE_CURVE ( 'NONE', #4016, #3977, #627, .T. ) ;
#1148 = VECTOR ( 'NONE', #1326, 39.37007874015748143 ) ;
#1149 = CIRCLE ( 'NONE', #3740, 0.007874015748031499423 ) ;
#1150 = ORIENTED_EDGE ( 'NONE', *, *, #3362, .F. ) ;
#1151 = VECTOR ( 'NONE', #537, 39.37007874015748143 ) ;
#1152 = AXIS2_PLACEMENT_3D ( 'NONE', #2481, #2058, #4061 ) ;
#1153 = ADVANCED_FACE ( 'NONE', ( #1936 ), #23, .T. ) ;
#1154 = CARTESIAN_POINT ( 'NONE',  ( 0.08858267716535432601, 0.1377952755905511861, 0.08858267716535432601 ) ) ;
#1155 = CARTESIAN_POINT ( 'NONE',  ( 0.1240157480314960647, -0.1377952755905511861, -0.09350393700787401619 ) ) ;
#1156 = VECTOR ( 'NONE', #1524, 39.37007874015748143 ) ;
#1157 = VERTEX_POINT ( 'NONE', #2899 ) ;
#1158 = VECTOR ( 'NONE', #1052, 39.37007874015748143 ) ;
#1159 = VECTOR ( 'NONE', #2943, 39.37007874015748143 ) ;
#1160 = FACE_OUTER_BOUND ( 'NONE', #937, .T. ) ;
#1161 = CIRCLE ( 'NONE', #2042, 0.005905511811023620231 ) ;
#1162 = CARTESIAN_POINT ( 'NONE',  ( 0.1318897637795275746, -0.09578120915254409451, -0.1023622047244094474 ) ) ;
#1163 = AXIS2_PLACEMENT_3D ( 'NONE', #2935, #2337, #3644 ) ;
#1164 = VERTEX_POINT ( 'NONE', #4204 ) ;
#1165 = DIRECTION ( 'NONE',  ( 0.7071067811865469066, -0.7071067811865479058, 0.0000000000000000000 ) ) ;
#1166 = CARTESIAN_POINT ( 'NONE',  ( -0.1181102362204724532, 0.0000000000000000000, -0.1122047244094488277 ) ) ;
#1167 = AXIS2_PLACEMENT_3D ( 'NONE', #2936, #1669, #2687 ) ;
#1168 = CARTESIAN_POINT ( 'NONE',  ( -0.08858267716535432601, 0.1377952755905511861, 0.1122047244094488139 ) ) ;
#1169 = ORIENTED_EDGE ( 'NONE', *, *, #3996, .T. ) ;
#1170 = ORIENTED_EDGE ( 'NONE', *, *, #3229, .F. ) ;
#1171 = EDGE_CURVE ( 'NONE', #1131, #41, #2277, .T. ) ;
#1172 = VERTEX_POINT ( 'NONE', #2942 ) ;
#1173 = DIRECTION ( 'NONE',  ( 1.000000000000000000, 0.0000000000000000000, 0.0000000000000000000 ) ) ;
#1174 = APPROVAL_PERSON_ORGANIZATION ( #3566, #4179, #1608 ) ;
#1175 = FACE_OUTER_BOUND ( 'NONE', #3226, .T. ) ;
#1176 = CARTESIAN_POINT ( 'NONE',  ( 0.1181102362204724532, 0.02755905511811023584, 0.07480314960629921850 ) ) ;
#1177 = ORIENTED_EDGE ( 'NONE', *, *, #3223, .F. ) ;
#1178 = EDGE_CURVE ( 'NONE', #1144, #3267, #3911, .T. ) ;
#1179 = ADVANCED_FACE ( 'NONE', ( #3568 ), #1983, .F. ) ;
#1180 = DIRECTION ( 'NONE',  ( -1.000000000000000000, 0.0000000000000000000, 0.0000000000000000000 ) ) ;
#1181 = DIRECTION ( 'NONE',  ( 0.0000000000000000000, 0.0000000000000000000, 1.000000000000000000 ) ) ;
#1182 = DIRECTION ( 'NONE',  ( 1.000000000000000000, 0.0000000000000000000, 0.0000000000000000000 ) ) ;
#1183 = ORIENTED_EDGE ( 'NONE', *, *, #1848, .T. ) ;
#1184 = ORIENTED_EDGE ( 'NONE', *, *, #3252, .F. ) ;
#1185 = DIRECTION ( 'NONE',  ( 0.0000000000000000000, -1.000000000000000000, 0.0000000000000000000 ) ) ;
#1186 = ORIENTED_EDGE ( 'NONE', *, *, #1269, .T. ) ;
#1187 = ORIENTED_EDGE ( 'NONE', *, *, #822, .F. ) ;
#1188 = VERTEX_POINT ( 'NONE', #1300 ) ;
#1189 = FACE_OUTER_BOUND ( 'NONE', #1541, .T. ) ;
#1190 = DIRECTION ( 'NONE',  ( 0.0000000000000000000, 1.000000000000000000, 0.0000000000000000000 ) ) ;
#1191 = LINE ( 'NONE', #2148, #2125 ) ;
#1192 = ORIENTED_EDGE ( 'NONE', *, *, #466, .T. ) ;
#1193 = EDGE_LOOP ( 'NONE', ( #768, #1011, #1734, #1209 ) ) ;
#1194 = EDGE_CURVE ( 'NONE', #3837, #2459, #3892, .T. ) ;
#1195 = CARTESIAN_POINT ( 'NONE',  ( 0.1318897637795275746, -0.04201406643800709162, 0.1023622047244094474 ) ) ;
#1196 = EDGE_CURVE ( 'NONE', #925, #918, #2605, .T. ) ;
#1197 = ORIENTED_EDGE ( 'NONE', *, *, #2158, .F. ) ;
#1198 = DIRECTION ( 'NONE',  ( -0.7071067811865469066, -0.7071067811865479058, 0.0000000000000000000 ) ) ;
#1199 = CARTESIAN_POINT ( 'NONE',  ( -0.1122047244094488277, 0.1377952755905511861, 0.1181102362204724532 ) ) ;
#1200 = EDGE_CURVE ( 'NONE', #2603, #4139, #661, .T. ) ;
#1201 = ORIENTED_EDGE ( 'NONE', *, *, #1973, .F. ) ;
#1202 = CARTESIAN_POINT ( 'NONE',  ( 0.1181102362204724532, 0.1377952755905511861, 0.1181102362204724532 ) ) ;
#1203 = DIRECTION ( 'NONE',  ( 0.0000000000000000000, -1.000000000000000000, 0.0000000000000000000 ) ) ;
#1204 = CARTESIAN_POINT ( 'NONE',  ( 0.1181102362204724532, 0.0000000000000000000, -0.04921259842519685318 ) ) ;
#1205 = ORIENTED_EDGE ( 'NONE', *, *, #3921, .F. ) ;
#1206 = PLANE ( 'NONE',  #1622 ) ;
#1207 = CARTESIAN_POINT ( 'NONE',  ( 0.1263219938489248129, -0.09021343922194134668, 0.1023622047244094474 ) ) ;
#1208 = CARTESIAN_POINT ( 'NONE',  ( -0.08858267716535432601, 0.1377952755905511861, 0.1122047244094488139 ) ) ;
#1209 = ORIENTED_EDGE ( 'NONE', *, *, #2816, .F. ) ;
#1210 = AXIS2_PLACEMENT_3D ( 'NONE', #4102, #3770, #1182 ) ;
#1211 = VECTOR ( 'NONE', #1688, 39.37007874015748143 ) ;
#1212 = VERTEX_POINT ( 'NONE', #1654 ) ;
#1213 = CARTESIAN_POINT ( 'NONE',  ( -0.1555118110236220763, -0.1377952755905511861, -0.08366141732283464971 ) ) ;
#1214 = AXIS2_PLACEMENT_3D ( 'NONE', #1790, #1404, #1489 ) ;
#1215 = TOROIDAL_SURFACE ( 'NONE', #541, 0.06275849662926456796, 0.003937007874015747977 ) ;
#1216 = ADVANCED_FACE ( 'NONE', ( #3607 ), #2019, .F. ) ;
#1217 = EDGE_CURVE ( 'NONE', #1188, #4180, #3537, .T. ) ;
#1218 = VECTOR ( 'NONE', #1245, 39.37007874015748143 ) ;
#1219 = AXIS2_PLACEMENT_3D ( 'NONE', #1132, #3734, #2387 ) ;
#1220 = EDGE_LOOP ( 'NONE', ( #2970, #295, #343, #2991 ) ) ;
#1221 = DIRECTION ( 'NONE',  ( 0.0000000000000000000, -1.000000000000000000, 0.0000000000000000000 ) ) ;
#1222 = VECTOR ( 'NONE', #1994, 39.37007874015748143 ) ;
#1223 = ORIENTED_EDGE ( 'NONE', *, *, #3847, .T. ) ;
#1224 = EDGE_CURVE ( 'NONE', #1357, #7, #1088, .T. ) ;
#1225 = ORIENTED_EDGE ( 'NONE', *, *, #2133, .F. ) ;
#1226 = CARTESIAN_POINT ( 'NONE',  ( 0.1240157480314960647, -0.1377952755905511861, 0.1023622047244094474 ) ) ;
#1227 = VECTOR ( 'NONE', #2076, 39.37007874015748143 ) ;
#1228 = CARTESIAN_POINT ( 'NONE',  ( -0.1240157480314960647, -0.09578120915254409451, 0.1023622047244094474 ) ) ;
#1229 = DIRECTION ( 'NONE',  ( 1.000000000000000000, 0.0000000000000000000, 0.0000000000000000000 ) ) ;
#1230 = AXIS2_PLACEMENT_3D ( 'NONE', #70, #1996, #377 ) ;
#1231 = ORIENTED_EDGE ( 'NONE', *, *, #2263, .T. ) ;
#1232 = CARTESIAN_POINT ( 'NONE',  ( 0.08858267716535432601, 0.1496062992125984370, -0.1122047244094488139 ) ) ;
#1233 = DIRECTION ( 'NONE',  ( 0.0000000000000000000, -1.000000000000000000, 0.0000000000000000000 ) ) ;
#1234 = CARTESIAN_POINT ( 'NONE',  ( 0.1181102362204724532, -0.003937007874015747977, 0.04921259842519685318 ) ) ;
#1235 = LINE ( 'NONE', #2539, #774 ) ;
#1236 = VERTEX_POINT ( 'NONE', #710 ) ;
#1237 = DIRECTION ( 'NONE',  ( 1.000000000000000000, 0.0000000000000000000, 0.0000000000000000000 ) ) ;
#1238 = CARTESIAN_POINT ( 'NONE',  ( 0.1240157480314960647, -0.1377952755905511861, -0.08366141732283464971 ) ) ;
#1239 = CIRCLE ( 'NONE', #1377, 0.007874015748031499423 ) ;
#1240 = ORIENTED_EDGE ( 'NONE', *, *, #2556, .F. ) ;
#1241 = CARTESIAN_POINT ( 'NONE',  ( 0.1181102362204724532, 0.02755905511811023584, -0.1023622047244094474 ) ) ;
#1242 = DIRECTION ( 'NONE',  ( 0.7071067811865470176, 0.7071067811865480168, 0.0000000000000000000 ) ) ;
#1243 = EDGE_LOOP ( 'NONE', ( #543, #1405, #1240, #4105 ) ) ;
#1244 = ORIENTED_EDGE ( 'NONE', *, *, #2967, .T. ) ;
#1245 = DIRECTION ( 'NONE',  ( -2.168404344971010347E-16, 0.0000000000000000000, -1.000000000000000000 ) ) ;
#1246 = DIRECTION ( 'NONE',  ( 0.0000000000000000000, 0.0000000000000000000, 1.000000000000000000 ) ) ;
#1247 = DIRECTION ( 'NONE',  ( 0.0000000000000000000, 0.0000000000000000000, -1.000000000000000000 ) ) ;
#1248 = ADVANCED_FACE ( 'NONE', ( #2000 ), #3302, .T. ) ;
#1249 = ADVANCED_FACE ( 'NONE', ( #2985 ), #2669, .T. ) ;
#1250 = ORIENTED_EDGE ( 'NONE', *, *, #4065, .T. ) ;
#1251 = CARTESIAN_POINT ( 'NONE',  ( 0.0000000000000000000, 0.1929133858267716439, 0.06275849662926456796 ) ) ;
#1252 = LINE ( 'NONE', #1570, #2993 ) ;
#1253 = DIRECTION ( 'NONE',  ( 0.0000000000000000000, 0.0000000000000000000, -1.000000000000000000 ) ) ;
#1254 = EDGE_CURVE ( 'NONE', #2217, #568, #493, .T. ) ;
#1255 = DIMENSIONAL_EXPONENTS ( 1.000000000000000000, 0.0000000000000000000, 0.0000000000000000000, 0.0000000000000000000, 0.0000000000000000000, 0.0000000000000000000, 0.0000000000000000000 ) ;
#1256 = FACE_OUTER_BOUND ( 'NONE', #1492, .T. ) ;
#1257 = EDGE_LOOP ( 'NONE', ( #1136, #11, #1231, #4203 ) ) ;
#1258 = PLANE ( 'NONE',  #955 ) ;
#1259 = CARTESIAN_POINT ( 'NONE',  ( -0.1555118110236220763, 0.003937007874015747977, -0.04921259842519685318 ) ) ;
#1260 = CARTESIAN_POINT ( 'NONE',  ( 0.1318897637795275746, 0.02755905511811023584, -0.1023622047244094474 ) ) ;
#1261 = ORIENTED_EDGE ( 'NONE', *, *, #1769, .F. ) ;
#1262 = CARTESIAN_POINT ( 'NONE',  ( 0.1476377952755905387, -0.06889763779527559306, 0.1023622047244094474 ) ) ;
#1263 = ORIENTED_EDGE ( 'NONE', *, *, #1297, .T. ) ;
#1264 = VERTEX_POINT ( 'NONE', #794 ) ;
#1265 = FACE_OUTER_BOUND ( 'NONE', #4067, .T. ) ;
#1266 = DIRECTION ( 'NONE',  ( -3.519431053647356462E-16, -0.8660254037844389297, -0.4999999999999994449 ) ) ;
#1267 = CARTESIAN_POINT ( 'NONE',  ( 0.08858267716535432601, 0.1377952755905511861, 0.1122047244094488139 ) ) ;
#1268 = CARTESIAN_POINT ( 'NONE',  ( -0.1122047244094488277, 0.1377952755905511861, -0.1122047244094488277 ) ) ;
#1269 = EDGE_CURVE ( 'NONE', #1861, #3689, #327, .T. ) ;
#1270 = ADVANCED_FACE ( 'NONE', ( #1721 ), #4054, .T. ) ;
#1271 = DIRECTION ( 'NONE',  ( 0.0000000000000000000, -1.000000000000000000, 0.0000000000000000000 ) ) ;
#1272 = DIRECTION ( 'NONE',  ( -1.000000000000000000, -4.063888932435259910E-16, 0.0000000000000000000 ) ) ;
#1273 = EDGE_LOOP ( 'NONE', ( #3721, #438, #2901, #1261 ) ) ;
#1274 = ORIENTED_EDGE ( 'NONE', *, *, #2736, .F. ) ;
#1275 = EDGE_CURVE ( 'NONE', #2011, #833, #3672, .T. ) ;
#1276 = CARTESIAN_POINT ( 'NONE',  ( -0.1532055652061933004, -0.07446540772587834089, 0.1023622047244094474 ) ) ;
#1277 = CARTESIAN_POINT ( 'NONE',  ( -0.08858267716535432601, 0.1299212598425196763, -0.08858267716535432601 ) ) ;
#1278 = DIRECTION ( 'NONE',  ( 0.0000000000000000000, -1.000000000000000000, 0.0000000000000000000 ) ) ;
#1279 = AXIS2_PLACEMENT_3D ( 'NONE', #1317, #2293, #1002 ) ;
#1280 = AXIS2_PLACEMENT_3D ( 'NONE', #3228, #4152, #3557 ) ;
#1281 = ORIENTED_EDGE ( 'NONE', *, *, #277, .F. ) ;
#1282 = AXIS2_PLACEMENT_3D ( 'NONE', #3115, #456, #1774 ) ;
#1283 = CARTESIAN_POINT ( 'NONE',  ( -0.1318897637795275746, -0.09578120915254409451, -0.07480314960629921850 ) ) ;
#1284 = AXIS2_PLACEMENT_3D ( 'NONE', #1950, #1272, #2600 ) ;
#1285 = AXIS2_PLACEMENT_3D ( 'NONE', #4011, #75, #3387 ) ;
#1286 = ORIENTED_EDGE ( 'NONE', *, *, #2343, .T. ) ;
#1287 = DIRECTION ( 'NONE',  ( 0.0000000000000000000, 0.0000000000000000000, -1.000000000000000000 ) ) ;
#1288 = LINE ( 'NONE', #1928, #317 ) ;
#1289 = DIRECTION ( 'NONE',  ( 0.0000000000000000000, 0.0000000000000000000, -1.000000000000000000 ) ) ;
#1290 = VECTOR ( 'NONE', #889, 39.37007874015748854 ) ;
#1291 = EDGE_LOOP ( 'NONE', ( #190, #1947, #3944, #800 ) ) ;
#1292 = CARTESIAN_POINT ( 'NONE',  ( 0.08858267716535432601, 0.1496062992125984370, -0.08858267716535432601 ) ) ;
#1293 = DIRECTION ( 'NONE',  ( 0.0000000000000000000, 0.0000000000000000000, 1.000000000000000000 ) ) ;
#1294 = PLANE ( 'NONE',  #1284 ) ;
#1295 = AXIS2_PLACEMENT_3D ( 'NONE', #2599, #18, #2292 ) ;
#1296 = APPROVAL_DATE_TIME ( #2917, #4179 ) ;
#1297 = EDGE_CURVE ( 'NONE', #3375, #3357, #2655, .T. ) ;
#1298 = VERTEX_POINT ( 'NONE', #1764 ) ;
#1299 = EDGE_LOOP ( 'NONE', ( #508, #2483, #2385, #738 ) ) ;
#1300 = CARTESIAN_POINT ( 'NONE',  ( -0.08858267716535432601, 0.1299212598425196763, -0.06496062992125983815 ) ) ;
#1301 = FACE_OUTER_BOUND ( 'NONE', #4075, .T. ) ;
#1302 = DIRECTION ( 'NONE',  ( 0.0000000000000000000, -1.000000000000000000, 0.0000000000000000000 ) ) ;
#1303 = EDGE_CURVE ( 'NONE', #4136, #3376, #451, .T. ) ;
#1304 = EDGE_CURVE ( 'NONE', #3589, #998, #2704, .T. ) ;
#1305 = ORIENTED_EDGE ( 'NONE', *, *, #3603, .F. ) ;
#1306 = DIRECTION ( 'NONE',  ( 1.000000000000000000, 0.0000000000000000000, 0.0000000000000000000 ) ) ;
#1307 = CARTESIAN_POINT ( 'NONE',  ( 0.1240157480314960647, -0.1143824042423135789, -0.07014398974742774850 ) ) ;
#1308 = CC_DESIGN_SECURITY_CLASSIFICATION ( #144, ( #3559 ) ) ;
#1309 = VERTEX_POINT ( 'NONE', #3762 ) ;
#1310 = ORIENTED_EDGE ( 'NONE', *, *, #788, .F. ) ;
#1311 = DIRECTION ( 'NONE',  ( -2.454115839351809943E-16, -1.000000000000000000, 0.0000000000000000000 ) ) ;
#1312 = DIRECTION ( 'NONE',  ( 0.0000000000000000000, 0.0000000000000000000, 1.000000000000000000 ) ) ;
#1313 = FACE_OUTER_BOUND ( 'NONE', #1555, .T. ) ;
#1314 = VERTEX_POINT ( 'NONE', #1402 ) ;
#1315 = DIRECTION ( 'NONE',  ( 0.0000000000000000000, 0.0000000000000000000, 1.000000000000000000 ) ) ;
#1316 = DIRECTION ( 'NONE',  ( -0.7071067811865469066, -0.7071067811865479058, 0.0000000000000000000 ) ) ;
#1317 = CARTESIAN_POINT ( 'NONE',  ( -0.08858267716535432601, 0.1377952755905511861, 0.08858267716535432601 ) ) ;
#1318 = CARTESIAN_POINT ( 'NONE',  ( -0.1181102362204724532, 0.0000000000000000000, -0.1181102362204724532 ) ) ;
#1319 = ORIENTED_EDGE ( 'NONE', *, *, #2207, .T. ) ;
#1320 = DIRECTION ( 'NONE',  ( 0.0000000000000000000, 1.000000000000000000, 0.0000000000000000000 ) ) ;
#1321 = CARTESIAN_POINT ( 'NONE',  ( 0.1181102362204724532, 0.03543307086614173179, -0.1023622047244094474 ) ) ;
#1322 = CYLINDRICAL_SURFACE ( 'NONE', #3054, 0.005905511811023620231 ) ;
#1323 = EDGE_CURVE ( 'NONE', #3307, #3358, #1386, .T. ) ;
#1324 = ADVANCED_FACE ( 'NONE', ( #3323 ), #3369, .F. ) ;
#1325 = DIRECTION ( 'NONE',  ( 1.000000000000000000, 1.478036555683235174E-47, 6.022684552957449548E-32 ) ) ;
#1326 = DIRECTION ( 'NONE',  ( -1.000000000000000000, 0.0000000000000000000, 0.0000000000000000000 ) ) ;
#1327 = ORIENTED_EDGE ( 'NONE', *, *, #3894, .T. ) ;
#1328 = ORIENTED_EDGE ( 'NONE', *, *, #3105, .F. ) ;
#1329 = CARTESIAN_POINT ( 'NONE',  ( 0.1122047244094488277, 0.1299212598425196763, 0.1181102362204724532 ) ) ;
#1330 = EDGE_CURVE ( 'NONE', #869, #3957, #2857, .T. ) ;
#1331 = CARTESIAN_POINT ( 'NONE',  ( -0.1181102362204724532, 0.1299212598425196763, -0.1122047244094488277 ) ) ;
#1332 = CARTESIAN_POINT ( 'NONE',  ( -0.08858267716535432601, 0.1496062992125984370, 0.08858267716535432601 ) ) ;
#1333 = DIRECTION ( 'NONE',  ( 0.0000000000000000000, 1.000000000000000000, 0.0000000000000000000 ) ) ;
#1334 = DIRECTION ( 'NONE',  ( 0.0000000000000000000, 0.0000000000000000000, 1.000000000000000000 ) ) ;
#1335 = LINE ( 'NONE', #642, #408 ) ;
#1336 = DIRECTION ( 'NONE',  ( 0.0000000000000000000, 0.0000000000000000000, -1.000000000000000000 ) ) ;
#1337 = EDGE_LOOP ( 'NONE', ( #3502, #1801, #3116, #3079 ) ) ;
#1338 = CARTESIAN_POINT ( 'NONE',  ( -0.1318897637795275746, -0.04201406643800709162, 0.1023622047244094474 ) ) ;
#1339 = LINE ( 'NONE', #52, #2646 ) ;
#1340 = EDGE_LOOP ( 'NONE', ( #3876, #4053 ) ) ;
#1341 = ORIENTED_EDGE ( 'NONE', *, *, #1974, .F. ) ;
#1342 = CARTESIAN_POINT ( 'NONE',  ( -0.1181102362204724532, 0.1377952755905511861, -0.1122047244094488277 ) ) ;
#1343 = LINE ( 'NONE', #3960, #824 ) ;
#1344 = VECTOR ( 'NONE', #1819, 39.37007874015748143 ) ;
#1345 = EDGE_CURVE ( 'NONE', #3545, #318, #1740, .T. ) ;
#1346 = EDGE_CURVE ( 'NONE', #2350, #4180, #3071, .T. ) ;
#1347 = VERTEX_POINT ( 'NONE', #3992 ) ;
#1348 = VECTOR ( 'NONE', #3913, 39.37007874015748854 ) ;
#1349 = VECTOR ( 'NONE', #1922, 39.37007874015748143 ) ;
#1350 = ORIENTED_EDGE ( 'NONE', *, *, #2394, .T. ) ;
#1351 = CARTESIAN_POINT ( 'NONE',  ( 0.1240157480314960647, -0.09578120915254409451, -0.1023622047244094474 ) ) ;
#1352 = LINE ( 'NONE', #3443, #1884 ) ;
#1353 = DIRECTION ( 'NONE',  ( 0.0000000000000000000, 0.0000000000000000000, -1.000000000000000000 ) ) ;
#1354 = VECTOR ( 'NONE', #637, 39.37007874015748143 ) ;
#1355 = AXIS2_PLACEMENT_3D ( 'NONE', #2962, #3930, #1320 ) ;
#1356 = ADVANCED_FACE ( 'NONE', ( #3715 ), #1090, .F. ) ;
#1357 = VERTEX_POINT ( 'NONE', #1523 ) ;
#1358 = CIRCLE ( 'NONE', #3752, 0.02362204724409448092 ) ;
#1359 = AXIS2_PLACEMENT_3D ( 'NONE', #3684, #3355, #1620 ) ;
#1360 = CARTESIAN_POINT ( 'NONE',  ( -0.1181102362204724532, 0.1299212598425196763, -0.04921259842519685318 ) ) ;
#1361 = DIRECTION ( 'NONE',  ( 0.0000000000000000000, 0.0000000000000000000, 1.000000000000000000 ) ) ;
#1362 = VECTOR ( 'NONE', #4154, 39.37007874015748854 ) ;
#1363 = VERTEX_POINT ( 'NONE', #2853 ) ;
#1364 = CIRCLE ( 'NONE', #1840, 0.07283464566929134798 ) ;
#1365 = DIRECTION ( 'NONE',  ( 0.0000000000000000000, 1.000000000000000000, 0.0000000000000000000 ) ) ;
#1366 = CARTESIAN_POINT ( 'NONE',  ( -0.1555118110236220763, -0.1377952755905511861, 0.08366141732283464971 ) ) ;
#1367 = DIRECTION ( 'NONE',  ( -1.000000000000000000, 0.0000000000000000000, 0.0000000000000000000 ) ) ;
#1368 = ORIENTED_EDGE ( 'NONE', *, *, #1845, .F. ) ;
#1369 = ORIENTED_EDGE ( 'NONE', *, *, #1946, .F. ) ;
#1370 = LINE ( 'NONE', #2674, #1086 ) ;
#1371 = PLANE ( 'NONE',  #946 ) ;
#1372 = ORIENTED_EDGE ( 'NONE', *, *, #2262, .T. ) ;
#1373 = VERTEX_POINT ( 'NONE', #1805 ) ;
#1374 = CARTESIAN_POINT ( 'NONE',  ( -0.1318897637795275746, -0.09578120915254409451, -0.07480314960629921850 ) ) ;
#1375 = DIRECTION ( 'NONE',  ( 4.063888932435259910E-16, -1.000000000000000000, 0.0000000000000000000 ) ) ;
#1376 = CARTESIAN_POINT ( 'NONE',  ( 0.1122047244094488277, 0.1377952755905511861, -0.1122047244094488277 ) ) ;
#1377 = AXIS2_PLACEMENT_3D ( 'NONE', #3435, #2211, #857 ) ;
#1378 = VERTEX_POINT ( 'NONE', #3781 ) ;
#1379 = ORIENTED_EDGE ( 'NONE', *, *, #2841, .F. ) ;
#1380 = LINE ( 'NONE', #1360, #38 ) ;
#1381 = DIRECTION ( 'NONE',  ( 0.0000000000000000000, 0.0000000000000000000, -1.000000000000000000 ) ) ;
#1382 = EDGE_CURVE ( 'NONE', #4191, #3560, #901, .T. ) ;
#1383 = ADVANCED_FACE ( 'NONE', ( #1189 ), #1206, .T. ) ;
#1384 = EDGE_LOOP ( 'NONE', ( #3352, #2441, #1472, #2728 ) ) ;
#1385 = EDGE_CURVE ( 'NONE', #3364, #1513, #1252, .T. ) ;
#1386 = LINE ( 'NONE', #837, #611 ) ;
#1387 = PLANE ( 'NONE',  #3826 ) ;
#1388 = CARTESIAN_POINT ( 'NONE',  ( -0.1240157480314960647, 0.03543307086614173179, 0.1023622047244094474 ) ) ;
#1389 = ORIENTED_EDGE ( 'NONE', *, *, #2083, .F. ) ;
#1390 = ORIENTED_EDGE ( 'NONE', *, *, #3652, .F. ) ;
#1391 = FACE_OUTER_BOUND ( 'NONE', #1594, .T. ) ;
#1392 = CARTESIAN_POINT ( 'NONE',  ( 0.1122047244094488277, 0.0000000000000000000, -0.1181102362204724532 ) ) ;
#1393 = EDGE_LOOP ( 'NONE', ( #1223, #3669 ) ) ;
#1394 = ORIENTED_EDGE ( 'NONE', *, *, #1303, .F. ) ;
#1395 = ORIENTED_EDGE ( 'NONE', *, *, #3043, .T. ) ;
#1396 = CARTESIAN_POINT ( 'NONE',  ( 0.08858267716535432601, 0.1377952755905511861, -0.06496062992125983815 ) ) ;
#1397 = CARTESIAN_POINT ( 'NONE',  ( 0.0000000000000000000, 0.1299212598425196763, 0.0000000000000000000 ) ) ;
#1398 = ORIENTED_EDGE ( 'NONE', *, *, #3765, .T. ) ;
#1399 = EDGE_CURVE ( 'NONE', #2154, #89, #2652, .T. ) ;
#1400 = EDGE_CURVE ( 'NONE', #2769, #3308, #2311, .T. ) ;
#1401 = ORIENTED_EDGE ( 'NONE', *, *, #1565, .F. ) ;
#1402 = CARTESIAN_POINT ( 'NONE',  ( 0.1181102362204724532, 0.1299212598425196763, 0.1122047244094488277 ) ) ;
#1403 = CYLINDRICAL_SURFACE ( 'NONE', #1629, 0.02362204724409448092 ) ;
#1404 = DIRECTION ( 'NONE',  ( 0.0000000000000000000, 0.0000000000000000000, -1.000000000000000000 ) ) ;
#1405 = ORIENTED_EDGE ( 'NONE', *, *, #1254, .F. ) ;
#1406 = EDGE_CURVE ( 'NONE', #155, #1818, #3956, .T. ) ;
#1407 = DIRECTION ( 'NONE',  ( -1.000000000000000000, 0.0000000000000000000, 0.0000000000000000000 ) ) ;
#1408 = LINE ( 'NONE', #1432, #4079 ) ;
#1409 = CARTESIAN_POINT ( 'NONE',  ( 0.1263219938489248129, -0.04758183636860983945, 0.1023622047244094474 ) ) ;
#1410 = ORIENTED_EDGE ( 'NONE', *, *, #3028, .T. ) ;
#1411 = VERTEX_POINT ( 'NONE', #4159 ) ;
#1412 = CARTESIAN_POINT ( 'NONE',  ( 0.1318897637795275746, -0.04201406643800709162, 0.07480314960629921850 ) ) ;
#1413 = CIRCLE ( 'NONE', #3805, 0.003937007874015749712 ) ;
#1414 = DIRECTION ( 'NONE',  ( 0.0000000000000000000, 0.0000000000000000000, 1.000000000000000000 ) ) ;
#1415 = DIRECTION ( 'NONE',  ( 0.0000000000000000000, 0.0000000000000000000, 1.000000000000000000 ) ) ;
#1416 = CIRCLE ( 'NONE', #2848, 0.007874015748031499423 ) ;
#1417 = AXIS2_PLACEMENT_3D ( 'NONE', #672, #2336, #371 ) ;
#1418 = ORIENTED_EDGE ( 'NONE', *, *, #2268, .T. ) ;
#1419 = DIRECTION ( 'NONE',  ( 0.0000000000000000000, 1.000000000000000000, 0.0000000000000000000 ) ) ;
#1420 = CYLINDRICAL_SURFACE ( 'NONE', #761, 0.007874015748031499423 ) ;
#1421 = AXIS2_PLACEMENT_3D ( 'NONE', #124, #1434, #4059 ) ;
#1422 = AXIS2_PLACEMENT_3D ( 'NONE', #649, #3898, #2264 ) ;
#1423 = VECTOR ( 'NONE', #2112, 39.37007874015748143 ) ;
#1424 = AXIS2_PLACEMENT_3D ( 'NONE', #921, #2209, #1883 ) ;
#1425 = EDGE_LOOP ( 'NONE', ( #2040, #3654, #1187, #3208 ) ) ;
#1426 = LINE ( 'NONE', #1366, #1497 ) ;
#1427 = PLANE ( 'NONE',  #1214 ) ;
#1428 = VECTOR ( 'NONE', #3912, 39.37007874015748143 ) ;
#1429 = ORIENTED_EDGE ( 'NONE', *, *, #91, .T. ) ;
#1430 = VECTOR ( 'NONE', #104, 39.37007874015748143 ) ;
#1431 = ORIENTED_EDGE ( 'NONE', *, *, #2342, .T. ) ;
#1432 = CARTESIAN_POINT ( 'NONE',  ( -0.1122047244094488277, 0.1377952755905511861, -0.1181102362204724532 ) ) ;
#1433 = EDGE_CURVE ( 'NONE', #820, #1467, #2173, .T. ) ;
#1434 = DIRECTION ( 'NONE',  ( 0.0000000000000000000, -1.000000000000000000, 0.0000000000000000000 ) ) ;
#1435 = EDGE_CURVE ( 'NONE', #1905, #2473, #4096, .T. ) ;
#1436 = VECTOR ( 'NONE', #3024, 39.37007874015748143 ) ;
#1437 = EDGE_LOOP ( 'NONE', ( #2122, #1852 ) ) ;
#1438 = ORIENTED_EDGE ( 'NONE', *, *, #1637, .F. ) ;
#1439 = DIRECTION ( 'NONE',  ( 0.0000000000000000000, 0.0000000000000000000, -1.000000000000000000 ) ) ;
#1440 = DIRECTION ( 'NONE',  ( -0.0000000000000000000, 1.000000000000000000, 0.0000000000000000000 ) ) ;
#1441 = ORIENTED_EDGE ( 'NONE', *, *, #2786, .F. ) ;
#1442 = ORIENTED_EDGE ( 'NONE', *, *, #2579, .F. ) ;
#1443 = DIRECTION ( 'NONE',  ( -0.7071067811865469066, -0.7071067811865479058, 0.0000000000000000000 ) ) ;
#1444 = CARTESIAN_POINT ( 'NONE',  ( 0.1476377952755905387, -0.06889763779527559306, 0.1023622047244094474 ) ) ;
#1445 = CC_DESIGN_APPROVAL ( #2214, ( #3559 ) ) ;
#1446 = ORIENTED_EDGE ( 'NONE', *, *, #650, .F. ) ;
#1447 = CARTESIAN_POINT ( 'NONE',  ( 0.1263219938489248129, -0.04758183636860983945, 0.1023622047244094474 ) ) ;
#1448 = CARTESIAN_POINT ( 'NONE',  ( 0.08858267716535432601, 0.1377952755905511861, -0.1122047244094488139 ) ) ;
#1449 = ORIENTED_EDGE ( 'NONE', *, *, #3159, .T. ) ;
#1450 = ORIENTED_EDGE ( 'NONE', *, *, #2606, .F. ) ;
#1451 = PLANE ( 'NONE',  #1753 ) ;
#1452 = EDGE_CURVE ( 'NONE', #357, #1309, #1509, .T. ) ;
#1453 = ORIENTED_EDGE ( 'NONE', *, *, #995, .T. ) ;
#1454 = EDGE_CURVE ( 'NONE', #3358, #2224, #3862, .T. ) ;
#1455 = VERTEX_POINT ( 'NONE', #3109 ) ;
#1456 = ORIENTED_EDGE ( 'NONE', *, *, #3078, .T. ) ;
#1457 = DIRECTION ( 'NONE',  ( 0.0000000000000000000, 0.0000000000000000000, 1.000000000000000000 ) ) ;
#1458 = CARTESIAN_POINT ( 'NONE',  ( -0.1240157480314960647, 0.02755905511811023584, -0.1023622047244094474 ) ) ;
#1459 = CARTESIAN_POINT ( 'NONE',  ( 0.0000000000000000000, 0.1299212598425196763, 0.07283464566929134798 ) ) ;
#1460 = ORIENTED_EDGE ( 'NONE', *, *, #3577, .T. ) ;
#1461 = EDGE_CURVE ( 'NONE', #3406, #1131, #2468, .T. ) ;
#1462 = EDGE_LOOP ( 'NONE', ( #3104, #2872, #573, #2694 ) ) ;
#1463 = CARTESIAN_POINT ( 'NONE',  ( 0.1181102362204724532, 0.02755905511811023584, 0.1023622047244094474 ) ) ;
#1464 = ORIENTED_EDGE ( 'NONE', *, *, #1605, .T. ) ;
#1465 = CARTESIAN_POINT ( 'NONE',  ( -0.1240157480314960647, -0.09578120915254409451, 0.07480314960629921850 ) ) ;
#1466 = CARTESIAN_POINT ( 'NONE',  ( 0.1318897637795275746, -0.1377952755905511861, -0.09350393700787401619 ) ) ;
#1467 = VERTEX_POINT ( 'NONE', #2511 ) ;
#1468 = FACE_OUTER_BOUND ( 'NONE', #99, .T. ) ;
#1469 = DIRECTION ( 'NONE',  ( 1.000000000000000000, 0.0000000000000000000, 0.0000000000000000000 ) ) ;
#1470 = CARTESIAN_POINT ( 'NONE',  ( -0.1318897637795275746, -0.1224523058384645591, 0.07480314960629921850 ) ) ;
#1471 = EDGE_LOOP ( 'NONE', ( #1127, #1082, #4104, #2153 ) ) ;
#1472 = ORIENTED_EDGE ( 'NONE', *, *, #520, .T. ) ;
#1473 = FACE_OUTER_BOUND ( 'NONE', #3405, .T. ) ;
#1474 = FACE_BOUND ( 'NONE', #763, .T. ) ;
#1475 = ADVANCED_FACE ( 'NONE', ( #1488 ), #205, .T. ) ;
#1476 = EDGE_CURVE ( 'NONE', #1378, #3452, #593, .T. ) ;
#1477 = EDGE_LOOP ( 'NONE', ( #751, #458, #2198, #1668 ) ) ;
#1478 = ORIENTED_EDGE ( 'NONE', *, *, #1875, .F. ) ;
#1479 = LINE ( 'NONE', #3430, #2713 ) ;
#1480 = DIRECTION ( 'NONE',  ( 0.0000000000000000000, 0.0000000000000000000, 1.000000000000000000 ) ) ;
#1481 = EDGE_CURVE ( 'NONE', #3485, #409, #557, .T. ) ;
#1482 = EDGE_CURVE ( 'NONE', #294, #3589, #3824, .T. ) ;
#1483 = VECTOR ( 'NONE', #2053, 39.37007874015748143 ) ;
#1484 = VECTOR ( 'NONE', #218, 39.37007874015748854 ) ;
#1485 = VERTEX_POINT ( 'NONE', #2877 ) ;
#1486 = VECTOR ( 'NONE', #3931, 39.37007874015748143 ) ;
#1487 = AXIS2_PLACEMENT_3D ( 'NONE', #3119, #828, #4106 ) ;
#1488 = FACE_OUTER_BOUND ( 'NONE', #1143, .T. ) ;
#1489 = DIRECTION ( 'NONE',  ( 0.0000000000000000000, -1.000000000000000000, 0.0000000000000000000 ) ) ;
#1490 = CARTESIAN_POINT ( 'NONE',  ( 0.1122047244094488277, 0.1377952755905511861, -0.1181102362204724532 ) ) ;
#1491 = VECTOR ( 'NONE', #3031, 39.37007874015748143 ) ;
#1492 = EDGE_LOOP ( 'NONE', ( #1664, #3396, #851, #2701 ) ) ;
#1493 = VECTOR ( 'NONE', #1112, 39.37007874015748143 ) ;
#1494 = VECTOR ( 'NONE', #3619, 39.37007874015748143 ) ;
#1495 = DIRECTION ( 'NONE',  ( -1.000000000000000000, 0.0000000000000000000, 0.0000000000000000000 ) ) ;
#1496 = CARTESIAN_POINT ( 'NONE',  ( 0.1532055652061933004, -0.07446540772587834089, 0.1023622047244094474 ) ) ;
#1497 = VECTOR ( 'NONE', #3699, 39.37007874015748143 ) ;
#1498 = ORIENTED_EDGE ( 'NONE', *, *, #2636, .F. ) ;
#1499 = VERTEX_POINT ( 'NONE', #3845 ) ;
#1500 = PLANE ( 'NONE',  #3605 ) ;
#1501 = AXIS2_PLACEMENT_3D ( 'NONE', #2196, #3500, #1495 ) ;
#1502 = LINE ( 'NONE', #1168, #3758 ) ;
#1503 = ORIENTED_EDGE ( 'NONE', *, *, #2765, .T. ) ;
#1504 = ORIENTED_EDGE ( 'NONE', *, *, #2472, .T. ) ;
#1505 = LINE ( 'NONE', #2749, #3460 ) ;
#1506 = ORIENTED_EDGE ( 'NONE', *, *, #1871, .T. ) ;
#1507 = EDGE_CURVE ( 'NONE', #3057, #2703, #3265, .T. ) ;
#1508 = EDGE_CURVE ( 'NONE', #1004, #3452, #3193, .T. ) ;
#1509 = LINE ( 'NONE', #576, #2585 ) ;
#1510 = VECTOR ( 'NONE', #1914, 39.37007874015748143 ) ;
#1511 = CYLINDRICAL_SURFACE ( 'NONE', #256, 0.02362204724409448092 ) ;
#1512 = CARTESIAN_POINT ( 'NONE',  ( -0.1240157480314960647, 0.03543307086614173179, 0.1023622047244094474 ) ) ;
#1513 = VERTEX_POINT ( 'NONE', #3214 ) ;
#1514 = EDGE_CURVE ( 'NONE', #3146, #2266, #1932, .T. ) ;
#1515 = CARTESIAN_POINT ( 'NONE',  ( 0.08858267716535432601, 0.1299212598425196763, -0.08858267716535432601 ) ) ;
#1516 = EDGE_LOOP ( 'NONE', ( #3937, #176, #2090, #2467 ) ) ;
#1517 = CARTESIAN_POINT ( 'NONE',  ( -0.1263219938489248129, -0.04758183636860983945, 0.1023622047244094474 ) ) ;
#1518 = LINE ( 'NONE', #1458, #3544 ) ;
#1519 = VERTEX_POINT ( 'NONE', #2958 ) ;
#1520 = DIRECTION ( 'NONE',  ( 0.0000000000000000000, 0.0000000000000000000, 1.000000000000000000 ) ) ;
#1521 = DIRECTION ( 'NONE',  ( 1.000000000000000000, -4.063888932435259910E-16, 0.0000000000000000000 ) ) ;
#1522 = ORIENTED_EDGE ( 'NONE', *, *, #3623, .F. ) ;
#1523 = CARTESIAN_POINT ( 'NONE',  ( 0.08858267716535432601, 0.1377952755905511861, -0.1122047244094488139 ) ) ;
#1524 = DIRECTION ( 'NONE',  ( 0.0000000000000000000, -1.000000000000000000, 0.0000000000000000000 ) ) ;
#1525 = DIRECTION ( 'NONE',  ( 0.0000000000000000000, 0.0000000000000000000, 1.000000000000000000 ) ) ;
#1526 = EDGE_CURVE ( 'NONE', #1172, #1860, #1965, .T. ) ;
#1527 = ADVANCED_FACE ( 'NONE', ( #284 ), #3925, .F. ) ;
#1528 = ORIENTED_EDGE ( 'NONE', *, *, #1923, .T. ) ;
#1529 = ORIENTED_EDGE ( 'NONE', *, *, #10, .T. ) ;
#1530 = CARTESIAN_POINT ( 'NONE',  ( 0.1318897637795275746, -0.1377952755905511861, 0.08366141732283464971 ) ) ;
#1531 = CARTESIAN_POINT ( 'NONE',  ( 0.1240157480314960647, 0.02755905511811023584, 0.1023622047244094474 ) ) ;
#1532 = DIRECTION ( 'NONE',  ( -2.454115839351809943E-16, -1.000000000000000000, 0.0000000000000000000 ) ) ;
#1533 = EDGE_CURVE ( 'NONE', #2326, #2903, #961, .T. ) ;
#1534 = ORIENTED_EDGE ( 'NONE', *, *, #3488, .T. ) ;
#1535 = LINE ( 'NONE', #2590, #815 ) ;
#1536 = FACE_BOUND ( 'NONE', #1967, .T. ) ;
#1537 = EDGE_LOOP ( 'NONE', ( #2883, #1966, #3718, #858 ) ) ;
#1538 = DIRECTION ( 'NONE',  ( 1.000000000000000000, 0.0000000000000000000, 0.0000000000000000000 ) ) ;
#1539 = DIRECTION ( 'NONE',  ( 0.0000000000000000000, 1.000000000000000000, 0.0000000000000000000 ) ) ;
#1540 = DIRECTION ( 'NONE',  ( 0.0000000000000000000, 0.0000000000000000000, 1.000000000000000000 ) ) ;
#1541 = EDGE_LOOP ( 'NONE', ( #3585, #3981, #4024, #2748 ) ) ;
#1542 = VECTOR ( 'NONE', #2269, 39.37007874015748143 ) ;
#1543 = CARTESIAN_POINT ( 'NONE',  ( 0.1240157480314960647, -0.1143824042423135789, 0.07014398974742774850 ) ) ;
#1544 = CARTESIAN_POINT ( 'NONE',  ( 0.1240157480314960647, 0.02755905511811023584, -0.07480314960629921850 ) ) ;
#1545 = ORIENTED_EDGE ( 'NONE', *, *, #362, .F. ) ;
#1546 = AXIS2_PLACEMENT_3D ( 'NONE', #1515, #2237, #3160 ) ;
#1547 = CIRCLE ( 'NONE', #3391, 0.005905511811023620231 ) ;
#1548 = EDGE_LOOP ( 'NONE', ( #2018, #2971, #1225, #2718, #2740, #2099, #3112, #3555, #364, #1107, #975, #528, #1183, #1981, #3790, #3526, #3055 ) ) ;
#1549 = CARTESIAN_POINT ( 'NONE',  ( -0.1318897637795275746, -0.04201406643800709162, -0.1023622047244094474 ) ) ;
#1550 = DIRECTION ( 'NONE',  ( 1.000000000000000000, 0.0000000000000000000, 0.0000000000000000000 ) ) ;
#1551 = VECTOR ( 'NONE', #684, 39.37007874015748143 ) ;
#1552 = VECTOR ( 'NONE', #2245, 39.37007874015748143 ) ;
#1553 = AXIS2_PLACEMENT_3D ( 'NONE', #3001, #1943, #3594 ) ;
#1554 = AXIS2_PLACEMENT_3D ( 'NONE', #690, #2623, #727 ) ;
#1555 = EDGE_LOOP ( 'NONE', ( #3897, #1777, #1720, #3665 ) ) ;
#1556 = EDGE_CURVE ( 'NONE', #1347, #2592, #2588, .T. ) ;
#1557 = EDGE_CURVE ( 'NONE', #3914, #50, #683, .T. ) ;
#1558 = DIRECTION ( 'NONE',  ( 0.0000000000000000000, 0.0000000000000000000, 1.000000000000000000 ) ) ;
#1559 = CARTESIAN_POINT ( 'NONE',  ( 0.0000000000000000000, 0.1299212598425196763, 0.0000000000000000000 ) ) ;
#1560 = CIRCLE ( 'NONE', #263, 0.02362204724409448092 ) ;
#1561 = VERTEX_POINT ( 'NONE', #2254 ) ;
#1562 = ORIENTED_EDGE ( 'NONE', *, *, #2910, .F. ) ;
#1563 = DIRECTION ( 'NONE',  ( 0.0000000000000000000, 0.0000000000000000000, 1.000000000000000000 ) ) ;
#1564 = VECTOR ( 'NONE', #1316, 39.37007874015748854 ) ;
#1565 = EDGE_CURVE ( 'NONE', #3660, #4136, #1335, .T. ) ;
#1566 = DIRECTION ( 'NONE',  ( 0.0000000000000000000, 0.0000000000000000000, 1.000000000000000000 ) ) ;
#1567 = DIRECTION ( 'NONE',  ( 0.0000000000000000000, 1.000000000000000000, 0.0000000000000000000 ) ) ;
#1568 = ORIENTED_EDGE ( 'NONE', *, *, #1171, .F. ) ;
#1569 = DIRECTION ( 'NONE',  ( 0.0000000000000000000, 0.0000000000000000000, 1.000000000000000000 ) ) ;
#1570 = CARTESIAN_POINT ( 'NONE',  ( 0.1240157480314960647, -0.04201406643800709162, 0.1023622047244094474 ) ) ;
#1571 = CARTESIAN_POINT ( 'NONE',  ( 0.1318897637795275746, -0.1024489833240242176, 0.1139111283628084642 ) ) ;
#1572 = LINE ( 'NONE', #3111, #2192 ) ;
#1573 = VERTEX_POINT ( 'NONE', #303 ) ;
#1574 = CARTESIAN_POINT ( 'NONE',  ( 0.0000000000000000000, 0.1299212598425196763, 0.07283464566929134798 ) ) ;
#1575 = CARTESIAN_POINT ( 'NONE',  ( 0.1263219938489248129, -0.04758183636860983945, -0.1023622047244094474 ) ) ;
#1576 = ORIENTED_EDGE ( 'NONE', *, *, #1269, .F. ) ;
#1577 = PLANE ( 'NONE',  #3881 ) ;
#1578 = EDGE_CURVE ( 'NONE', #1782, #4148, #1977, .T. ) ;
#1579 = ADVANCED_FACE ( 'NONE', ( #103 ), #2720, .T. ) ;
#1580 = ORIENTED_EDGE ( 'NONE', *, *, #117, .F. ) ;
#1581 = ORIENTED_EDGE ( 'NONE', *, *, #2418, .F. ) ;
#1582 = CARTESIAN_POINT ( 'NONE',  ( -0.1532055652061933004, -0.07446540772587834089, 0.07480314960629921850 ) ) ;
#1583 = LINE ( 'NONE', #3186, #1542 ) ;
#1584 = CARTESIAN_POINT ( 'NONE',  ( 0.1181102362204724532, 0.03543307086614173179, -0.1023622047244094474 ) ) ;
#1585 = ADVANCED_FACE ( 'NONE', ( #2227 ), #330, .F. ) ;
#1586 = CARTESIAN_POINT ( 'NONE',  ( -0.1181102362204724532, 0.02755905511811023584, 0.07480314960629921850 ) ) ;
#1587 = CARTESIAN_POINT ( 'NONE',  ( 0.1476377952755905387, -0.06889763779527559306, 0.1023622047244094474 ) ) ;
#1588 = CARTESIAN_POINT ( 'NONE',  ( -0.1181102362204724532, 0.03543307086614173179, -0.07480314960629921850 ) ) ;
#1589 = EDGE_LOOP ( 'NONE', ( #1653, #2999, #2404, #790 ) ) ;
#1590 = EDGE_LOOP ( 'NONE', ( #3086, #4025, #2074, #2050 ) ) ;
#1591 = CARTESIAN_POINT ( 'NONE',  ( 0.08858267716535432601, 0.1496062992125984370, 0.08858267716535432601 ) ) ;
#1592 = DIRECTION ( 'NONE',  ( 0.0000000000000000000, 0.0000000000000000000, -1.000000000000000000 ) ) ;
#1593 = LINE ( 'NONE', #4120, #3946 ) ;
#1594 = EDGE_LOOP ( 'NONE', ( #4093, #3069, #779, #1598, #542, #644, #1503, #3244 ) ) ;
#1595 = DIRECTION ( 'NONE',  ( 0.0000000000000000000, 1.000000000000000000, 0.0000000000000000000 ) ) ;
#1596 = DIRECTION ( 'NONE',  ( 0.0000000000000000000, 0.0000000000000000000, 1.000000000000000000 ) ) ;
#1597 = ORIENTED_EDGE ( 'NONE', *, *, #3174, .F. ) ;
#1598 = ORIENTED_EDGE ( 'NONE', *, *, #248, .T. ) ;
#1599 = LINE ( 'NONE', #3855, #2509 ) ;
#1600 = DIRECTION ( 'NONE',  ( 1.000000000000000000, 0.0000000000000000000, 0.0000000000000000000 ) ) ;
#1601 = EDGE_CURVE ( 'NONE', #3722, #3384, #2273, .T. ) ;
#1602 = CLOSED_SHELL ( 'NONE', ( #2034, #2061, #3916, #151, #3247, #765, #1951, #2586, #3867, #1051, #506, #940, #2663, #1103, #1893, #2498, #1216, #792, #867, #2809, #1891 ) ) ;
#1603 = DIRECTION ( 'NONE',  ( 1.445602896647339903E-16, 0.0000000000000000000, 1.000000000000000000 ) ) ;
#1604 = DIRECTION ( 'NONE',  ( 0.7071067811865469066, -0.7071067811865479058, 0.0000000000000000000 ) ) ;
#1605 = EDGE_CURVE ( 'NONE', #2747, #216, #2937, .T. ) ;
#1606 = ADVANCED_FACE ( 'NONE', ( #1026 ), #704, .F. ) ;
#1607 = CARTESIAN_POINT ( 'NONE',  ( 0.1318897637795275746, -0.09578120915254409451, 0.1023622047244094474 ) ) ;
#1608 = APPROVAL_ROLE ( '' ) ;
#1609 = ORIENTED_EDGE ( 'NONE', *, *, #90, .F. ) ;
#1610 = VECTOR ( 'NONE', #2208, 39.37007874015748143 ) ;
#1611 = DIRECTION ( 'NONE',  ( 0.0000000000000000000, -1.000000000000000000, 0.0000000000000000000 ) ) ;
#1612 = DIRECTION ( 'NONE',  ( 0.0000000000000000000, 0.0000000000000000000, 1.000000000000000000 ) ) ;
#1613 = DIRECTION ( 'NONE',  ( 0.0000000000000000000, 0.0000000000000000000, -1.000000000000000000 ) ) ;
#1614 = VECTOR ( 'NONE', #460, 39.37007874015748143 ) ;
#1615 = AXIS2_PLACEMENT_3D ( 'NONE', #2978, #69, #42 ) ;
#1616 = ORIENTED_EDGE ( 'NONE', *, *, #3730, .F. ) ;
#1617 = AXIS2_PLACEMENT_3D ( 'NONE', #3141, #1918, #3893 ) ;
#1618 = CARTESIAN_POINT ( 'NONE',  ( -0.1181102362204724532, 0.03543307086614173179, 0.1023622047244094474 ) ) ;
#1619 = AXIS2_PLACEMENT_3D ( 'NONE', #2761, #168, #4045 ) ;
#1620 = DIRECTION ( 'NONE',  ( 0.0000000000000000000, 0.0000000000000000000, -1.000000000000000000 ) ) ;
#1621 = VECTOR ( 'NONE', #2959, 39.37007874015748143 ) ;
#1622 = AXIS2_PLACEMENT_3D ( 'NONE', #3493, #2191, #2168 ) ;
#1623 = ORIENTED_EDGE ( 'NONE', *, *, #3282, .F. ) ;
#1624 = ORIENTED_EDGE ( 'NONE', *, *, #3463, .T. ) ;
#1625 = PLANE ( 'NONE',  #2446 ) ;
#1626 = FACE_OUTER_BOUND ( 'NONE', #3161, .T. ) ;
#1627 = CIRCLE ( 'NONE', #3822, 0.007874015748031499423 ) ;
#1628 = DIRECTION ( 'NONE',  ( 1.000000000000000000, 0.0000000000000000000, 0.0000000000000000000 ) ) ;
#1629 = AXIS2_PLACEMENT_3D ( 'NONE', #777, #1113, #2408 ) ;
#1630 = CARTESIAN_POINT ( 'NONE',  ( -0.1240157480314960647, 0.02755905511811023584, -0.07480314960629921850 ) ) ;
#1631 = CARTESIAN_POINT ( 'NONE',  ( 0.1181102362204724532, 0.03543307086614173179, 0.1023622047244094474 ) ) ;
#1632 = DIRECTION ( 'NONE',  ( -4.063888932435259910E-16, 1.000000000000000000, 0.0000000000000000000 ) ) ;
#1633 = DIRECTION ( 'NONE',  ( 0.0000000000000000000, -1.000000000000000000, 0.0000000000000000000 ) ) ;
#1634 = AXIS2_PLACEMENT_3D ( 'NONE', #657, #2272, #641 ) ;
#1635 = DIRECTION ( 'NONE',  ( 0.0000000000000000000, 0.0000000000000000000, 1.000000000000000000 ) ) ;
#1636 = ADVANCED_FACE ( 'NONE', ( #2416 ), #848, .T. ) ;
#1637 = EDGE_CURVE ( 'NONE', #3854, #3093, #1161, .T. ) ;
#1638 = VERTEX_POINT ( 'NONE', #3426 ) ;
#1639 = LINE ( 'NONE', #1388, #3124 ) ;
#1640 = EDGE_CURVE ( 'NONE', #3777, #521, #3725, .T. ) ;
#1641 = ORIENTED_EDGE ( 'NONE', *, *, #1018, .F. ) ;
#1642 = DIRECTION ( 'NONE',  ( 0.0000000000000000000, 0.0000000000000000000, 1.000000000000000000 ) ) ;
#1643 = LINE ( 'NONE', #2928, #37 ) ;
#1644 = ORIENTED_EDGE ( 'NONE', *, *, #2106, .F. ) ;
#1645 = ORIENTED_EDGE ( 'NONE', *, *, #3623, .T. ) ;
#1646 = DIRECTION ( 'NONE',  ( 0.0000000000000000000, -1.000000000000000000, 0.0000000000000000000 ) ) ;
#1647 = LINE ( 'NONE', #1000, #2303 ) ;
#1648 = CYLINDRICAL_SURFACE ( 'NONE', #1163, 0.007874015748031499423 ) ;
#1649 = DIRECTION ( 'NONE',  ( -1.000000000000000000, 0.0000000000000000000, 0.0000000000000000000 ) ) ;
#1650 = CYLINDRICAL_SURFACE ( 'NONE', #1634, 0.007874015748031499423 ) ;
#1651 = CARTESIAN_POINT ( 'NONE',  ( -0.1122047244094488277, 0.1299212598425196763, -0.1122047244094488277 ) ) ;
#1652 = CARTESIAN_POINT ( 'NONE',  ( -0.08858267716535432601, 0.1299212598425196763, 0.08858267716535432601 ) ) ;
#1653 = ORIENTED_EDGE ( 'NONE', *, *, #839, .F. ) ;
#1654 = CARTESIAN_POINT ( 'NONE',  ( 0.0000000000000000000, 0.1930507854200885776, 0.06669310618445786765 ) ) ;
#1655 = CARTESIAN_POINT ( 'NONE',  ( -0.1263219938489248129, -0.04758183636860983945, -0.07480314960629921850 ) ) ;
#1656 = EDGE_CURVE ( 'NONE', #369, #4026, #1779, .T. ) ;
#1657 = CARTESIAN_POINT ( 'NONE',  ( 0.1122047244094488277, 0.1377952755905511861, 0.1122047244094488277 ) ) ;
#1658 = EDGE_CURVE ( 'NONE', #2006, #3592, #803, .T. ) ;
#1659 = ORIENTED_EDGE ( 'NONE', *, *, #995, .F. ) ;
#1660 = CARTESIAN_POINT ( 'NONE',  ( -0.1240157480314960647, -0.1224523058384645591, 0.1023622047244094474 ) ) ;
#1661 = DIRECTION ( 'NONE',  ( 0.0000000000000000000, -0.9993908270190957621, 0.03489949670250103164 ) ) ;
#1662 = ADVANCED_FACE ( 'NONE', ( #2780 ), #2137, .F. ) ;
#1663 = ORIENTED_EDGE ( 'NONE', *, *, #1508, .T. ) ;
#1664 = ORIENTED_EDGE ( 'NONE', *, *, #4140, .F. ) ;
#1665 = LINE ( 'NONE', #1351, #1970 ) ;
#1666 = LINE ( 'NONE', #1396, #2915 ) ;
#1667 = CARTESIAN_POINT ( 'NONE',  ( 0.1555118110236220208, -0.06889763779527559306, 0.07480314960629921850 ) ) ;
#1668 = ORIENTED_EDGE ( 'NONE', *, *, #2690, .T. ) ;
#1669 = DIRECTION ( 'NONE',  ( -1.000000000000000000, 2.454115839351809943E-16, 0.0000000000000000000 ) ) ;
#1670 = DIRECTION ( 'NONE',  ( 0.0000000000000000000, 0.0000000000000000000, 1.000000000000000000 ) ) ;
#1671 = EDGE_LOOP ( 'NONE', ( #870, #3865, #2572, #1368 ) ) ;
#1672 = DIRECTION ( 'NONE',  ( 0.0000000000000000000, -1.000000000000000000, 0.0000000000000000000 ) ) ;
#1673 = FACE_OUTER_BOUND ( 'NONE', #3312, .T. ) ;
#1674 = DIRECTION ( 'NONE',  ( 0.0000000000000000000, -1.000000000000000000, 0.0000000000000000000 ) ) ;
#1675 = EDGE_LOOP ( 'NONE', ( #3695, #686, #3466, #4126 ) ) ;
#1676 = VERTEX_POINT ( 'NONE', #1166 ) ;
#1677 = CARTESIAN_POINT ( 'NONE',  ( -0.1240157480314960647, 0.02755905511811023584, -0.1023622047244094474 ) ) ;
#1678 = CARTESIAN_POINT ( 'NONE',  ( -0.1181102362204724532, 0.1299212598425196763, -0.1122047244094488277 ) ) ;
#1679 = VECTOR ( 'NONE', #59, 39.37007874015748143 ) ;
#1680 = AXIS2_PLACEMENT_3D ( 'NONE', #260, #958, #2874 ) ;
#1681 = EDGE_CURVE ( 'NONE', #344, #4192, #1518, .T. ) ;
#1682 = EDGE_LOOP ( 'NONE', ( #2005, #887, #3189, #1177, #2668, #1830, #232, #3829, #900, #139, #2134, #793, #3345, #1926, #2200, #4157, #4037 ) ) ;
#1683 = EDGE_CURVE ( 'NONE', #3390, #3808, #545, .T. ) ;
#1684 = AXIS2_PLACEMENT_3D ( 'NONE', #3178, #247, #1550 ) ;
#1685 = AXIS2_PLACEMENT_3D ( 'NONE', #909, #274, #3852 ) ;
#1686 = ORIENTED_EDGE ( 'NONE', *, *, #361, .T. ) ;
#1687 = DIRECTION ( 'NONE',  ( 0.0000000000000000000, -1.000000000000000000, 0.0000000000000000000 ) ) ;
#1688 = DIRECTION ( 'NONE',  ( 3.519431053647356462E-16, 0.8660254037844389297, 0.4999999999999994449 ) ) ;
#1689 = CARTESIAN_POINT ( 'NONE',  ( 0.0000000000000000000, 0.1377952755905511861, 0.07283464566929134798 ) ) ;
#1690 = CIRCLE ( 'NONE', #885, 0.02362204724409448092 ) ;
#1691 = VECTOR ( 'NONE', #3090, 39.37007874015748143 ) ;
#1692 = EDGE_CURVE ( 'NONE', #3854, #1467, #2462, .T. ) ;
#1693 = EDGE_LOOP ( 'NONE', ( #1056, #2807 ) ) ;
#1694 = AXIS2_PLACEMENT_3D ( 'NONE', #3020, #982, #345 ) ;
#1695 = VECTOR ( 'NONE', #3775, 39.37007874015748143 ) ;
#1696 = CARTESIAN_POINT ( 'NONE',  ( 0.1240157480314960647, 0.03543307086614173179, -0.07480314960629921850 ) ) ;
#1697 = CARTESIAN_POINT ( 'NONE',  ( 0.08858267716535432601, 0.1181102362204724532, -0.08858267716535432601 ) ) ;
#1698 = CIRCLE ( 'NONE', #4090, 0.02362204724409448092 ) ;
#1699 = EDGE_LOOP ( 'NONE', ( #3666, #258, #243, #1776 ) ) ;
#1700 = CIRCLE ( 'NONE', #1771, 0.02362204724409448092 ) ;
#1701 = DIRECTION ( 'NONE',  ( 0.0000000000000000000, -1.000000000000000000, 0.0000000000000000000 ) ) ;
#1702 = DIRECTION ( 'NONE',  ( 0.0000000000000000000, 0.0000000000000000000, 1.000000000000000000 ) ) ;
#1703 = DIRECTION ( 'NONE',  ( -2.454115839351809943E-16, -1.000000000000000000, 0.0000000000000000000 ) ) ;
#1704 = EDGE_LOOP ( 'NONE', ( #2547, #2534, #2348, #3320 ) ) ;
#1705 = CARTESIAN_POINT ( 'NONE',  ( 0.08858267716535432601, 0.1377952755905511861, -0.06496062992125983815 ) ) ;
#1706 = DIRECTION ( 'NONE',  ( 0.0000000000000000000, 1.000000000000000000, 0.0000000000000000000 ) ) ;
#1707 = CARTESIAN_POINT ( 'NONE',  ( 0.0000000000000000000, 0.1299212598425196763, 0.06889763779527559306 ) ) ;
#1708 = ORIENTED_EDGE ( 'NONE', *, *, #3462, .F. ) ;
#1709 = ORIENTED_EDGE ( 'NONE', *, *, #1400, .F. ) ;
#1710 = DIRECTION ( 'NONE',  ( 0.0000000000000000000, 0.4999999999999995004, -0.8660254037844390407 ) ) ;
#1711 = DIRECTION ( 'NONE',  ( 0.0000000000000000000, 0.0000000000000000000, 1.000000000000000000 ) ) ;
#1712 = CIRCLE ( 'NONE', #2677, 0.02362204724409448092 ) ;
#1713 = DIRECTION ( 'NONE',  ( -1.000000000000000000, 2.454115839351809943E-16, 0.0000000000000000000 ) ) ;
#1714 = EDGE_CURVE ( 'NONE', #3177, #2734, #2120, .T. ) ;
#1715 = EDGE_CURVE ( 'NONE', #3967, #1770, #2243, .T. ) ;
#1716 = ORIENTED_EDGE ( 'NONE', *, *, #3204, .T. ) ;
#1717 = DIRECTION ( 'NONE',  ( -1.000000000000000000, -4.063888932435259910E-16, 0.0000000000000000000 ) ) ;
#1718 = CARTESIAN_POINT ( 'NONE',  ( -0.1122047244094488277, 0.0000000000000000000, 0.1181102362204724532 ) ) ;
#1719 = EDGE_CURVE ( 'NONE', #4192, #3267, #4107, .T. ) ;
#1720 = ORIENTED_EDGE ( 'NONE', *, *, #224, .T. ) ;
#1721 = FACE_OUTER_BOUND ( 'NONE', #1425, .T. ) ;
#1722 = FACE_OUTER_BOUND ( 'NONE', #3727, .T. ) ;
#1723 = FACE_OUTER_BOUND ( 'NONE', #636, .T. ) ;
#1724 = ORIENTED_EDGE ( 'NONE', *, *, #1070, .T. ) ;
#1725 = ORIENTED_EDGE ( 'NONE', *, *, #2631, .F. ) ;
#1726 = CARTESIAN_POINT ( 'NONE',  ( -0.08858267716535432601, 0.1377952755905511861, -0.1122047244094488139 ) ) ;
#1727 = VERTEX_POINT ( 'NONE', #2401 ) ;
#1728 = ORIENTED_EDGE ( 'NONE', *, *, #3025, .F. ) ;
#1729 = ORIENTED_EDGE ( 'NONE', *, *, #146, .T. ) ;
#1730 = CARTESIAN_POINT ( 'NONE',  ( 0.1240157480314960647, -0.04201406643800709162, -0.1023622047244094474 ) ) ;
#1731 = CARTESIAN_POINT ( 'NONE',  ( -0.08858267716535432601, 0.1377952755905511861, -0.08858267716535432601 ) ) ;
#1732 = DIRECTION ( 'NONE',  ( 0.0000000000000000000, 0.0000000000000000000, -1.000000000000000000 ) ) ;
#1733 = DIRECTION ( 'NONE',  ( 0.0000000000000000000, 0.0000000000000000000, 1.000000000000000000 ) ) ;
#1734 = ORIENTED_EDGE ( 'NONE', *, *, #575, .F. ) ;
#1735 = DIRECTION ( 'NONE',  ( 0.0000000000000000000, 1.000000000000000000, 0.0000000000000000000 ) ) ;
#1736 = DIRECTION ( 'NONE',  ( 1.000000000000000000, 0.0000000000000000000, 0.0000000000000000000 ) ) ;
#1737 = ORIENTED_EDGE ( 'NONE', *, *, #3252, .T. ) ;
#1738 = ADVANCED_FACE ( 'NONE', ( #3708 ), #193, .T. ) ;
#1739 = ADVANCED_FACE ( 'NONE', ( #3222 ), #293, .T. ) ;
#1740 = LINE ( 'NONE', #3012, #4155 ) ;
#1741 = CARTESIAN_POINT ( 'NONE',  ( -0.1476377952755905387, -0.06889763779527559306, -0.1023622047244094474 ) ) ;
#1742 = DIRECTION ( 'NONE',  ( -4.063888932435259910E-16, -1.000000000000000000, 0.0000000000000000000 ) ) ;
#1743 = ORIENTED_EDGE ( 'NONE', *, *, #1461, .F. ) ;
#1744 = CYLINDRICAL_SURFACE ( 'NONE', #3316, 0.007874015748031499423 ) ;
#1745 = DIRECTION ( 'NONE',  ( 1.000000000000000000, 1.478036555683235174E-47, 6.022684552957449548E-32 ) ) ;
#1746 = CARTESIAN_POINT ( 'NONE',  ( -0.1476377952755905387, -0.06889763779527559306, 0.1023622047244094474 ) ) ;
#1747 = EDGE_LOOP ( 'NONE', ( #1126, #3714, #2568, #2766 ) ) ;
#1748 = ORIENTED_EDGE ( 'NONE', *, *, #1330, .T. ) ;
#1749 = PLANE ( 'NONE',  #4216 ) ;
#1750 = VECTOR ( 'NONE', #3987, 39.37007874015748143 ) ;
#1751 = DIRECTION ( 'NONE',  ( 0.0000000000000000000, 0.0000000000000000000, -1.000000000000000000 ) ) ;
#1752 = CARTESIAN_POINT ( 'NONE',  ( 0.1240157480314960647, -0.04201406643800709162, -0.07480314960629921850 ) ) ;
#1753 = AXIS2_PLACEMENT_3D ( 'NONE', #798, #4021, #481 ) ;
#1754 = VECTOR ( 'NONE', #1375, 39.37007874015748143 ) ;
#1755 = ORIENTED_EDGE ( 'NONE', *, *, #3973, .T. ) ;
#1756 = EDGE_LOOP ( 'NONE', ( #2887, #775, #209, #273 ) ) ;
#1757 = DIRECTION ( 'NONE',  ( 0.0000000000000000000, 0.0000000000000000000, 1.000000000000000000 ) ) ;
#1758 = CARTESIAN_POINT ( 'NONE',  ( 0.1476377952755905387, -0.06889763779527559306, 0.1023622047244094474 ) ) ;
#1759 = VECTOR ( 'NONE', #1850, 39.37007874015748143 ) ;
#1760 = AXIS2_PLACEMENT_3D ( 'NONE', #582, #2832, #1180 ) ;
#1761 = PERSON_AND_ORGANIZATION_ROLE ( 'classification_officer' ) ;
#1762 = VECTOR ( 'NONE', #2485, 39.37007874015748143 ) ;
#1763 = ORIENTED_EDGE ( 'NONE', *, *, #3793, .F. ) ;
#1764 = CARTESIAN_POINT ( 'NONE',  ( -0.1181102362204724532, 0.02755905511811023584, -0.07480314960629921850 ) ) ;
#1765 = CARTESIAN_POINT ( 'NONE',  ( 0.1318897637795275746, -0.1377952755905511861, -0.08366141732283464971 ) ) ;
#1766 = DIRECTION ( 'NONE',  ( 0.7071067811865469066, -0.7071067811865479058, 0.0000000000000000000 ) ) ;
#1767 = AXIS2_PLACEMENT_3D ( 'NONE', #3966, #65, #1063 ) ;
#1768 = EDGE_CURVE ( 'NONE', #2703, #3814, #254, .T. ) ;
#1769 = EDGE_CURVE ( 'NONE', #229, #2501, #2265, .T. ) ;
#1770 = VERTEX_POINT ( 'NONE', #3835 ) ;
#1771 = AXIS2_PLACEMENT_3D ( 'NONE', #2405, #3713, #3383 ) ;
#1772 = LINE ( 'NONE', #780, #2495 ) ;
#1773 = CARTESIAN_POINT ( 'NONE',  ( -0.1240157480314960647, 0.02755905511811023584, 0.1023622047244094474 ) ) ;
#1774 = DIRECTION ( 'NONE',  ( 0.0000000000000000000, 0.0000000000000000000, 1.000000000000000000 ) ) ;
#1775 = ADVANCED_FACE ( 'NONE', ( #2219 ), #2500, .T. ) ;
#1776 = ORIENTED_EDGE ( 'NONE', *, *, #1070, .F. ) ;
#1777 = ORIENTED_EDGE ( 'NONE', *, *, #860, .F. ) ;
#1778 = CARTESIAN_POINT ( 'NONE',  ( -0.08858267716535432601, 0.1496062992125984370, -0.06496062992125983815 ) ) ;
#1779 = LINE ( 'NONE', #2745, #1614 ) ;
#1780 = LINE ( 'NONE', #1459, #3477 ) ;
#1781 = ORIENTED_EDGE ( 'NONE', *, *, #1557, .F. ) ;
#1782 = VERTEX_POINT ( 'NONE', #1859 ) ;
#1783 = DIRECTION ( 'NONE',  ( 0.0000000000000000000, 0.0000000000000000000, -1.000000000000000000 ) ) ;
#1784 = CARTESIAN_POINT ( 'NONE',  ( 0.1240157480314960647, -0.09578120915254409451, 0.1023622047244094474 ) ) ;
#1785 = APPROVAL_DATE_TIME ( #157, #2214 ) ;
#1786 = AXIS2_PLACEMENT_3D ( 'NONE', #2470, #3451, #2170 ) ;
#1787 = ORIENTED_EDGE ( 'NONE', *, *, #3690, .T. ) ;
#1788 = DIRECTION ( 'NONE',  ( 0.0000000000000000000, 0.0000000000000000000, 1.000000000000000000 ) ) ;
#1789 = CARTESIAN_POINT ( 'NONE',  ( 0.1318897637795275746, -0.1377952755905511861, 0.09350393700787401619 ) ) ;
#1790 = CARTESIAN_POINT ( 'NONE',  ( -0.1181102362204724532, 0.1299212598425196763, 0.1181102362204724532 ) ) ;
#1791 = VERTEX_POINT ( 'NONE', #2246 ) ;
#1792 = ADVANCED_FACE ( 'NONE', ( #2567 ), #3874, .T. ) ;
#1793 = ADVANCED_FACE ( 'NONE', ( #930 ), #634, .F. ) ;
#1794 = CARTESIAN_POINT ( 'NONE',  ( 0.0000000000000000000, 0.0000000000000000000, 0.0000000000000000000 ) ) ;
#1795 = DIRECTION ( 'NONE',  ( 0.0000000000000000000, 0.0000000000000000000, -1.000000000000000000 ) ) ;
#1796 = EDGE_LOOP ( 'NONE', ( #697, #687, #981, #3342 ) ) ;
#1797 = EDGE_CURVE ( 'NONE', #1860, #3854, #2869, .T. ) ;
#1798 = EDGE_CURVE ( 'NONE', #2182, #357, #2820, .T. ) ;
#1799 = DIRECTION ( 'NONE',  ( -0.7071067811865479058, -0.7071067811865469066, 0.0000000000000000000 ) ) ;
#1800 = DIRECTION ( 'NONE',  ( 0.0000000000000000000, 1.000000000000000000, 0.0000000000000000000 ) ) ;
#1801 = ORIENTED_EDGE ( 'NONE', *, *, #3153, .T. ) ;
#1802 = ORIENTED_EDGE ( 'NONE', *, *, #1435, .T. ) ;
#1803 = CARTESIAN_POINT ( 'NONE',  ( -0.1240157480314960647, 0.02755905511811023584, 0.1023622047244094474 ) ) ;
#1804 = ORIENTED_EDGE ( 'NONE', *, *, #1275, .F. ) ;
#1805 = CARTESIAN_POINT ( 'NONE',  ( 0.1240157480314960647, -0.1377952755905511861, 0.09350393700787401619 ) ) ;
#1806 = CARTESIAN_POINT ( 'NONE',  ( -0.1181102362204724532, 0.02755905511811023584, -0.07480314960629921850 ) ) ;
#1807 = DIRECTION ( 'NONE',  ( 0.0000000000000000000, 1.000000000000000000, 0.0000000000000000000 ) ) ;
#1808 = ORIENTED_EDGE ( 'NONE', *, *, #67, .F. ) ;
#1809 = CYLINDRICAL_SURFACE ( 'NONE', #3551, 0.007874015748031499423 ) ;
#1810 = CARTESIAN_POINT ( 'NONE',  ( -0.1555118110236220763, -0.1377952755905511861, -0.09350393700787401619 ) ) ;
#1811 = VERTEX_POINT ( 'NONE', #3553 ) ;
#1812 = VERTEX_POINT ( 'NONE', #609 ) ;
#1813 = DIRECTION ( 'NONE',  ( 2.454115839351809943E-16, -1.000000000000000000, 0.0000000000000000000 ) ) ;
#1814 = CARTESIAN_POINT ( 'NONE',  ( -0.1181102362204724532, 0.02755905511811023584, -0.1023622047244094474 ) ) ;
#1815 = ADVANCED_FACE ( 'NONE', ( #567, #3163, #1536, #2840, #4145, #910 ), #2546, .T. ) ;
#1816 = EDGE_CURVE ( 'NONE', #286, #2460, #2280, .T. ) ;
#1817 = ORIENTED_EDGE ( 'NONE', *, *, #3287, .F. ) ;
#1818 = VERTEX_POINT ( 'NONE', #342 ) ;
#1819 = DIRECTION ( 'NONE',  ( 0.0000000000000000000, 0.0000000000000000000, -1.000000000000000000 ) ) ;
#1820 = VECTOR ( 'NONE', #3461, 39.37007874015748143 ) ;
#1821 = CIRCLE ( 'NONE', #4010, 0.003937007874015749712 ) ;
#1822 = EDGE_CURVE ( 'NONE', #1676, #1865, #3615, .T. ) ;
#1823 = ORIENTED_EDGE ( 'NONE', *, *, #3859, .T. ) ;
#1824 = CIRCLE ( 'NONE', #4215, 0.007874015748031499423 ) ;
#1825 = VECTOR ( 'NONE', #3614, 39.37007874015748143 ) ;
#1826 = DIRECTION ( 'NONE',  ( 1.000000000000000000, 0.0000000000000000000, 0.0000000000000000000 ) ) ;
#1827 = DIRECTION ( 'NONE',  ( 0.0000000000000000000, 0.0000000000000000000, -1.000000000000000000 ) ) ;
#1828 = DIRECTION ( 'NONE',  ( 0.0000000000000000000, 0.0000000000000000000, 1.000000000000000000 ) ) ;
#1829 = VECTOR ( 'NONE', #1253, 39.37007874015748143 ) ;
#1830 = ORIENTED_EDGE ( 'NONE', *, *, #3711, .F. ) ;
#1831 = VECTOR ( 'NONE', #4131, 39.37007874015748143 ) ;
#1832 = CIRCLE ( 'NONE', #1694, 0.02362204724409448092 ) ;
#1833 = FACE_OUTER_BOUND ( 'NONE', #4108, .T. ) ;
#1834 = VECTOR ( 'NONE', #4062, 39.37007874015748143 ) ;
#1835 = CARTESIAN_POINT ( 'NONE',  ( 0.1181102362204724532, 0.1377952755905511861, 0.1122047244094488277 ) ) ;
#1836 = AXIS2_PLACEMENT_3D ( 'NONE', #2438, #1080, #3751 ) ;
#1837 = ORIENTED_EDGE ( 'NONE', *, *, #1433, .T. ) ;
#1838 = CARTESIAN_POINT ( 'NONE',  ( -0.08858267716535432601, 0.1377952755905511861, 0.06496062992125983815 ) ) ;
#1839 = CARTESIAN_POINT ( 'NONE',  ( -0.1476377952755905387, -0.06889763779527559306, 0.07480314960629921850 ) ) ;
#1840 = AXIS2_PLACEMENT_3D ( 'NONE', #3297, #2979, #1361 ) ;
#1841 = ORIENTED_EDGE ( 'NONE', *, *, #2497, .T. ) ;
#1842 = ORIENTED_EDGE ( 'NONE', *, *, #682, .T. ) ;
#1843 = CARTESIAN_POINT ( 'NONE',  ( -0.1555118110236220763, -0.1377952755905511861, 0.08366141732283464971 ) ) ;
#1844 = CARTESIAN_POINT ( 'NONE',  ( 0.0000000000000000000, 0.1929133858267716439, 0.0000000000000000000 ) ) ;
#1845 = EDGE_CURVE ( 'NONE', #549, #1676, #2309, .T. ) ;
#1846 = EDGE_CURVE ( 'NONE', #3957, #1770, #717, .T. ) ;
#1847 = ORIENTED_EDGE ( 'NONE', *, *, #3441, .T. ) ;
#1848 = EDGE_CURVE ( 'NONE', #1499, #457, #1643, .T. ) ;
#1849 = DIRECTION ( 'NONE',  ( 0.0000000000000000000, 0.0000000000000000000, -1.000000000000000000 ) ) ;
#1850 = DIRECTION ( 'NONE',  ( -1.000000000000000000, 0.0000000000000000000, 0.0000000000000000000 ) ) ;
#1851 = FACE_OUTER_BOUND ( 'NONE', #3719, .T. ) ;
#1852 = ORIENTED_EDGE ( 'NONE', *, *, #3760, .T. ) ;
#1853 = ORIENTED_EDGE ( 'NONE', *, *, #4070, .T. ) ;
#1854 = DESIGN_CONTEXT ( 'detailed design', #2554, 'design' ) ;
#1855 = FACE_BOUND ( 'NONE', #311, .T. ) ;
#1856 = LINE ( 'NONE', #2817, #44 ) ;
#1857 = ORIENTED_EDGE ( 'NONE', *, *, #415, .F. ) ;
#1858 = LINE ( 'NONE', #1517, #2510 ) ;
#1859 = CARTESIAN_POINT ( 'NONE',  ( 0.1240157480314960647, 0.03543307086614173179, 0.1023622047244094474 ) ) ;
#1860 = VERTEX_POINT ( 'NONE', #3331 ) ;
#1861 = VERTEX_POINT ( 'NONE', #1392 ) ;
#1862 = CARTESIAN_POINT ( 'NONE',  ( 0.1122047244094488277, 0.1299212598425196763, 0.1181102362204724532 ) ) ;
#1863 = DIRECTION ( 'NONE',  ( -2.454115839351809943E-16, -1.000000000000000000, 0.0000000000000000000 ) ) ;
#1864 = DIRECTION ( 'NONE',  ( 0.0000000000000000000, 0.0000000000000000000, -1.000000000000000000 ) ) ;
#1865 = VERTEX_POINT ( 'NONE', #2949 ) ;
#1866 = CARTESIAN_POINT ( 'NONE',  ( 0.1476377952755905387, -0.06889763779527559306, -0.1023622047244094474 ) ) ;
#1867 = DIRECTION ( 'NONE',  ( 0.0000000000000000000, 0.0000000000000000000, 1.000000000000000000 ) ) ;
#1868 = DIRECTION ( 'NONE',  ( -1.000000000000000000, 0.0000000000000000000, 0.0000000000000000000 ) ) ;
#1869 = EDGE_LOOP ( 'NONE', ( #2548, #3851, #2077, #3301 ) ) ;
#1870 = ADVANCED_FACE ( 'NONE', ( #81 ), #2983, .T. ) ;
#1871 = EDGE_CURVE ( 'NONE', #820, #2065, #2008, .T. ) ;
#1872 = ORIENTED_EDGE ( 'NONE', *, *, #3442, .T. ) ;
#1873 = DIRECTION ( 'NONE',  ( 0.0000000000000000000, 1.000000000000000000, 0.0000000000000000000 ) ) ;
#1874 = LINE ( 'NONE', #2862, #1151 ) ;
#1875 = EDGE_CURVE ( 'NONE', #3833, #3276, #3591, .T. ) ;
#1876 = ORIENTED_EDGE ( 'NONE', *, *, #3153, .F. ) ;
#1877 = CARTESIAN_POINT ( 'NONE',  ( -0.1263219938489248129, -0.09021343922194134668, -0.1023622047244094474 ) ) ;
#1878 = ORIENTED_EDGE ( 'NONE', *, *, #2667, .F. ) ;
#1879 = CARTESIAN_POINT ( 'NONE',  ( 0.0000000000000000000, 0.1299212598425196763, 0.0000000000000000000 ) ) ;
#1880 = CARTESIAN_POINT ( 'NONE',  ( -0.1318897637795275746, -0.04201406643800709162, 0.1023622047244094474 ) ) ;
#1881 = FACE_OUTER_BOUND ( 'NONE', #3986, .T. ) ;
#1882 = DIRECTION ( 'NONE',  ( 0.0000000000000000000, 0.0000000000000000000, 1.000000000000000000 ) ) ;
#1883 = DIRECTION ( 'NONE',  ( 0.0000000000000000000, 0.0000000000000000000, 1.000000000000000000 ) ) ;
#1884 = VECTOR ( 'NONE', #2399, 39.37007874015748143 ) ;
#1885 = CARTESIAN_POINT ( 'NONE',  ( 0.08858267716535432601, 0.1496062992125984370, -0.06496062992125983815 ) ) ;
#1886 = DIRECTION ( 'NONE',  ( -0.7071067811865480168, -0.7071067811865470176, 0.0000000000000000000 ) ) ;
#1887 = VECTOR ( 'NONE', #1007, 39.37007874015748143 ) ;
#1888 = AXIS2_PLACEMENT_3D ( 'NONE', #1794, #3095, #1469 ) ;
#1889 = ORIENTED_EDGE ( 'NONE', *, *, #2396, .T. ) ;
#1890 = DIRECTION ( 'NONE',  ( 3.519431053647356462E-16, 0.8660254037844389297, -0.4999999999999994449 ) ) ;
#1891 = ADVANCED_FACE ( 'NONE', ( #9 ), #665, .F. ) ;
#1892 = DIRECTION ( 'NONE',  ( 0.0000000000000000000, 0.4999999999999995004, -0.8660254037844390407 ) ) ;
#1893 = ADVANCED_FACE ( 'NONE', ( #1963 ), #1371, .F. ) ;
#1894 = AXIS2_PLACEMENT_3D ( 'NONE', #2210, #2489, #3863 ) ;
#1895 = AXIS2_PLACEMENT_3D ( 'NONE', #2362, #2426, #1788 ) ;
#1896 = VECTOR ( 'NONE', #2972, 39.37007874015748143 ) ;
#1897 = VECTOR ( 'NONE', #2117, 39.37007874015748143 ) ;
#1898 = ORIENTED_EDGE ( 'NONE', *, *, #3386, .F. ) ;
#1899 = FACE_OUTER_BOUND ( 'NONE', #1671, .T. ) ;
#1900 = DIRECTION ( 'NONE',  ( -0.0000000000000000000, 1.000000000000000000, 0.0000000000000000000 ) ) ;
#1901 = EDGE_CURVE ( 'NONE', #598, #2224, #2696, .T. ) ;
#1902 = AXIS2_PLACEMENT_3D ( 'NONE', #917, #2753, #1229 ) ;
#1903 = CC_DESIGN_PERSON_AND_ORGANIZATION_ASSIGNMENT ( #2601, #3907, ( #3868 ) ) ;
#1904 = EDGE_LOOP ( 'NONE', ( #3962, #2622, #805, #57, #1506, #1941, #1876, #942 ) ) ;
#1905 = VERTEX_POINT ( 'NONE', #994 ) ;
#1906 = DIRECTION ( 'NONE',  ( 0.7071067811865479058, -0.7071067811865469066, 0.0000000000000000000 ) ) ;
#1907 = CIRCLE ( 'NONE', #4030, 0.06669310618445786765 ) ;
#1908 = FACE_OUTER_BOUND ( 'NONE', #3873, .T. ) ;
#1909 = CARTESIAN_POINT ( 'NONE',  ( 0.1122047244094488277, 0.1377952755905511861, 0.1181102362204724532 ) ) ;
#1910 = ORIENTED_EDGE ( 'NONE', *, *, #2891, .T. ) ;
#1911 = DIRECTION ( 'NONE',  ( 0.0000000000000000000, -1.000000000000000000, 0.0000000000000000000 ) ) ;
#1912 = DIRECTION ( 'NONE',  ( 1.000000000000000000, 0.0000000000000000000, 0.0000000000000000000 ) ) ;
#1913 = CARTESIAN_POINT ( 'NONE',  ( 0.1181102362204724532, 0.1299212598425196763, -0.1122047244094488277 ) ) ;
#1914 = DIRECTION ( 'NONE',  ( 0.0000000000000000000, 0.0000000000000000000, 1.000000000000000000 ) ) ;
#1915 = EDGE_LOOP ( 'NONE', ( #1456, #333, #3982, #2395 ) ) ;
#1916 = EDGE_LOOP ( 'NONE', ( #1872, #1310, #2375, #167 ) ) ;
#1917 = DIRECTION ( 'NONE',  ( 0.0000000000000000000, 0.0000000000000000000, -1.000000000000000000 ) ) ;
#1918 = DIRECTION ( 'NONE',  ( 0.0000000000000000000, 0.0000000000000000000, 1.000000000000000000 ) ) ;
#1919 = CIRCLE ( 'NONE', #2744, 0.007874015748031499423 ) ;
#1920 = EDGE_CURVE ( 'NONE', #1212, #864, #2368, .T. ) ;
#1921 = ORIENTED_EDGE ( 'NONE', *, *, #3807, .F. ) ;
#1922 = DIRECTION ( 'NONE',  ( 0.0000000000000000000, 0.0000000000000000000, -1.000000000000000000 ) ) ;
#1923 = EDGE_CURVE ( 'NONE', #850, #2406, #3934, .T. ) ;
#1924 = ORIENTED_EDGE ( 'NONE', *, *, #2871, .F. ) ;
#1925 = EDGE_CURVE ( 'NONE', #869, #3967, #3269, .T. ) ;
#1926 = ORIENTED_EDGE ( 'NONE', *, *, #822, .T. ) ;
#1927 = LINE ( 'NONE', #2530, #2175 ) ;
#1928 = CARTESIAN_POINT ( 'NONE',  ( -0.1476377952755905387, -0.06889763779527559306, 0.07480314960629921850 ) ) ;
#1929 = ORIENTED_EDGE ( 'NONE', *, *, #2662, .F. ) ;
#1930 = CARTESIAN_POINT ( 'NONE',  ( 0.1318897637795275746, -0.04201406643800709162, -0.07480314960629921850 ) ) ;
#1931 = LINE ( 'NONE', #43, #3274 ) ;
#1932 = LINE ( 'NONE', #19, #3404 ) ;
#1933 = CARTESIAN_POINT ( 'NONE',  ( 0.1555118110236220763, -0.1377952755905511861, 0.09350393700787401619 ) ) ;
#1934 = PERSON_AND_ORGANIZATION_ROLE ( 'design_owner' ) ;
#1935 = ORIENTED_EDGE ( 'NONE', *, *, #40, .T. ) ;
#1936 = FACE_OUTER_BOUND ( 'NONE', #443, .T. ) ;
#1937 = DIRECTION ( 'NONE',  ( 0.0000000000000000000, 1.000000000000000000, 0.0000000000000000000 ) ) ;
#1938 = DIRECTION ( 'NONE',  ( 0.0000000000000000000, 0.0000000000000000000, 1.000000000000000000 ) ) ;
#1939 = ORIENTED_EDGE ( 'NONE', *, *, #1946, .T. ) ;
#1940 = PLANE ( 'NONE',  #120 ) ;
#1941 = ORIENTED_EDGE ( 'NONE', *, *, #2527, .F. ) ;
#1942 = VERTEX_POINT ( 'NONE', #1058 ) ;
#1943 = DIRECTION ( 'NONE',  ( 0.0000000000000000000, -1.000000000000000000, 0.0000000000000000000 ) ) ;
#1944 = LINE ( 'NONE', #1880, #1484 ) ;
#1945 = EDGE_CURVE ( 'NONE', #3291, #874, #2969, .T. ) ;
#1946 = EDGE_CURVE ( 'NONE', #598, #3307, #1343, .T. ) ;
#1947 = ORIENTED_EDGE ( 'NONE', *, *, #3935, .F. ) ;
#1948 = LINE ( 'NONE', #3170, #1079 ) ;
#1949 = DIRECTION ( 'NONE',  ( -1.000000000000000000, 0.0000000000000000000, 0.0000000000000000000 ) ) ;
#1950 = CARTESIAN_POINT ( 'NONE',  ( 0.1240157480314960647, -0.09578120915254409451, -0.1023622047244094474 ) ) ;
#1951 = ADVANCED_FACE ( 'NONE', ( #2026 ), #1074, .T. ) ;
#1952 = CARTESIAN_POINT ( 'NONE',  ( -0.1318897637795275746, -0.1377952755905511861, 0.08366141732283464971 ) ) ;
#1953 = EDGE_LOOP ( 'NONE', ( #2313, #2751, #1910, #128 ) ) ;
#1954 = CARTESIAN_POINT ( 'NONE',  ( -0.1181102362204724532, 0.1299212598425196763, -0.1181102362204724532 ) ) ;
#1955 = DIRECTION ( 'NONE',  ( 0.0000000000000000000, -1.000000000000000000, 0.0000000000000000000 ) ) ;
#1956 = CYLINDRICAL_SURFACE ( 'NONE', #3809, 0.005905511811023620231 ) ;
#1957 = AXIS2_PLACEMENT_3D ( 'NONE', #3219, #2836, #228 ) ;
#1958 = AXIS2_PLACEMENT_3D ( 'NONE', #1016, #1711, #2013 ) ;
#1959 = ORIENTED_EDGE ( 'NONE', *, *, #3437, .T. ) ;
#1960 = AXIS2_PLACEMENT_3D ( 'NONE', #3450, #1633, #643 ) ;
#1961 = DIRECTION ( 'NONE',  ( 0.7071067811865479058, -0.7071067811865469066, 0.0000000000000000000 ) ) ;
#1962 = AXIS2_PLACEMENT_3D ( 'NONE', #785, #440, #2075 ) ;
#1963 = FACE_OUTER_BOUND ( 'NONE', #1537, .T. ) ;
#1964 = VECTOR ( 'NONE', #4183, 39.37007874015748143 ) ;
#1965 = CIRCLE ( 'NONE', #123, 0.005905511811023620231 ) ;
#1966 = ORIENTED_EDGE ( 'NONE', *, *, #2690, .F. ) ;
#1967 = EDGE_LOOP ( 'NONE', ( #2032, #2881 ) ) ;
#1968 = CYLINDRICAL_SURFACE ( 'NONE', #1553, 0.02362204724409448092 ) ;
#1969 = CARTESIAN_POINT ( 'NONE',  ( 0.1122047244094488277, 0.1299212598425196763, -0.1122047244094488277 ) ) ;
#1970 = VECTOR ( 'NONE', #2658, 39.37007874015748143 ) ;
#1971 = VECTOR ( 'NONE', #1353, 39.37007874015748143 ) ;
#1972 = VERTEX_POINT ( 'NONE', #1496 ) ;
#1973 = EDGE_CURVE ( 'NONE', #1411, #3833, #3704, .T. ) ;
#1974 = EDGE_CURVE ( 'NONE', #1236, #1314, #3258, .T. ) ;
#1975 = DIRECTION ( 'NONE',  ( 0.0000000000000000000, 0.0000000000000000000, -1.000000000000000000 ) ) ;
#1976 = CARTESIAN_POINT ( 'NONE',  ( 0.1263219938489248129, -0.04758183636860983945, -0.07480314960629921850 ) ) ;
#1977 = LINE ( 'NONE', #4220, #4210 ) ;
#1978 = FACE_OUTER_BOUND ( 'NONE', #3572, .T. ) ;
#1979 = VECTOR ( 'NONE', #2423, 39.37007874015748143 ) ;
#1980 = APPROVAL_STATUS ( 'not_yet_approved' ) ;
#1981 = ORIENTED_EDGE ( 'NONE', *, *, #3462, .T. ) ;
#1982 = ADVANCED_FACE ( 'NONE', ( #781 ), #2089, .T. ) ;
#1983 = PLANE ( 'NONE',  #1355 ) ;
#1984 = DIRECTION ( 'NONE',  ( 0.0000000000000000000, 0.0000000000000000000, 1.000000000000000000 ) ) ;
#1985 = DIRECTION ( 'NONE',  ( 0.0000000000000000000, 0.0000000000000000000, 1.000000000000000000 ) ) ;
#1986 = VERTEX_POINT ( 'NONE', #2071 ) ;
#1987 = CYLINDRICAL_SURFACE ( 'NONE', #1422, 0.02362204724409448092 ) ;
#1988 = CARTESIAN_POINT ( 'NONE',  ( -0.1532055652061933004, -0.07446540772587834089, 0.1023622047244094474 ) ) ;
#1989 = DIRECTION ( 'NONE',  ( 1.445602896647339903E-16, 0.0000000000000000000, 1.000000000000000000 ) ) ;
#1990 = ORIENTED_EDGE ( 'NONE', *, *, #87, .T. ) ;
#1991 = ORIENTED_EDGE ( 'NONE', *, *, #2786, .T. ) ;
#1992 = CARTESIAN_POINT ( 'NONE',  ( 0.08858267716535432601, 0.1496062992125984370, 0.06496062992125983815 ) ) ;
#1993 = CARTESIAN_POINT ( 'NONE',  ( 0.1181102362204724532, -0.003937007874015747977, -0.04921259842519685318 ) ) ;
#1994 = DIRECTION ( 'NONE',  ( 2.454115839351809943E-16, -1.000000000000000000, 0.0000000000000000000 ) ) ;
#1995 = VERTEX_POINT ( 'NONE', #2150 ) ;
#1996 = DIRECTION ( 'NONE',  ( 0.0000000000000000000, 1.000000000000000000, 0.0000000000000000000 ) ) ;
#1997 = LINE ( 'NONE', #2161, #4018 ) ;
#1998 = DIRECTION ( 'NONE',  ( 1.000000000000000000, 0.0000000000000000000, 0.0000000000000000000 ) ) ;
#1999 = ORIENTED_EDGE ( 'NONE', *, *, #812, .F. ) ;
#2000 = FACE_OUTER_BOUND ( 'NONE', #3225, .T. ) ;
#2001 = DIRECTION ( 'NONE',  ( 0.0000000000000000000, -1.000000000000000000, 0.0000000000000000000 ) ) ;
#2002 = CARTESIAN_POINT ( 'NONE',  ( -0.1476377952755905387, -0.06889763779527559306, -0.07480314960629921850 ) ) ;
#2003 = EDGE_CURVE ( 'NONE', #2492, #2224, #3096, .T. ) ;
#2004 = ADVANCED_FACE ( 'NONE', ( #184 ), #2800, .F. ) ;
#2005 = ORIENTED_EDGE ( 'NONE', *, *, #324, .T. ) ;
#2006 = VERTEX_POINT ( 'NONE', #3077 ) ;
#2007 = CARTESIAN_POINT ( 'NONE',  ( 0.1318897637795275746, -0.09578120915254409451, 0.1023622047244094474 ) ) ;
#2008 = LINE ( 'NONE', #3639, #1679 ) ;
#2009 = EDGE_CURVE ( 'NONE', #2831, #869, #3880, .T. ) ;
#2010 = ORIENTED_EDGE ( 'NONE', *, *, #3990, .F. ) ;
#2011 = VERTEX_POINT ( 'NONE', #2432 ) ;
#2012 = CARTESIAN_POINT ( 'NONE',  ( -0.1263219938489248129, -0.04758183636860983945, 0.07480314960629921850 ) ) ;
#2013 = DIRECTION ( 'NONE',  ( 1.000000000000000000, 0.0000000000000000000, 0.0000000000000000000 ) ) ;
#2014 = DIRECTION ( 'NONE',  ( 0.0000000000000000000, 0.0000000000000000000, -1.000000000000000000 ) ) ;
#2015 = ORIENTED_EDGE ( 'NONE', *, *, #2231, .F. ) ;
#2016 = CARTESIAN_POINT ( 'NONE',  ( -0.1240157480314960647, -0.1377952755905511861, -0.09350393700787401619 ) ) ;
#2017 = DATE_AND_TIME ( #1066, #2258 ) ;
#2018 = ORIENTED_EDGE ( 'NONE', *, *, #2837, .F. ) ;
#2019 = PLANE ( 'NONE',  #3063 ) ;
#2020 = CARTESIAN_POINT ( 'NONE',  ( -0.1240157480314960647, -0.09578120915254409451, 0.1023622047244094474 ) ) ;
#2021 = DIRECTION ( 'NONE',  ( -1.000000000000000000, 0.0000000000000000000, 0.0000000000000000000 ) ) ;
#2022 = VERTEX_POINT ( 'NONE', #98 ) ;
#2023 = EDGE_CURVE ( 'NONE', #3808, #3783, #2476, .T. ) ;
#2024 = ADVANCED_FACE ( 'NONE', ( #4040 ), #3053, .T. ) ;
#2025 = DIRECTION ( 'NONE',  ( 0.0000000000000000000, 1.000000000000000000, 0.0000000000000000000 ) ) ;
#2026 = FACE_OUTER_BOUND ( 'NONE', #1257, .T. ) ;
#2027 = VECTOR ( 'NONE', #4170, 39.37007874015748143 ) ;
#2028 = VECTOR ( 'NONE', #3839, 39.37007874015748143 ) ;
#2029 = ORIENTED_EDGE ( 'NONE', *, *, #4198, .F. ) ;
#2030 = AXIS2_PLACEMENT_3D ( 'NONE', #2177, #2543, #584 ) ;
#2031 = AXIS2_PLACEMENT_3D ( 'NONE', #664, #3330, #3656 ) ;
#2032 = ORIENTED_EDGE ( 'NONE', *, *, #1399, .F. ) ;
#2033 = FACE_OUTER_BOUND ( 'NONE', #1273, .T. ) ;
#2034 = ADVANCED_FACE ( 'NONE', ( #436 ), #3720, .T. ) ;
#2035 = CARTESIAN_POINT ( 'NONE',  ( 0.1240157480314960647, -0.1224523058384645591, -0.07480314960629921850 ) ) ;
#2036 = CARTESIAN_POINT ( 'NONE',  ( 0.1318897637795275746, 0.02755905511811023584, -0.1023622047244094474 ) ) ;
#2037 = VECTOR ( 'NONE', #939, 39.37007874015748143 ) ;
#2038 = AXIS2_PLACEMENT_3D ( 'NONE', #177, #1233, #2558 ) ;
#2039 = VERTEX_POINT ( 'NONE', #825 ) ;
#2040 = ORIENTED_EDGE ( 'NONE', *, *, #3287, .T. ) ;
#2041 = AXIS2_PLACEMENT_3D ( 'NONE', #2861, #24, #1702 ) ;
#2042 = AXIS2_PLACEMENT_3D ( 'NONE', #131, #2156, #2482 ) ;
#2043 = CARTESIAN_POINT ( 'NONE',  ( 0.08858267716535432601, 0.1299212598425196763, -0.06496062992125983815 ) ) ;
#2044 = CARTESIAN_POINT ( 'NONE',  ( -0.08858267716535432601, 0.1496062992125984370, 0.08858267716535432601 ) ) ;
#2045 = VECTOR ( 'NONE', #1540, 39.37007874015748143 ) ;
#2046 = EDGE_LOOP ( 'NONE', ( #1842, #3516, #3373, #1990, #16, #1478 ) ) ;
#2047 = DIRECTION ( 'NONE',  ( 1.000000000000000000, 0.0000000000000000000, 0.0000000000000000000 ) ) ;
#2048 = CARTESIAN_POINT ( 'NONE',  ( -0.1318897637795275746, 0.02755905511811023584, -0.1023622047244094474 ) ) ;
#2049 = CARTESIAN_POINT ( 'NONE',  ( -0.1122047244094488277, 0.1299212598425196763, 0.1181102362204724532 ) ) ;
#2050 = ORIENTED_EDGE ( 'NONE', *, *, #2349, .T. ) ;
#2051 = SPHERICAL_SURFACE ( 'NONE', #280, 0.03937007874015747977 ) ;
#2052 = EDGE_LOOP ( 'NONE', ( #1921, #4111 ) ) ;
#2053 = DIRECTION ( 'NONE',  ( 2.454115839351809943E-16, -1.000000000000000000, 0.0000000000000000000 ) ) ;
#2054 = EDGE_CURVE ( 'NONE', #3143, #4089, #2712, .T. ) ;
#2055 = VERTEX_POINT ( 'NONE', #3419 ) ;
#2056 = VERTEX_POINT ( 'NONE', #1726 ) ;
#2057 = ORIENTED_EDGE ( 'NONE', *, *, #2152, .T. ) ;
#2058 = DIRECTION ( 'NONE',  ( 0.0000000000000000000, 0.0000000000000000000, -1.000000000000000000 ) ) ;
#2059 = APPROVAL_PERSON_ORGANIZATION ( #427, #2162, #2104 ) ;
#2060 = FACE_OUTER_BOUND ( 'NONE', #1384, .T. ) ;
#2061 = ADVANCED_FACE ( 'NONE', ( #3393 ), #2411, .T. ) ;
#2062 = ADVANCED_FACE ( 'NONE', ( #3034 ), #1451, .F. ) ;
#2063 = ORIENTED_EDGE ( 'NONE', *, *, #546, .T. ) ;
#2064 = LINE ( 'NONE', #464, #3007 ) ;
#2065 = VERTEX_POINT ( 'NONE', #1098 ) ;
#2066 = DIRECTION ( 'NONE',  ( -0.7071067811865479058, -0.7071067811865469066, 0.0000000000000000000 ) ) ;
#2067 = CARTESIAN_POINT ( 'NONE',  ( 0.1240157480314960647, 0.03543307086614173179, -0.1023622047244094474 ) ) ;
#2068 = DIRECTION ( 'NONE',  ( 0.0000000000000000000, 0.0000000000000000000, 1.000000000000000000 ) ) ;
#2069 = ORIENTED_EDGE ( 'NONE', *, *, #3577, .F. ) ;
#2070 = LINE ( 'NONE', #455, #2976 ) ;
#2071 = CARTESIAN_POINT ( 'NONE',  ( 8.919671568592926781E-18, 0.1377952755905511861, -0.07283464566929134798 ) ) ;
#2072 = ORIENTED_EDGE ( 'NONE', *, *, #3942, .F. ) ;
#2073 = EDGE_LOOP ( 'NONE', ( #1118, #3640, #3349, #3789 ) ) ;
#2074 = ORIENTED_EDGE ( 'NONE', *, *, #1848, .F. ) ;
#2075 = DIRECTION ( 'NONE',  ( -1.000000000000000000, 0.0000000000000000000, 0.0000000000000000000 ) ) ;
#2076 = DIRECTION ( 'NONE',  ( 2.454115839351809943E-16, -1.000000000000000000, 0.0000000000000000000 ) ) ;
#2077 = ORIENTED_EDGE ( 'NONE', *, *, #1556, .F. ) ;
#2078 = DIRECTION ( 'NONE',  ( 0.0000000000000000000, 0.0000000000000000000, -1.000000000000000000 ) ) ;
#2079 = CARTESIAN_POINT ( 'NONE',  ( -0.1476377952755905387, -0.06889763779527559306, -0.1023622047244094474 ) ) ;
#2080 = EDGE_CURVE ( 'NONE', #3777, #2797, #2757, .T. ) ;
#2081 = EDGE_CURVE ( 'NONE', #1791, #203, #2580, .T. ) ;
#2082 = ORIENTED_EDGE ( 'NONE', *, *, #1400, .T. ) ;
#2083 = EDGE_CURVE ( 'NONE', #3637, #1157, #3533, .T. ) ;
#2084 = DIRECTION ( 'NONE',  ( 3.519431053647356462E-16, -0.8660254037844389297, -0.4999999999999994449 ) ) ;
#2085 = CARTESIAN_POINT ( 'NONE',  ( 0.1240157480314960647, 0.02755905511811023584, 0.07480314960629921850 ) ) ;
#2086 = DIRECTION ( 'NONE',  ( 0.0000000000000000000, 0.0000000000000000000, -1.000000000000000000 ) ) ;
#2087 = VERTEX_POINT ( 'NONE', #883 ) ;
#2088 = VERTEX_POINT ( 'NONE', #2520 ) ;
#2089 = PLANE ( 'NONE',  #1421 ) ;
#2090 = ORIENTED_EDGE ( 'NONE', *, *, #632, .F. ) ;
#2091 = ORIENTED_EDGE ( 'NONE', *, *, #3971, .F. ) ;
#2092 = LINE ( 'NONE', #1141, #2648 ) ;
#2093 = VECTOR ( 'NONE', #2443, 39.37007874015748143 ) ;
#2094 = DIRECTION ( 'NONE',  ( 0.0000000000000000000, 0.0000000000000000000, 1.000000000000000000 ) ) ;
#2095 = CARTESIAN_POINT ( 'NONE',  ( 0.1476377952755905387, -0.06889763779527559306, -0.07480314960629921850 ) ) ;
#2096 = AXIS2_PLACEMENT_3D ( 'NONE', #2216, #3994, #1938 ) ;
#2097 = VECTOR ( 'NONE', #1165, 39.37007874015748854 ) ;
#2098 = ORIENTED_EDGE ( 'NONE', *, *, #2966, .F. ) ;
#2099 = ORIENTED_EDGE ( 'NONE', *, *, #4094, .F. ) ;
#2100 = CARTESIAN_POINT ( 'NONE',  ( 0.1318897637795275746, -0.09578120915254409451, 0.1023622047244094474 ) ) ;
#2101 = CARTESIAN_POINT ( 'NONE',  ( -0.1181102362204724532, 0.02755905511811023584, 0.1023622047244094474 ) ) ;
#2102 = VECTOR ( 'NONE', #3172, 39.37007874015748854 ) ;
#2103 = VECTOR ( 'NONE', #3810, 39.37007874015748854 ) ;
#2104 = APPROVAL_ROLE ( '' ) ;
#2105 = EDGE_CURVE ( 'NONE', #2479, #3358, #1856, .T. ) ;
#2106 = EDGE_CURVE ( 'NONE', #630, #2350, #3812, .T. ) ;
#2107 = VECTOR ( 'NONE', #2823, 39.37007874015748143 ) ;
#2108 = AXIS2_PLACEMENT_3D ( 'NONE', #288, #1672, #309 ) ;
#2109 = VERTEX_POINT ( 'NONE', #1835 ) ;
#2110 = CARTESIAN_POINT ( 'NONE',  ( 0.1263219938489248129, -0.04758183636860983945, 0.1023622047244094474 ) ) ;
#2111 = FACE_OUTER_BOUND ( 'NONE', #3543, .T. ) ;
#2112 = DIRECTION ( 'NONE',  ( 4.063888932435259910E-16, -1.000000000000000000, 0.0000000000000000000 ) ) ;
#2113 = VECTOR ( 'NONE', #817, 39.37007874015748143 ) ;
#2114 = ADVANCED_FACE ( 'NONE', ( #629 ), #2882, .F. ) ;
#2115 = VECTOR ( 'NONE', #347, 39.37007874015748143 ) ;
#2116 = DIRECTION ( 'NONE',  ( 0.0000000000000000000, 0.0000000000000000000, 1.000000000000000000 ) ) ;
#2117 = DIRECTION ( 'NONE',  ( 1.000000000000000000, 0.0000000000000000000, 0.0000000000000000000 ) ) ;
#2118 = ORIENTED_EDGE ( 'NONE', *, *, #2083, .T. ) ;
#2119 = LINE ( 'NONE', #1412, #2097 ) ;
#2120 = LINE ( 'NONE', #3145, #316 ) ;
#2121 = CARTESIAN_POINT ( 'NONE',  ( 0.08858267716535432601, 0.1496062992125984370, -0.1122047244094488139 ) ) ;
#2122 = ORIENTED_EDGE ( 'NONE', *, *, #3025, .T. ) ;
#2123 = VERTEX_POINT ( 'NONE', #1575 ) ;
#2124 = DIRECTION ( 'NONE',  ( 1.000000000000000000, -4.063888932435259910E-16, 0.0000000000000000000 ) ) ;
#2125 = VECTOR ( 'NONE', #208, 39.37007874015748143 ) ;
#2126 = ORIENTED_EDGE ( 'NONE', *, *, #3344, .F. ) ;
#2127 = CARTESIAN_POINT ( 'NONE',  ( 0.1555118110236220763, -0.1377952755905511861, -0.08366141732283464971 ) ) ;
#2128 = DIRECTION ( 'NONE',  ( -1.000000000000000000, 0.0000000000000000000, 0.0000000000000000000 ) ) ;
#2129 = CARTESIAN_POINT ( 'NONE',  ( -0.1555118110236220208, -0.06889763779527559306, -0.07480314960629921850 ) ) ;
#2130 = ORIENTED_EDGE ( 'NONE', *, *, #477, .F. ) ;
#2131 = EDGE_CURVE ( 'NONE', #2747, #3613, #1593, .T. ) ;
#2132 = DIRECTION ( 'NONE',  ( 0.0000000000000000000, 1.000000000000000000, 0.0000000000000000000 ) ) ;
#2133 = EDGE_CURVE ( 'NONE', #3712, #1072, #3394, .T. ) ;
#2134 = ORIENTED_EDGE ( 'NONE', *, *, #3680, .T. ) ;
#2135 = ORIENTED_EDGE ( 'NONE', *, *, #4121, .T. ) ;
#2136 = DIRECTION ( 'NONE',  ( 0.0000000000000000000, 0.0000000000000000000, -1.000000000000000000 ) ) ;
#2137 = PLANE ( 'NONE',  #3197 ) ;
#2138 = EDGE_CURVE ( 'NONE', #1455, #215, #3520, .T. ) ;
#2139 = LINE ( 'NONE', #1814, #692 ) ;
#2140 = MANIFOLD_SOLID_BREP ( 'Imported1', #237 ) ;
#2141 = EDGE_LOOP ( 'NONE', ( #2733, #22, #912, #2480 ) ) ;
#2142 = ORIENTED_EDGE ( 'NONE', *, *, #1476, .T. ) ;
#2143 = DIRECTION ( 'NONE',  ( 0.0000000000000000000, 0.0000000000000000000, 1.000000000000000000 ) ) ;
#2144 = ORIENTED_EDGE ( 'NONE', *, *, #1507, .T. ) ;
#2145 = MANIFOLD_SOLID_BREP ( 'Imported4', #3799 ) ;
#2146 = CARTESIAN_POINT ( 'NONE',  ( -0.1318897637795275746, -0.04201406643800709162, 0.07480314960629921850 ) ) ;
#2147 = CARTESIAN_POINT ( 'NONE',  ( 0.1181102362204724532, 0.03543307086614173179, 0.07480314960629921850 ) ) ;
#2148 = CARTESIAN_POINT ( 'NONE',  ( -0.1181102362204724532, 0.1299212598425196763, 0.1181102362204724532 ) ) ;
#2149 = VERTEX_POINT ( 'NONE', #3804 ) ;
#2150 = CARTESIAN_POINT ( 'NONE',  ( -0.08858267716535432601, 0.1299212598425196763, -0.06496062992125983815 ) ) ;
#2151 = ADVANCED_FACE ( 'NONE', ( #3850 ), #4167, .T. ) ;
#2152 = EDGE_CURVE ( 'NONE', #1485, #660, #945, .T. ) ;
#2153 = ORIENTED_EDGE ( 'NONE', *, *, #4121, .F. ) ;
#2154 = VERTEX_POINT ( 'NONE', #4187 ) ;
#2155 = DIRECTION ( 'NONE',  ( 0.0000000000000000000, 0.0000000000000000000, 1.000000000000000000 ) ) ;
#2156 = DIRECTION ( 'NONE',  ( 0.0000000000000000000, -1.000000000000000000, 0.0000000000000000000 ) ) ;
#2157 = EDGE_LOOP ( 'NONE', ( #437, #2354, #526, #4042 ) ) ;
#2158 = EDGE_CURVE ( 'NONE', #216, #3932, #1416, .T. ) ;
#2159 = CIRCLE ( 'NONE', #35, 0.007874015748031499423 ) ;
#2160 = ORIENTED_EDGE ( 'NONE', *, *, #1923, .F. ) ;
#2161 = CARTESIAN_POINT ( 'NONE',  ( -0.1532055652061933004, -0.06332986786467284523, 0.1023622047244094474 ) ) ;
#2162 = APPROVAL ( #72, 'UNSPECIFIED' ) ;
#2163 = VECTOR ( 'NONE', #2611, 39.37007874015748143 ) ;
#2164 = VECTOR ( 'NONE', #3508, 39.37007874015748143 ) ;
#2165 = VERTEX_POINT ( 'NONE', #1260 ) ;
#2166 = VECTOR ( 'NONE', #2086, 39.37007874015748143 ) ;
#2167 = VECTOR ( 'NONE', #1221, 39.37007874015748143 ) ;
#2168 = DIRECTION ( 'NONE',  ( 0.0000000000000000000, 0.0000000000000000000, 1.000000000000000000 ) ) ;
#2169 = LINE ( 'NONE', #1207, #1829 ) ;
#2170 = DIRECTION ( 'NONE',  ( 0.0000000000000000000, 1.000000000000000000, -2.454115839351809943E-16 ) ) ;
#2171 = AXIS2_PLACEMENT_3D ( 'NONE', #2732, #796, #4036 ) ;
#2172 = EDGE_LOOP ( 'NONE', ( #2614, #1102 ) ) ;
#2173 = CIRCLE ( 'NONE', #2038, 0.005905511811023620231 ) ;
#2174 = EDGE_LOOP ( 'NONE', ( #2284, #2069 ) ) ;
#2175 = VECTOR ( 'NONE', #550, 39.37007874015748143 ) ;
#2176 = FACE_BOUND ( 'NONE', #2052, .T. ) ;
#2177 = CARTESIAN_POINT ( 'NONE',  ( -0.08858267716535432601, 0.1496062992125984370, -0.08858267716535432601 ) ) ;
#2178 = AXIS2_PLACEMENT_3D ( 'NONE', #2036, #1713, #1415 ) ;
#2179 = PLANE ( 'NONE',  #4017 ) ;
#2180 = CIRCLE ( 'NONE', #3616, 0.02362204724409448092 ) ;
#2181 = ORIENTED_EDGE ( 'NONE', *, *, #1323, .F. ) ;
#2182 = VERTEX_POINT ( 'NONE', #1195 ) ;
#2183 = CYLINDRICAL_SURFACE ( 'NONE', #2518, 0.07283464566929134798 ) ;
#2184 = CARTESIAN_POINT ( 'NONE',  ( 0.1318897637795275746, 0.02755905511811023584, -0.07480314960629921850 ) ) ;
#2185 = LINE ( 'NONE', #3490, #2045 ) ;
#2186 = EDGE_CURVE ( 'NONE', #307, #3660, #4205, .T. ) ;
#2187 = ADVANCED_FACE ( 'NONE', ( #563 ), #3870, .F. ) ;
#2188 = DIRECTION ( 'NONE',  ( 0.0000000000000000000, 0.0000000000000000000, 1.000000000000000000 ) ) ;
#2189 = EDGE_LOOP ( 'NONE', ( #836, #423, #865, #580, #1418, #648 ) ) ;
#2190 = LINE ( 'NONE', #963, #314 ) ;
#2191 = DIRECTION ( 'NONE',  ( -0.7071067811865470176, 0.7071067811865480168, 0.0000000000000000000 ) ) ;
#2192 = VECTOR ( 'NONE', #1828, 39.37007874015748143 ) ;
#2193 = LINE ( 'NONE', #1571, #1964 ) ;
#2194 = LINE ( 'NONE', #3495, #349 ) ;
#2195 = ORIENTED_EDGE ( 'NONE', *, *, #3084, .T. ) ;
#2196 = CARTESIAN_POINT ( 'NONE',  ( 0.1476377952755905387, -0.06889763779527559306, 0.07480314960629921850 ) ) ;
#2197 = DIRECTION ( 'NONE',  ( -0.0000000000000000000, 1.000000000000000000, 0.0000000000000000000 ) ) ;
#2198 = ORIENTED_EDGE ( 'NONE', *, *, #500, .F. ) ;
#2199 = CARTESIAN_POINT ( 'NONE',  ( -0.1555118110236219930, -0.06889763779527559306, -0.1023622047244094474 ) ) ;
#2200 = ORIENTED_EDGE ( 'NONE', *, *, #978, .T. ) ;
#2201 = EDGE_LOOP ( 'NONE', ( #1035, #2063, #579, #2429 ) ) ;
#2202 = DIRECTION ( 'NONE',  ( 0.0000000000000000000, 0.0000000000000000000, 1.000000000000000000 ) ) ;
#2203 = LINE ( 'NONE', #1228, #2164 ) ;
#2204 = LINE ( 'NONE', #1447, #1362 ) ;
#2205 = ORIENTED_EDGE ( 'NONE', *, *, #1656, .T. ) ;
#2206 = ADVANCED_FACE ( 'NONE', ( #3482 ), #973, .F. ) ;
#2207 = EDGE_CURVE ( 'NONE', #3019, #4125, #1874, .T. ) ;
#2208 = DIRECTION ( 'NONE',  ( -4.063888932435259910E-16, -1.000000000000000000, 0.0000000000000000000 ) ) ;
#2209 = DIRECTION ( 'NONE',  ( 0.0000000000000000000, -1.000000000000000000, 0.0000000000000000000 ) ) ;
#2210 = CARTESIAN_POINT ( 'NONE',  ( -0.1263219938489248129, -0.04758183636860983945, 0.1023622047244094474 ) ) ;
#2211 = DIRECTION ( 'NONE',  ( 0.0000000000000000000, 0.0000000000000000000, -1.000000000000000000 ) ) ;
#2212 = EDGE_LOOP ( 'NONE', ( #1281, #3184, #1729, #375 ) ) ;
#2213 = EDGE_CURVE ( 'NONE', #1049, #3089, #3188, .T. ) ;
#2214 = APPROVAL ( #2960, 'UNSPECIFIED' ) ;
#2215 = LINE ( 'NONE', #1259, #1428 ) ;
#2216 = CARTESIAN_POINT ( 'NONE',  ( 0.0000000000000000000, 0.1299212598425196763, 0.0000000000000000000 ) ) ;
#2217 = VERTEX_POINT ( 'NONE', #3201 ) ;
#2218 = FACE_OUTER_BOUND ( 'NONE', #2464, .T. ) ;
#2219 = FACE_OUTER_BOUND ( 'NONE', #3035, .T. ) ;
#2220 = ORIENTED_EDGE ( 'NONE', *, *, #90, .T. ) ;
#2221 = CARTESIAN_POINT ( 'NONE',  ( -0.1263219938489248129, -0.09021343922194134668, 0.1023622047244094474 ) ) ;
#2222 = LINE ( 'NONE', #2824, #2028 ) ;
#2223 = CARTESIAN_POINT ( 'NONE',  ( 0.08858267716535432601, 0.1377952755905511861, 0.06496062992125983815 ) ) ;
#2224 = VERTEX_POINT ( 'NONE', #1238 ) ;
#2225 = CARTESIAN_POINT ( 'NONE',  ( -0.1240157480314960647, -0.04201406643800709162, 0.1023622047244094474 ) ) ;
#2226 = AXIS2_PLACEMENT_3D ( 'NONE', #2885, #3242, #231 ) ;
#2227 = FACE_OUTER_BOUND ( 'NONE', #2141, .T. ) ;
#2228 = VECTOR ( 'NONE', #1539, 39.37007874015748143 ) ;
#2229 = DIRECTION ( 'NONE',  ( 0.0000000000000000000, 1.000000000000000000, 0.0000000000000000000 ) ) ;
#2230 = CARTESIAN_POINT ( 'NONE',  ( -0.1263219938489248129, -0.09021343922194134668, -0.1023622047244094474 ) ) ;
#2231 = EDGE_CURVE ( 'NONE', #864, #3094, #2988, .T. ) ;
#2232 = ADVANCED_FACE ( 'NONE', ( #4230 ), #1956, .T. ) ;
#2233 = ORIENTED_EDGE ( 'NONE', *, *, #997, .T. ) ;
#2234 = CIRCLE ( 'NONE', #3259, 0.02362204724409448092 ) ;
#2235 = ORIENTED_EDGE ( 'NONE', *, *, #3306, .T. ) ;
#2236 = CARTESIAN_POINT ( 'NONE',  ( -0.1240157480314960647, -0.04201406643800709162, -0.1023622047244094474 ) ) ;
#2237 = DIRECTION ( 'NONE',  ( 0.0000000000000000000, 1.000000000000000000, 0.0000000000000000000 ) ) ;
#2238 = VECTOR ( 'NONE', #2255, 39.37007874015748854 ) ;
#2239 = AXIS2_PLACEMENT_3D ( 'NONE', #2488, #513, #3513 ) ;
#2240 = ADVANCED_FACE ( 'NONE', ( #5 ), #1322, .T. ) ;
#2241 = ADVANCED_FACE ( 'NONE', ( #2301 ), #2607, .T. ) ;
#2242 = AXIS2_PLACEMENT_3D ( 'NONE', #1277, #1937, #1612 ) ;
#2243 = CIRCLE ( 'NONE', #2370, 0.007874015748031499423 ) ;
#2244 = VERTEX_POINT ( 'NONE', #3976 ) ;
#2245 = DIRECTION ( 'NONE',  ( 0.0000000000000000000, 0.0000000000000000000, 1.000000000000000000 ) ) ;
#2246 = CARTESIAN_POINT ( 'NONE',  ( 0.08858267716535432601, 0.1299212598425196763, -0.1122047244094488139 ) ) ;
#2247 = VECTOR ( 'NONE', #494, 39.37007874015748143 ) ;
#2248 = VERTEX_POINT ( 'NONE', #2671 ) ;
#2249 = DIRECTION ( 'NONE',  ( 0.0000000000000000000, 0.0000000000000000000, 1.000000000000000000 ) ) ;
#2250 = CYLINDRICAL_SURFACE ( 'NONE', #1680, 0.005905511811023620231 ) ;
#2251 = CARTESIAN_POINT ( 'NONE',  ( -0.1263219938489248129, -0.04758183636860983945, 0.07480314960629921850 ) ) ;
#2252 = LINE ( 'NONE', #1586, #2502 ) ;
#2253 = DIRECTION ( 'NONE',  ( 0.0000000000000000000, 0.0000000000000000000, -1.000000000000000000 ) ) ;
#2254 = CARTESIAN_POINT ( 'NONE',  ( -0.1318897637795275746, -0.09578120915254409451, 0.07480314960629921850 ) ) ;
#2255 = DIRECTION ( 'NONE',  ( 0.7071067811865469066, -0.7071067811865479058, 0.0000000000000000000 ) ) ;
#2256 = PERSON_AND_ORGANIZATION ( #3565, #2941 ) ;
#2257 = ORIENTED_EDGE ( 'NONE', *, *, #3131, .T. ) ;
#2258 = LOCAL_TIME ( 19, 10, 42.00000000000000000, #748 ) ;
#2259 = CARTESIAN_POINT ( 'NONE',  ( -0.1181102362204724532, 0.0000000000000000000, 0.1122047244094488277 ) ) ;
#2260 = CARTESIAN_POINT ( 'NONE',  ( 0.1181102362204724532, 0.02755905511811023584, -0.1023622047244094474 ) ) ;
#2261 = EDGE_LOOP ( 'NONE', ( #1369, #2276, #2271, #2181 ) ) ;
#2262 = EDGE_CURVE ( 'NONE', #3977, #3364, #1339, .T. ) ;
#2263 = EDGE_CURVE ( 'NONE', #2087, #1049, #729, .T. ) ;
#2264 = DIRECTION ( 'NONE',  ( 0.0000000000000000000, 0.0000000000000000000, -1.000000000000000000 ) ) ;
#2265 = LINE ( 'NONE', #1199, #2435 ) ;
#2266 = VERTEX_POINT ( 'NONE', #3014 ) ;
#2267 = PLANE ( 'NONE',  #3473 ) ;
#2268 = EDGE_CURVE ( 'NONE', #521, #3307, #1054, .T. ) ;
#2269 = DIRECTION ( 'NONE',  ( -2.168404344971010347E-16, 0.0000000000000000000, -1.000000000000000000 ) ) ;
#2270 = CARTESIAN_POINT ( 'NONE',  ( -0.1240157480314960647, 0.02755905511811023584, 0.07480314960629921850 ) ) ;
#2271 = ORIENTED_EDGE ( 'NONE', *, *, #1454, .F. ) ;
#2272 = DIRECTION ( 'NONE',  ( 0.0000000000000000000, 0.0000000000000000000, -1.000000000000000000 ) ) ;
#2273 = LINE ( 'NONE', #354, #181 ) ;
#2274 = CARTESIAN_POINT ( 'NONE',  ( -0.1240157480314960647, -0.09578120915254409451, -0.1023622047244094474 ) ) ;
#2275 = APPROVAL_ROLE ( '' ) ;
#2276 = ORIENTED_EDGE ( 'NONE', *, *, #1901, .T. ) ;
#2277 = LINE ( 'NONE', #358, #3129 ) ;
#2278 = DIRECTION ( 'NONE',  ( 0.0000000000000000000, 1.000000000000000000, 0.0000000000000000000 ) ) ;
#2279 = PLANE ( 'NONE',  #2031 ) ;
#2280 = LINE ( 'NONE', #2332, #1148 ) ;
#2281 = EDGE_CURVE ( 'NONE', #430, #1972, #398, .T. ) ;
#2282 = EDGE_CURVE ( 'NONE', #3000, #3381, #2944, .T. ) ;
#2283 = ORIENTED_EDGE ( 'NONE', *, *, #3942, .T. ) ;
#2284 = ORIENTED_EDGE ( 'NONE', *, *, #3766, .F. ) ;
#2285 = CARTESIAN_POINT ( 'NONE',  ( -0.1318897637795275746, -0.04201406643800709162, -0.07480314960629921850 ) ) ;
#2286 = LINE ( 'NONE', #3021, #470 ) ;
#2287 = CARTESIAN_POINT ( 'NONE',  ( -0.1318897637795275746, -0.04201406643800709162, -0.07480314960629921850 ) ) ;
#2288 = EDGE_CURVE ( 'NONE', #2561, #1298, #77, .T. ) ;
#2289 = CC_DESIGN_PERSON_AND_ORGANIZATION_ASSIGNMENT ( #2256, #1934, ( #1022 ) ) ;
#2290 = VERTEX_POINT ( 'NONE', #1033 ) ;
#2291 = DIRECTION ( 'NONE',  ( 0.0000000000000000000, -1.000000000000000000, 0.0000000000000000000 ) ) ;
#2292 = DIRECTION ( 'NONE',  ( 0.0000000000000000000, 0.0000000000000000000, -1.000000000000000000 ) ) ;
#2293 = DIRECTION ( 'NONE',  ( 0.0000000000000000000, -1.000000000000000000, 0.0000000000000000000 ) ) ;
#2294 = LINE ( 'NONE', #1318, #1621 ) ;
#2295 = LENGTH_MEASURE_WITH_UNIT ( LENGTH_MEASURE( 0.02539999999999999897 ), #4222 );
#2296 = ORIENTED_EDGE ( 'NONE', *, *, #1385, .F. ) ;
#2297 = ORIENTED_EDGE ( 'NONE', *, *, #581, .F. ) ;
#2298 = VECTOR ( 'NONE', #425, 39.37007874015748143 ) ;
#2299 = DIRECTION ( 'NONE',  ( 0.0000000000000000000, 1.000000000000000000, 0.0000000000000000000 ) ) ;
#2300 = LINE ( 'NONE', #3608, #2514 ) ;
#2301 = FACE_OUTER_BOUND ( 'NONE', #1915, .T. ) ;
#2302 = AXIS2_PLACEMENT_3D ( 'NONE', #2583, #1278, #270 ) ;
#2303 = VECTOR ( 'NONE', #1062, 39.37007874015748143 ) ;
#2304 = DIRECTION ( 'NONE',  ( 0.0000000000000000000, -1.000000000000000000, 0.0000000000000000000 ) ) ;
#2305 = ORIENTED_EDGE ( 'NONE', *, *, #1601, .F. ) ;
#2306 = VECTOR ( 'NONE', #3926, 39.37007874015748143 ) ;
#2307 = DIRECTION ( 'NONE',  ( -2.454115839351809943E-16, -1.000000000000000000, 0.0000000000000000000 ) ) ;
#2308 = CIRCLE ( 'NONE', #186, 0.007874015748031499423 ) ;
#2309 = LINE ( 'NONE', #1678, #3686 ) ;
#2310 = AXIS2_PLACEMENT_3D ( 'NONE', #3661, #319, #3578 ) ;
#2311 = CIRCLE ( 'NONE', #3683, 0.007874015748031499423 ) ;
#2312 = ORIENTED_EDGE ( 'NONE', *, *, #866, .F. ) ;
#2313 = ORIENTED_EDGE ( 'NONE', *, *, #2578, .F. ) ;
#2314 = LINE ( 'NONE', #1040, #1896 ) ;
#2315 = LINE ( 'NONE', #699, #3601 ) ;
#2316 = VECTOR ( 'NONE', #3168, 39.37007874015748143 ) ;
#2317 = LINE ( 'NONE', #36, #1971 ) ;
#2318 = AXIS2_PLACEMENT_3D ( 'NONE', #2079, #2384, #1109 ) ;
#2319 = CYLINDRICAL_SURFACE ( 'NONE', #4138, 0.02362204724409448092 ) ;
#2320 = CARTESIAN_POINT ( 'NONE',  ( 0.0000000000000000000, 0.1930507854200885776, 0.0000000000000000000 ) ) ;
#2321 = EDGE_CURVE ( 'NONE', #1363, #2154, #3588, .T. ) ;
#2322 = ADVANCED_FACE ( 'NONE', ( #662 ), #2625, .F. ) ;
#2323 = DIRECTION ( 'NONE',  ( 0.0000000000000000000, 0.0000000000000000000, 1.000000000000000000 ) ) ;
#2324 = LINE ( 'NONE', #3628, #3950 ) ;
#2325 = DIRECTION ( 'NONE',  ( 0.0000000000000000000, 0.0000000000000000000, 1.000000000000000000 ) ) ;
#2326 = VERTEX_POINT ( 'NONE', #3325 ) ;
#2327 = EDGE_CURVE ( 'NONE', #850, #2182, #3263, .T. ) ;
#2328 = DIRECTION ( 'NONE',  ( 0.0000000000000000000, 0.0000000000000000000, 1.000000000000000000 ) ) ;
#2329 = DIRECTION ( 'NONE',  ( 1.000000000000000000, 0.0000000000000000000, 0.0000000000000000000 ) ) ;
#2330 = EDGE_LOOP ( 'NONE', ( #1328, #1504, #384, #2487 ) ) ;
#2331 = CARTESIAN_POINT ( 'NONE',  ( 0.1240157480314960647, 0.02755905511811023584, 0.07480314960629921850 ) ) ;
#2332 = CARTESIAN_POINT ( 'NONE',  ( -0.1181102362204724532, 0.03543307086614173179, -0.1023622047244094474 ) ) ;
#2333 = ORIENTED_EDGE ( 'NONE', *, *, #2288, .T. ) ;
#2334 = ORIENTED_EDGE ( 'NONE', *, *, #2367, .T. ) ;
#2335 = CARTESIAN_POINT ( 'NONE',  ( 0.1476377952755905387, -0.06889763779527559306, 0.1023622047244094474 ) ) ;
#2336 = DIRECTION ( 'NONE',  ( 1.000000000000000000, -4.063888932435259910E-16, 0.0000000000000000000 ) ) ;
#2337 = DIRECTION ( 'NONE',  ( 0.0000000000000000000, 0.0000000000000000000, 1.000000000000000000 ) ) ;
#2338 = ORIENTED_EDGE ( 'NONE', *, *, #1797, .F. ) ;
#2339 = ORIENTED_EDGE ( 'NONE', *, *, #3336, .T. ) ;
#2340 = FACE_OUTER_BOUND ( 'NONE', #3457, .T. ) ;
#2341 = PLANE ( 'NONE',  #486 ) ;
#2342 = EDGE_CURVE ( 'NONE', #4125, #3593, #1639, .T. ) ;
#2343 = EDGE_CURVE ( 'NONE', #4188, #925, #1824, .T. ) ;
#2344 = ORIENTED_EDGE ( 'NONE', *, *, #466, .F. ) ;
#2345 = CARTESIAN_POINT ( 'NONE',  ( -0.1240157480314960647, -0.04201406643800709162, -0.1023622047244094474 ) ) ;
#2346 = DIRECTION ( 'NONE',  ( 0.0000000000000000000, 1.000000000000000000, 0.0000000000000000000 ) ) ;
#2347 = CARTESIAN_POINT ( 'NONE',  ( 0.1318897637795275746, -0.09578120915254409451, -0.07480314960629921850 ) ) ;
#2348 = ORIENTED_EDGE ( 'NONE', *, *, #1920, .T. ) ;
#2349 = EDGE_CURVE ( 'NONE', #1499, #3146, #382, .T. ) ;
#2350 = VERTEX_POINT ( 'NONE', #3635 ) ;
#2351 = DIRECTION ( 'NONE',  ( 0.0000000000000000000, 1.000000000000000000, -2.454115839351809943E-16 ) ) ;
#2352 = CARTESIAN_POINT ( 'NONE',  ( -0.1318897637795275746, 0.02755905511811023584, -0.1023622047244094474 ) ) ;
#2353 = ORIENTED_EDGE ( 'NONE', *, *, #813, .T. ) ;
#2354 = ORIENTED_EDGE ( 'NONE', *, *, #3223, .T. ) ;
#2355 = CARTESIAN_POINT ( 'NONE',  ( -0.1181102362204724532, 0.03543307086614173179, 0.1023622047244094474 ) ) ;
#2356 = CARTESIAN_POINT ( 'NONE',  ( 0.1263219938489248129, -0.04758183636860983945, 0.07480314960629921850 ) ) ;
#2357 = FACE_OUTER_BOUND ( 'NONE', #509, .T. ) ;
#2358 = ORIENTED_EDGE ( 'NONE', *, *, #1605, .F. ) ;
#2359 = FACE_OUTER_BOUND ( 'NONE', #2189, .T. ) ;
#2360 = CARTESIAN_POINT ( 'NONE',  ( -0.1240157480314960647, -0.1143824042423135789, -0.07014398974742774850 ) ) ;
#2361 = ORIENTED_EDGE ( 'NONE', *, *, #2787, .T. ) ;
#2362 = CARTESIAN_POINT ( 'NONE',  ( 0.1122047244094488277, 0.0000000000000000000, -0.1122047244094488277 ) ) ;
#2363 = DIRECTION ( 'NONE',  ( 0.0000000000000000000, 0.0000000000000000000, 1.000000000000000000 ) ) ;
#2364 = CARTESIAN_POINT ( 'NONE',  ( -0.1318897637795275746, -0.04201406643800709162, 0.1023622047244094474 ) ) ;
#2365 = EDGE_CURVE ( 'NONE', #4089, #3613, #712, .T. ) ;
#2366 = ORIENTED_EDGE ( 'NONE', *, *, #3463, .F. ) ;
#2367 = EDGE_CURVE ( 'NONE', #1264, #4233, #453, .T. ) ;
#2368 = LINE ( 'NONE', #1707, #3458 ) ;
#2369 = EDGE_CURVE ( 'NONE', #1264, #1942, #3763, .T. ) ;
#2370 = AXIS2_PLACEMENT_3D ( 'NONE', #1839, #214, #3121 ) ;
#2371 = VECTOR ( 'NONE', #1266, 39.37007874015748143 ) ;
#2372 = ORIENTED_EDGE ( 'NONE', *, *, #2966, .T. ) ;
#2373 = AXIS2_PLACEMENT_3D ( 'NONE', #406, #3651, #1367 ) ;
#2374 = VECTOR ( 'NONE', #3181, 39.37007874015748143 ) ;
#2375 = ORIENTED_EDGE ( 'NONE', *, *, #736, .F. ) ;
#2376 = EDGE_LOOP ( 'NONE', ( #2235, #3429, #2951, #503 ) ) ;
#2377 = DIRECTION ( 'NONE',  ( 0.0000000000000000000, 1.000000000000000000, 0.0000000000000000000 ) ) ;
#2378 = DIRECTION ( 'NONE',  ( 0.0000000000000000000, 0.0000000000000000000, 1.000000000000000000 ) ) ;
#2379 = VECTOR ( 'NONE', #623, 39.37007874015748143 ) ;
#2380 = VECTOR ( 'NONE', #3135, 39.37007874015748143 ) ;
#2381 = ORIENTED_EDGE ( 'NONE', *, *, #3420, .T. ) ;
#2382 = CIRCLE ( 'NONE', #547, 0.02362204724409448092 ) ;
#2383 = CARTESIAN_POINT ( 'NONE',  ( 0.1181102362204724532, 0.03543307086614173179, -0.1023622047244094474 ) ) ;
#2384 = DIRECTION ( 'NONE',  ( 0.0000000000000000000, 0.0000000000000000000, 1.000000000000000000 ) ) ;
#2385 = ORIENTED_EDGE ( 'NONE', *, *, #1533, .F. ) ;
#2386 = AXIS2_PLACEMENT_3D ( 'NONE', #3600, #703, #302 ) ;
#2387 = DIRECTION ( 'NONE',  ( 1.000000000000000000, 0.0000000000000000000, 0.0000000000000000000 ) ) ;
#2388 = CARTESIAN_POINT ( 'NONE',  ( -0.1240157480314960647, -0.1377952755905511861, -0.08366141732283464971 ) ) ;
#2389 = CARTESIAN_POINT ( 'NONE',  ( -0.1318897637795275746, -0.1377952755905511861, 0.1023622047244094474 ) ) ;
#2390 = VERTEX_POINT ( 'NONE', #4072 ) ;
#2391 = CARTESIAN_POINT ( 'NONE',  ( -0.1240157480314960647, -0.1377952755905511861, 0.1023622047244094474 ) ) ;
#2392 = PLANE ( 'NONE',  #2717 ) ;
#2393 = DIRECTION ( 'NONE',  ( -1.000000000000000000, 0.0000000000000000000, 0.0000000000000000000 ) ) ;
#2394 = EDGE_CURVE ( 'NONE', #3036, #3645, #2851, .T. ) ;
#2395 = ORIENTED_EDGE ( 'NONE', *, *, #4198, .T. ) ;
#2396 = EDGE_CURVE ( 'NONE', #2248, #1519, #1114, .T. ) ;
#2397 = ORIENTED_EDGE ( 'NONE', *, *, #2321, .T. ) ;
#2398 = ORIENTED_EDGE ( 'NONE', *, *, #3680, .F. ) ;
#2399 = DIRECTION ( 'NONE',  ( 0.0000000000000000000, 0.0000000000000000000, -1.000000000000000000 ) ) ;
#2400 = CC_DESIGN_APPROVAL ( #4179, ( #3868 ) ) ;
#2401 = CARTESIAN_POINT ( 'NONE',  ( -0.1476377952755905387, -0.06889763779527559306, 0.07480314960629921850 ) ) ;
#2402 = CARTESIAN_POINT ( 'NONE',  ( 0.08858267716535432601, 0.1299212598425196763, -0.06496062992125983815 ) ) ;
#2403 = EDGE_CURVE ( 'NONE', #2473, #2244, #1092, .T. ) ;
#2404 = ORIENTED_EDGE ( 'NONE', *, *, #3711, .T. ) ;
#2405 = CARTESIAN_POINT ( 'NONE',  ( 0.08858267716535432601, 0.1299212598425196763, 0.08858267716535432601 ) ) ;
#2406 = VERTEX_POINT ( 'NONE', #3371 ) ;
#2407 = DIRECTION ( 'NONE',  ( 0.0000000000000000000, 0.0000000000000000000, -1.000000000000000000 ) ) ;
#2408 = DIRECTION ( 'NONE',  ( 0.0000000000000000000, 0.0000000000000000000, -1.000000000000000000 ) ) ;
#2409 = DIRECTION ( 'NONE',  ( 0.0000000000000000000, -1.000000000000000000, 0.0000000000000000000 ) ) ;
#2410 = VERTEX_POINT ( 'NONE', #142 ) ;
#2411 = CYLINDRICAL_SURFACE ( 'NONE', #2507, 0.007874015748031466463 ) ;
#2412 = CYLINDRICAL_SURFACE ( 'NONE', #701, 0.02362204724409448092 ) ;
#2413 = VERTEX_POINT ( 'NONE', #3048 ) ;
#2414 = ORIENTED_EDGE ( 'NONE', *, *, #1578, .F. ) ;
#2415 = CARTESIAN_POINT ( 'NONE',  ( -0.1240157480314960647, -0.1024489833240242176, -0.1139111283628084642 ) ) ;
#2416 = FACE_OUTER_BOUND ( 'NONE', #2926, .T. ) ;
#2417 = FACE_BOUND ( 'NONE', #2647, .T. ) ;
#2418 = EDGE_CURVE ( 'NONE', #3593, #1059, #540, .T. ) ;
#2419 = EDGE_CURVE ( 'NONE', #2123, #294, #115, .T. ) ;
#2420 = ORIENTED_EDGE ( 'NONE', *, *, #920, .T. ) ;
#2421 = EDGE_LOOP ( 'NONE', ( #1659, #2160, #3706, #1244 ) ) ;
#2422 = CARTESIAN_POINT ( 'NONE',  ( -0.1181102362204724532, 0.003937007874015747977, -0.1181102362204724532 ) ) ;
#2423 = DIRECTION ( 'NONE',  ( 0.0000000000000000000, 0.0000000000000000000, -1.000000000000000000 ) ) ;
#2424 = ADVANCED_FACE ( 'NONE', ( #2450 ), #1427, .F. ) ;
#2425 = ORIENTED_EDGE ( 'NONE', *, *, #3631, .F. ) ;
#2426 = DIRECTION ( 'NONE',  ( 0.0000000000000000000, -1.000000000000000000, 0.0000000000000000000 ) ) ;
#2427 = DIRECTION ( 'NONE',  ( 0.0000000000000000000, -1.000000000000000000, 0.0000000000000000000 ) ) ;
#2428 = DIRECTION ( 'NONE',  ( 0.0000000000000000000, -1.000000000000000000, 0.0000000000000000000 ) ) ;
#2429 = ORIENTED_EDGE ( 'NONE', *, *, #2471, .F. ) ;
#2430 = DIRECTION ( 'NONE',  ( 0.0000000000000000000, 0.0000000000000000000, 1.000000000000000000 ) ) ;
#2431 = CARTESIAN_POINT ( 'NONE',  ( -0.08858267716535432601, 0.1377952755905511861, 0.08858267716535432601 ) ) ;
#2432 = CARTESIAN_POINT ( 'NONE',  ( 0.1532055652061933004, -0.07446540772587834089, 0.07480314960629921850 ) ) ;
#2433 = AXIS2_PLACEMENT_3D ( 'NONE', #2555, #1911, #938 ) ;
#2434 = EDGE_LOOP ( 'NONE', ( #2930, #468, #3432, #767 ) ) ;
#2435 = VECTOR ( 'NONE', #2524, 39.37007874015748143 ) ;
#2436 = LINE ( 'NONE', #3749, #2581 ) ;
#2437 = TOROIDAL_SURFACE ( 'NONE', #3528, 0.06275849662926456796, 0.003937007874015747977 ) ;
#2438 = CARTESIAN_POINT ( 'NONE',  ( 0.1240157480314960647, 0.02755905511811023584, 0.1023622047244094474 ) ) ;
#2439 = VECTOR ( 'NONE', #2278, 39.37007874015748143 ) ;
#2440 = VECTOR ( 'NONE', #2566, 39.37007874015748143 ) ;
#2441 = ORIENTED_EDGE ( 'NONE', *, *, #429, .T. ) ;
#2442 = ORIENTED_EDGE ( 'NONE', *, *, #248, .F. ) ;
#2443 = DIRECTION ( 'NONE',  ( 1.445602896647339903E-16, 0.0000000000000000000, 1.000000000000000000 ) ) ;
#2444 = DIRECTION ( 'NONE',  ( 1.000000000000000000, 0.0000000000000000000, 0.0000000000000000000 ) ) ;
#2445 = VECTOR ( 'NONE', #3285, 39.37007874015748854 ) ;
#2446 = AXIS2_PLACEMENT_3D ( 'NONE', #3920, #1287, #653 ) ;
#2447 = EDGE_LOOP ( 'NONE', ( #737, #2522, #3198, #4185 ) ) ;
#2448 = EDGE_CURVE ( 'NONE', #1373, #41, #514, .T. ) ;
#2449 = ADVANCED_FACE ( 'NONE', ( #1723 ), #3700, .T. ) ;
#2450 = FACE_OUTER_BOUND ( 'NONE', #2977, .T. ) ;
#2451 = AXIS2_PLACEMENT_3D ( 'NONE', #2287, #2014, #1042 ) ;
#2452 = ORIENTED_EDGE ( 'NONE', *, *, #2578, .T. ) ;
#2453 = AXIS2_PLACEMENT_3D ( 'NONE', #3831, #882, #227 ) ;
#2454 = EDGE_CURVE ( 'NONE', #2501, #2410, #3882, .T. ) ;
#2455 = CARTESIAN_POINT ( 'NONE',  ( -0.1476377952755905387, -0.06889763779527559306, -0.1023622047244094474 ) ) ;
#2456 = PLANE ( 'NONE',  #399 ) ;
#2457 = LINE ( 'NONE', #2799, #2933 ) ;
#2458 = DIRECTION ( 'NONE',  ( 4.063888932435259910E-16, -1.000000000000000000, 0.0000000000000000000 ) ) ;
#2459 = VERTEX_POINT ( 'NONE', #3389 ) ;
#2460 = VERTEX_POINT ( 'NONE', #3073 ) ;
#2461 = FACE_OUTER_BOUND ( 'NONE', #82, .T. ) ;
#2462 = LINE ( 'NONE', #3750, #1695 ) ;
#2463 = PLANE ( 'NONE',  #2798 ) ;
#2464 = EDGE_LOOP ( 'NONE', ( #489, #1857, #880, #158, #3126, #4073, #442, #3748, #3363, #1319, #2760, #4173, #380, #585, #1748, #2283, #2142 ) ) ;
#2465 = ORIENTED_EDGE ( 'NONE', *, *, #2764, .T. ) ;
#2466 = AXIS2_PLACEMENT_3D ( 'NONE', #3541, #659, #1635 ) ;
#2467 = ORIENTED_EDGE ( 'NONE', *, *, #1681, .T. ) ;
#2468 = LINE ( 'NONE', #531, #886 ) ;
#2469 = PLANE ( 'NONE',  #1960 ) ;
#2470 = CARTESIAN_POINT ( 'NONE',  ( -0.1318897637795275746, 0.02755905511811023584, -0.1023622047244094474 ) ) ;
#2471 = EDGE_CURVE ( 'NONE', #1357, #1791, #161, .T. ) ;
#2472 = EDGE_CURVE ( 'NONE', #2390, #83, #1134, .T. ) ;
#2473 = VERTEX_POINT ( 'NONE', #4056 ) ;
#2474 = FACE_OUTER_BOUND ( 'NONE', #2212, .T. ) ;
#2475 = DIRECTION ( 'NONE',  ( 0.0000000000000000000, 0.0000000000000000000, 1.000000000000000000 ) ) ;
#2476 = LINE ( 'NONE', #1470, #950 ) ;
#2477 = EDGE_CURVE ( 'NONE', #1811, #598, #3738, .T. ) ;
#2478 = CC_DESIGN_PERSON_AND_ORGANIZATION_ASSIGNMENT ( #448, #1761, ( #144 ) ) ;
#2479 = VERTEX_POINT ( 'NONE', #1466 ) ;
#2480 = ORIENTED_EDGE ( 'NONE', *, *, #4151, .T. ) ;
#2481 = CARTESIAN_POINT ( 'NONE',  ( -0.1318897637795275746, -0.04201406643800709162, -0.1023622047244094474 ) ) ;
#2482 = DIRECTION ( 'NONE',  ( 0.0000000000000000000, 0.0000000000000000000, 1.000000000000000000 ) ) ;
#2483 = ORIENTED_EDGE ( 'NONE', *, *, #277, .T. ) ;
#2484 = EDGE_LOOP ( 'NONE', ( #1044, #3836 ) ) ;
#2485 = DIRECTION ( 'NONE',  ( 0.0000000000000000000, 1.000000000000000000, 0.0000000000000000000 ) ) ;
#2486 = CARTESIAN_POINT ( 'NONE',  ( 0.1476377952755905387, -0.06889763779527559306, 0.07480314960629921850 ) ) ;
#2487 = ORIENTED_EDGE ( 'NONE', *, *, #3006, .F. ) ;
#2488 = CARTESIAN_POINT ( 'NONE',  ( -0.08858267716535432601, 0.1299212598425196763, 0.08858267716535432601 ) ) ;
#2489 = DIRECTION ( 'NONE',  ( 0.7071067811865480168, -0.7071067811865470176, 0.0000000000000000000 ) ) ;
#2490 = DIRECTION ( 'NONE',  ( 0.0000000000000000000, -1.000000000000000000, 0.0000000000000000000 ) ) ;
#2491 = ORIENTED_EDGE ( 'NONE', *, *, #2557, .T. ) ;
#2492 = VERTEX_POINT ( 'NONE', #1155 ) ;
#2493 = UNCERTAINTY_MEASURE_WITH_UNIT (LENGTH_MEASURE( 1.000000000000000082E-05 ), #706, 'distance_accuracy_value', 'NONE');
#2494 = DIRECTION ( 'NONE',  ( 0.0000000000000000000, 0.0000000000000000000, 1.000000000000000000 ) ) ;
#2495 = VECTOR ( 'NONE', #411, 39.37007874015748143 ) ;
#2496 = ORIENTED_EDGE ( 'NONE', *, *, #1304, .T. ) ;
#2497 = EDGE_CURVE ( 'NONE', #1298, #4192, #838, .T. ) ;
#2498 = ADVANCED_FACE ( 'NONE', ( #1069 ), #3434, .F. ) ;
#2499 = LINE ( 'NONE', #3872, #45 ) ;
#2500 = PLANE ( 'NONE',  #3670 ) ;
#2501 = VERTEX_POINT ( 'NONE', #2049 ) ;
#2502 = VECTOR ( 'NONE', #3538, 39.37007874015748143 ) ;
#2503 = ORIENTED_EDGE ( 'NONE', *, *, #3652, .T. ) ;
#2504 = LINE ( 'NONE', #259, #2654 ) ;
#2505 = DIRECTION ( 'NONE',  ( -1.000000000000000000, 0.0000000000000000000, 0.0000000000000000000 ) ) ;
#2506 = CARTESIAN_POINT ( 'NONE',  ( 0.1318897637795275746, -0.09578120915254409451, -0.07480314960629921850 ) ) ;
#2507 = AXIS2_PLACEMENT_3D ( 'NONE', #501, #1795, #4078 ) ;
#2508 = ORIENTED_EDGE ( 'NONE', *, *, #3334, .F. ) ;
#2509 = VECTOR ( 'NONE', #1563, 39.37007874015748143 ) ;
#2510 = VECTOR ( 'NONE', #3552, 39.37007874015748143 ) ;
#2511 = CARTESIAN_POINT ( 'NONE',  ( 0.1122047244094488277, 0.0000000000000000000, 0.1181102362204724532 ) ) ;
#2512 = LINE ( 'NONE', #2879, #2102 ) ;
#2513 = DIRECTION ( 'NONE',  ( -0.7071067811865469066, 0.7071067811865479058, 0.0000000000000000000 ) ) ;
#2514 = VECTOR ( 'NONE', #1984, 39.37007874015748143 ) ;
#2515 = ORIENTED_EDGE ( 'NONE', *, *, #2526, .F. ) ;
#2516 = AXIS2_PLACEMENT_3D ( 'NONE', #926, #562, #881 ) ;
#2517 = ORIENTED_EDGE ( 'NONE', *, *, #596, .F. ) ;
#2518 = AXIS2_PLACEMENT_3D ( 'NONE', #1879, #3148, #1520 ) ;
#2519 = FACE_BOUND ( 'NONE', #3688, .T. ) ;
#2520 = CARTESIAN_POINT ( 'NONE',  ( -0.1318897637795275746, 0.02755905511811023584, -0.07480314960629921850 ) ) ;
#2521 = AXIS2_PLACEMENT_3D ( 'NONE', #616, #935, #3187 ) ;
#2522 = ORIENTED_EDGE ( 'NONE', *, *, #334, .F. ) ;
#2523 = CYLINDRICAL_SURFACE ( 'NONE', #1685, 0.005905511811023620231 ) ;
#2524 = DIRECTION ( 'NONE',  ( 0.0000000000000000000, -1.000000000000000000, 0.0000000000000000000 ) ) ;
#2525 = CIRCLE ( 'NONE', #2729, 0.007874015748031499423 ) ;
#2526 = EDGE_CURVE ( 'NONE', #1861, #4164, #558, .T. ) ;
#2527 = EDGE_CURVE ( 'NONE', #4206, #2065, #3155, .T. ) ;
#2528 = ORIENTED_EDGE ( 'NONE', *, *, #1217, .T. ) ;
#2529 = ORIENTED_EDGE ( 'NONE', *, *, #1019, .T. ) ;
#2530 = CARTESIAN_POINT ( 'NONE',  ( 0.1318897637795275746, -0.1224523058384645591, -0.1023622047244094474 ) ) ;
#2531 = DIRECTION ( 'NONE',  ( 0.7071067811865479058, -0.7071067811865469066, 0.0000000000000000000 ) ) ;
#2532 = LINE ( 'NONE', #298, #410 ) ;
#2533 = ADVANCED_FACE ( 'NONE', ( #3136 ), #1511, .F. ) ;
#2534 = ORIENTED_EDGE ( 'NONE', *, *, #3547, .T. ) ;
#2535 = LINE ( 'NONE', #328, #806 ) ;
#2536 = CARTESIAN_POINT ( 'NONE',  ( -0.1318897637795275746, -0.09578120915254409451, 0.1023622047244094474 ) ) ;
#2537 = CIRCLE ( 'NONE', #3215, 0.007874015748031499423 ) ;
#2538 = CARTESIAN_POINT ( 'NONE',  ( 0.08858267716535432601, 0.1299212598425196763, 0.08858267716535432601 ) ) ;
#2539 = CARTESIAN_POINT ( 'NONE',  ( -0.1318897637795275746, -0.09578120915254409451, -0.1023622047244094474 ) ) ;
#2540 = ORIENTED_EDGE ( 'NONE', *, *, #2327, .F. ) ;
#2541 = DIRECTION ( 'NONE',  ( 0.0000000000000000000, 0.0000000000000000000, 1.000000000000000000 ) ) ;
#2542 = CARTESIAN_POINT ( 'NONE',  ( -0.1318897637795275746, -0.09578120915254409451, -0.1023622047244094474 ) ) ;
#2543 = DIRECTION ( 'NONE',  ( 0.0000000000000000000, 1.000000000000000000, 0.0000000000000000000 ) ) ;
#2544 = ORIENTED_EDGE ( 'NONE', *, *, #4232, .T. ) ;
#2545 = LINE ( 'NONE', #2819, #2440 ) ;
#2546 = PLANE ( 'NONE',  #755 ) ;
#2547 = ORIENTED_EDGE ( 'NONE', *, *, #422, .F. ) ;
#2548 = ORIENTED_EDGE ( 'NONE', *, *, #4049, .F. ) ;
#2549 = DIRECTION ( 'NONE',  ( 0.0000000000000000000, 0.0000000000000000000, 1.000000000000000000 ) ) ;
#2550 = CARTESIAN_POINT ( 'NONE',  ( 0.1240157480314960647, -0.1224523058384645591, 0.1023622047244094474 ) ) ;
#2551 = EDGE_CURVE ( 'NONE', #2244, #41, #221, .T. ) ;
#2552 = EDGE_CURVE ( 'NONE', #3036, #3637, #577, .T. ) ;
#2553 = DIRECTION ( 'NONE',  ( 1.000000000000000000, 0.0000000000000000000, 0.0000000000000000000 ) ) ;
#2554 = APPLICATION_CONTEXT ( 'configuration controlled 3d designs of mechanical parts and assemblies' ) ;
#2555 = CARTESIAN_POINT ( 'NONE',  ( -0.1240157480314960647, -0.1377952755905511861, 0.1023622047244094474 ) ) ;
#2556 = EDGE_CURVE ( 'NONE', #3364, #2217, #3329, .T. ) ;
#2557 = EDGE_CURVE ( 'NONE', #457, #2266, #902, .T. ) ;
#2558 = DIRECTION ( 'NONE',  ( 0.0000000000000000000, 0.0000000000000000000, 1.000000000000000000 ) ) ;
#2559 = LINE ( 'NONE', #2147, #2788 ) ;
#2560 = DIRECTION ( 'NONE',  ( -0.7071067811865469066, 0.7071067811865479058, 0.0000000000000000000 ) ) ;
#2561 = VERTEX_POINT ( 'NONE', #1588 ) ;
#2562 = LINE ( 'NONE', #943, #2789 ) ;
#2563 = CARTESIAN_POINT ( 'NONE',  ( -0.1318897637795275746, -0.1024489833240242176, -0.1139111283628084642 ) ) ;
#2564 = DIRECTION ( 'NONE',  ( 0.0000000000000000000, -1.000000000000000000, 0.0000000000000000000 ) ) ;
#2565 = ORIENTED_EDGE ( 'NONE', *, *, #3205, .T. ) ;
#2566 = DIRECTION ( 'NONE',  ( 1.000000000000000000, 0.0000000000000000000, 0.0000000000000000000 ) ) ;
#2567 = FACE_OUTER_BOUND ( 'NONE', #4071, .T. ) ;
#2568 = ORIENTED_EDGE ( 'NONE', *, *, #3598, .F. ) ;
#2569 = PLANE ( 'NONE',  #3542 ) ;
#2570 = CARTESIAN_POINT ( 'NONE',  ( -0.1555118110236220763, -0.003937007874015747977, -0.04921259842519685318 ) ) ;
#2571 = CARTESIAN_POINT ( 'NONE',  ( 0.08858267716535432601, 0.1377952755905511861, 0.08858267716535432601 ) ) ;
#2572 = ORIENTED_EDGE ( 'NONE', *, *, #3159, .F. ) ;
#2573 = VECTOR ( 'NONE', #1989, 39.37007874015748143 ) ;
#2574 = DIRECTION ( 'NONE',  ( 0.0000000000000000000, 1.000000000000000000, 0.0000000000000000000 ) ) ;
#2575 = CIRCLE ( 'NONE', #3671, 0.02362204724409448092 ) ;
#2576 = DIRECTION ( 'NONE',  ( 1.000000000000000000, 0.0000000000000000000, 0.0000000000000000000 ) ) ;
#2577 = CARTESIAN_POINT ( 'NONE',  ( 0.1181102362204724532, 0.003937007874015747977, 0.04921259842519685318 ) ) ;
#2578 = EDGE_CURVE ( 'NONE', #3660, #4148, #2559, .T. ) ;
#2579 = EDGE_CURVE ( 'NONE', #1972, #1038, #2512, .T. ) ;
#2580 = CIRCLE ( 'NONE', #469, 0.02362204724409448092 ) ;
#2581 = VECTOR ( 'NONE', #4169, 39.37007874015748143 ) ;
#2582 = ORIENTED_EDGE ( 'NONE', *, *, #4140, .T. ) ;
#2583 = CARTESIAN_POINT ( 'NONE',  ( -0.08858267716535432601, 0.1377952755905511861, -0.08858267716535432601 ) ) ;
#2584 = VECTOR ( 'NONE', #876, 39.37007874015748143 ) ;
#2585 = VECTOR ( 'NONE', #3449, 39.37007874015748143 ) ;
#2586 = ADVANCED_FACE ( 'NONE', ( #2812 ), #3846, .T. ) ;
#2587 = CIRCLE ( 'NONE', #2041, 0.005905511811023620231 ) ;
#2588 = CIRCLE ( 'NONE', #54, 0.005905511811023620231 ) ;
#2589 = ORIENTED_EDGE ( 'NONE', *, *, #324, .F. ) ;
#2590 = CARTESIAN_POINT ( 'NONE',  ( -0.1240157480314960647, -0.1143824042423135789, 0.07014398974742774850 ) ) ;
#2591 = VECTOR ( 'NONE', #2427, 39.37007874015748143 ) ;
#2592 = VERTEX_POINT ( 'NONE', #4132 ) ;
#2593 = ORIENTED_EDGE ( 'NONE', *, *, #305, .T. ) ;
#2594 = CARTESIAN_POINT ( 'NONE',  ( -0.1122047244094488277, 0.1377952755905511861, 0.1122047244094488277 ) ) ;
#2595 = CIRCLE ( 'NONE', #555, 0.07283464566929134798 ) ;
#2596 = CARTESIAN_POINT ( 'NONE',  ( 8.919671568592926781E-18, 0.1299212598425196763, -0.07283464566929134798 ) ) ;
#2597 = CARTESIAN_POINT ( 'NONE',  ( -0.1318897637795275746, -0.1224523058384645591, 0.1023622047244094474 ) ) ;
#2598 = DIRECTION ( 'NONE',  ( -1.000000000000000000, 2.454115839351809943E-16, 0.0000000000000000000 ) ) ;
#2599 = CARTESIAN_POINT ( 'NONE',  ( -0.1181102362204724532, 0.02755905511811023584, -0.1023622047244094474 ) ) ;
#2600 = DIRECTION ( 'NONE',  ( -4.063888932435259910E-16, 1.000000000000000000, 0.0000000000000000000 ) ) ;
#2601 = PERSON_AND_ORGANIZATION ( #3565, #2941 ) ;
#2602 = ORIENTED_EDGE ( 'NONE', *, *, #681, .F. ) ;
#2603 = VERTEX_POINT ( 'NONE', #267 ) ;
#2604 = AXIS2_PLACEMENT_3D ( 'NONE', #1268, #618, #1733 ) ;
#2605 = LINE ( 'NONE', #645, #678 ) ;
#2606 = EDGE_CURVE ( 'NONE', #50, #2459, #2169, .T. ) ;
#2607 = CYLINDRICAL_SURFACE ( 'NONE', #2373, 0.007874015748031499423 ) ;
#2608 = ADVANCED_FACE ( 'NONE', ( #241 ), #3514, .T. ) ;
#2609 = ORIENTED_EDGE ( 'NONE', *, *, #1147, .T. ) ;
#2610 = CARTESIAN_POINT ( 'NONE',  ( 0.08858267716535432601, 0.1299212598425196763, 0.08858267716535432601 ) ) ;
#2611 = DIRECTION ( 'NONE',  ( 0.0000000000000000000, 0.0000000000000000000, -1.000000000000000000 ) ) ;
#2612 = EDGE_CURVE ( 'NONE', #4048, #3337, #1690, .T. ) ;
#2613 = ORIENTED_EDGE ( 'NONE', *, *, #3895, .F. ) ;
#2614 = ORIENTED_EDGE ( 'NONE', *, *, #3131, .F. ) ;
#2615 = DIRECTION ( 'NONE',  ( -0.7071067811865469066, -0.7071067811865479058, 0.0000000000000000000 ) ) ;
#2616 = LINE ( 'NONE', #3922, #3811 ) ;
#2617 = ORIENTED_EDGE ( 'NONE', *, *, #3492, .T. ) ;
#2618 = CARTESIAN_POINT ( 'NONE',  ( 0.1318897637795275746, -0.1224523058384645591, 0.1023622047244094474 ) ) ;
#2619 = CARTESIAN_POINT ( 'NONE',  ( -0.1318897637795275746, -0.1224523058384645591, 0.07480314960629921850 ) ) ;
#2620 = LINE ( 'NONE', #331, #2306 ) ;
#2621 = DATE_AND_TIME ( #2939, #428 ) ;
#2622 = ORIENTED_EDGE ( 'NONE', *, *, #2636, .T. ) ;
#2623 = DIRECTION ( 'NONE',  ( 0.0000000000000000000, 1.000000000000000000, 0.0000000000000000000 ) ) ;
#2624 = CARTESIAN_POINT ( 'NONE',  ( 0.1122047244094488277, 0.1377952755905511861, -0.1122047244094488277 ) ) ;
#2625 = PLANE ( 'NONE',  #185 ) ;
#2626 = ORIENTED_EDGE ( 'NONE', *, *, #2023, .T. ) ;
#2627 = DIRECTION ( 'NONE',  ( 2.454115839351809943E-16, -1.000000000000000000, 0.0000000000000000000 ) ) ;
#2628 = DIRECTION ( 'NONE',  ( 0.0000000000000000000, 0.0000000000000000000, -1.000000000000000000 ) ) ;
#2629 = EDGE_CURVE ( 'NONE', #949, #1995, #3825, .T. ) ;
#2630 = ORIENTED_EDGE ( 'NONE', *, *, #1714, .F. ) ;
#2631 = EDGE_CURVE ( 'NONE', #3406, #2413, #2193, .T. ) ;
#2632 = EDGE_LOOP ( 'NONE', ( #2015, #1616 ) ) ;
#2633 = CARTESIAN_POINT ( 'NONE',  ( -0.1181102362204724532, 0.02755905511811023584, -0.1023622047244094474 ) ) ;
#2634 = FACE_OUTER_BOUND ( 'NONE', #2989, .T. ) ;
#2635 = DIRECTION ( 'NONE',  ( 0.0000000000000000000, 1.000000000000000000, 0.0000000000000000000 ) ) ;
#2636 = EDGE_CURVE ( 'NONE', #3689, #1064, #4097, .T. ) ;
#2637 = PLANE ( 'NONE',  #395 ) ;
#2638 = CARTESIAN_POINT ( 'NONE',  ( 0.1318897637795275746, -0.04201406643800709162, 0.07480314960629921850 ) ) ;
#2639 = CARTESIAN_POINT ( 'NONE',  ( 0.1181102362204724532, 0.03543307086614173179, -0.07480314960629921850 ) ) ;
#2640 = CARTESIAN_POINT ( 'NONE',  ( 0.1181102362204724532, 0.1299212598425196763, -0.1122047244094488277 ) ) ;
#2641 =( NAMED_UNIT ( * ) PLANE_ANGLE_UNIT ( ) SI_UNIT ( $, .RADIAN. ) );
#2642 = EDGE_LOOP ( 'NONE', ( #1562, #2802, #3380, #403, #3978, #3417 ) ) ;
#2643 = CARTESIAN_POINT ( 'NONE',  ( -0.1181102362204724532, 0.03543307086614173179, -0.1023622047244094474 ) ) ;
#2644 = PLANE ( 'NONE',  #1030 ) ;
#2645 = DIRECTION ( 'NONE',  ( 0.0000000000000000000, 0.0000000000000000000, -1.000000000000000000 ) ) ;
#2646 = VECTOR ( 'NONE', #2964, 39.37007874015748143 ) ;
#2647 = EDGE_LOOP ( 'NONE', ( #2758, #1169 ) ) ;
#2648 = VECTOR ( 'NONE', #1799, 39.37007874015748854 ) ;
#2649 = ORIENTED_EDGE ( 'NONE', *, *, #3518, .T. ) ;
#2650 = CIRCLE ( 'NONE', #4080, 0.007874015748031499423 ) ;
#2651 = DIRECTION ( 'NONE',  ( 0.0000000000000000000, -1.000000000000000000, 0.0000000000000000000 ) ) ;
#2652 = CIRCLE ( 'NONE', #2239, 0.02362204724409448092 ) ;
#2653 = CARTESIAN_POINT ( 'NONE',  ( -0.1555118110236220763, -0.1054045616694795212, 0.1122047244094488277 ) ) ;
#2654 = VECTOR ( 'NONE', #4150, 39.37007874015748143 ) ;
#2655 = CIRCLE ( 'NONE', #257, 0.02362204724409448092 ) ;
#2656 = EDGE_LOOP ( 'NONE', ( #1184, #3995, #2397, #1094 ) ) ;
#2657 = ORIENTED_EDGE ( 'NONE', *, *, #3860, .F. ) ;
#2658 = DIRECTION ( 'NONE',  ( 4.063888932435259910E-16, -1.000000000000000000, 0.0000000000000000000 ) ) ;
#2659 = DIRECTION ( 'NONE',  ( 0.0000000000000000000, -1.000000000000000000, 0.0000000000000000000 ) ) ;
#2660 = CIRCLE ( 'NONE', #482, 0.007874015748031499423 ) ;
#2661 = DIRECTION ( 'NONE',  ( -1.000000000000000000, 0.0000000000000000000, 0.0000000000000000000 ) ) ;
#2662 = EDGE_CURVE ( 'NONE', #1812, #3866, #532, .T. ) ;
#2663 = ADVANCED_FACE ( 'NONE', ( #1175 ), #2469, .F. ) ;
#2664 = VECTOR ( 'NONE', #2675, 39.37007874015748854 ) ;
#2665 = ORIENTED_EDGE ( 'NONE', *, *, #2158, .T. ) ;
#2666 = LINE ( 'NONE', #1976, #135 ) ;
#2667 = EDGE_CURVE ( 'NONE', #3406, #1373, #2895, .T. ) ;
#2668 = ORIENTED_EDGE ( 'NONE', *, *, #3894, .F. ) ;
#2669 = CYLINDRICAL_SURFACE ( 'NONE', #3747, 0.02362204724409448092 ) ;
#2670 = DIRECTION ( 'NONE',  ( 1.000000000000000000, 0.0000000000000000000, 0.0000000000000000000 ) ) ;
#2671 = CARTESIAN_POINT ( 'NONE',  ( -0.1318897637795275746, -0.09578120915254409451, -0.1023622047244094474 ) ) ;
#2672 = ORIENTED_EDGE ( 'NONE', *, *, #2369, .T. ) ;
#2673 = ORIENTED_EDGE ( 'NONE', *, *, #2815, .T. ) ;
#2674 = CARTESIAN_POINT ( 'NONE',  ( -0.1240157480314960647, -0.09578120915254409451, 0.1023622047244094474 ) ) ;
#2675 = DIRECTION ( 'NONE',  ( 0.7071067811865479058, -0.7071067811865469066, 0.0000000000000000000 ) ) ;
#2676 = DIRECTION ( 'NONE',  ( 0.0000000000000000000, 1.000000000000000000, -2.454115839351809943E-16 ) ) ;
#2677 = AXIS2_PLACEMENT_3D ( 'NONE', #757, #854, #2188 ) ;
#2678 = ORIENTED_EDGE ( 'NONE', *, *, #2321, .F. ) ;
#2679 = EDGE_LOOP ( 'NONE', ( #3064, #1460, #166, #3015 ) ) ;
#2680 = FACE_OUTER_BOUND ( 'NONE', #2201, .T. ) ;
#2681 = PLANE ( 'NONE',  #604 ) ;
#2682 = CARTESIAN_POINT ( 'NONE',  ( 0.0000000000000000000, 0.0000000000000000000, 0.04921259842519685318 ) ) ;
#2683 = ORIENTED_EDGE ( 'NONE', *, *, #2552, .T. ) ;
#2684 = ORIENTED_EDGE ( 'NONE', *, *, #1019, .F. ) ;
#2685 = ADVANCED_FACE ( 'NONE', ( #3299 ), #3564, .T. ) ;
#2686 = CARTESIAN_POINT ( 'NONE',  ( 0.0000000000000000000, 0.1968503937007874127, 0.0000000000000000000 ) ) ;
#2687 = DIRECTION ( 'NONE',  ( 0.0000000000000000000, 0.0000000000000000000, 1.000000000000000000 ) ) ;
#2688 = ORIENTED_EDGE ( 'NONE', *, *, #1171, .T. ) ;
#2689 = EDGE_CURVE ( 'NONE', #2459, #2473, #2650, .T. ) ;
#2690 = EDGE_CURVE ( 'NONE', #3176, #1455, #4243, .T. ) ;
#2691 = CARTESIAN_POINT ( 'NONE',  ( -0.08858267716535432601, 0.1496062992125984370, -0.1122047244094488139 ) ) ;
#2692 = LINE ( 'NONE', #2731, #3199 ) ;
#2693 = DIRECTION ( 'NONE',  ( 0.0000000000000000000, 0.0000000000000000000, -1.000000000000000000 ) ) ;
#2694 = ORIENTED_EDGE ( 'NONE', *, *, #1846, .F. ) ;
#2695 = FACE_OUTER_BOUND ( 'NONE', #4237, .T. ) ;
#2696 = LINE ( 'NONE', #1307, #1081 ) ;
#2697 = ORIENTED_EDGE ( 'NONE', *, *, #2946, .F. ) ;
#2698 = ORIENTED_EDGE ( 'NONE', *, *, #2418, .T. ) ;
#2699 = FACE_OUTER_BOUND ( 'NONE', #2046, .T. ) ;
#2700 = DIRECTION ( 'NONE',  ( 0.0000000000000000000, 0.0000000000000000000, 1.000000000000000000 ) ) ;
#2701 = ORIENTED_EDGE ( 'NONE', *, *, #4022, .T. ) ;
#2702 = DIRECTION ( 'NONE',  ( -4.063888932435259910E-16, 1.000000000000000000, 0.0000000000000000000 ) ) ;
#2703 = VERTEX_POINT ( 'NONE', #2640 ) ;
#2704 = LINE ( 'NONE', #3029, #3471 ) ;
#2705 = DIRECTION ( 'NONE',  ( 0.0000000000000000000, -1.000000000000000000, 0.0000000000000000000 ) ) ;
#2706 = CARTESIAN_POINT ( 'NONE',  ( 0.1263219938489248129, -0.04758183636860983945, -0.1023622047244094474 ) ) ;
#2707 = EDGE_CURVE ( 'NONE', #2244, #2022, #2620, .T. ) ;
#2708 = EDGE_CURVE ( 'NONE', #1038, #833, #3602, .T. ) ;
#2709 = ORIENTED_EDGE ( 'NONE', *, *, #3990, .T. ) ;
#2710 = VECTOR ( 'NONE', #985, 39.37007874015748143 ) ;
#2711 = LINE ( 'NONE', #2391, #4133 ) ;
#2712 = LINE ( 'NONE', #3374, #1012 ) ;
#2713 = VECTOR ( 'NONE', #510, 39.37007874015748143 ) ;
#2714 = EDGE_CURVE ( 'NONE', #1164, #1076, #3470, .T. ) ;
#2715 = ORIENTED_EDGE ( 'NONE', *, *, #1920, .F. ) ;
#2716 = AXIS2_PLACEMENT_3D ( 'NONE', #3438, #2775, #3744 ) ;
#2717 = AXIS2_PLACEMENT_3D ( 'NONE', #1773, #1745, #759 ) ;
#2718 = ORIENTED_EDGE ( 'NONE', *, *, #714, .F. ) ;
#2719 = CARTESIAN_POINT ( 'NONE',  ( 0.1263219938489248129, -0.04758183636860983945, -0.07480314960629921850 ) ) ;
#2720 = PLANE ( 'NONE',  #4009 ) ;
#2721 = DIRECTION ( 'NONE',  ( 0.0000000000000000000, -1.000000000000000000, 0.0000000000000000000 ) ) ;
#2722 = VECTOR ( 'NONE', #2854, 39.37007874015748143 ) ;
#2723 = VECTOR ( 'NONE', #2066, 39.37007874015748854 ) ;
#2724 = EDGE_LOOP ( 'NONE', ( #73, #1837, #462, #233, #2830, #1534 ) ) ;
#2725 = AXIS2_PLACEMENT_3D ( 'NONE', #1321, #289, #1592 ) ;
#2726 = FACE_OUTER_BOUND ( 'NONE', #127, .T. ) ;
#2727 = AXIS2_PLACEMENT_3D ( 'NONE', #1142, #4004, #1732 ) ;
#2728 = ORIENTED_EDGE ( 'NONE', *, *, #4043, .F. ) ;
#2729 = AXIS2_PLACEMENT_3D ( 'NONE', #183, #245, #517 ) ;
#2730 = CARTESIAN_POINT ( 'NONE',  ( 0.1532055652061933004, -0.07446540772587834089, 0.07480314960629921850 ) ) ;
#2731 = CARTESIAN_POINT ( 'NONE',  ( -0.1181102362204724532, 0.1299212598425196763, 0.1122047244094488277 ) ) ;
#2732 = CARTESIAN_POINT ( 'NONE',  ( 0.1476377952755905387, -0.06889763779527559306, -0.1023622047244094474 ) ) ;
#2733 = ORIENTED_EDGE ( 'NONE', *, *, #3860, .T. ) ;
#2734 = VERTEX_POINT ( 'NONE', #3906 ) ;
#2735 = ADVANCED_FACE ( 'NONE', ( #1978 ), #1294, .T. ) ;
#2736 = EDGE_CURVE ( 'NONE', #568, #3837, #966, .T. ) ;
#2737 = DIRECTION ( 'NONE',  ( 0.0000000000000000000, 0.0000000000000000000, -1.000000000000000000 ) ) ;
#2738 = CARTESIAN_POINT ( 'NONE',  ( 0.1240157480314960647, -0.1377952755905511861, -0.1023622047244094474 ) ) ;
#2739 = VERTEX_POINT ( 'NONE', #988 ) ;
#2740 = ORIENTED_EDGE ( 'NONE', *, *, #2419, .F. ) ;
#2741 = ORIENTED_EDGE ( 'NONE', *, *, #3005, .F. ) ;
#2742 = EDGE_CURVE ( 'NONE', #2006, #1034, #355, .T. ) ;
#2743 = DIRECTION ( 'NONE',  ( 0.0000000000000000000, 0.0000000000000000000, -1.000000000000000000 ) ) ;
#2744 = AXIS2_PLACEMENT_3D ( 'NONE', #3195, #1525, #1868 ) ;
#2745 = CARTESIAN_POINT ( 'NONE',  ( -0.1181102362204724532, 0.1377952755905511861, -0.1181102362204724532 ) ) ;
#2746 = CARTESIAN_POINT ( 'NONE',  ( -0.1240157480314960647, -0.09578120915254409451, -0.07480314960629921850 ) ) ;
#2747 = VERTEX_POINT ( 'NONE', #658 ) ;
#2748 = ORIENTED_EDGE ( 'NONE', *, *, #204, .T. ) ;
#2749 = CARTESIAN_POINT ( 'NONE',  ( 0.1532055652061933004, -0.07446540772587834089, -0.07480314960629921850 ) ) ;
#2750 = FACE_OUTER_BOUND ( 'NONE', #424, .T. ) ;
#2751 = ORIENTED_EDGE ( 'NONE', *, *, #2186, .F. ) ;
#2752 = DIRECTION ( 'NONE',  ( 0.0000000000000000000, 0.0000000000000000000, 1.000000000000000000 ) ) ;
#2753 = DIRECTION ( 'NONE',  ( 0.0000000000000000000, 0.0000000000000000000, 1.000000000000000000 ) ) ;
#2754 = CARTESIAN_POINT ( 'NONE',  ( 0.08858267716535432601, 0.1496062992125984370, 0.1122047244094488139 ) ) ;
#2755 = EDGE_LOOP ( 'NONE', ( #715, #1135 ) ) ;
#2756 = LINE ( 'NONE', #3052, #3745 ) ;
#2757 = LINE ( 'NONE', #1162, #4142 ) ;
#2758 = ORIENTED_EDGE ( 'NONE', *, *, #575, .T. ) ;
#2759 = ORIENTED_EDGE ( 'NONE', *, *, #367, .T. ) ;
#2760 = ORIENTED_EDGE ( 'NONE', *, *, #3344, .T. ) ;
#2761 = CARTESIAN_POINT ( 'NONE',  ( -0.1555118110236220763, -0.003937007874015747977, 0.04921259842519685318 ) ) ;
#2762 = DIRECTION ( 'NONE',  ( 0.0000000000000000000, 0.0000000000000000000, 1.000000000000000000 ) ) ;
#2763 = PLANE ( 'NONE',  #1836 ) ;
#2764 = EDGE_CURVE ( 'NONE', #89, #2154, #326, .T. ) ;
#2765 = EDGE_CURVE ( 'NONE', #2734, #3093, #2294, .T. ) ;
#2766 = ORIENTED_EDGE ( 'NONE', *, *, #519, .T. ) ;
#2767 = ORIENTED_EDGE ( 'NONE', *, *, #3084, .F. ) ;
#2768 = EDGE_CURVE ( 'NONE', #1782, #850, #1020, .T. ) ;
#2769 = VERTEX_POINT ( 'NONE', #3949 ) ;
#2770 = DIRECTION ( 'NONE',  ( 0.0000000000000000000, 0.0000000000000000000, 1.000000000000000000 ) ) ;
#2771 = ORIENTED_EDGE ( 'NONE', *, *, #3336, .F. ) ;
#2772 = VECTOR ( 'NONE', #621, 39.37007874015748143 ) ;
#2773 = CARTESIAN_POINT ( 'NONE',  ( 0.1532055652061933004, -0.07446540772587834089, -0.1023622047244094474 ) ) ;
#2774 = CARTESIAN_POINT ( 'NONE',  ( 0.0000000000000000000, 0.1377952755905511861, 0.0000000000000000000 ) ) ;
#2775 = DIRECTION ( 'NONE',  ( 0.0000000000000000000, 0.0000000000000000000, -1.000000000000000000 ) ) ;
#2776 = ORIENTED_EDGE ( 'NONE', *, *, #3472, .F. ) ;
#2777 = AXIS2_PLACEMENT_3D ( 'NONE', #2653, #3657, #388 ) ;
#2778 = DIRECTION ( 'NONE',  ( 3.519431053647356462E-16, 0.8660254037844389297, -0.4999999999999994449 ) ) ;
#2779 = CIRCLE ( 'NONE', #4211, 0.007874015748031499423 ) ;
#2780 = FACE_OUTER_BOUND ( 'NONE', #1589, .T. ) ;
#2781 = CARTESIAN_POINT ( 'NONE',  ( 0.1181102362204724532, 0.02755905511811023584, -0.07480314960629921850 ) ) ;
#2782 = AXIS2_PLACEMENT_3D ( 'NONE', #991, #2645, #2021 ) ;
#2783 = VECTOR ( 'NONE', #2902, 39.37007874015748143 ) ;
#2784 = ORIENTED_EDGE ( 'NONE', *, *, #4100, .F. ) ;
#2785 = CARTESIAN_POINT ( 'NONE',  ( 0.1476377952755905387, -0.06889763779527559306, -0.1023622047244094474 ) ) ;
#2786 = EDGE_CURVE ( 'NONE', #3019, #3485, #2324, .T. ) ;
#2787 = EDGE_CURVE ( 'NONE', #2831, #215, #1997, .T. ) ;
#2788 = VECTOR ( 'NONE', #3194, 39.37007874015748143 ) ;
#2789 = VECTOR ( 'NONE', #2541, 39.37007874015748143 ) ;
#2790 = VECTOR ( 'NONE', #3642, 39.37007874015748143 ) ;
#2791 = AXIS2_PLACEMENT_3D ( 'NONE', #3279, #1293, #1912 ) ;
#2792 = ORIENTED_EDGE ( 'NONE', *, *, #3786, .F. ) ;
#2793 = EDGE_CURVE ( 'NONE', #4139, #549, #3264, .T. ) ;
#2794 = CARTESIAN_POINT ( 'NONE',  ( 0.1240157480314960647, -0.09578120915254409451, -0.07480314960629921850 ) ) ;
#2795 = CIRCLE ( 'NONE', #3612, 0.007874015748031499423 ) ;
#2796 = LINE ( 'NONE', #3827, #3702 ) ;
#2797 = VERTEX_POINT ( 'NONE', #3795 ) ;
#2798 = AXIS2_PLACEMENT_3D ( 'NONE', #849, #525, #3776 ) ;
#2799 = CARTESIAN_POINT ( 'NONE',  ( 0.1181102362204724532, 0.0000000000000000000, -0.1181102362204724532 ) ) ;
#2800 = PLANE ( 'NONE',  #1210 ) ;
#2801 = ORIENTED_EDGE ( 'NONE', *, *, #4151, .F. ) ;
#2802 = ORIENTED_EDGE ( 'NONE', *, *, #31, .T. ) ;
#2803 = DIRECTION ( 'NONE',  ( 0.0000000000000000000, -1.000000000000000000, 0.0000000000000000000 ) ) ;
#2804 = DIRECTION ( 'NONE',  ( 0.0000000000000000000, 0.0000000000000000000, -1.000000000000000000 ) ) ;
#2805 = CARTESIAN_POINT ( 'NONE',  ( 0.1181102362204724532, 0.0000000000000000000, -0.1122047244094488277 ) ) ;
#2806 = ORIENTED_EDGE ( 'NONE', *, *, #2009, .F. ) ;
#2807 = ORIENTED_EDGE ( 'NONE', *, *, #1071, .F. ) ;
#2808 = CYLINDRICAL_SURFACE ( 'NONE', #249, 0.007874015748031499423 ) ;
#2809 = ADVANCED_FACE ( 'NONE', ( #3185 ), #2888, .F. ) ;
#2810 = EDGE_LOOP ( 'NONE', ( #2665, #4130, #2784, #3636 ) ) ;
#2811 = CARTESIAN_POINT ( 'NONE',  ( 0.1240157480314960647, -0.09578120915254409451, 0.1023622047244094474 ) ) ;
#2812 = FACE_OUTER_BOUND ( 'NONE', #676, .T. ) ;
#2813 = CARTESIAN_POINT ( 'NONE',  ( -0.1122047244094488277, 0.1299212598425196763, -0.1181102362204724532 ) ) ;
#2814 = EDGE_LOOP ( 'NONE', ( #3732, #3164, #2057, #3963 ) ) ;
#2815 = EDGE_CURVE ( 'NONE', #1485, #4191, #1599, .T. ) ;
#2816 = EDGE_CURVE ( 'NONE', #2056, #1638, #3210, .T. ) ;
#2817 = CARTESIAN_POINT ( 'NONE',  ( 0.1318897637795275746, -0.1377952755905511861, -0.1023622047244094474 ) ) ;
#2818 = EDGE_LOOP ( 'NONE', ( #3648, #2334, #3890, #3049 ) ) ;
#2819 = CARTESIAN_POINT ( 'NONE',  ( 0.1181102362204724532, 0.02755905511811023584, -0.07480314960629921850 ) ) ;
#2820 = LINE ( 'NONE', #4124, #1290 ) ;
#2821 = ORIENTED_EDGE ( 'NONE', *, *, #447, .T. ) ;
#2822 = VERTEX_POINT ( 'NONE', #2905 ) ;
#2823 = DIRECTION ( 'NONE',  ( 0.0000000000000000000, 0.0000000000000000000, -1.000000000000000000 ) ) ;
#2824 = CARTESIAN_POINT ( 'NONE',  ( -8.437527159479795937E-18, 0.1299212598425196763, -0.06889763779527559306 ) ) ;
#2825 = LINE ( 'NONE', #4129, #3137 ) ;
#2826 = ORIENTED_EDGE ( 'NONE', *, *, #3847, .F. ) ;
#2827 = DIRECTION ( 'NONE',  ( -4.063888932435259910E-16, -1.000000000000000000, 0.0000000000000000000 ) ) ;
#2828 = CARTESIAN_POINT ( 'NONE',  ( 0.1476377952755905387, -0.06889763779527559306, 0.1023622047244094474 ) ) ;
#2829 = LINE ( 'NONE', #1490, #3284 ) ;
#2830 = ORIENTED_EDGE ( 'NONE', *, *, #2765, .F. ) ;
#2831 = VERTEX_POINT ( 'NONE', #2873 ) ;
#2832 = DIRECTION ( 'NONE',  ( 0.0000000000000000000, 0.0000000000000000000, -1.000000000000000000 ) ) ;
#2833 = AXIS2_PLACEMENT_3D ( 'NONE', #2455, #732, #1407 ) ;
#2834 = FACE_OUTER_BOUND ( 'NONE', #1916, .T. ) ;
#2835 = ADVANCED_FACE ( 'NONE', ( #3468 ), #4213, .T. ) ;
#2836 = DIRECTION ( 'NONE',  ( -0.7071067811865480168, -0.7071067811865470176, 0.0000000000000000000 ) ) ;
#2837 = EDGE_CURVE ( 'NONE', #219, #2797, #1927, .T. ) ;
#2838 = ORIENTED_EDGE ( 'NONE', *, *, #4095, .F. ) ;
#2839 = CARTESIAN_POINT ( 'NONE',  ( -0.1555118110236220208, -0.06889763779527559306, 0.1023622047244094474 ) ) ;
#2840 = FACE_BOUND ( 'NONE', #1693, .T. ) ;
#2841 = EDGE_CURVE ( 'NONE', #2022, #1131, #933, .T. ) ;
#2842 = AXIS2_PLACEMENT_3D ( 'NONE', #772, #3041, #3365 ) ;
#2843 = ORIENTED_EDGE ( 'NONE', *, *, #1346, .T. ) ;
#2844 = ORIENTED_EDGE ( 'NONE', *, *, #812, .T. ) ;
#2845 = LINE ( 'NONE', #3817, #332 ) ;
#2846 = CARTESIAN_POINT ( 'NONE',  ( -0.1318897637795275746, -0.09578120915254409451, -0.1023622047244094474 ) ) ;
#2847 = CARTESIAN_POINT ( 'NONE',  ( 0.1318897637795275746, 0.02755905511811023584, -0.1023622047244094474 ) ) ;
#2848 = AXIS2_PLACEMENT_3D ( 'NONE', #290, #602, #907 ) ;
#2849 = CIRCLE ( 'NONE', #1013, 0.007874015748031499423 ) ;
#2850 = ORIENTED_EDGE ( 'NONE', *, *, #2793, .T. ) ;
#2851 = CIRCLE ( 'NONE', #1087, 0.02362204724409448092 ) ;
#2852 = DIRECTION ( 'NONE',  ( 0.0000000000000000000, 0.0000000000000000000, 1.000000000000000000 ) ) ;
#2853 = CARTESIAN_POINT ( 'NONE',  ( -0.08858267716535432601, 0.1496062992125984370, 0.06496062992125983815 ) ) ;
#2854 = DIRECTION ( 'NONE',  ( 0.0000000000000000000, 0.0000000000000000000, 1.000000000000000000 ) ) ;
#2855 = DIRECTION ( 'NONE',  ( 1.000000000000000000, 0.0000000000000000000, 0.0000000000000000000 ) ) ;
#2856 = AXIS2_PLACEMENT_3D ( 'NONE', #1374, #3262, #3869 ) ;
#2857 = CIRCLE ( 'NONE', #1285, 0.007874015748031499423 ) ;
#2858 = ORIENTED_EDGE ( 'NONE', *, *, #1533, .T. ) ;
#2859 = VECTOR ( 'NONE', #2700, 39.37007874015748143 ) ;
#2860 = FACE_BOUND ( 'NONE', #2174, .T. ) ;
#2861 = CARTESIAN_POINT ( 'NONE',  ( -0.1122047244094488277, 0.0000000000000000000, -0.1122047244094488277 ) ) ;
#2862 = CARTESIAN_POINT ( 'NONE',  ( -0.1181102362204724532, 0.03543307086614173179, 0.1023622047244094474 ) ) ;
#2863 = DIRECTION ( 'NONE',  ( 0.0000000000000000000, 0.0000000000000000000, -1.000000000000000000 ) ) ;
#2864 = AXIS2_PLACEMENT_3D ( 'NONE', #770, #2721, #4029 ) ;
#2865 = ADVANCED_FACE ( 'NONE', ( #217 ), #2183, .F. ) ;
#2866 = EDGE_CURVE ( 'NONE', #1049, #3400, #3227, .T. ) ;
#2867 = ORIENTED_EDGE ( 'NONE', *, *, #1692, .T. ) ;
#2868 = CARTESIAN_POINT ( 'NONE',  ( 0.1318897637795275746, 0.02755905511811023584, 0.1023622047244094474 ) ) ;
#2869 = LINE ( 'NONE', #3525, #2027 ) ;
#2870 = ORIENTED_EDGE ( 'NONE', *, *, #299, .T. ) ;
#2871 = EDGE_CURVE ( 'NONE', #2109, #3814, #570, .T. ) ;
#2872 = ORIENTED_EDGE ( 'NONE', *, *, #1925, .T. ) ;
#2873 = CARTESIAN_POINT ( 'NONE',  ( -0.1532055652061933004, -0.06332986786467284523, 0.1023622047244094474 ) ) ;
#2874 = DIRECTION ( 'NONE',  ( 0.0000000000000000000, 0.0000000000000000000, -1.000000000000000000 ) ) ;
#2875 = DIRECTION ( 'NONE',  ( 0.0000000000000000000, 0.0000000000000000000, 1.000000000000000000 ) ) ;
#2876 = DIRECTION ( 'NONE',  ( 0.0000000000000000000, -1.000000000000000000, 0.0000000000000000000 ) ) ;
#2877 = CARTESIAN_POINT ( 'NONE',  ( 0.1240157480314960647, 0.02755905511811023584, -0.1023622047244094474 ) ) ;
#2878 = AXIS2_PLACEMENT_3D ( 'NONE', #595, #3138, #1807 ) ;
#2879 = CARTESIAN_POINT ( 'NONE',  ( 0.1532055652061933004, -0.07446540772587834089, 0.1023622047244094474 ) ) ;
#2880 = DIRECTION ( 'NONE',  ( 0.0000000000000000000, 0.0000000000000000000, -1.000000000000000000 ) ) ;
#2881 = ORIENTED_EDGE ( 'NONE', *, *, #2764, .F. ) ;
#2882 = CYLINDRICAL_SURFACE ( 'NONE', #2302, 0.02362204724409448092 ) ;
#2883 = ORIENTED_EDGE ( 'NONE', *, *, #3603, .T. ) ;
#2884 = LINE ( 'NONE', #2199, #2374 ) ;
#2885 = CARTESIAN_POINT ( 'NONE',  ( 0.1240157480314960647, 0.02755905511811023584, -0.1023622047244094474 ) ) ;
#2886 = ORIENTED_EDGE ( 'NONE', *, *, #386, .F. ) ;
#2887 = ORIENTED_EDGE ( 'NONE', *, *, #3788, .F. ) ;
#2888 = PLANE ( 'NONE',  #3190 ) ;
#2889 = FACE_OUTER_BOUND ( 'NONE', #3011, .T. ) ;
#2890 = CARTESIAN_POINT ( 'NONE',  ( -0.1263219938489248129, -0.09021343922194134668, -0.07480314960629921850 ) ) ;
#2891 = EDGE_CURVE ( 'NONE', #307, #1782, #2504, .T. ) ;
#2892 = EDGE_CURVE ( 'NONE', #1467, #1236, #614, .T. ) ;
#2893 = CARTESIAN_POINT ( 'NONE',  ( -0.1122047244094488277, 0.1377952755905511861, -0.1181102362204724532 ) ) ;
#2894 = DIRECTION ( 'NONE',  ( 0.0000000000000000000, 1.000000000000000000, 0.0000000000000000000 ) ) ;
#2895 = LINE ( 'NONE', #1933, #3746 ) ;
#2896 = EDGE_CURVE ( 'NONE', #1770, #1561, #4175, .T. ) ;
#2897 = CARTESIAN_POINT ( 'NONE',  ( 0.0000000000000000000, 0.0000000000000000000, 0.0000000000000000000 ) ) ;
#2898 = ORIENTED_EDGE ( 'NONE', *, *, #2262, .F. ) ;
#2899 = CARTESIAN_POINT ( 'NONE',  ( 0.08858267716535432601, 0.1299212598425196763, -0.1122047244094488139 ) ) ;
#2900 = CARTESIAN_POINT ( 'NONE',  ( 0.1240157480314960647, 0.02755905511811023584, -0.1023622047244094474 ) ) ;
#2901 = ORIENTED_EDGE ( 'NONE', *, *, #2454, .F. ) ;
#2902 = DIRECTION ( 'NONE',  ( 1.000000000000000000, 0.0000000000000000000, 0.0000000000000000000 ) ) ;
#2903 = VERTEX_POINT ( 'NONE', #871 ) ;
#2904 = ORIENTED_EDGE ( 'NONE', *, *, #3006, .T. ) ;
#2905 = CARTESIAN_POINT ( 'NONE',  ( 0.1532055652061933004, -0.07446540772587834089, -0.07480314960629921850 ) ) ;
#2906 = CARTESIAN_POINT ( 'NONE',  ( -0.1181102362204724532, 0.02755905511811023584, -0.1023622047244094474 ) ) ;
#2907 = LINE ( 'NONE', #3621, #962 ) ;
#2908 = EDGE_LOOP ( 'NONE', ( #1841, #667, #2398, #1395 ) ) ;
#2909 = ADVANCED_FACE ( 'NONE', ( #1265 ), #2569, .T. ) ;
#2910 = EDGE_CURVE ( 'NONE', #1942, #1004, #2845, .T. ) ;
#2911 = CARTESIAN_POINT ( 'NONE',  ( 0.1181102362204724532, 0.003937007874015747977, -0.04921259842519685318 ) ) ;
#2912 = PLANE ( 'NONE',  #1167 ) ;
#2913 = VECTOR ( 'NONE', #3290, 39.37007874015748143 ) ;
#2914 = DIRECTION ( 'NONE',  ( -0.7071067811865479058, -0.7071067811865469066, 0.0000000000000000000 ) ) ;
#2915 = VECTOR ( 'NONE', #346, 39.37007874015748143 ) ;
#2916 = CARTESIAN_POINT ( 'NONE',  ( 0.1476377952755905387, -0.06889763779527559306, -0.1023622047244094474 ) ) ;
#2917 = DATE_AND_TIME ( #306, #3353 ) ;
#2918 = VECTOR ( 'NONE', #360, 39.37007874015748143 ) ;
#2919 = VECTOR ( 'NONE', #2651, 39.37007874015748143 ) ;
#2920 = ORIENTED_EDGE ( 'NONE', *, *, #300, .F. ) ;
#2921 = EDGE_CURVE ( 'NONE', #286, #2561, #957, .T. ) ;
#2922 = CARTESIAN_POINT ( 'NONE',  ( 0.1318897637795275746, -0.04201406643800709162, -0.07480314960629921850 ) ) ;
#2923 = CARTESIAN_POINT ( 'NONE',  ( 0.1555118110236220763, -0.1377952755905511861, 0.08366141732283464971 ) ) ;
#2924 = CIRCLE ( 'NONE', #2516, 0.02362204724409448092 ) ;
#2925 = CIRCLE ( 'NONE', #1093, 0.007874015748031499423 ) ;
#2926 = EDGE_LOOP ( 'NONE', ( #534, #3480, #2904, #2420 ) ) ;
#2927 = DIRECTION ( 'NONE',  ( 0.0000000000000000000, 1.000000000000000000, 0.0000000000000000000 ) ) ;
#2928 = CARTESIAN_POINT ( 'NONE',  ( 0.1318897637795275746, -0.04201406643800709162, -0.1023622047244094474 ) ) ;
#2929 = VECTOR ( 'NONE', #722, 39.37007874015748143 ) ;
#2930 = ORIENTED_EDGE ( 'NONE', *, *, #3915, .F. ) ;
#2931 = ORIENTED_EDGE ( 'NONE', *, *, #116, .T. ) ;
#2932 = LINE ( 'NONE', #999, #2790 ) ;
#2933 = VECTOR ( 'NONE', #3743, 39.37007874015748143 ) ;
#2934 = LINE ( 'NONE', #721, #535 ) ;
#2935 = CARTESIAN_POINT ( 'NONE',  ( 0.1318897637795275746, -0.09578120915254409451, -0.1023622047244094474 ) ) ;
#2936 = CARTESIAN_POINT ( 'NONE',  ( 0.1318897637795275746, 0.02755905511811023584, 0.1023622047244094474 ) ) ;
#2937 = LINE ( 'NONE', #2639, #3753 ) ;
#2938 = CARTESIAN_POINT ( 'NONE',  ( 0.1318897637795275746, -0.09578120915254409451, 0.1023622047244094474 ) ) ;
#2939 = CALENDAR_DATE ( 2021, 18, 12 ) ;
#2940 = ORIENTED_EDGE ( 'NONE', *, *, #2837, .T. ) ;
#2941 = ORGANIZATION ( 'UNSPECIFIED', 'UNSPECIFIED', '' ) ;
#2942 = CARTESIAN_POINT ( 'NONE',  ( -0.1181102362204724532, 0.1299212598425196763, 0.1122047244094488277 ) ) ;
#2943 = DIRECTION ( 'NONE',  ( 1.000000000000000000, 0.0000000000000000000, 0.0000000000000000000 ) ) ;
#2944 = LINE ( 'NONE', #3570, #2439 ) ;
#2945 = ADVANCED_FACE ( 'NONE', ( #3507 ), #589, .T. ) ;
#2946 = EDGE_CURVE ( 'NONE', #203, #1791, #1832, .T. ) ;
#2947 = VERTEX_POINT ( 'NONE', #2285 ) ;
#2948 = LINE ( 'NONE', #2968, #3677 ) ;
#2949 = CARTESIAN_POINT ( 'NONE',  ( -0.1181102362204724532, 0.0000000000000000000, -0.04921259842519685318 ) ) ;
#2950 = ORIENTED_EDGE ( 'NONE', *, *, #1046, .T. ) ;
#2951 = ORIENTED_EDGE ( 'NONE', *, *, #305, .F. ) ;
#2952 = LINE ( 'NONE', #2633, #1494 ) ;
#2953 = CARTESIAN_POINT ( 'NONE',  ( -0.1181102362204724532, 0.02755905511811023584, 0.1023622047244094474 ) ) ;
#2954 = DIRECTION ( 'NONE',  ( -1.000000000000000000, 0.0000000000000000000, 0.0000000000000000000 ) ) ;
#2955 = EDGE_LOOP ( 'NONE', ( #3849, #3165, #2771, #3698 ) ) ;
#2956 = CARTESIAN_POINT ( 'NONE',  ( 0.1181102362204724532, 0.1299212598425196763, 0.1122047244094488277 ) ) ;
#2957 = CARTESIAN_POINT ( 'NONE',  ( 0.1263219938489248129, -0.09021343922194134668, -0.1023622047244094474 ) ) ;
#2958 = CARTESIAN_POINT ( 'NONE',  ( -0.1318897637795275746, -0.1224523058384645591, -0.1023622047244094474 ) ) ;
#2959 = DIRECTION ( 'NONE',  ( 1.445602896647339903E-16, 0.0000000000000000000, 1.000000000000000000 ) ) ;
#2960 = APPROVAL_STATUS ( 'not_yet_approved' ) ;
#2961 = ORIENTED_EDGE ( 'NONE', *, *, #3915, .T. ) ;
#2962 = CARTESIAN_POINT ( 'NONE',  ( 0.1181102362204724532, 0.1377952755905511861, 0.1181102362204724532 ) ) ;
#2963 = DIRECTION ( 'NONE',  ( 0.0000000000000000000, 0.0000000000000000000, -1.000000000000000000 ) ) ;
#2964 = DIRECTION ( 'NONE',  ( -2.454115839351809943E-16, -1.000000000000000000, 0.0000000000000000000 ) ) ;
#2965 = EDGE_LOOP ( 'NONE', ( #3142, #1441, #4109, #3723 ) ) ;
#2966 = EDGE_CURVE ( 'NONE', #1561, #3783, #2932, .T. ) ;
#2967 = EDGE_CURVE ( 'NONE', #2182, #3801, #2314, .T. ) ;
#2968 = CARTESIAN_POINT ( 'NONE',  ( -0.1318897637795275746, 0.02755905511811023584, 0.1023622047244094474 ) ) ;
#2969 = LINE ( 'NONE', #2352, #1483 ) ;
#2970 = ORIENTED_EDGE ( 'NONE', *, *, #3973, .F. ) ;
#2971 = ORIENTED_EDGE ( 'NONE', *, *, #3028, .F. ) ;
#2972 = DIRECTION ( 'NONE',  ( 0.0000000000000000000, 0.0000000000000000000, -1.000000000000000000 ) ) ;
#2973 = ADVANCED_FACE ( 'NONE', ( #2680 ), #1968, .F. ) ;
#2974 = DIRECTION ( 'NONE',  ( -4.063888932435259910E-16, 1.000000000000000000, 0.0000000000000000000 ) ) ;
#2975 = CARTESIAN_POINT ( 'NONE',  ( -0.1240157480314960647, 0.02755905511811023584, -0.1023622047244094474 ) ) ;
#2976 = VECTOR ( 'NONE', #3051, 39.37007874015748143 ) ;
#2977 = EDGE_LOOP ( 'NONE', ( #2867, #4005, #853, #396 ) ) ;
#2978 = CARTESIAN_POINT ( 'NONE',  ( -0.1476377952755905387, -0.06889763779527559306, -0.1023622047244094474 ) ) ;
#2979 = DIRECTION ( 'NONE',  ( 0.0000000000000000000, 1.000000000000000000, 0.0000000000000000000 ) ) ;
#2980 = DIRECTION ( 'NONE',  ( -1.000000000000000000, 0.0000000000000000000, 0.0000000000000000000 ) ) ;
#2981 = CARTESIAN_POINT ( 'NONE',  ( -0.1532055652061933004, -0.07446540772587834089, -0.1023622047244094474 ) ) ;
#2982 = ORIENTED_EDGE ( 'NONE', *, *, #2477, .T. ) ;
#2983 = CONICAL_SURFACE ( 'NONE', #394, 0.06889763779527559306, 0.03490658503988665340 ) ;
#2984 = VECTOR ( 'NONE', #1419, 39.37007874015748143 ) ;
#2985 = FACE_OUTER_BOUND ( 'NONE', #2330, .T. ) ;
#2986 = DIRECTION ( 'NONE',  ( -0.7071067811865470176, 0.7071067811865480168, 0.0000000000000000000 ) ) ;
#2987 = CARTESIAN_POINT ( 'NONE',  ( -0.1122047244094488277, 0.1299212598425196763, 0.1122047244094488277 ) ) ;
#2988 = CIRCLE ( 'NONE', #2096, 0.06889763779527559306 ) ;
#2989 = EDGE_LOOP ( 'NONE', ( #95, #516, #3655, #2870 ) ) ;
#2990 = VECTOR ( 'NONE', #1185, 39.37007874015748143 ) ;
#2991 = ORIENTED_EDGE ( 'NONE', *, *, #3653, .T. ) ;
#2992 = DIRECTION ( 'NONE',  ( -1.000000000000000000, 0.0000000000000000000, 0.0000000000000000000 ) ) ;
#2993 = VECTOR ( 'NONE', #1849, 39.37007874015748143 ) ;
#2994 = DIRECTION ( 'NONE',  ( 0.0000000000000000000, 0.0000000000000000000, 1.000000000000000000 ) ) ;
#2995 = ADVANCED_FACE ( 'NONE', ( #3314 ), #2267, .F. ) ;
#2996 = EDGE_CURVE ( 'NONE', #1373, #417, #720, .T. ) ;
#2997 = AXIS2_PLACEMENT_3D ( 'NONE', #418, #698, #3293 ) ;
#2998 = VECTOR ( 'NONE', #2914, 39.37007874015748854 ) ;
#2999 = ORIENTED_EDGE ( 'NONE', *, *, #4022, .F. ) ;
#3000 = VERTEX_POINT ( 'NONE', #1329 ) ;
#3001 = CARTESIAN_POINT ( 'NONE',  ( 0.08858267716535432601, 0.1377952755905511861, -0.08858267716535432601 ) ) ;
#3002 = LINE ( 'NONE', #740, #1754 ) ;
#3003 = AXIS2_PLACEMENT_3D ( 'NONE', #2506, #1247, #3072 ) ;
#3004 = CARTESIAN_POINT ( 'NONE',  ( -0.1181102362204724532, 0.02755905511811023584, 0.1023622047244094474 ) ) ;
#3005 = EDGE_CURVE ( 'NONE', #3308, #1727, #3273, .T. ) ;
#3006 = EDGE_CURVE ( 'NONE', #2055, #12, #3245, .T. ) ;
#3007 = VECTOR ( 'NONE', #4069, 39.37007874015748143 ) ;
#3008 = ORIENTED_EDGE ( 'NONE', *, *, #978, .F. ) ;
#3009 = CYLINDRICAL_SURFACE ( 'NONE', #1615, 0.007874015748031466463 ) ;
#3010 = PLANE ( 'NONE',  #1295 ) ;
#3011 = EDGE_LOOP ( 'NONE', ( #3446, #3796, #3701, #2442 ) ) ;
#3012 = CARTESIAN_POINT ( 'NONE',  ( -0.1181102362204724532, 0.02755905511811023584, 0.1023622047244094474 ) ) ;
#3013 = LINE ( 'NONE', #3324, #3196 ) ;
#3014 = CARTESIAN_POINT ( 'NONE',  ( 0.1532055652061933004, -0.06332986786467284523, -0.07480314960629921850 ) ) ;
#3015 = ORIENTED_EDGE ( 'NONE', *, *, #3996, .F. ) ;
#3016 = DIRECTION ( 'NONE',  ( 1.000000000000000000, 0.0000000000000000000, -1.445602896647339903E-16 ) ) ;
#3017 = CARTESIAN_POINT ( 'NONE',  ( -0.1532055652061933004, -0.07446540772587834089, 0.1023622047244094474 ) ) ;
#3018 = ORIENTED_EDGE ( 'NONE', *, *, #3472, .T. ) ;
#3019 = VERTEX_POINT ( 'NONE', #2355 ) ;
#3020 = CARTESIAN_POINT ( 'NONE',  ( 0.08858267716535432601, 0.1299212598425196763, -0.08858267716535432601 ) ) ;
#3021 = CARTESIAN_POINT ( 'NONE',  ( -0.1240157480314960647, 0.02755905511811023584, -0.1023622047244094474 ) ) ;
#3022 = DIRECTION ( 'NONE',  ( 0.0000000000000000000, 0.0000000000000000000, -1.000000000000000000 ) ) ;
#3023 = ORIENTED_EDGE ( 'NONE', *, *, #1557, .T. ) ;
#3024 = DIRECTION ( 'NONE',  ( -1.000000000000000000, 0.0000000000000000000, 0.0000000000000000000 ) ) ;
#3025 = EDGE_CURVE ( 'NONE', #3099, #3317, #261, .T. ) ;
#3026 = ADVANCED_FACE ( 'NONE', ( #13 ), #1625, .F. ) ;
#3027 = ORIENTED_EDGE ( 'NONE', *, *, #2526, .T. ) ;
#3028 = EDGE_CURVE ( 'NONE', #1072, #219, #1665, .T. ) ;
#3029 = CARTESIAN_POINT ( 'NONE',  ( 0.1476377952755905387, -0.06889763779527559306, -0.07480314960629921850 ) ) ;
#3030 = LINE ( 'NONE', #76, #198 ) ;
#3031 = DIRECTION ( 'NONE',  ( 0.0000000000000000000, 0.0000000000000000000, -1.000000000000000000 ) ) ;
#3032 = ORIENTED_EDGE ( 'NONE', *, *, #916, .T. ) ;
#3033 = DIRECTION ( 'NONE',  ( 0.0000000000000000000, -1.000000000000000000, 0.0000000000000000000 ) ) ;
#3034 = FACE_OUTER_BOUND ( 'NONE', #3972, .T. ) ;
#3035 = EDGE_LOOP ( 'NONE', ( #3158, #2029, #3008, #3474 ) ) ;
#3036 = VERTEX_POINT ( 'NONE', #3338 ) ;
#3037 = PLANE ( 'NONE',  #1619 ) ;
#3038 = DIRECTION ( 'NONE',  ( -1.000000000000000000, 0.0000000000000000000, 0.0000000000000000000 ) ) ;
#3039 = LINE ( 'NONE', #169, #826 ) ;
#3040 = ORIENTED_EDGE ( 'NONE', *, *, #2921, .T. ) ;
#3041 = DIRECTION ( 'NONE',  ( 0.0000000000000000000, 0.0000000000000000000, 1.000000000000000000 ) ) ;
#3042 = CARTESIAN_POINT ( 'NONE',  ( -0.08858267716535432601, 0.1496062992125984370, -0.08858267716535432601 ) ) ;
#3043 = EDGE_CURVE ( 'NONE', #496, #1298, #2952, .T. ) ;
#3044 = EDGE_CURVE ( 'NONE', #2165, #1499, #3939, .T. ) ;
#3045 = ORIENTED_EDGE ( 'NONE', *, *, #1303, .T. ) ;
#3046 = DIRECTION ( 'NONE',  ( -1.000000000000000000, 0.0000000000000000000, 0.0000000000000000000 ) ) ;
#3047 = CARTESIAN_POINT ( 'NONE',  ( 0.1318897637795275746, -0.04201406643800709162, 0.07480314960629921850 ) ) ;
#3048 = CARTESIAN_POINT ( 'NONE',  ( 0.1318897637795275746, -0.1224523058384645591, 0.1023622047244094474 ) ) ;
#3049 = ORIENTED_EDGE ( 'NONE', *, *, #31, .F. ) ;
#3050 = ADVANCED_FACE ( 'NONE', ( #1015 ), #739, .F. ) ;
#3051 = DIRECTION ( 'NONE',  ( 0.0000000000000000000, 1.000000000000000000, 0.0000000000000000000 ) ) ;
#3052 = CARTESIAN_POINT ( 'NONE',  ( -0.1318897637795275746, -0.1143824042423135789, 0.07014398974742774850 ) ) ;
#3053 = PLANE ( 'NONE',  #3464 ) ;
#3054 = AXIS2_PLACEMENT_3D ( 'NONE', #2987, #1302, #2693 ) ;
#3055 = ORIENTED_EDGE ( 'NONE', *, *, #2080, .T. ) ;
#3056 = VECTOR ( 'NONE', #1742, 39.37007874015748143 ) ;
#3057 = VERTEX_POINT ( 'NONE', #390 ) ;
#3058 = ORIENTED_EDGE ( 'NONE', *, *, #2448, .F. ) ;
#3059 = CARTESIAN_POINT ( 'NONE',  ( 0.1122047244094488277, 0.1299212598425196763, 0.1122047244094488277 ) ) ;
#3060 = DIRECTION ( 'NONE',  ( 0.0000000000000000000, -1.000000000000000000, 0.0000000000000000000 ) ) ;
#3061 = FACE_OUTER_BOUND ( 'NONE', #782, .T. ) ;
#3062 = VECTOR ( 'NONE', #2202, 39.37007874015748143 ) ;
#3063 = AXIS2_PLACEMENT_3D ( 'NONE', #1276, #970, #3261 ) ;
#3064 = ORIENTED_EDGE ( 'NONE', *, *, #2629, .F. ) ;
#3065 = CARTESIAN_POINT ( 'NONE',  ( -0.1240157480314960647, 0.02755905511811023584, -0.1023622047244094474 ) ) ;
#3066 = LINE ( 'NONE', #3347, #1436 ) ;
#3067 = CALENDAR_DATE ( 2021, 18, 12 ) ;
#3068 = AXIS2_PLACEMENT_3D ( 'NONE', #2571, #1567, #4177 ) ;
#3069 = ORIENTED_EDGE ( 'NONE', *, *, #1845, .T. ) ;
#3070 = CIRCLE ( 'NONE', #1230, 0.07283464566929134798 ) ;
#3071 = LINE ( 'NONE', #2691, #1493 ) ;
#3072 = DIRECTION ( 'NONE',  ( 0.0000000000000000000, -1.000000000000000000, 0.0000000000000000000 ) ) ;
#3073 = CARTESIAN_POINT ( 'NONE',  ( -0.1240157480314960647, 0.03543307086614173179, -0.1023622047244094474 ) ) ;
#3074 = ORIENTED_EDGE ( 'NONE', *, *, #1454, .T. ) ;
#3075 = CARTESIAN_POINT ( 'NONE',  ( -0.1318897637795275746, 0.02755905511811023584, 0.07480314960629921850 ) ) ;
#3076 = ADVANCED_FACE ( 'NONE', ( #2033 ), #3964, .T. ) ;
#3077 = CARTESIAN_POINT ( 'NONE',  ( -0.1240157480314960647, -0.09578120915254409451, -0.1023622047244094474 ) ) ;
#3078 = EDGE_CURVE ( 'NONE', #3384, #3592, #479, .T. ) ;
#3079 = ORIENTED_EDGE ( 'NONE', *, *, #272, .F. ) ;
#3080 = EDGE_LOOP ( 'NONE', ( #4082, #3288, #1924, #3580 ) ) ;
#3081 = PLANE ( 'NONE',  #1962 ) ;
#3082 = VECTOR ( 'NONE', #2880, 39.37007874015748143 ) ;
#3083 = CARTESIAN_POINT ( 'NONE',  ( -0.1318897637795275746, -0.04201406643800709162, -0.1023622047244094474 ) ) ;
#3084 = EDGE_CURVE ( 'NONE', #1411, #1519, #971, .T. ) ;
#3085 = DIRECTION ( 'NONE',  ( 1.000000000000000000, 0.0000000000000000000, 0.0000000000000000000 ) ) ;
#3086 = ORIENTED_EDGE ( 'NONE', *, *, #1514, .T. ) ;
#3087 = CARTESIAN_POINT ( 'NONE',  ( -0.1318897637795275746, -0.09578120915254409451, 0.1023622047244094474 ) ) ;
#3088 = CALENDAR_DATE ( 2021, 18, 12 ) ;
#3089 = VERTEX_POINT ( 'NONE', #601 ) ;
#3090 = DIRECTION ( 'NONE',  ( 0.0000000000000000000, 0.0000000000000000000, -1.000000000000000000 ) ) ;
#3091 = LINE ( 'NONE', #2847, #2316 ) ;
#3092 = DIRECTION ( 'NONE',  ( 1.000000000000000000, 0.0000000000000000000, 0.0000000000000000000 ) ) ;
#3093 = VERTEX_POINT ( 'NONE', #2259 ) ;
#3094 = VERTEX_POINT ( 'NONE', #4166 ) ;
#3095 = DIRECTION ( 'NONE',  ( -0.0000000000000000000, 1.000000000000000000, 0.0000000000000000000 ) ) ;
#3096 = LINE ( 'NONE', #2738, #111 ) ;
#3097 = ADVANCED_FACE ( 'NONE', ( #3200 ), #359, .T. ) ;
#3098 = EDGE_CURVE ( 'NONE', #250, #3276, #944, .T. ) ;
#3099 = VERTEX_POINT ( 'NONE', #1574 ) ;
#3100 = ORIENTED_EDGE ( 'NONE', *, *, #1901, .F. ) ;
#3101 = SPHERICAL_SURFACE ( 'NONE', #1487, 0.03937007874015747977 ) ;
#3102 = CARTESIAN_POINT ( 'NONE',  ( -0.1240157480314960647, -0.09578120915254409451, 0.07480314960629921850 ) ) ;
#3103 = DIRECTION ( 'NONE',  ( -0.7071067811865479058, -0.7071067811865469066, 0.0000000000000000000 ) ) ;
#3104 = ORIENTED_EDGE ( 'NONE', *, *, #1330, .F. ) ;
#3105 = EDGE_CURVE ( 'NONE', #2390, #2055, #3266, .T. ) ;
#3106 = ORIENTED_EDGE ( 'NONE', *, *, #2768, .T. ) ;
#3107 = LINE ( 'NONE', #3150, #810 ) ;
#3108 = ORIENTED_EDGE ( 'NONE', *, *, #2394, .F. ) ;
#3109 = CARTESIAN_POINT ( 'NONE',  ( -0.1318897637795275746, -0.04201406643800709162, 0.07480314960629921850 ) ) ;
#3110 = DIRECTION ( 'NONE',  ( 1.000000000000000000, 0.0000000000000000000, 0.0000000000000000000 ) ) ;
#3111 = CARTESIAN_POINT ( 'NONE',  ( -0.1318897637795275746, -0.1377952755905511861, -0.1023622047244094474 ) ) ;
#3112 = ORIENTED_EDGE ( 'NONE', *, *, #2152, .F. ) ;
#3113 = DIRECTION ( 'NONE',  ( 0.7071067811865470176, 0.7071067811865480168, 0.0000000000000000000 ) ) ;
#3114 = FACE_OUTER_BOUND ( 'NONE', #2434, .T. ) ;
#3115 = CARTESIAN_POINT ( 'NONE',  ( 0.1122047244094488277, 0.1299212598425196763, 0.1122047244094488277 ) ) ;
#3116 = ORIENTED_EDGE ( 'NONE', *, *, #4195, .F. ) ;
#3117 = ORIENTED_EDGE ( 'NONE', *, *, #2281, .F. ) ;
#3118 = VECTOR ( 'NONE', #2094, 39.37007874015748143 ) ;
#3119 = CARTESIAN_POINT ( 'NONE',  ( -0.08858267716535432601, 0.1181102362204724532, -0.08858267716535432601 ) ) ;
#3120 = AXIS2_PLACEMENT_3D ( 'NONE', #2570, #590, #1203 ) ;
#3121 = DIRECTION ( 'NONE',  ( 1.000000000000000000, 0.0000000000000000000, 0.0000000000000000000 ) ) ;
#3122 = CARTESIAN_POINT ( 'NONE',  ( -0.1240157480314960647, 0.03543307086614173179, -0.07480314960629921850 ) ) ;
#3123 = EDGE_CURVE ( 'NONE', #2290, #136, #2215, .T. ) ;
#3124 = VECTOR ( 'NONE', #691, 39.37007874015748143 ) ;
#3125 = CIRCLE ( 'NONE', #476, 0.02362204724409448092 ) ;
#3126 = ORIENTED_EDGE ( 'NONE', *, *, #361, .F. ) ;
#3127 = CARTESIAN_POINT ( 'NONE',  ( 0.1532055652061933004, -0.06332986786467284523, 0.1023622047244094474 ) ) ;
#3128 = VECTOR ( 'NONE', #2229, 39.37007874015748143 ) ;
#3129 = VECTOR ( 'NONE', #3649, 39.37007874015748143 ) ;
#3130 = ADVANCED_FACE ( 'NONE', ( #3218 ), #3, .F. ) ;
#3131 = EDGE_CURVE ( 'NONE', #4180, #1188, #890, .T. ) ;
#3132 = CIRCLE ( 'NONE', #3685, 0.007874015748031499423 ) ;
#3133 = VECTOR ( 'NONE', #2628, 39.37007874015748143 ) ;
#3134 = ORIENTED_EDGE ( 'NONE', *, *, #2349, .F. ) ;
#3135 = DIRECTION ( 'NONE',  ( -1.000000000000000000, 0.0000000000000000000, 0.0000000000000000000 ) ) ;
#3136 = FACE_OUTER_BOUND ( 'NONE', #1796, .T. ) ;
#3137 = VECTOR ( 'NONE', #236, 39.37007874015748143 ) ;
#3138 = DIRECTION ( 'NONE',  ( -1.000000000000000000, 0.0000000000000000000, 2.168404344971010347E-16 ) ) ;
#3139 = ORIENTED_EDGE ( 'NONE', *, *, #385, .F. ) ;
#3140 = AXIS2_PLACEMENT_3D ( 'NONE', #1697, #964, #1736 ) ;
#3141 = CARTESIAN_POINT ( 'NONE',  ( 0.1318897637795275746, -0.09578120915254409451, -0.1023622047244094474 ) ) ;
#3142 = ORIENTED_EDGE ( 'NONE', *, *, #1481, .F. ) ;
#3143 = VERTEX_POINT ( 'NONE', #3238 ) ;
#3144 = CARTESIAN_POINT ( 'NONE',  ( -0.1263219938489248129, -0.04758183636860983945, -0.1023622047244094474 ) ) ;
#3145 = CARTESIAN_POINT ( 'NONE',  ( -0.1181102362204724532, 0.1299212598425196763, 0.04921259842519685318 ) ) ;
#3146 = VERTEX_POINT ( 'NONE', #2922 ) ;
#3147 = VERTEX_POINT ( 'NONE', #4229 ) ;
#3148 = DIRECTION ( 'NONE',  ( 0.0000000000000000000, 1.000000000000000000, 0.0000000000000000000 ) ) ;
#3149 = LOCAL_TIME ( 19, 10, 42.00000000000000000, #1129 ) ;
#3150 = CARTESIAN_POINT ( 'NONE',  ( -0.1318897637795275746, -0.1224523058384645591, -0.1023622047244094474 ) ) ;
#3151 = ORIENTED_EDGE ( 'NONE', *, *, #2003, .F. ) ;
#3152 = ADVANCED_FACE ( 'NONE', ( #1301 ), #3587, .T. ) ;
#3153 = EDGE_CURVE ( 'NONE', #136, #4206, #2300, .T. ) ;
#3154 = CARTESIAN_POINT ( 'NONE',  ( -0.08858267716535432601, 0.1181102362204724532, 0.08858267716535432601 ) ) ;
#3155 = LINE ( 'NONE', #1234, #610 ) ;
#3156 = PLANE ( 'NONE',  #3774 ) ;
#3157 = ORIENTED_EDGE ( 'NONE', *, *, #2365, .T. ) ;
#3158 = ORIENTED_EDGE ( 'NONE', *, *, #1601, .T. ) ;
#3159 = EDGE_CURVE ( 'NONE', #1676, #4164, #2587, .T. ) ;
#3160 = DIRECTION ( 'NONE',  ( 0.0000000000000000000, 0.0000000000000000000, 1.000000000000000000 ) ) ;
#3161 = EDGE_LOOP ( 'NONE', ( #3235, #1379, #3909, #1140, #2617, #1725 ) ) ;
#3162 = FACE_OUTER_BOUND ( 'NONE', #894, .T. ) ;
#3163 = FACE_OUTER_BOUND ( 'NONE', #4099, .T. ) ;
#3164 = ORIENTED_EDGE ( 'NONE', *, *, #2815, .F. ) ;
#3165 = ORIENTED_EDGE ( 'NONE', *, *, #2282, .T. ) ;
#3166 = DIRECTION ( 'NONE',  ( 0.0000000000000000000, -1.000000000000000000, 0.0000000000000000000 ) ) ;
#3167 = FACE_OUTER_BOUND ( 'NONE', #4226, .T. ) ;
#3168 = DIRECTION ( 'NONE',  ( 0.0000000000000000000, 0.0000000000000000000, 1.000000000000000000 ) ) ;
#3169 = ORIENTED_EDGE ( 'NONE', *, *, #4232, .F. ) ;
#3170 = CARTESIAN_POINT ( 'NONE',  ( -0.1181102362204724532, 0.1299212598425196763, -0.1181102362204724532 ) ) ;
#3171 = DIRECTION ( 'NONE',  ( 0.0000000000000000000, 0.0000000000000000000, 1.000000000000000000 ) ) ;
#3172 = DIRECTION ( 'NONE',  ( -0.7071067811865479058, -0.7071067811865469066, 0.0000000000000000000 ) ) ;
#3173 = DIRECTION ( 'NONE',  ( -0.7071067811865480168, -0.7071067811865470176, 0.0000000000000000000 ) ) ;
#3174 = EDGE_CURVE ( 'NONE', #924, #216, #3388, .T. ) ;
#3175 = EDGE_CURVE ( 'NONE', #744, #3722, #3013, .T. ) ;
#3176 = VERTEX_POINT ( 'NONE', #1338 ) ;
#3177 = VERTEX_POINT ( 'NONE', #4035 ) ;
#3178 = CARTESIAN_POINT ( 'NONE',  ( -0.1318897637795275746, -0.09578120915254409451, 0.1023622047244094474 ) ) ;
#3179 = ADVANCED_FACE ( 'NONE', ( #1053 ), #795, .T. ) ;
#3180 = ORIENTED_EDGE ( 'NONE', *, *, #846, .T. ) ;
#3181 = DIRECTION ( 'NONE',  ( 0.0000000000000000000, 0.0000000000000000000, 1.000000000000000000 ) ) ;
#3182 = VERTEX_POINT ( 'NONE', #3370 ) ;
#3183 = CIRCLE ( 'NONE', #1280, 0.02362204724409448092 ) ;
#3184 = ORIENTED_EDGE ( 'NONE', *, *, #3765, .F. ) ;
#3185 = FACE_OUTER_BOUND ( 'NONE', #1699, .T. ) ;
#3186 = CARTESIAN_POINT ( 'NONE',  ( 0.1181102362204724532, 0.1299212598425196763, 0.1181102362204724532 ) ) ;
#3187 = DIRECTION ( 'NONE',  ( 0.0000000000000000000, 0.0000000000000000000, -1.000000000000000000 ) ) ;
#3188 = CIRCLE ( 'NONE', #1684, 0.007874015748031499423 ) ;
#3189 = ORIENTED_EDGE ( 'NONE', *, *, #4225, .F. ) ;
#3190 = AXIS2_PLACEMENT_3D ( 'NONE', #1843, #4193, #296 ) ;
#3191 = VECTOR ( 'NONE', #3038, 39.37007874015748143 ) ;
#3192 = LINE ( 'NONE', #919, #2772 ) ;
#3193 = LINE ( 'NONE', #4200, #3191 ) ;
#3194 = DIRECTION ( 'NONE',  ( 1.000000000000000000, 0.0000000000000000000, 0.0000000000000000000 ) ) ;
#3195 = CARTESIAN_POINT ( 'NONE',  ( 0.1318897637795275746, -0.04201406643800709162, -0.1023622047244094474 ) ) ;
#3196 = VECTOR ( 'NONE', #3303, 39.37007874015748143 ) ;
#3197 = AXIS2_PLACEMENT_3D ( 'NONE', #3083, #153, #2804 ) ;
#3198 = ORIENTED_EDGE ( 'NONE', *, *, #3441, .F. ) ;
#3199 = VECTOR ( 'NONE', #752, 39.37007874015748143 ) ;
#3200 = FACE_OUTER_BOUND ( 'NONE', #1682, .T. ) ;
#3201 = CARTESIAN_POINT ( 'NONE',  ( 0.1263219938489248129, -0.04758183636860983945, 0.1023622047244094474 ) ) ;
#3202 = AXIS2_PLACEMENT_3D ( 'NONE', #2431, #843, #2475 ) ;
#3203 = ORIENTED_EDGE ( 'NONE', *, *, #581, .T. ) ;
#3204 = EDGE_CURVE ( 'NONE', #3858, #1363, #1358, .T. ) ;
#3205 = EDGE_CURVE ( 'NONE', #4148, #2406, #3132, .T. ) ;
#3206 = CARTESIAN_POINT ( 'NONE',  ( -0.1318897637795275746, -0.04201406643800709162, -0.07480314960629921850 ) ) ;
#3207 = DIRECTION ( 'NONE',  ( 1.000000000000000000, 0.0000000000000000000, 0.0000000000000000000 ) ) ;
#3208 = ORIENTED_EDGE ( 'NONE', *, *, #788, .T. ) ;
#3209 = ORIENTED_EDGE ( 'NONE', *, *, #3416, .F. ) ;
#3210 = LINE ( 'NONE', #3877, #1354 ) ;
#3211 = EDGE_CURVE ( 'NONE', #2055, #2390, #2382, .T. ) ;
#3212 = CARTESIAN_POINT ( 'NONE',  ( -0.1181102362204724532, 0.1299212598425196763, 0.1181102362204724532 ) ) ;
#3213 = LINE ( 'NONE', #1232, #3249 ) ;
#3214 = CARTESIAN_POINT ( 'NONE',  ( 0.1240157480314960647, -0.04201406643800709162, 0.07480314960629921850 ) ) ;
#3215 = AXIS2_PLACEMENT_3D ( 'NONE', #764, #3736, #3908 ) ;
#3216 = DIRECTION ( 'NONE',  ( 0.0000000000000000000, -1.000000000000000000, 0.0000000000000000000 ) ) ;
#3217 = ORIENTED_EDGE ( 'NONE', *, *, #1507, .F. ) ;
#3218 = FACE_OUTER_BOUND ( 'NONE', #847, .T. ) ;
#3219 = CARTESIAN_POINT ( 'NONE',  ( 0.1263219938489248129, -0.04758183636860983945, -0.1023622047244094474 ) ) ;
#3220 = ORIENTED_EDGE ( 'NONE', *, *, #170, .T. ) ;
#3221 = CARTESIAN_POINT ( 'NONE',  ( 0.1181102362204724532, 0.0000000000000000000, 0.1122047244094488277 ) ) ;
#3222 = FACE_OUTER_BOUND ( 'NONE', #2810, .T. ) ;
#3223 = EDGE_CURVE ( 'NONE', #3498, #3448, #2925, .T. ) ;
#3224 = EDGE_CURVE ( 'NONE', #1513, #568, #1627, .T. ) ;
#3225 = EDGE_LOOP ( 'NONE', ( #3456, #2826, #2843, #2257 ) ) ;
#3226 = EDGE_LOOP ( 'NONE', ( #1100, #287, #3356, #1991 ) ) ;
#3227 = LINE ( 'NONE', #2221, #2107 ) ;
#3228 = CARTESIAN_POINT ( 'NONE',  ( -0.08858267716535432601, 0.1377952755905511861, 0.08858267716535432601 ) ) ;
#3229 = EDGE_CURVE ( 'NONE', #2603, #1861, #3350, .T. ) ;
#3230 = CARTESIAN_POINT ( 'NONE',  ( -0.1318897637795275746, -0.09578120915254409451, -0.07480314960629921850 ) ) ;
#3231 = DIRECTION ( 'NONE',  ( 0.0000000000000000000, -1.000000000000000000, 0.0000000000000000000 ) ) ;
#3232 = CARTESIAN_POINT ( 'NONE',  ( -0.1122047244094488277, 0.1299212598425196763, 0.1122047244094488277 ) ) ;
#3233 = CARTESIAN_POINT ( 'NONE',  ( 0.1318897637795275746, -0.09578120915254409451, 0.07480314960629921850 ) ) ;
#3234 = COORDINATED_UNIVERSAL_TIME_OFFSET ( 0, 0, .AHEAD. ) ;
#3235 = ORIENTED_EDGE ( 'NONE', *, *, #1461, .T. ) ;
#3236 = EDGE_LOOP ( 'NONE', ( #26, #2821, #4088, #1522 ) ) ;
#3237 = DIRECTION ( 'NONE',  ( 0.0000000000000000000, 0.0000000000000000000, 1.000000000000000000 ) ) ;
#3238 = CARTESIAN_POINT ( 'NONE',  ( 0.1181102362204724532, 0.03543307086614173179, -0.1023622047244094474 ) ) ;
#3239 = DIRECTION ( 'NONE',  ( 1.000000000000000000, 0.0000000000000000000, 0.0000000000000000000 ) ) ;
#3240 = ORIENTED_EDGE ( 'NONE', *, *, #656, .F. ) ;
#3241 = LINE ( 'NONE', #1342, #2919 ) ;
#3242 = DIRECTION ( 'NONE',  ( 0.0000000000000000000, 0.0000000000000000000, 1.000000000000000000 ) ) ;
#3243 = ORIENTED_EDGE ( 'NONE', *, *, #4171, .T. ) ;
#3244 = ORIENTED_EDGE ( 'NONE', *, *, #3282, .T. ) ;
#3245 = LINE ( 'NONE', #1992, #3332 ) ;
#3246 = DIRECTION ( 'NONE',  ( 1.000000000000000000, 0.0000000000000000000, 0.0000000000000000000 ) ) ;
#3247 = ADVANCED_FACE ( 'NONE', ( #3975 ), #2644, .T. ) ;
#3248 = DIRECTION ( 'NONE',  ( -1.000000000000000000, 0.0000000000000000000, 0.0000000000000000000 ) ) ;
#3249 = VECTOR ( 'NONE', #2876, 39.37007874015748143 ) ;
#3250 = FACE_OUTER_BOUND ( 'NONE', #2814, .T. ) ;
#3251 = FACE_OUTER_BOUND ( 'NONE', #1953, .T. ) ;
#3252 = EDGE_CURVE ( 'NONE', #3858, #89, #3030, .T. ) ;
#3253 = ADVANCED_FACE ( 'NONE', ( #1673 ), #1387, .F. ) ;
#3254 = VECTOR ( 'NONE', #1813, 39.37007874015748143 ) ;
#3255 = DIRECTION ( 'NONE',  ( -1.000000000000000000, -4.063888932435259910E-16, 0.0000000000000000000 ) ) ;
#3256 = VECTOR ( 'NONE', #1863, 39.37007874015748143 ) ;
#3257 = DIRECTION ( 'NONE',  ( 0.0000000000000000000, 1.000000000000000000, 0.0000000000000000000 ) ) ;
#3258 = CIRCLE ( 'NONE', #1282, 0.005905511811023620231 ) ;
#3259 = AXIS2_PLACEMENT_3D ( 'NONE', #1137, #164, #2430 ) ;
#3260 = ORIENTED_EDGE ( 'NONE', *, *, #2996, .T. ) ;
#3261 = DIRECTION ( 'NONE',  ( 0.0000000000000000000, 0.0000000000000000000, -1.000000000000000000 ) ) ;
#3262 = DIRECTION ( 'NONE',  ( 0.0000000000000000000, 0.0000000000000000000, -1.000000000000000000 ) ) ;
#3263 = LINE ( 'NONE', #3609, #3675 ) ;
#3264 = CIRCLE ( 'NONE', #48, 0.005905511811023620231 ) ;
#3265 = CIRCLE ( 'NONE', #1424, 0.005905511811023620231 ) ;
#3266 = CIRCLE ( 'NONE', #754, 0.02362204724409448092 ) ;
#3267 = VERTEX_POINT ( 'NONE', #51 ) ;
#3268 = FACE_OUTER_BOUND ( 'NONE', #1548, .T. ) ;
#3269 = LINE ( 'NONE', #1010, #3321 ) ;
#3270 = VECTOR ( 'NONE', #507, 39.37007874015748143 ) ;
#3271 = EDGE_LOOP ( 'NONE', ( #1878, #827, #173, #3296 ) ) ;
#3272 = ORIENTED_EDGE ( 'NONE', *, *, #1974, .T. ) ;
#3273 = LINE ( 'NONE', #2012, #4153 ) ;
#3274 = VECTOR ( 'NONE', #1949, 39.37007874015748143 ) ;
#3275 = DIRECTION ( 'NONE',  ( 0.0000000000000000000, 1.000000000000000000, 0.0000000000000000000 ) ) ;
#3276 = VERTEX_POINT ( 'NONE', #2388 ) ;
#3277 = CARTESIAN_POINT ( 'NONE',  ( -0.1532055652061933004, -0.06332986786467284523, 0.07480314960629921850 ) ) ;
#3278 = DIRECTION ( 'NONE',  ( 0.0000000000000000000, 1.000000000000000000, 0.0000000000000000000 ) ) ;
#3279 = CARTESIAN_POINT ( 'NONE',  ( 0.1181102362204724532, 0.1377952755905511861, -0.1181102362204724532 ) ) ;
#3280 = CARTESIAN_POINT ( 'NONE',  ( 0.1263219938489248129, -0.04758183636860983945, 0.07480314960629921850 ) ) ;
#3281 = EDGE_CURVE ( 'NONE', #4233, #4117, #1426, .T. ) ;
#3282 = EDGE_CURVE ( 'NONE', #3093, #1172, #2692, .T. ) ;
#3283 = ORIENTED_EDGE ( 'NONE', *, *, #4115, .T. ) ;
#3284 = VECTOR ( 'NONE', #2490, 39.37007874015748143 ) ;
#3285 = DIRECTION ( 'NONE',  ( -0.7071067811865479058, -0.7071067811865469066, 0.0000000000000000000 ) ) ;
#3286 = CARTESIAN_POINT ( 'NONE',  ( 0.1318897637795275746, -0.04201406643800709162, -0.1023622047244094474 ) ) ;
#3287 = EDGE_CURVE ( 'NONE', #368, #3722, #3993, .T. ) ;
#3288 = ORIENTED_EDGE ( 'NONE', *, *, #1768, .T. ) ;
#3289 = LINE ( 'NONE', #3573, #675 ) ;
#3290 = DIRECTION ( 'NONE',  ( 0.0000000000000000000, 0.0000000000000000000, 1.000000000000000000 ) ) ;
#3291 = VERTEX_POINT ( 'NONE', #2048 ) ;
#3292 = ORIENTED_EDGE ( 'NONE', *, *, #3415, .T. ) ;
#3293 = DIRECTION ( 'NONE',  ( 1.000000000000000000, 0.0000000000000000000, 0.0000000000000000000 ) ) ;
#3294 = DIRECTION ( 'NONE',  ( -3.519431053647356462E-16, 0.8660254037844389297, -0.4999999999999994449 ) ) ;
#3295 = CARTESIAN_POINT ( 'NONE',  ( -0.1181102362204724532, 0.03543307086614173179, 0.07480314960629921850 ) ) ;
#3296 = ORIENTED_EDGE ( 'NONE', *, *, #2996, .F. ) ;
#3297 = CARTESIAN_POINT ( 'NONE',  ( 0.0000000000000000000, 0.1377952755905511861, 0.0000000000000000000 ) ) ;
#3298 = DIRECTION ( 'NONE',  ( 0.0000000000000000000, 0.0000000000000000000, 1.000000000000000000 ) ) ;
#3299 = FACE_OUTER_BOUND ( 'NONE', #374, .T. ) ;
#3300 = CARTESIAN_POINT ( 'NONE',  ( -0.1476377952755905387, -0.06889763779527559306, -0.07480314960629921850 ) ) ;
#3301 = ORIENTED_EDGE ( 'NONE', *, *, #1045, .F. ) ;
#3302 = CYLINDRICAL_SURFACE ( 'NONE', #2108, 0.02362204724409448092 ) ;
#3303 = DIRECTION ( 'NONE',  ( 0.0000000000000000000, 0.0000000000000000000, 1.000000000000000000 ) ) ;
#3304 = ADVANCED_FACE ( 'NONE', ( #1722 ), #1403, .T. ) ;
#3305 = DIRECTION ( 'NONE',  ( 0.0000000000000000000, 0.0000000000000000000, 1.000000000000000000 ) ) ;
#3306 = EDGE_CURVE ( 'NONE', #357, #430, #3958, .T. ) ;
#3307 = VERTEX_POINT ( 'NONE', #898 ) ;
#3308 = VERTEX_POINT ( 'NONE', #2251 ) ;
#3309 = CARTESIAN_POINT ( 'NONE',  ( -0.1181102362204724532, 0.1299212598425196763, -0.1181102362204724532 ) ) ;
#3310 = CARTESIAN_POINT ( 'NONE',  ( -0.1240157480314960647, -0.1377952755905511861, -0.1023622047244094474 ) ) ;
#3311 = EDGE_CURVE ( 'NONE', #2217, #3914, #2204, .T. ) ;
#3312 = EDGE_LOOP ( 'NONE', ( #1804, #1205, #3843, #197 ) ) ;
#3313 = EDGE_LOOP ( 'NONE', ( #1077, #145, #990, #556 ) ) ;
#3314 = FACE_OUTER_BOUND ( 'NONE', #2261, .T. ) ;
#3315 = LINE ( 'NONE', #1993, #3943 ) ;
#3316 = AXIS2_PLACEMENT_3D ( 'NONE', #3678, #478, #121 ) ;
#3317 = VERTEX_POINT ( 'NONE', #572 ) ;
#3318 = DIRECTION ( 'NONE',  ( -4.063888932435259910E-16, -1.000000000000000000, 0.0000000000000000000 ) ) ;
#3319 = SPHERICAL_SURFACE ( 'NONE', #3140, 0.03937007874015747977 ) ;
#3320 = ORIENTED_EDGE ( 'NONE', *, *, #2231, .T. ) ;
#3321 = VECTOR ( 'NONE', #3980, 39.37007874015748143 ) ;
#3322 = AXIS2_PLACEMENT_3D ( 'NONE', #297, #1566, #1600 ) ;
#3323 = FACE_OUTER_BOUND ( 'NONE', #2955, .T. ) ;
#3324 = CARTESIAN_POINT ( 'NONE',  ( -0.1476377952755905387, -0.06889763779527559306, -0.1023622047244094474 ) ) ;
#3325 = CARTESIAN_POINT ( 'NONE',  ( 0.0000000000000000000, 0.1968503937007874127, 0.06275849662926456796 ) ) ;
#3326 = VECTOR ( 'NONE', #1674, 39.37007874015748143 ) ;
#3327 = ORIENTED_EDGE ( 'NONE', *, *, #3653, .F. ) ;
#3328 = AXIS2_PLACEMENT_3D ( 'NONE', #3059, #3424, #3773 ) ;
#3329 = CIRCLE ( 'NONE', #4217, 0.007874015748031499423 ) ;
#3330 = DIRECTION ( 'NONE',  ( 0.0000000000000000000, 0.0000000000000000000, -1.000000000000000000 ) ) ;
#3331 = CARTESIAN_POINT ( 'NONE',  ( -0.1122047244094488277, 0.1299212598425196763, 0.1181102362204724532 ) ) ;
#3332 = VECTOR ( 'NONE', #1646, 39.37007874015748143 ) ;
#3333 = AXIS2_PLACEMENT_3D ( 'NONE', #786, #3378, #1751 ) ;
#3334 = EDGE_CURVE ( 'NONE', #3375, #3337, #4196, .T. ) ;
#3335 = ORIENTED_EDGE ( 'NONE', *, *, #1798, .F. ) ;
#3336 = EDGE_CURVE ( 'NONE', #229, #3381, #3532, .T. ) ;
#3337 = VERTEX_POINT ( 'NONE', #3509 ) ;
#3338 = CARTESIAN_POINT ( 'NONE',  ( 0.08858267716535432601, 0.1496062992125984370, -0.06496062992125983815 ) ) ;
#3339 = DIRECTION ( 'NONE',  ( 2.454115839351809943E-16, -1.000000000000000000, 0.0000000000000000000 ) ) ;
#3340 = VECTOR ( 'NONE', #2553, 39.37007874015748143 ) ;
#3341 = CYLINDRICAL_SURFACE ( 'NONE', #2864, 0.02362204724409448092 ) ;
#3342 = ORIENTED_EDGE ( 'NONE', *, *, #2612, .F. ) ;
#3343 = CIRCLE ( 'NONE', #1501, 0.007874015748031499423 ) ;
#3344 = EDGE_CURVE ( 'NONE', #4125, #389, #4156, .T. ) ;
#3345 = ORIENTED_EDGE ( 'NONE', *, *, #736, .T. ) ;
#3346 = DIRECTION ( 'NONE',  ( 0.0000000000000000000, 0.0000000000000000000, 1.000000000000000000 ) ) ;
#3347 = CARTESIAN_POINT ( 'NONE',  ( -0.1181102362204724532, 0.03543307086614173179, -0.07480314960629921850 ) ) ;
#3348 = PERSON_AND_ORGANIZATION_ROLE ( 'design_supplier' ) ;
#3349 = ORIENTED_EDGE ( 'NONE', *, *, #1046, .F. ) ;
#3350 = LINE ( 'NONE', #711, #4023 ) ;
#3351 = DIRECTION ( 'NONE',  ( 0.0000000000000000000, 0.0000000000000000000, -1.000000000000000000 ) ) ;
#3352 = ORIENTED_EDGE ( 'NONE', *, *, #3690, .F. ) ;
#3353 = LOCAL_TIME ( 19, 10, 42.00000000000000000, #3234 ) ;
#3354 = FACE_OUTER_BOUND ( 'NONE', #3399, .T. ) ;
#3355 = DIRECTION ( 'NONE',  ( 0.7071067811865470176, 0.7071067811865480168, 0.0000000000000000000 ) ) ;
#3356 = ORIENTED_EDGE ( 'NONE', *, *, #2207, .F. ) ;
#3357 = VERTEX_POINT ( 'NONE', #1267 ) ;
#3358 = VERTEX_POINT ( 'NONE', #1765 ) ;
#3359 = CARTESIAN_POINT ( 'NONE',  ( -0.1476377952755905387, -0.06889763779527559306, -0.1023622047244094474 ) ) ;
#3360 = LINE ( 'NONE', #3427, #3270 ) ;
#3361 = ADVANCED_FACE ( 'NONE', ( #2111 ), #3737, .F. ) ;
#3362 = EDGE_CURVE ( 'NONE', #3357, #3375, #688, .T. ) ;
#3363 = ORIENTED_EDGE ( 'NONE', *, *, #891, .F. ) ;
#3364 = VERTEX_POINT ( 'NONE', #3857 ) ;
#3365 = DIRECTION ( 'NONE',  ( 1.000000000000000000, 0.0000000000000000000, 0.0000000000000000000 ) ) ;
#3366 = DIRECTION ( 'NONE',  ( 0.0000000000000000000, 0.0000000000000000000, -1.000000000000000000 ) ) ;
#3367 = ADVANCED_FACE ( 'NONE', ( #1881 ), #3879, .F. ) ;
#3368 = ORIENTED_EDGE ( 'NONE', *, *, #3311, .T. ) ;
#3369 = PLANE ( 'NONE',  #4081 ) ;
#3370 = CARTESIAN_POINT ( 'NONE',  ( 0.1122047244094488277, 0.1377952755905511861, -0.1181102362204724532 ) ) ;
#3371 = CARTESIAN_POINT ( 'NONE',  ( 0.1318897637795275746, 0.02755905511811023584, 0.07480314960629921850 ) ) ;
#3372 = EDGE_LOOP ( 'NONE', ( #992, #1763, #191, #78 ) ) ;
#3373 = ORIENTED_EDGE ( 'NONE', *, *, #1658, .T. ) ;
#3374 = CARTESIAN_POINT ( 'NONE',  ( 0.1181102362204724532, 0.03543307086614173179, -0.1023622047244094474 ) ) ;
#3375 = VERTEX_POINT ( 'NONE', #2223 ) ;
#3376 = VERTEX_POINT ( 'NONE', #282 ) ;
#3377 = FACE_OUTER_BOUND ( 'NONE', #1675, .T. ) ;
#3378 = DIRECTION ( 'NONE',  ( 0.0000000000000000000, -1.000000000000000000, 0.0000000000000000000 ) ) ;
#3379 = DIRECTION ( 'NONE',  ( 0.0000000000000000000, 1.000000000000000000, 0.0000000000000000000 ) ) ;
#3380 = ORIENTED_EDGE ( 'NONE', *, *, #789, .F. ) ;
#3381 = VERTEX_POINT ( 'NONE', #1909 ) ;
#3382 = DIRECTION ( 'NONE',  ( 0.0000000000000000000, 1.000000000000000000, 0.0000000000000000000 ) ) ;
#3383 = DIRECTION ( 'NONE',  ( 0.0000000000000000000, 0.0000000000000000000, 1.000000000000000000 ) ) ;
#3384 = VERTEX_POINT ( 'NONE', #2890 ) ;
#3385 = ADVANCED_FACE ( 'NONE', ( #141 ), #3820, .T. ) ;
#3386 = EDGE_CURVE ( 'NONE', #2501, #3000, #4055, .T. ) ;
#3387 = DIRECTION ( 'NONE',  ( 1.000000000000000000, 0.0000000000000000000, 0.0000000000000000000 ) ) ;
#3388 = LINE ( 'NONE', #2067, #823 ) ;
#3389 = CARTESIAN_POINT ( 'NONE',  ( 0.1263219938489248129, -0.09021343922194134668, 0.07480314960629921850 ) ) ;
#3390 = VERTEX_POINT ( 'NONE', #1465 ) ;
#3391 = AXIS2_PLACEMENT_3D ( 'NONE', #1969, #3275, #34 ) ;
#3392 = EDGE_CURVE ( 'NONE', #3143, #924, #1133, .T. ) ;
#3393 = FACE_OUTER_BOUND ( 'NONE', #55, .T. ) ;
#3394 = CIRCLE ( 'NONE', #1617, 0.007874015748031499423 ) ;
#3395 = VECTOR ( 'NONE', #1443, 39.37007874015748854 ) ;
#3396 = ORIENTED_EDGE ( 'NONE', *, *, #3571, .F. ) ;
#3397 = AXIS2_PLACEMENT_3D ( 'NONE', #20, #1336, #1027 ) ;
#3398 = CIRCLE ( 'NONE', #1021, 0.005905511811023620231 ) ;
#3399 = EDGE_LOOP ( 'NONE', ( #1327, #3436, #3169, #1929 ) ) ;
#3400 = VERTEX_POINT ( 'NONE', #3413 ) ;
#3401 = PLANE ( 'NONE',  #3534 ) ;
#3402 = CARTESIAN_POINT ( 'NONE',  ( -0.1240157480314960647, 0.03543307086614173179, 0.07480314960629921850 ) ) ;
#3403 = AXIS2_PLACEMENT_3D ( 'NONE', #3556, #2549, #1538 ) ;
#3404 = VECTOR ( 'NONE', #987, 39.37007874015748854 ) ;
#3405 = EDGE_LOOP ( 'NONE', ( #3899, #150, #3761, #2630 ) ) ;
#3406 = VERTEX_POINT ( 'NONE', #1789 ) ;
#3407 = CARTESIAN_POINT ( 'NONE',  ( 7.685699201632880853E-18, 0.1929133858267716439, -0.06275849662926456796 ) ) ;
#3408 = DIRECTION ( 'NONE',  ( 0.0000000000000000000, 0.0000000000000000000, -1.000000000000000000 ) ) ;
#3409 = DATE_TIME_ROLE ( 'classification_date' ) ;
#3410 = AXIS2_PLACEMENT_3D ( 'NONE', #1444, #4032, #2444 ) ;
#3411 = EDGE_LOOP ( 'NONE', ( #3754, #1350 ) ) ;
#3412 = DIRECTION ( 'NONE',  ( 0.0000000000000000000, 0.0000000000000000000, -1.000000000000000000 ) ) ;
#3413 = CARTESIAN_POINT ( 'NONE',  ( -0.1263219938489248129, -0.09021343922194134668, 0.07480314960629921850 ) ) ;
#3414 = CARTESIAN_POINT ( 'NONE',  ( 0.1240157480314960647, -0.09578120915254409451, 0.07480314960629921850 ) ) ;
#3415 = EDGE_CURVE ( 'NONE', #2165, #3932, #3091, .T. ) ;
#3416 = EDGE_CURVE ( 'NONE', #3143, #2747, #2825, .T. ) ;
#3417 = ORIENTED_EDGE ( 'NONE', *, *, #415, .T. ) ;
#3418 = VERTEX_POINT ( 'NONE', #1204 ) ;
#3419 = CARTESIAN_POINT ( 'NONE',  ( 0.08858267716535432601, 0.1496062992125984370, 0.06496062992125983815 ) ) ;
#3420 = EDGE_CURVE ( 'NONE', #1164, #1573, #2185, .T. ) ;
#3421 = CC_DESIGN_PERSON_AND_ORGANIZATION_ASSIGNMENT ( #4007, #3348, ( #3559 ) ) ;
#3422 = ORIENTED_EDGE ( 'NONE', *, *, #2367, .F. ) ;
#3423 = ORIENTED_EDGE ( 'NONE', *, *, #3420, .F. ) ;
#3424 = DIRECTION ( 'NONE',  ( 0.0000000000000000000, -1.000000000000000000, 0.0000000000000000000 ) ) ;
#3425 = AXIS2_PLACEMENT_3D ( 'NONE', #3300, #2325, #21 ) ;
#3426 = CARTESIAN_POINT ( 'NONE',  ( -0.08858267716535432601, 0.1299212598425196763, -0.1122047244094488139 ) ) ;
#3427 = CARTESIAN_POINT ( 'NONE',  ( 0.1240157480314960647, -0.09578120915254409451, -0.1023622047244094474 ) ) ;
#3428 = EDGE_LOOP ( 'NONE', ( #1192, #3134, #723, #3292 ) ) ;
#3429 = ORIENTED_EDGE ( 'NONE', *, *, #631, .T. ) ;
#3430 = CARTESIAN_POINT ( 'NONE',  ( 0.1263219938489248129, -0.04758183636860983945, -0.1023622047244094474 ) ) ;
#3431 = CARTESIAN_POINT ( 'NONE',  ( 0.1476377952755905387, -0.06889763779527559306, 0.07480314960629921850 ) ) ;
#3432 = ORIENTED_EDGE ( 'NONE', *, *, #1816, .T. ) ;
#3433 = DIRECTION ( 'NONE',  ( 0.0000000000000000000, 0.0000000000000000000, -1.000000000000000000 ) ) ;
#3434 = PLANE ( 'NONE',  #749 ) ;
#3435 = CARTESIAN_POINT ( 'NONE',  ( 0.1240157480314960647, 0.02755905511811023584, -0.1023622047244094474 ) ) ;
#3436 = ORIENTED_EDGE ( 'NONE', *, *, #899, .T. ) ;
#3437 = EDGE_CURVE ( 'NONE', #3182, #106, #2532, .T. ) ;
#3438 = CARTESIAN_POINT ( 'NONE',  ( -0.1476377952755905387, -0.06889763779527559306, 0.1023622047244094474 ) ) ;
#3439 = ORIENTED_EDGE ( 'NONE', *, *, #3224, .F. ) ;
#3440 = ORIENTED_EDGE ( 'NONE', *, *, #3730, .T. ) ;
#3441 = EDGE_CURVE ( 'NONE', #307, #4016, #2907, .T. ) ;
#3442 = EDGE_CURVE ( 'NONE', #3267, #368, #1095, .T. ) ;
#3443 = CARTESIAN_POINT ( 'NONE',  ( 0.1240157480314960647, 0.02755905511811023584, 0.1023622047244094474 ) ) ;
#3444 = CARTESIAN_POINT ( 'NONE',  ( 0.08858267716535432601, 0.1496062992125984370, 0.08858267716535432601 ) ) ;
#3445 = FACE_OUTER_BOUND ( 'NONE', #1747, .T. ) ;
#3446 = ORIENTED_EDGE ( 'NONE', *, *, #3806, .F. ) ;
#3447 = ORIENTED_EDGE ( 'NONE', *, *, #116, .F. ) ;
#3448 = VERTEX_POINT ( 'NONE', #321 ) ;
#3449 = DIRECTION ( 'NONE',  ( 0.0000000000000000000, 0.0000000000000000000, -1.000000000000000000 ) ) ;
#3450 = CARTESIAN_POINT ( 'NONE',  ( -0.1181102362204724532, 0.03543307086614173179, 0.1023622047244094474 ) ) ;
#3451 = DIRECTION ( 'NONE',  ( 1.000000000000000000, 1.478036555683235174E-47, 6.022684552957449548E-32 ) ) ;
#3452 = VERTEX_POINT ( 'NONE', #2597 ) ;
#3453 = CARTESIAN_POINT ( 'NONE',  ( -0.1318897637795275746, -0.04201406643800709162, -0.1023622047244094474 ) ) ;
#3454 = CARTESIAN_POINT ( 'NONE',  ( -0.1555118110236220763, 0.003937007874015747977, 0.04921259842519685318 ) ) ;
#3455 = AXIS2_PLACEMENT_3D ( 'NONE', #301, #2598, #2852 ) ;
#3456 = ORIENTED_EDGE ( 'NONE', *, *, #708, .F. ) ;
#3457 = EDGE_LOOP ( 'NONE', ( #613, #3209, #4001, #3157 ) ) ;
#3458 = VECTOR ( 'NONE', #1661, 39.37007874015748143 ) ;
#3459 = CARTESIAN_POINT ( 'NONE',  ( 0.0000000000000000000, 0.1299212598425196763, 0.06889763779527559306 ) ) ;
#3460 = VECTOR ( 'NONE', #872, 39.37007874015748854 ) ;
#3461 = DIRECTION ( 'NONE',  ( 0.0000000000000000000, 0.0000000000000000000, 1.000000000000000000 ) ) ;
#3462 = EDGE_CURVE ( 'NONE', #457, #1164, #2795, .T. ) ;
#3463 = EDGE_CURVE ( 'NONE', #3814, #3182, #4028, .T. ) ;
#3464 = AXIS2_PLACEMENT_3D ( 'NONE', #1409, #3787, #863 ) ;
#3465 = AXIS2_PLACEMENT_3D ( 'NONE', #1618, #1306, #2025 ) ;
#3466 = ORIENTED_EDGE ( 'NONE', *, *, #2213, .T. ) ;
#3467 = EDGE_LOOP ( 'NONE', ( #2672, #3606, #1663, #2297 ) ) ;
#3468 = FACE_OUTER_BOUND ( 'NONE', #433, .T. ) ;
#3469 = CARTESIAN_POINT ( 'NONE',  ( -0.1122047244094488277, 0.1299212598425196763, -0.1181102362204724532 ) ) ;
#3470 = CIRCLE ( 'NONE', #3681, 0.007874015748031499423 ) ;
#3471 = VECTOR ( 'NONE', #113, 39.37007874015748854 ) ;
#3472 = EDGE_CURVE ( 'NONE', #2039, #2769, #984, .T. ) ;
#3473 = AXIS2_PLACEMENT_3D ( 'NONE', #3983, #1710, #1061 ) ;
#3474 = ORIENTED_EDGE ( 'NONE', *, *, #3175, .T. ) ;
#3475 = DIRECTION ( 'NONE',  ( 0.0000000000000000000, 0.0000000000000000000, -1.000000000000000000 ) ) ;
#3476 = DIRECTION ( 'NONE',  ( 0.0000000000000000000, 0.0000000000000000000, 1.000000000000000000 ) ) ;
#3477 = VECTOR ( 'NONE', #3379, 39.37007874015748143 ) ;
#3478 = CARTESIAN_POINT ( 'NONE',  ( 0.1318897637795275746, -0.04201406643800709162, -0.1023622047244094474 ) ) ;
#3479 = ORIENTED_EDGE ( 'NONE', *, *, #3859, .F. ) ;
#3480 = ORIENTED_EDGE ( 'NONE', *, *, #3211, .F. ) ;
#3481 = CIRCLE ( 'NONE', #2386, 0.06889763779527559306 ) ;
#3482 = FACE_OUTER_BOUND ( 'NONE', #1337, .T. ) ;
#3483 = ORIENTED_EDGE ( 'NONE', *, *, #4224, .F. ) ;
#3484 = LINE ( 'NONE', #3144, #747 ) ;
#3485 = VERTEX_POINT ( 'NONE', #3295 ) ;
#3486 = CARTESIAN_POINT ( 'NONE',  ( 0.1318897637795275746, -0.1143824042423135789, 0.07014398974742774850 ) ) ;
#3487 = DIRECTION ( 'NONE',  ( 0.0000000000000000000, 0.0000000000000000000, -1.000000000000000000 ) ) ;
#3488 = EDGE_CURVE ( 'NONE', #2734, #2065, #3985, .T. ) ;
#3489 = ADVANCED_FACE ( 'NONE', ( #373 ), #1648, .T. ) ;
#3490 = CARTESIAN_POINT ( 'NONE',  ( 0.1555118110236219930, -0.06889763779527559306, -0.1023622047244094474 ) ) ;
#3491 = ORIENTED_EDGE ( 'NONE', *, *, #1719, .F. ) ;
#3492 = EDGE_CURVE ( 'NONE', #1038, #2413, #4240, .T. ) ;
#3493 = CARTESIAN_POINT ( 'NONE',  ( 0.1476377952755905387, -0.06889763779527559306, -0.1023622047244094474 ) ) ;
#3494 = DIRECTION ( 'NONE',  ( -1.000000000000000000, 0.0000000000000000000, 0.0000000000000000000 ) ) ;
#3495 = CARTESIAN_POINT ( 'NONE',  ( -0.1555118110236220763, 0.003937007874015747977, 0.04921259842519685318 ) ) ;
#3496 = ORIENTED_EDGE ( 'NONE', *, *, #2268, .F. ) ;
#3497 = MANIFOLD_SOLID_BREP ( 'NONE', #873 ) ;
#3498 = VERTEX_POINT ( 'NONE', #393 ) ;
#3499 = DIRECTION ( 'NONE',  ( 0.0000000000000000000, 1.000000000000000000, 0.0000000000000000000 ) ) ;
#3500 = DIRECTION ( 'NONE',  ( 0.0000000000000000000, 0.0000000000000000000, -1.000000000000000000 ) ) ;
#3501 = DIRECTION ( 'NONE',  ( 1.000000000000000000, 0.0000000000000000000, 0.0000000000000000000 ) ) ;
#3502 = ORIENTED_EDGE ( 'NONE', *, *, #3123, .T. ) ;
#3503 = CARTESIAN_POINT ( 'NONE',  ( -0.1181102362204724532, 0.03543307086614173179, 0.1023622047244094474 ) ) ;
#3504 = DIRECTION ( 'NONE',  ( 0.0000000000000000000, -1.000000000000000000, 0.0000000000000000000 ) ) ;
#3505 = ORIENTED_EDGE ( 'NONE', *, *, #1556, .T. ) ;
#3506 = VERTEX_POINT ( 'NONE', #1667 ) ;
#3507 = FACE_OUTER_BOUND ( 'NONE', #3511, .T. ) ;
#3508 = DIRECTION ( 'NONE',  ( -4.063888932435259910E-16, -1.000000000000000000, 0.0000000000000000000 ) ) ;
#3509 = CARTESIAN_POINT ( 'NONE',  ( 0.08858267716535432601, 0.1299212598425196763, 0.06496062992125983815 ) ) ;
#3510 = MANIFOLD_SOLID_BREP ( 'Imported5', #105 ) ;
#3511 = EDGE_LOOP ( 'NONE', ( #4008, #3739, #807, #2010 ) ) ;
#3512 = DIRECTION ( 'NONE',  ( -1.000000000000000000, 0.0000000000000000000, 0.0000000000000000000 ) ) ;
#3513 = DIRECTION ( 'NONE',  ( 0.0000000000000000000, 0.0000000000000000000, 1.000000000000000000 ) ) ;
#3514 = PLANE ( 'NONE',  #3536 ) ;
#3515 = FACE_OUTER_BOUND ( 'NONE', #1904, .T. ) ;
#3516 = ORIENTED_EDGE ( 'NONE', *, *, #2742, .F. ) ;
#3517 = ADVANCED_FACE ( 'NONE', ( #1313 ), #15, .T. ) ;
#3518 = EDGE_CURVE ( 'NONE', #1363, #3858, #1698, .T. ) ;
#3519 = ORIENTED_EDGE ( 'NONE', *, *, #656, .T. ) ;
#3520 = LINE ( 'NONE', #3832, #538 ) ;
#3521 = EDGE_CURVE ( 'NONE', #389, #1059, #2317, .T. ) ;
#3522 = EDGE_LOOP ( 'NONE', ( #1201, #2195, #2589, #492 ) ) ;
#3523 = CARTESIAN_POINT ( 'NONE',  ( -0.08858267716535432601, 0.1299212598425196763, 0.08858267716535432601 ) ) ;
#3524 = MANIFOLD_SOLID_BREP ( 'Imported6', #3664 ) ;
#3525 = CARTESIAN_POINT ( 'NONE',  ( -0.1122047244094488277, 0.1299212598425196763, 0.1181102362204724532 ) ) ;
#3526 = ORIENTED_EDGE ( 'NONE', *, *, #3598, .T. ) ;
#3527 = AXIS2_PLACEMENT_3D ( 'NONE', #3582, #2894, #2323 ) ;
#3528 = AXIS2_PLACEMENT_3D ( 'NONE', #1844, #3779, #1757 ) ;
#3529 = VERTEX_POINT ( 'NONE', #1689 ) ;
#3530 = CARTESIAN_POINT ( 'NONE',  ( -0.1122047244094488277, 0.1299212598425196763, -0.1122047244094488277 ) ) ;
#3531 = FACE_OUTER_BOUND ( 'NONE', #1291, .T. ) ;
#3532 = LINE ( 'NONE', #160, #3340 ) ;
#3533 = CIRCLE ( 'NONE', #1546, 0.02362204724409448092 ) ;
#3534 = AXIS2_PLACEMENT_3D ( 'NONE', #485, #152, #1457 ) ;
#3535 = ORIENTED_EDGE ( 'NONE', *, *, #3788, .T. ) ;
#3536 = AXIS2_PLACEMENT_3D ( 'NONE', #2828, #3798, #3476 ) ;
#3537 = CIRCLE ( 'NONE', #1554, 0.02362204724409448092 ) ;
#3538 = DIRECTION ( 'NONE',  ( -1.000000000000000000, 0.0000000000000000000, 0.0000000000000000000 ) ) ;
#3539 = DIRECTION ( 'NONE',  ( 0.0000000000000000000, 0.0000000000000000000, -1.000000000000000000 ) ) ;
#3540 = CARTESIAN_POINT ( 'NONE',  ( -0.1532055652061933004, -0.06332986786467284523, -0.1023622047244094474 ) ) ;
#3541 = CARTESIAN_POINT ( 'NONE',  ( 0.0000000000000000000, 0.1968503937007874127, 0.0000000000000000000 ) ) ;
#3542 = AXIS2_PLACEMENT_3D ( 'NONE', #1226, #3166, #234 ) ;
#3543 = EDGE_LOOP ( 'NONE', ( #2982, #1939, #3496, #1545, #3802, #308, #351, #2344, #1197, #2358, #4209, #2844, #162, #1429, #3535, #2496, #1755 ) ) ;
#3544 = VECTOR ( 'NONE', #2762, 39.37007874015748143 ) ;
#3545 = VERTEX_POINT ( 'NONE', #3004 ) ;
#3546 = DIRECTION ( 'NONE',  ( 0.0000000000000000000, -1.000000000000000000, 0.0000000000000000000 ) ) ;
#3547 = EDGE_CURVE ( 'NONE', #719, #1212, #551, .T. ) ;
#3548 = DIRECTION ( 'NONE',  ( -1.000000000000000000, 0.0000000000000000000, 0.0000000000000000000 ) ) ;
#3549 = EDGE_CURVE ( 'NONE', #3400, #3390, #2660, .T. ) ;
#3550 = DIRECTION ( 'NONE',  ( 0.0000000000000000000, -1.000000000000000000, 0.0000000000000000000 ) ) ;
#3551 = AXIS2_PLACEMENT_3D ( 'NONE', #1549, #906, #4077 ) ;
#3552 = DIRECTION ( 'NONE',  ( 0.0000000000000000000, 0.0000000000000000000, -1.000000000000000000 ) ) ;
#3553 = CARTESIAN_POINT ( 'NONE',  ( 0.1240157480314960647, -0.09578120915254409451, -0.07480314960629921850 ) ) ;
#3554 = ADVANCED_FACE ( 'NONE', ( #2060 ), #4063, .F. ) ;
#3555 = ORIENTED_EDGE ( 'NONE', *, *, #840, .F. ) ;
#3556 = CARTESIAN_POINT ( 'NONE',  ( 0.1476377952755905387, -0.06889763779527559306, -0.1023622047244094474 ) ) ;
#3557 = DIRECTION ( 'NONE',  ( 0.0000000000000000000, 0.0000000000000000000, 1.000000000000000000 ) ) ;
#3558 = CARTESIAN_POINT ( 'NONE',  ( -0.1318897637795275746, -0.09578120915254409451, 0.07480314960629921850 ) ) ;
#3559 = PRODUCT_DEFINITION_FORMATION_WITH_SPECIFIED_SOURCE ( 'ANY', '', #1022, .NOT_KNOWN. ) ;
#3560 = VERTEX_POINT ( 'NONE', #1752 ) ;
#3561 = LINE ( 'NONE', #4181, #1610 ) ;
#3562 = FACE_OUTER_BOUND ( 'NONE', #1243, .T. ) ;
#3563 = DIRECTION ( 'NONE',  ( 0.7071067811865479058, -0.7071067811865469066, 0.0000000000000000000 ) ) ;
#3564 = PLANE ( 'NONE',  #188 ) ;
#3565 = PERSON ( 'UNSPECIFIED', 'UNSPECIFIED', 'UNSPECIFIED', ('UNSPECIFIED'), ('UNSPECIFIED'), ('UNSPECIFIED') ) ;
#3566 = PERSON_AND_ORGANIZATION ( #3565, #2941 ) ;
#3567 = ORIENTED_EDGE ( 'NONE', *, *, #4043, .T. ) ;
#3568 = FACE_OUTER_BOUND ( 'NONE', #3080, .T. ) ;
#3569 = CARTESIAN_POINT ( 'NONE',  ( -0.1555118110236220763, -0.1377952755905511861, -0.08366141732283464971 ) ) ;
#3570 = CARTESIAN_POINT ( 'NONE',  ( 0.1122047244094488277, 0.1377952755905511861, 0.1181102362204724532 ) ) ;
#3571 = EDGE_CURVE ( 'NONE', #3291, #2088, #4047, .T. ) ;
#3572 = EDGE_LOOP ( 'NONE', ( #4066, #878, #3100, #663, #3327, #1410 ) ) ;
#3573 = CARTESIAN_POINT ( 'NONE',  ( -0.1476377952755905387, -0.06889763779527559306, -0.1023622047244094474 ) ) ;
#3574 = DIRECTION ( 'NONE',  ( 0.0000000000000000000, 1.000000000000000000, 0.0000000000000000000 ) ) ;
#3575 = ADVANCED_FACE ( 'NONE', ( #1123, #3061, #2417, #1474, #787, #3709 ), #133, .F. ) ;
#3576 = ORIENTED_EDGE ( 'NONE', *, *, #3005, .T. ) ;
#3577 = EDGE_CURVE ( 'NONE', #949, #2056, #1560, .T. ) ;
#3578 = DIRECTION ( 'NONE',  ( 0.0000000000000000000, 0.0000000000000000000, 1.000000000000000000 ) ) ;
#3579 = LINE ( 'NONE', #654, #2371 ) ;
#3580 = ORIENTED_EDGE ( 'NONE', *, *, #574, .T. ) ;
#3581 = CARTESIAN_POINT ( 'NONE',  ( -0.08858267716535432601, 0.1377952755905511861, -0.08858267716535432601 ) ) ;
#3582 = CARTESIAN_POINT ( 'NONE',  ( 0.0000000000000000000, 0.1968503937007874127, 0.0000000000000000000 ) ) ;
#3583 = DIRECTION ( 'NONE',  ( -4.063888932435259910E-16, -1.000000000000000000, 0.0000000000000000000 ) ) ;
#3584 = COORDINATED_UNIVERSAL_TIME_OFFSET ( 0, 0, .AHEAD. ) ;
#3585 = ORIENTED_EDGE ( 'NONE', *, *, #1304, .F. ) ;
#3586 = DIRECTION ( 'NONE',  ( 0.7071067811865479058, -0.7071067811865469066, 0.0000000000000000000 ) ) ;
#3587 = CYLINDRICAL_SURFACE ( 'NONE', #407, 0.005905511811023620231 ) ;
#3588 = LINE ( 'NONE', #25, #1486 ) ;
#3589 = VERTEX_POINT ( 'NONE', #2095 ) ;
#3590 = FACE_OUTER_BOUND ( 'NONE', #1516, .T. ) ;
#3591 = LINE ( 'NONE', #3310, #2913 ) ;
#3592 = VERTEX_POINT ( 'NONE', #2746 ) ;
#3593 = VERTEX_POINT ( 'NONE', #3402 ) ;
#3594 = DIRECTION ( 'NONE',  ( 0.0000000000000000000, 0.0000000000000000000, -1.000000000000000000 ) ) ;
#3595 = CARTESIAN_POINT ( 'NONE',  ( -0.1318897637795275746, -0.09578120915254409451, -0.1023622047244094474 ) ) ;
#3596 = CARTESIAN_POINT ( 'NONE',  ( 0.1318897637795275746, -0.09578120915254409451, 0.1023622047244094474 ) ) ;
#3597 = ADVANCED_FACE ( 'NONE', ( #487 ), #4085, .F. ) ;
#3598 = EDGE_CURVE ( 'NONE', #1076, #3777, #3039, .T. ) ;
#3599 = DIRECTION ( 'NONE',  ( 0.0000000000000000000, 0.0000000000000000000, 1.000000000000000000 ) ) ;
#3600 = CARTESIAN_POINT ( 'NONE',  ( 0.0000000000000000000, 0.1299212598425196763, 0.0000000000000000000 ) ) ;
#3601 = VECTOR ( 'NONE', #3294, 39.37007874015748143 ) ;
#3602 = LINE ( 'NONE', #1607, #1551 ) ;
#3603 = EDGE_CURVE ( 'NONE', #1059, #1455, #741, .T. ) ;
#3604 = AXIS2_PLACEMENT_3D ( 'NONE', #495, #2409, #3717 ) ;
#3605 = AXIS2_PLACEMENT_3D ( 'NONE', #3791, #2803, #1439 ) ;
#3606 = ORIENTED_EDGE ( 'NONE', *, *, #2910, .T. ) ;
#3607 = FACE_OUTER_BOUND ( 'NONE', #143, .T. ) ;
#3608 = CARTESIAN_POINT ( 'NONE',  ( 0.1181102362204724532, 0.003937007874015747977, 0.04921259842519685318 ) ) ;
#3609 = CARTESIAN_POINT ( 'NONE',  ( 0.1318897637795275746, 0.02755905511811023584, 0.1023622047244094474 ) ) ;
#3610 = AXIS2_PLACEMENT_3D ( 'NONE', #2335, #370, #3900 ) ;
#3611 = VECTOR ( 'NONE', #266, 39.37007874015748143 ) ;
#3612 = AXIS2_PLACEMENT_3D ( 'NONE', #700, #1289, #2661 ) ;
#3613 = VERTEX_POINT ( 'NONE', #2781 ) ;
#3614 = DIRECTION ( 'NONE',  ( -1.000000000000000000, 0.0000000000000000000, 0.0000000000000000000 ) ) ;
#3615 = LINE ( 'NONE', #1037, #2573 ) ;
#3616 = AXIS2_PLACEMENT_3D ( 'NONE', #3581, #329, #680 ) ;
#3617 = ORIENTED_EDGE ( 'NONE', *, *, #3841, .T. ) ;
#3618 = ORIENTED_EDGE ( 'NONE', *, *, #1194, .F. ) ;
#3619 = DIRECTION ( 'NONE',  ( 0.0000000000000000000, 0.0000000000000000000, 1.000000000000000000 ) ) ;
#3620 = LINE ( 'NONE', #64, #182 ) ;
#3621 = CARTESIAN_POINT ( 'NONE',  ( 0.1181102362204724532, 0.03543307086614173179, 0.1023622047244094474 ) ) ;
#3622 = ORIENTED_EDGE ( 'NONE', *, *, #1125, .T. ) ;
#3623 = EDGE_CURVE ( 'NONE', #3099, #3529, #1780, .T. ) ;
#3624 = ADVANCED_FACE ( 'NONE', ( #2357 ), #2763, .T. ) ;
#3625 = FACE_OUTER_BOUND ( 'NONE', #276, .T. ) ;
#3626 = DIRECTION ( 'NONE',  ( -1.000000000000000000, 0.0000000000000000000, 0.0000000000000000000 ) ) ;
#3627 = DIRECTION ( 'NONE',  ( 0.0000000000000000000, -1.000000000000000000, 0.0000000000000000000 ) ) ;
#3628 = CARTESIAN_POINT ( 'NONE',  ( -0.1181102362204724532, 0.03543307086614173179, 0.1023622047244094474 ) ) ;
#3629 = DIRECTION ( 'NONE',  ( 0.0000000000000000000, 0.0000000000000000000, 1.000000000000000000 ) ) ;
#3630 = ORIENTED_EDGE ( 'NONE', *, *, #1346, .F. ) ;
#3631 = EDGE_CURVE ( 'NONE', #318, #2039, #830, .T. ) ;
#3632 = VECTOR ( 'NONE', #4114, 39.37007874015748143 ) ;
#3633 = CARTESIAN_POINT ( 'NONE',  ( 0.08858267716535432601, 0.1377952755905511861, -0.08858267716535432601 ) ) ;
#3634 = DIRECTION ( 'NONE',  ( -1.000000000000000000, 0.0000000000000000000, 0.0000000000000000000 ) ) ;
#3635 = CARTESIAN_POINT ( 'NONE',  ( -0.08858267716535432601, 0.1496062992125984370, -0.1122047244094488139 ) ) ;
#3636 = ORIENTED_EDGE ( 'NONE', *, *, #3174, .T. ) ;
#3637 = VERTEX_POINT ( 'NONE', #2402 ) ;
#3638 = CARTESIAN_POINT ( 'NONE',  ( -0.1240157480314960647, -0.1224523058384645591, -0.1023622047244094474 ) ) ;
#3639 = CARTESIAN_POINT ( 'NONE',  ( 0.1181102362204724532, 0.0000000000000000000, -0.1181102362204724532 ) ) ;
#3640 = ORIENTED_EDGE ( 'NONE', *, *, #1435, .F. ) ;
#3641 = ORIENTED_EDGE ( 'NONE', *, *, #3936, .F. ) ;
#3642 = DIRECTION ( 'NONE',  ( -4.063888932435259910E-16, -1.000000000000000000, 0.0000000000000000000 ) ) ;
#3643 = DIRECTION ( 'NONE',  ( 0.0000000000000000000, 0.0000000000000000000, 1.000000000000000000 ) ) ;
#3644 = DIRECTION ( 'NONE',  ( 1.000000000000000000, 0.0000000000000000000, 0.0000000000000000000 ) ) ;
#3645 = VERTEX_POINT ( 'NONE', #2121 ) ;
#3646 = FACE_OUTER_BOUND ( 'NONE', #3411, .T. ) ;
#3647 = PERSON_AND_ORGANIZATION ( #3565, #2941 ) ;
#3648 = ORIENTED_EDGE ( 'NONE', *, *, #2369, .F. ) ;
#3649 = DIRECTION ( 'NONE',  ( -1.000000000000000000, 0.0000000000000000000, 0.0000000000000000000 ) ) ;
#3650 = DIRECTION ( 'NONE',  ( -1.000000000000000000, 0.0000000000000000000, 0.0000000000000000000 ) ) ;
#3651 = DIRECTION ( 'NONE',  ( 0.0000000000000000000, 0.0000000000000000000, 1.000000000000000000 ) ) ;
#3652 = EDGE_CURVE ( 'NONE', #3381, #2109, #335, .T. ) ;
#3653 = EDGE_CURVE ( 'NONE', #1072, #1811, #3360, .T. ) ;
#3654 = ORIENTED_EDGE ( 'NONE', *, *, #3175, .F. ) ;
#3655 = ORIENTED_EDGE ( 'NONE', *, *, #4094, .T. ) ;
#3656 = DIRECTION ( 'NONE',  ( 0.0000000000000000000, -1.000000000000000000, 0.0000000000000000000 ) ) ;
#3657 = DIRECTION ( 'NONE',  ( 0.0000000000000000000, 0.4999999999999995004, -0.8660254037844390407 ) ) ;
#3658 = ADVANCED_FACE ( 'NONE', ( #441 ), #3341, .F. ) ;
#3659 = ORIENTED_EDGE ( 'NONE', *, *, #546, .F. ) ;
#3660 = VERTEX_POINT ( 'NONE', #1105 ) ;
#3661 = CARTESIAN_POINT ( 'NONE',  ( 0.0000000000000000000, 0.1299212598425196763, 0.0000000000000000000 ) ) ;
#3662 = CARTESIAN_POINT ( 'NONE',  ( -0.1318897637795275746, -0.1024489833240242176, 0.1139111283628084642 ) ) ;
#3663 = CARTESIAN_POINT ( 'NONE',  ( -0.1240157480314960647, 0.02755905511811023584, 0.1023622047244094474 ) ) ;
#3664 = CLOSED_SHELL ( 'NONE', ( #3887, #2945, #603, #2909, #1579, #275, #2608, #2024, #3731, #3624, #734, #771, #3733, #6, #3759, #4178, #3253, #2685, #3367, #2322, #762 ) ) ;
#3665 = ORIENTED_EDGE ( 'NONE', *, *, #3571, .T. ) ;
#3666 = ORIENTED_EDGE ( 'NONE', *, *, #2023, .F. ) ;
#3667 = CARTESIAN_POINT ( 'NONE',  ( 0.1318897637795275746, -0.09578120915254409451, -0.1023622047244094474 ) ) ;
#3668 = DIRECTION ( 'NONE',  ( -1.000000000000000000, 0.0000000000000000000, 0.0000000000000000000 ) ) ;
#3669 = ORIENTED_EDGE ( 'NONE', *, *, #2106, .T. ) ;
#3670 = AXIS2_PLACEMENT_3D ( 'NONE', #977, #1242, #4190 ) ;
#3671 = AXIS2_PLACEMENT_3D ( 'NONE', #808, #3382, #2143 ) ;
#3672 = LINE ( 'NONE', #2730, #2723 ) ;
#3673 = CARTESIAN_POINT ( 'NONE',  ( 0.08858267716535432601, 0.1496062992125984370, 0.08858267716535432601 ) ) ;
#3674 = DIRECTION ( 'NONE',  ( 0.7071067811865480168, -0.7071067811865470176, 0.0000000000000000000 ) ) ;
#3675 = VECTOR ( 'NONE', #1703, 39.37007874015748143 ) ;
#3676 = VERTEX_POINT ( 'NONE', #3122 ) ;
#3677 = VECTOR ( 'NONE', #2627, 39.37007874015748143 ) ;
#3678 = CARTESIAN_POINT ( 'NONE',  ( 0.1240157480314960647, 0.02755905511811023584, 0.1023622047244094474 ) ) ;
#3679 = ADVANCED_FACE ( 'NONE', ( #3445 ), #2463, .F. ) ;
#3680 = EDGE_CURVE ( 'NONE', #496, #344, #2139, .T. ) ;
#3681 = AXIS2_PLACEMENT_3D ( 'NONE', #2916, #46, #1003 ) ;
#3682 = CYLINDRICAL_SURFACE ( 'NONE', #1760, 0.007874015748031499423 ) ;
#3683 = AXIS2_PLACEMENT_3D ( 'NONE', #2146, #3475, #855 ) ;
#3684 = CARTESIAN_POINT ( 'NONE',  ( -0.1476377952755905387, -0.06889763779527559306, 0.1023622047244094474 ) ) ;
#3685 = AXIS2_PLACEMENT_3D ( 'NONE', #2085, #4012, #3634 ) ;
#3686 = VECTOR ( 'NONE', #760, 39.37007874015748143 ) ;
#3687 = EDGE_LOOP ( 'NONE', ( #605, #1737, #2465, #2678 ) ) ;
#3688 = EDGE_LOOP ( 'NONE', ( #4122, #1150 ) ) ;
#3689 = VERTEX_POINT ( 'NONE', #2805 ) ;
#3690 = EDGE_CURVE ( 'NONE', #4174, #3147, #1502, .T. ) ;
#3691 = CARTESIAN_POINT ( 'NONE',  ( -0.08858267716535432601, 0.1299212598425196763, -0.08858267716535432601 ) ) ;
#3692 = AXIS2_PLACEMENT_3D ( 'NONE', #1397, #1440, #3085 ) ;
#3693 = CARTESIAN_POINT ( 'NONE',  ( 0.1122047244094488277, 0.1377952755905511861, 0.1122047244094488277 ) ) ;
#3694 = AXIS2_PLACEMENT_3D ( 'NONE', #1292, #3278, #1334 ) ;
#3695 = ORIENTED_EDGE ( 'NONE', *, *, #3549, .F. ) ;
#3696 = LINE ( 'NONE', #679, #2298 ) ;
#3697 = DIRECTION ( 'NONE',  ( 1.445602896647339903E-16, 0.0000000000000000000, 1.000000000000000000 ) ) ;
#3698 = ORIENTED_EDGE ( 'NONE', *, *, #1769, .T. ) ;
#3699 = DIRECTION ( 'NONE',  ( 1.000000000000000000, 0.0000000000000000000, 0.0000000000000000000 ) ) ;
#3700 = CYLINDRICAL_SURFACE ( 'NONE', #2171, 0.007874015748031466463 ) ;
#3701 = ORIENTED_EDGE ( 'NONE', *, *, #3123, .F. ) ;
#3702 = VECTOR ( 'NONE', #3782, 39.37007874015748143 ) ;
#3703 = DIRECTION ( 'NONE',  ( 0.0000000000000000000, 0.0000000000000000000, -1.000000000000000000 ) ) ;
#3704 = LINE ( 'NONE', #1810, #1897 ) ;
#3705 = EDGE_LOOP ( 'NONE', ( #3045, #30, #488, #483 ) ) ;
#3706 = ORIENTED_EDGE ( 'NONE', *, *, #2327, .T. ) ;
#3707 = LINE ( 'NONE', #2415, #253 ) ;
#3708 = FACE_OUTER_BOUND ( 'NONE', #212, .T. ) ;
#3709 = FACE_BOUND ( 'NONE', #3938, .T. ) ;
#3710 = ADVANCED_FACE ( 'NONE', ( #397 ), #3010, .T. ) ;
#3711 = EDGE_CURVE ( 'NONE', #874, #1812, #4219, .T. ) ;
#3712 = VERTEX_POINT ( 'NONE', #2957 ) ;
#3713 = DIRECTION ( 'NONE',  ( 0.0000000000000000000, 1.000000000000000000, 0.0000000000000000000 ) ) ;
#3714 = ORIENTED_EDGE ( 'NONE', *, *, #1640, .F. ) ;
#3715 = FACE_OUTER_BOUND ( 'NONE', #1, .T. ) ;
#3716 = CARTESIAN_POINT ( 'NONE',  ( 0.1240157480314960647, -0.1377952755905511861, -0.1023622047244094474 ) ) ;
#3717 = DIRECTION ( 'NONE',  ( 0.0000000000000000000, 0.0000000000000000000, 1.000000000000000000 ) ) ;
#3718 = ORIENTED_EDGE ( 'NONE', *, *, #948, .F. ) ;
#3719 = EDGE_LOOP ( 'NONE', ( #3240, #565, #439, #4002 ) ) ;
#3720 = CYLINDRICAL_SURFACE ( 'NONE', #2716, 0.007874015748031466463 ) ;
#3721 = ORIENTED_EDGE ( 'NONE', *, *, #916, .F. ) ;
#3722 = VERTEX_POINT ( 'NONE', #986 ) ;
#3723 = ORIENTED_EDGE ( 'NONE', *, *, #3935, .T. ) ;
#3724 = FACE_OUTER_BOUND ( 'NONE', #2447, .T. ) ;
#3725 = LINE ( 'NONE', #3792, #1820 ) ;
#3726 = CARTESIAN_POINT ( 'NONE',  ( -0.08858267716535432601, 0.1377952755905511861, -0.08858267716535432601 ) ) ;
#3727 = EDGE_LOOP ( 'NONE', ( #1644, #3929, #2528, #3630 ) ) ;
#3728 = DIRECTION ( 'NONE',  ( 1.000000000000000000, -0.0000000000000000000, 1.224646799147353207E-16 ) ) ;
#3729 = CYLINDRICAL_SURFACE ( 'NONE', #3410, 0.007874015748031466463 ) ;
#3730 = EDGE_CURVE ( 'NONE', #3094, #864, #3481, .T. ) ;
#3731 = ADVANCED_FACE ( 'NONE', ( #3562 ), #1650, .T. ) ;
#3732 = ORIENTED_EDGE ( 'NONE', *, *, #1382, .F. ) ;
#3733 = ADVANCED_FACE ( 'NONE', ( #3251 ), #2341, .F. ) ;
#3734 = DIRECTION ( 'NONE',  ( 0.0000000000000000000, 0.0000000000000000000, 1.000000000000000000 ) ) ;
#3735 = CIRCLE ( 'NONE', #109, 0.007874015748031499423 ) ;
#3736 = DIRECTION ( 'NONE',  ( 0.0000000000000000000, 0.0000000000000000000, -1.000000000000000000 ) ) ;
#3737 = PLANE ( 'NONE',  #3003 ) ;
#3738 = LINE ( 'NONE', #2794, #1423 ) ;
#3739 = ORIENTED_EDGE ( 'NONE', *, *, #2281, .T. ) ;
#3740 = AXIS2_PLACEMENT_3D ( 'NONE', #4214, #3487, #2505 ) ;
#3741 = CARTESIAN_POINT ( 'NONE',  ( -0.08858267716535432601, 0.1496062992125984370, 0.08858267716535432601 ) ) ;
#3742 = PLANE ( 'NONE',  #1888 ) ;
#3743 = DIRECTION ( 'NONE',  ( -2.168404344971010347E-16, 0.0000000000000000000, -1.000000000000000000 ) ) ;
#3744 = DIRECTION ( 'NONE',  ( -1.000000000000000000, 0.0000000000000000000, 0.0000000000000000000 ) ) ;
#3745 = VECTOR ( 'NONE', #499, 39.37007874015748143 ) ;
#3746 = VECTOR ( 'NONE', #378, 39.37007874015748143 ) ;
#3747 = AXIS2_PLACEMENT_3D ( 'NONE', #1591, #1611, #2407 ) ;
#3748 = ORIENTED_EDGE ( 'NONE', *, *, #1345, .F. ) ;
#3749 = CARTESIAN_POINT ( 'NONE',  ( -0.1263219938489248129, -0.04758183636860983945, -0.1023622047244094474 ) ) ;
#3750 = CARTESIAN_POINT ( 'NONE',  ( -0.1181102362204724532, 0.0000000000000000000, 0.1181102362204724532 ) ) ;
#3751 = DIRECTION ( 'NONE',  ( 0.0000000000000000000, 0.0000000000000000000, 1.000000000000000000 ) ) ;
#3752 = AXIS2_PLACEMENT_3D ( 'NONE', #728, #2346, #452 ) ;
#3753 = VECTOR ( 'NONE', #3947, 39.37007874015748143 ) ;
#3754 = ORIENTED_EDGE ( 'NONE', *, *, #3793, .T. ) ;
#3755 = ORIENTED_EDGE ( 'NONE', *, *, #866, .T. ) ;
#3756 = VECTOR ( 'NONE', #1068, 39.37007874015748854 ) ;
#3757 = PLANE ( 'NONE',  #414 ) ;
#3758 = VECTOR ( 'NONE', #353, 39.37007874015748143 ) ;
#3759 = ADVANCED_FACE ( 'NONE', ( #3924 ), #2912, .F. ) ;
#3760 = EDGE_CURVE ( 'NONE', #3317, #3099, #3070, .T. ) ;
#3761 = ORIENTED_EDGE ( 'NONE', *, *, #3488, .F. ) ;
#3762 = CARTESIAN_POINT ( 'NONE',  ( 0.1532055652061933004, -0.06332986786467284523, 0.07480314960629921850 ) ) ;
#3763 = LINE ( 'NONE', #753, #322 ) ;
#3764 = EDGE_LOOP ( 'NONE', ( #2920, #1389 ) ) ;
#3765 = EDGE_CURVE ( 'NONE', #1212, #719, #1907, .T. ) ;
#3766 = EDGE_CURVE ( 'NONE', #2056, #949, #2180, .T. ) ;
#3767 = DIRECTION ( 'NONE',  ( -1.000000000000000000, 0.0000000000000000000, 0.0000000000000000000 ) ) ;
#3768 = CARTESIAN_POINT ( 'NONE',  ( -0.1532055652061933004, -0.07446540772587834089, -0.1023622047244094474 ) ) ;
#3769 = PLANE ( 'NONE',  #2453 ) ;
#3770 = DIRECTION ( 'NONE',  ( -0.0000000000000000000, 1.000000000000000000, 0.0000000000000000000 ) ) ;
#3771 = ORIENTED_EDGE ( 'NONE', *, *, #2282, .F. ) ;
#3772 = ORIENTED_EDGE ( 'NONE', *, *, #2105, .T. ) ;
#3773 = DIRECTION ( 'NONE',  ( 0.0000000000000000000, 0.0000000000000000000, 1.000000000000000000 ) ) ;
#3774 = AXIS2_PLACEMENT_3D ( 'NONE', #4184, #3173, #2513 ) ;
#3775 = DIRECTION ( 'NONE',  ( 1.000000000000000000, 0.0000000000000000000, 0.0000000000000000000 ) ) ;
#3776 = DIRECTION ( 'NONE',  ( 0.0000000000000000000, 0.0000000000000000000, 1.000000000000000000 ) ) ;
#3777 = VERTEX_POINT ( 'NONE', #4242 ) ;
#3778 = EDGE_LOOP ( 'NONE', ( #2135, #2886, #1115, #2838, #1889, #2767 ) ) ;
#3779 = DIRECTION ( 'NONE',  ( 0.0000000000000000000, 1.000000000000000000, 0.0000000000000000000 ) ) ;
#3780 = ORIENTED_EDGE ( 'NONE', *, *, #3392, .F. ) ;
#3781 = CARTESIAN_POINT ( 'NONE',  ( -0.1318897637795275746, -0.09578120915254409451, 0.1023622047244094474 ) ) ;
#3782 = DIRECTION ( 'NONE',  ( 0.0000000000000000000, -1.000000000000000000, 0.0000000000000000000 ) ) ;
#3783 = VERTEX_POINT ( 'NONE', #2619 ) ;
#3784 = CARTESIAN_POINT ( 'NONE',  ( 0.0000000000000000000, 0.1929133858267716439, 0.0000000000000000000 ) ) ;
#3785 = CARTESIAN_POINT ( 'NONE',  ( -0.1555118110236220208, -0.06889763779527559306, 0.07480314960629921850 ) ) ;
#3786 = EDGE_CURVE ( 'NONE', #3485, #3593, #1931, .T. ) ;
#3787 = DIRECTION ( 'NONE',  ( -0.7071067811865480168, -0.7071067811865470176, 0.0000000000000000000 ) ) ;
#3788 = EDGE_CURVE ( 'NONE', #670, #3589, #2666, .T. ) ;
#3789 = ORIENTED_EDGE ( 'NONE', *, *, #2606, .T. ) ;
#3790 = ORIENTED_EDGE ( 'NONE', *, *, #2714, .T. ) ;
#3791 = CARTESIAN_POINT ( 'NONE',  ( 0.1181102362204724532, 0.02755905511811023584, 0.1023622047244094474 ) ) ;
#3792 = CARTESIAN_POINT ( 'NONE',  ( 0.1318897637795275746, -0.09578120915254409451, -0.1023622047244094474 ) ) ;
#3793 = EDGE_CURVE ( 'NONE', #3645, #3036, #4161, .T. ) ;
#3794 = ORIENTED_EDGE ( 'NONE', *, *, #2556, .T. ) ;
#3795 = CARTESIAN_POINT ( 'NONE',  ( 0.1318897637795275746, -0.1224523058384645591, -0.1023622047244094474 ) ) ;
#3796 = ORIENTED_EDGE ( 'NONE', *, *, #553, .T. ) ;
#3797 = DIRECTION ( 'NONE',  ( 0.0000000000000000000, 0.0000000000000000000, -1.000000000000000000 ) ) ;
#3798 = DIRECTION ( 'NONE',  ( -0.7071067811865470176, 0.7071067811865480168, 0.0000000000000000000 ) ) ;
#3799 = CLOSED_SHELL ( 'NONE', ( #1606, #2973, #3658, #1527, #2865, #1793, #3554, #2533, #200, #2114, #1130, #3575, #1324, #1179, #1585, #450, #3385, #3152, #2232, #3076 ) ) ;
#3800 = FACE_OUTER_BOUND ( 'NONE', #1590, .T. ) ;
#3801 = VERTEX_POINT ( 'NONE', #2638 ) ;
#3802 = ORIENTED_EDGE ( 'NONE', *, *, #4065, .F. ) ;
#3803 = CARTESIAN_POINT ( 'NONE',  ( -0.1532055652061933004, -0.07446540772587834089, 0.1023622047244094474 ) ) ;
#3804 = CARTESIAN_POINT ( 'NONE',  ( -0.1240157480314960647, -0.1224523058384645591, -0.07480314960629921850 ) ) ;
#3805 = AXIS2_PLACEMENT_3D ( 'NONE', #1251, #3767, #1882 ) ;
#3806 = EDGE_CURVE ( 'NONE', #3418, #1865, #3945, .T. ) ;
#3807 = EDGE_CURVE ( 'NONE', #3529, #1986, #1364, .T. ) ;
#3808 = VERTEX_POINT ( 'NONE', #3969 ) ;
#3809 = AXIS2_PLACEMENT_3D ( 'NONE', #1657, #310, #1613 ) ;
#3810 = DIRECTION ( 'NONE',  ( -0.7071067811865469066, -0.7071067811865479058, 0.0000000000000000000 ) ) ;
#3811 = VECTOR ( 'NONE', #1041, 39.37007874015748143 ) ;
#3812 = CIRCLE ( 'NONE', #2030, 0.02362204724409448092 ) ;
#3813 = CIRCLE ( 'NONE', #3328, 0.005905511811023620231 ) ;
#3814 = VERTEX_POINT ( 'NONE', #1048 ) ;
#3815 = ADVANCED_FACE ( 'NONE', ( #3646 ), #3319, .T. ) ;
#3816 = ORIENTED_EDGE ( 'NONE', *, *, #997, .F. ) ;
#3817 = CARTESIAN_POINT ( 'NONE',  ( -0.1240157480314960647, -0.1024489833240242176, 0.1139111283628084642 ) ) ;
#3818 = CARTESIAN_POINT ( 'NONE',  ( -0.1181102362204724532, 0.1377952755905511861, -0.1181102362204724532 ) ) ;
#3819 = VECTOR ( 'NONE', #1766, 39.37007874015748854 ) ;
#3820 = CYLINDRICAL_SURFACE ( 'NONE', #2521, 0.005905511811023620231 ) ;
#3821 = AXIS2_PLACEMENT_3D ( 'NONE', #3154, #875, #1173 ) ;
#3822 = AXIS2_PLACEMENT_3D ( 'NONE', #3047, #381, #3650 ) ;
#3823 = ORIENTED_EDGE ( 'NONE', *, *, #846, .F. ) ;
#3824 = LINE ( 'NONE', #1866, #821 ) ;
#3825 = LINE ( 'NONE', #4113, #2037 ) ;
#3826 = AXIS2_PLACEMENT_3D ( 'NONE', #93, #2986, #2363 ) ;
#3827 = CARTESIAN_POINT ( 'NONE',  ( 0.08858267716535432601, 0.1377952755905511861, 0.1122047244094488139 ) ) ;
#3828 = ORIENTED_EDGE ( 'NONE', *, *, #3442, .F. ) ;
#3829 = ORIENTED_EDGE ( 'NONE', *, *, #224, .F. ) ;
#3830 = AXIS2_PLACEMENT_3D ( 'NONE', #3042, #835, #108 ) ;
#3831 = CARTESIAN_POINT ( 'NONE',  ( -0.1181102362204724532, 0.03543307086614173179, -0.1023622047244094474 ) ) ;
#3832 = CARTESIAN_POINT ( 'NONE',  ( -0.1318897637795275746, -0.04201406643800709162, 0.07480314960629921850 ) ) ;
#3833 = VERTEX_POINT ( 'NONE', #2016 ) ;
#3834 = CARTESIAN_POINT ( 'NONE',  ( -0.1318897637795275746, -0.09578120915254409451, 0.1023622047244094474 ) ) ;
#3835 = CARTESIAN_POINT ( 'NONE',  ( -0.1532055652061933004, -0.07446540772587834089, 0.07480314960629921850 ) ) ;
#3836 = ORIENTED_EDGE ( 'NONE', *, *, #1125, .F. ) ;
#3837 = VERTEX_POINT ( 'NONE', #3431 ) ;
#3838 = DIRECTION ( 'NONE',  ( 3.519431053647356462E-16, 0.8660254037844389297, 0.4999999999999994449 ) ) ;
#3839 = DIRECTION ( 'NONE',  ( -4.273955692857149504E-18, -0.9993908270190957621, -0.03489949670250103164 ) ) ;
#3840 = CARTESIAN_POINT ( 'NONE',  ( 0.1476377952755905387, -0.06889763779527559306, 0.1023622047244094474 ) ) ;
#3841 = EDGE_CURVE ( 'NONE', #549, #1172, #791, .T. ) ;
#3842 = ADVANCED_FACE ( 'NONE', ( #1145 ), #445, .T. ) ;
#3843 = ORIENTED_EDGE ( 'NONE', *, *, #2579, .T. ) ;
#3844 = FACE_OUTER_BOUND ( 'NONE', #2818, .T. ) ;
#3845 = CARTESIAN_POINT ( 'NONE',  ( 0.1318897637795275746, -0.04201406643800709162, -0.1023622047244094474 ) ) ;
#3846 = PLANE ( 'NONE',  #1894 ) ;
#3847 = EDGE_CURVE ( 'NONE', #2350, #630, #3896, .T. ) ;
#3848 = LINE ( 'NONE', #578, #3082 ) ;
#3849 = ORIENTED_EDGE ( 'NONE', *, *, #3386, .T. ) ;
#3850 = FACE_OUTER_BOUND ( 'NONE', #1756, .T. ) ;
#3851 = ORIENTED_EDGE ( 'NONE', *, *, #1096, .F. ) ;
#3852 = DIRECTION ( 'NONE',  ( 0.0000000000000000000, 0.0000000000000000000, -1.000000000000000000 ) ) ;
#3853 = CARTESIAN_POINT ( 'NONE',  ( 0.0000000000000000000, 0.1299212598425196763, 0.0000000000000000000 ) ) ;
#3854 = VERTEX_POINT ( 'NONE', #1718 ) ;
#3855 = CARTESIAN_POINT ( 'NONE',  ( 0.1240157480314960647, 0.02755905511811023584, -0.1023622047244094474 ) ) ;
#3856 = LINE ( 'NONE', #2184, #3256 ) ;
#3857 = CARTESIAN_POINT ( 'NONE',  ( 0.1240157480314960647, -0.04201406643800709162, 0.1023622047244094474 ) ) ;
#3858 = VERTEX_POINT ( 'NONE', #773 ) ;
#3859 = EDGE_CURVE ( 'NONE', #1905, #417, #174, .T. ) ;
#3860 = EDGE_CURVE ( 'NONE', #3057, #2592, #2064, .T. ) ;
#3861 = CARTESIAN_POINT ( 'NONE',  ( -0.1240157480314960647, -0.04201406643800709162, 0.1023622047244094474 ) ) ;
#3862 = LINE ( 'NONE', #2127, #2380 ) ;
#3863 = DIRECTION ( 'NONE',  ( 0.0000000000000000000, 0.0000000000000000000, -1.000000000000000000 ) ) ;
#3864 = LINE ( 'NONE', #559, #3632 ) ;
#3865 = ORIENTED_EDGE ( 'NONE', *, *, #367, .F. ) ;
#3866 = VERTEX_POINT ( 'NONE', #1084 ) ;
#3867 = ADVANCED_FACE ( 'NONE', ( #2726 ), #1420, .T. ) ;
#3868 = PRODUCT_DEFINITION ( 'UNKNOWN', '', #3559, #1854 ) ;
#3869 = DIRECTION ( 'NONE',  ( 1.000000000000000000, 0.0000000000000000000, 0.0000000000000000000 ) ) ;
#3870 = PLANE ( 'NONE',  #814 ) ;
#3871 = ORIENTED_EDGE ( 'NONE', *, *, #4199, .T. ) ;
#3872 = CARTESIAN_POINT ( 'NONE',  ( -0.1240157480314960647, 0.02755905511811023584, 0.1023622047244094474 ) ) ;
#3873 = EDGE_LOOP ( 'NONE', ( #1341, #350, #626, #1101 ) ) ;
#3874 = CONICAL_SURFACE ( 'NONE', #3889, 0.06889763779527559306, 0.03490658503988665340 ) ;
#3875 = AXIS2_PLACEMENT_3D ( 'NONE', #2846, #1521, #1246 ) ;
#3876 = ORIENTED_EDGE ( 'NONE', *, *, #3895, .T. ) ;
#3877 = CARTESIAN_POINT ( 'NONE',  ( -0.08858267716535432601, 0.1377952755905511861, -0.1122047244094488139 ) ) ;
#3878 = PLANE ( 'NONE',  #4074 ) ;
#3879 = PLANE ( 'NONE',  #1902 ) ;
#3880 = CIRCLE ( 'NONE', #251, 0.007874015748031499423 ) ;
#3881 = AXIS2_PLACEMENT_3D ( 'NONE', #230, #607, #633 ) ;
#3882 = CIRCLE ( 'NONE', #3604, 0.005905511811023620231 ) ;
#3883 = AXIS2_PLACEMENT_3D ( 'NONE', #92, #471, #816 ) ;
#3884 = CARTESIAN_POINT ( 'NONE',  ( -0.08858267716535432601, 0.1299212598425196763, 0.06496062992125983815 ) ) ;
#3885 = CARTESIAN_POINT ( 'NONE',  ( -0.1318897637795275746, -0.04201406643800709162, 0.1023622047244094474 ) ) ;
#3886 = APPLICATION_PROTOCOL_DEFINITION ( 'international standard', 'config_control_design', 1994, #434 ) ;
#3887 = ADVANCED_FACE ( 'NONE', ( #1128 ), #3729, .T. ) ;
#3888 = AXIS2_PLACEMENT_3D ( 'NONE', #2594, #1687, #63 ) ;
#3889 = AXIS2_PLACEMENT_3D ( 'NONE', #953, #3504, #1596 ) ;
#3890 = ORIENTED_EDGE ( 'NONE', *, *, #3281, .T. ) ;
#3891 = AXIS2_PLACEMENT_3D ( 'NONE', #2975, #673, #2954 ) ;
#3892 = LINE ( 'NONE', #3974, #2445 ) ;
#3893 = DIRECTION ( 'NONE',  ( -1.000000000000000000, 0.0000000000000000000, 0.0000000000000000000 ) ) ;
#3894 = EDGE_CURVE ( 'NONE', #1812, #3498, #202, .T. ) ;
#3895 = EDGE_CURVE ( 'NONE', #3337, #4048, #1700, .T. ) ;
#3896 = CIRCLE ( 'NONE', #3830, 0.02362204724409448092 ) ;
#3897 = ORIENTED_EDGE ( 'NONE', *, *, #147, .F. ) ;
#3898 = DIRECTION ( 'NONE',  ( 0.0000000000000000000, -1.000000000000000000, 0.0000000000000000000 ) ) ;
#3899 = ORIENTED_EDGE ( 'NONE', *, *, #4195, .T. ) ;
#3900 = DIRECTION ( 'NONE',  ( 1.000000000000000000, 0.0000000000000000000, 0.0000000000000000000 ) ) ;
#3901 = CARTESIAN_POINT ( 'NONE',  ( -0.1181102362204724532, 0.02755905511811023584, 0.07480314960629921850 ) ) ;
#3902 = DIRECTION ( 'NONE',  ( 0.0000000000000000000, 1.000000000000000000, 0.0000000000000000000 ) ) ;
#3903 = LOCAL_TIME ( 19, 10, 42.00000000000000000, #3584 ) ;
#3904 = CARTESIAN_POINT ( 'NONE',  ( -0.08858267716535432601, 0.1299212598425196763, 0.1122047244094488139 ) ) ;
#3905 = CARTESIAN_POINT ( 'NONE',  ( -0.1318897637795275746, -0.04201406643800709162, -0.1023622047244094474 ) ) ;
#3906 = CARTESIAN_POINT ( 'NONE',  ( -0.1181102362204724532, 0.0000000000000000000, 0.04921259842519685318 ) ) ;
#3907 = PERSON_AND_ORGANIZATION_ROLE ( 'creator' ) ;
#3908 = DIRECTION ( 'NONE',  ( -1.000000000000000000, 0.0000000000000000000, 0.0000000000000000000 ) ) ;
#3909 = ORIENTED_EDGE ( 'NONE', *, *, #597, .F. ) ;
#3910 = ORIENTED_EDGE ( 'NONE', *, *, #4049, .T. ) ;
#3911 = LINE ( 'NONE', #2345, #1158 ) ;
#3912 = DIRECTION ( 'NONE',  ( 1.000000000000000000, 0.0000000000000000000, 0.0000000000000000000 ) ) ;
#3913 = DIRECTION ( 'NONE',  ( 0.7071067811865479058, -0.7071067811865469066, 0.0000000000000000000 ) ) ;
#3914 = VERTEX_POINT ( 'NONE', #1758 ) ;
#3915 = EDGE_CURVE ( 'NONE', #2561, #3676, #3066, .T. ) ;
#3916 = ADVANCED_FACE ( 'NONE', ( #2750 ), #3757, .F. ) ;
#3917 = PLANE ( 'NONE',  #539 ) ;
#3918 = CARTESIAN_POINT ( 'NONE',  ( 0.0000000000000000000, 0.1299212598425196763, 0.0000000000000000000 ) ) ;
#3919 = ORIENTED_EDGE ( 'NONE', *, *, #3229, .T. ) ;
#3920 = CARTESIAN_POINT ( 'NONE',  ( -0.1318897637795275746, -0.09578120915254409451, -0.07480314960629921850 ) ) ;
#3921 = EDGE_CURVE ( 'NONE', #1972, #2011, #138, .T. ) ;
#3922 = CARTESIAN_POINT ( 'NONE',  ( 0.1181102362204724532, 0.1377952755905511861, 0.1122047244094488277 ) ) ;
#3923 = LINE ( 'NONE', #2956, #947 ) ;
#3924 = FACE_OUTER_BOUND ( 'NONE', #2421, .T. ) ;
#3925 = CYLINDRICAL_SURFACE ( 'NONE', #1279, 0.02362204724409448092 ) ;
#3926 = DIRECTION ( 'NONE',  ( 1.000000000000000000, 0.0000000000000000000, 0.0000000000000000000 ) ) ;
#3927 = PERSON_AND_ORGANIZATION ( #3565, #2941 ) ;
#3928 = ORIENTED_EDGE ( 'NONE', *, *, #3521, .F. ) ;
#3929 = ORIENTED_EDGE ( 'NONE', *, *, #708, .T. ) ;
#3930 = DIRECTION ( 'NONE',  ( -1.000000000000000000, 0.0000000000000000000, 2.168404344971010347E-16 ) ) ;
#3931 = DIRECTION ( 'NONE',  ( 0.0000000000000000000, -1.000000000000000000, 0.0000000000000000000 ) ) ;
#3932 = VERTEX_POINT ( 'NONE', #809 ) ;
#3933 = DIRECTION ( 'NONE',  ( -2.454115839351809943E-16, -1.000000000000000000, 0.0000000000000000000 ) ) ;
#3934 = LINE ( 'NONE', #366, #2163 ) ;
#3935 = EDGE_CURVE ( 'NONE', #3545, #409, #426, .T. ) ;
#3936 = EDGE_CURVE ( 'NONE', #2149, #3276, #3988, .T. ) ;
#3937 = ORIENTED_EDGE ( 'NONE', *, *, #1719, .T. ) ;
#3938 = EDGE_LOOP ( 'NONE', ( #3180, #3567 ) ) ;
#3939 = LINE ( 'NONE', #4238, #4223 ) ;
#3940 = CYLINDRICAL_SURFACE ( 'NONE', #1958, 0.007874015748031499423 ) ;
#3941 = CIRCLE ( 'NONE', #2842, 0.007874015748031499423 ) ;
#3942 = EDGE_CURVE ( 'NONE', #3957, #1378, #372, .T. ) ;
#3943 = VECTOR ( 'NONE', #2377, 39.37007874015748143 ) ;
#3944 = ORIENTED_EDGE ( 'NONE', *, *, #1345, .T. ) ;
#3945 = LINE ( 'NONE', #1025, #3961 ) ;
#3946 = VECTOR ( 'NONE', #2564, 39.37007874015748143 ) ;
#3947 = DIRECTION ( 'NONE',  ( 1.000000000000000000, 0.0000000000000000000, 0.0000000000000000000 ) ) ;
#3948 = VECTOR ( 'NONE', #2307, 39.37007874015748143 ) ;
#3949 = CARTESIAN_POINT ( 'NONE',  ( -0.1240157480314960647, -0.04201406643800709162, 0.07480314960629921850 ) ) ;
#3950 = VECTOR ( 'NONE', #705, 39.37007874015748143 ) ;
#3951 = CIRCLE ( 'NONE', #608, 0.02362204724409448092 ) ;
#3952 = ORIENTED_EDGE ( 'NONE', *, *, #2667, .T. ) ;
#3953 = DIRECTION ( 'NONE',  ( 0.0000000000000000000, 1.000000000000000000, 0.0000000000000000000 ) ) ;
#3954 = CARTESIAN_POINT ( 'NONE',  ( -0.1181102362204724532, 0.03543307086614173179, -0.07480314960629921850 ) ) ;
#3955 = AXIS2_PLACEMENT_3D ( 'NONE', #2542, #1917, #3546 ) ;
#3956 = CIRCLE ( 'NONE', #4019, 0.007874015748031499423 ) ;
#3957 = VERTEX_POINT ( 'NONE', #3803 ) ;
#3958 = CIRCLE ( 'NONE', #132, 0.007874015748031499423 ) ;
#3959 = CARTESIAN_POINT ( 'NONE',  ( -0.1318897637795275746, -0.1224523058384645591, -0.07480314960629921850 ) ) ;
#3960 = CARTESIAN_POINT ( 'NONE',  ( 0.1318897637795275746, -0.1224523058384645591, -0.07480314960629921850 ) ) ;
#3961 = VECTOR ( 'NONE', #3626, 39.37007874015748143 ) ;
#3962 = ORIENTED_EDGE ( 'NONE', *, *, #4020, .T. ) ;
#3963 = ORIENTED_EDGE ( 'NONE', *, *, #1146, .T. ) ;
#3964 = CYLINDRICAL_SURFACE ( 'NONE', #3888, 0.005905511811023620231 ) ;
#3965 = DIRECTION ( 'NONE',  ( 0.0000000000000000000, -1.000000000000000000, 0.0000000000000000000 ) ) ;
#3966 = CARTESIAN_POINT ( 'NONE',  ( 0.0000000000000000000, 0.1930507854200885776, 0.0000000000000000000 ) ) ;
#3967 = VERTEX_POINT ( 'NONE', #3785 ) ;
#3968 = FACE_OUTER_BOUND ( 'NONE', #238, .T. ) ;
#3969 = CARTESIAN_POINT ( 'NONE',  ( -0.1240157480314960647, -0.1224523058384645591, 0.07480314960629921850 ) ) ;
#3970 = ADVANCED_FACE ( 'NONE', ( #3114 ), #3769, .F. ) ;
#3971 = EDGE_CURVE ( 'NONE', #799, #4174, #829, .T. ) ;
#3972 = EDGE_LOOP ( 'NONE', ( #2931, #454, #2940, #2517 ) ) ;
#3973 = EDGE_CURVE ( 'NONE', #998, #1811, #2525, .T. ) ;
#3974 = CARTESIAN_POINT ( 'NONE',  ( 0.1476377952755905387, -0.06889763779527559306, 0.07480314960629921850 ) ) ;
#3975 = FACE_OUTER_BOUND ( 'NONE', #2642, .T. ) ;
#3976 = CARTESIAN_POINT ( 'NONE',  ( 0.1240157480314960647, -0.1224523058384645591, 0.07480314960629921850 ) ) ;
#3977 = VERTEX_POINT ( 'NONE', #1531 ) ;
#3978 = ORIENTED_EDGE ( 'NONE', *, *, #1050, .F. ) ;
#3979 = DIRECTION ( 'NONE',  ( 0.0000000000000000000, 0.0000000000000000000, -1.000000000000000000 ) ) ;
#3980 = DIRECTION ( 'NONE',  ( 0.0000000000000000000, 0.0000000000000000000, -1.000000000000000000 ) ) ;
#3981 = ORIENTED_EDGE ( 'NONE', *, *, #1482, .F. ) ;
#3982 = ORIENTED_EDGE ( 'NONE', *, *, #639, .F. ) ;
#3983 = CARTESIAN_POINT ( 'NONE',  ( 0.1555118110236220763, -0.1377952755905511861, -0.08366141732283464971 ) ) ;
#3984 = DIRECTION ( 'NONE',  ( -1.000000000000000000, -4.063888932435259910E-16, 0.0000000000000000000 ) ) ;
#3985 = LINE ( 'NONE', #2682, #4227 ) ;
#3986 = EDGE_LOOP ( 'NONE', ( #713, #129, #3618, #1274, #3439, #1641, #1394, #1401, #2452, #2565, #1453, #3519, #2593, #2709, #932, #548, #62 ) ) ;
#3987 = DIRECTION ( 'NONE',  ( 1.000000000000000000, 0.0000000000000000000, 0.0000000000000000000 ) ) ;
#3988 = LINE ( 'NONE', #2360, #2115 ) ;
#3989 = ADVANCED_FACE ( 'NONE', ( #2834 ), #1809, .T. ) ;
#3990 = EDGE_CURVE ( 'NONE', #3506, #2011, #3343, .T. ) ;
#3991 = ORIENTED_EDGE ( 'NONE', *, *, #1045, .T. ) ;
#3992 = CARTESIAN_POINT ( 'NONE',  ( -0.1181102362204724532, 0.1299212598425196763, -0.1122047244094488277 ) ) ;
#3993 = LINE ( 'NONE', #1655, #3756 ) ;
#3994 = DIRECTION ( 'NONE',  ( 0.0000000000000000000, 1.000000000000000000, 0.0000000000000000000 ) ) ;
#3995 = ORIENTED_EDGE ( 'NONE', *, *, #3518, .F. ) ;
#3996 = EDGE_CURVE ( 'NONE', #1995, #1638, #624, .T. ) ;
#3997 = CC_DESIGN_DATE_AND_TIME_ASSIGNMENT ( #2017, #3409, ( #144 ) ) ;
#3998 = CARTESIAN_POINT ( 'NONE',  ( 0.1240157480314960647, -0.09578120915254409451, -0.1023622047244094474 ) ) ;
#3999 = DIRECTION ( 'NONE',  ( 1.000000000000000000, 0.0000000000000000000, 0.0000000000000000000 ) ) ;
#4000 = ORIENTED_EDGE ( 'NONE', *, *, #1925, .F. ) ;
#4001 = ORIENTED_EDGE ( 'NONE', *, *, #2054, .T. ) ;
#4002 = ORIENTED_EDGE ( 'NONE', *, *, #1452, .T. ) ;
#4003 = CARTESIAN_POINT ( 'NONE',  ( 0.1318897637795275746, -0.09578120915254409451, 0.1023622047244094474 ) ) ;
#4004 = DIRECTION ( 'NONE',  ( 0.0000000000000000000, -1.000000000000000000, 0.0000000000000000000 ) ) ;
#4005 = ORIENTED_EDGE ( 'NONE', *, *, #2892, .T. ) ;
#4006 = DIRECTION ( 'NONE',  ( 4.063888932435259910E-16, -1.000000000000000000, 0.0000000000000000000 ) ) ;
#4007 = PERSON_AND_ORGANIZATION ( #3565, #2941 ) ;
#4008 = ORIENTED_EDGE ( 'NONE', *, *, #631, .F. ) ;
#4009 = AXIS2_PLACEMENT_3D ( 'NONE', #622, #3255, #1632 ) ;
#4010 = AXIS2_PLACEMENT_3D ( 'NONE', #3407, #3728, #552 ) ;
#4011 = CARTESIAN_POINT ( 'NONE',  ( -0.1476377952755905387, -0.06889763779527559306, 0.1023622047244094474 ) ) ;
#4012 = DIRECTION ( 'NONE',  ( 0.0000000000000000000, 0.0000000000000000000, -1.000000000000000000 ) ) ;
#4013 = DIRECTION ( 'NONE',  ( 4.063888932435259910E-16, -1.000000000000000000, 0.0000000000000000000 ) ) ;
#4014 = EDGE_CURVE ( 'NONE', #1986, #3529, #2595, .T. ) ;
#4015 = VECTOR ( 'NONE', #3305, 39.37007874015748143 ) ;
#4016 = VERTEX_POINT ( 'NONE', #1138 ) ;
#4017 = AXIS2_PLACEMENT_3D ( 'NONE', #3834, #2155, #4123 ) ;
#4018 = VECTOR ( 'NONE', #4127, 39.37007874015748143 ) ;
#4019 = AXIS2_PLACEMENT_3D ( 'NONE', #240, #3797, #1826 ) ;
#4020 = EDGE_CURVE ( 'NONE', #3418, #3689, #2457, .T. ) ;
#4021 = DIRECTION ( 'NONE',  ( -0.0000000000000000000, 0.4999999999999995004, 0.8660254037844390407 ) ) ;
#4022 = EDGE_CURVE ( 'NONE', #874, #2947, #862, .T. ) ;
#4023 = VECTOR ( 'NONE', #2001, 39.37007874015748143 ) ;
#4024 = ORIENTED_EDGE ( 'NONE', *, *, #714, .T. ) ;
#4025 = ORIENTED_EDGE ( 'NONE', *, *, #2557, .F. ) ;
#4026 = VERTEX_POINT ( 'NONE', #536 ) ;
#4027 = CARTESIAN_POINT ( 'NONE',  ( 8.167549901399086889E-18, 0.1930507854200885776, -0.06669310618445786765 ) ) ;
#4028 = CIRCLE ( 'NONE', #619, 0.005905511811023620231 ) ;
#4029 = DIRECTION ( 'NONE',  ( 0.0000000000000000000, 0.0000000000000000000, -1.000000000000000000 ) ) ;
#4030 = AXIS2_PLACEMENT_3D ( 'NONE', #2320, #1001, #1381 ) ;
#4031 = ORIENTED_EDGE ( 'NONE', *, *, #1526, .F. ) ;
#4032 = DIRECTION ( 'NONE',  ( 0.0000000000000000000, 0.0000000000000000000, -1.000000000000000000 ) ) ;
#4033 = PERSON_AND_ORGANIZATION_ROLE ( 'creator' ) ;
#4034 = ORIENTED_EDGE ( 'NONE', *, *, #1683, .T. ) ;
#4035 = CARTESIAN_POINT ( 'NONE',  ( -0.1181102362204724532, 0.003937007874015747977, 0.04921259842519685318 ) ) ;
#4036 = DIRECTION ( 'NONE',  ( 1.000000000000000000, 0.0000000000000000000, 0.0000000000000000000 ) ) ;
#4037 = ORIENTED_EDGE ( 'NONE', *, *, #2742, .T. ) ;
#4038 = CIRCLE ( 'NONE', #2604, 0.005905511811023620231 ) ;
#4039 = CARTESIAN_POINT ( 'NONE',  ( 0.1240157480314960647, -0.1377952755905511861, 0.08366141732283464971 ) ) ;
#4040 = FACE_OUTER_BOUND ( 'NONE', #3313, .T. ) ;
#4041 = ADVANCED_FACE ( 'NONE', ( #512 ), #2051, .T. ) ;
#4042 = ORIENTED_EDGE ( 'NONE', *, *, #2343, .F. ) ;
#4043 = EDGE_CURVE ( 'NONE', #3147, #101, #1712, .T. ) ;
#4044 = ORIENTED_EDGE ( 'NONE', *, *, #67, .T. ) ;
#4045 = DIRECTION ( 'NONE',  ( 1.000000000000000000, 0.0000000000000000000, 0.0000000000000000000 ) ) ;
#4046 = CARTESIAN_POINT ( 'NONE',  ( -0.1240157480314960647, -0.09578120915254409451, -0.1023622047244094474 ) ) ;
#4047 = LINE ( 'NONE', #420, #2859 ) ;
#4048 = VERTEX_POINT ( 'NONE', #465 ) ;
#4049 = EDGE_CURVE ( 'NONE', #106, #369, #4038, .T. ) ;
#4050 = ORIENTED_EDGE ( 'NONE', *, *, #2365, .F. ) ;
#4051 = LINE ( 'NONE', #3469, #2984 ) ;
#4052 = DIRECTION ( 'NONE',  ( 0.0000000000000000000, 0.0000000000000000000, -1.000000000000000000 ) ) ;
#4053 = ORIENTED_EDGE ( 'NONE', *, *, #2612, .T. ) ;
#4054 = PLANE ( 'NONE',  #3883 ) ;
#4055 = LINE ( 'NONE', #3212, #2247 ) ;
#4056 = CARTESIAN_POINT ( 'NONE',  ( 0.1240157480314960647, -0.09578120915254409451, 0.07480314960629921850 ) ) ;
#4057 = ORIENTED_EDGE ( 'NONE', *, *, #4095, .T. ) ;
#4058 = DIRECTION ( 'NONE',  ( 0.0000000000000000000, 1.000000000000000000, 0.0000000000000000000 ) ) ;
#4059 = DIRECTION ( 'NONE',  ( 0.0000000000000000000, 0.0000000000000000000, -1.000000000000000000 ) ) ;
#4060 = EDGE_LOOP ( 'NONE', ( #1263, #3243, #2613, #2508 ) ) ;
#4061 = DIRECTION ( 'NONE',  ( 1.000000000000000000, 0.0000000000000000000, 0.0000000000000000000 ) ) ;
#4062 = DIRECTION ( 'NONE',  ( -4.063888932435259910E-16, -1.000000000000000000, 0.0000000000000000000 ) ) ;
#4063 = CYLINDRICAL_SURFACE ( 'NONE', #2727, 0.02362204724409448092 ) ;
#4064 = ADVANCED_FACE ( 'NONE', ( #832 ), #2412, .T. ) ;
#4065 = EDGE_CURVE ( 'NONE', #1573, #2822, #2537, .T. ) ;
#4066 = ORIENTED_EDGE ( 'NONE', *, *, #66, .F. ) ;
#4067 = EDGE_LOOP ( 'NONE', ( #3952, #980, #1568, #1743 ) ) ;
#4068 = CARTESIAN_POINT ( 'NONE',  ( -0.1181102362204724532, 0.03543307086614173179, -0.1023622047244094474 ) ) ;
#4069 = DIRECTION ( 'NONE',  ( -1.000000000000000000, 0.0000000000000000000, 0.0000000000000000000 ) ) ;
#4070 = EDGE_CURVE ( 'NONE', #2087, #1727, #3848, .T. ) ;
#4071 = EDGE_LOOP ( 'NONE', ( #1398, #269, #3440, #2715 ) ) ;
#4072 = CARTESIAN_POINT ( 'NONE',  ( 0.08858267716535432601, 0.1496062992125984370, 0.1122047244094488139 ) ) ;
#4073 = ORIENTED_EDGE ( 'NONE', *, *, #1406, .F. ) ;
#4074 = AXIS2_PLACEMENT_3D ( 'NONE', #3818, #897, #640 ) ;
#4075 = EDGE_LOOP ( 'NONE', ( #2366, #110, #3217, #2801 ) ) ;
#4076 = DIRECTION ( 'NONE',  ( 0.0000000000000000000, 1.000000000000000000, 0.0000000000000000000 ) ) ;
#4077 = DIRECTION ( 'NONE',  ( -1.000000000000000000, 0.0000000000000000000, 0.0000000000000000000 ) ) ;
#4078 = DIRECTION ( 'NONE',  ( -1.000000000000000000, 0.0000000000000000000, 0.0000000000000000000 ) ) ;
#4079 = VECTOR ( 'NONE', #4076, 39.37007874015748143 ) ;
#4080 = AXIS2_PLACEMENT_3D ( 'NONE', #3233, #1670, #2980 ) ;
#4081 = AXIS2_PLACEMENT_3D ( 'NONE', #404, #3412, #1701 ) ;
#4082 = ORIENTED_EDGE ( 'NONE', *, *, #385, .T. ) ;
#4083 = DIRECTION ( 'NONE',  ( 0.0000000000000000000, -1.000000000000000000, 0.0000000000000000000 ) ) ;
#4084 = DIRECTION ( 'NONE',  ( 0.0000000000000000000, -1.000000000000000000, 0.0000000000000000000 ) ) ;
#4085 = PLANE ( 'NONE',  #2178 ) ;
#4086 = VECTOR ( 'NONE', #1890, 39.37007874015748143 ) ;
#4087 = AXIS2_PLACEMENT_3D ( 'NONE', #3444, #4084, #505 ) ;
#4088 = ORIENTED_EDGE ( 'NONE', *, *, #4014, .T. ) ;
#4089 = VERTEX_POINT ( 'NONE', #923 ) ;
#4090 = AXIS2_PLACEMENT_3D ( 'NONE', #1332, #2635, #1017 ) ;
#4091 = FACE_OUTER_BOUND ( 'NONE', #1299, .T. ) ;
#4092 = AXIS2_PLACEMENT_3D ( 'NONE', #583, #1873, #4101 ) ;
#4093 = ORIENTED_EDGE ( 'NONE', *, *, #3841, .F. ) ;
#4094 = EDGE_CURVE ( 'NONE', #660, #2123, #1919, .T. ) ;
#4095 = EDGE_CURVE ( 'NONE', #2248, #918, #1235, .T. ) ;
#4096 = LINE ( 'NONE', #2811, #3611 ) ;
#4097 = LINE ( 'NONE', #1913, #3128 ) ;
#4098 = CARTESIAN_POINT ( 'NONE',  ( 0.1181102362204724532, 0.1299212598425196763, 0.1122047244094488277 ) ) ;
#4099 = EDGE_LOOP ( 'NONE', ( #180, #2850, #3617, #383, #3283, #3272, #1529, #226 ) ) ;
#4100 = EDGE_CURVE ( 'NONE', #924, #2165, #1239, .T. ) ;
#4101 = DIRECTION ( 'NONE',  ( 0.0000000000000000000, 0.0000000000000000000, 1.000000000000000000 ) ) ;
#4102 = CARTESIAN_POINT ( 'NONE',  ( 0.0000000000000000000, 0.0000000000000000000, 0.0000000000000000000 ) ) ;
#4103 = AXIS2_PLACEMENT_3D ( 'NONE', #2897, #1029, #1998 ) ;
#4104 = ORIENTED_EDGE ( 'NONE', *, *, #3098, .F. ) ;
#4105 = ORIENTED_EDGE ( 'NONE', *, *, #1385, .T. ) ;
#4106 = DIRECTION ( 'NONE',  ( 1.000000000000000000, 0.0000000000000000000, 0.0000000000000000000 ) ) ;
#4107 = LINE ( 'NONE', #1104, #3254 ) ;
#4108 = EDGE_LOOP ( 'NONE', ( #1959, #3910, #2205, #3032, #2339, #2503, #1067, #1624 ) ) ;
#4109 = ORIENTED_EDGE ( 'NONE', *, *, #891, .T. ) ;
#4110 = CARTESIAN_POINT ( 'NONE',  ( -0.1263219938489248129, -0.04758183636860983945, 0.1023622047244094474 ) ) ;
#4111 = ORIENTED_EDGE ( 'NONE', *, *, #4014, .F. ) ;
#4112 = DIRECTION ( 'NONE',  ( -2.454115839351809943E-16, -1.000000000000000000, 0.0000000000000000000 ) ) ;
#4113 = CARTESIAN_POINT ( 'NONE',  ( -0.08858267716535432601, 0.1377952755905511861, -0.06496062992125983815 ) ) ;
#4114 = DIRECTION ( 'NONE',  ( 2.454115839351809943E-16, -1.000000000000000000, 0.0000000000000000000 ) ) ;
#4115 = EDGE_CURVE ( 'NONE', #1860, #1236, #1191, .T. ) ;
#4116 = ADVANCED_FACE ( 'NONE', ( #3515 ), #515, .F. ) ;
#4117 = VERTEX_POINT ( 'NONE', #242 ) ;
#4118 = VERTEX_POINT ( 'NONE', #4098 ) ;
#4119 = DIRECTION ( 'NONE',  ( -0.0000000000000000000, 1.000000000000000000, 0.0000000000000000000 ) ) ;
#4120 = CARTESIAN_POINT ( 'NONE',  ( 0.1181102362204724532, 0.03543307086614173179, -0.07480314960629921850 ) ) ;
#4121 = EDGE_CURVE ( 'NONE', #1411, #250, #1572, .T. ) ;
#4122 = ORIENTED_EDGE ( 'NONE', *, *, #1297, .F. ) ;
#4123 = DIRECTION ( 'NONE',  ( 1.000000000000000000, 0.0000000000000000000, 0.0000000000000000000 ) ) ;
#4124 = CARTESIAN_POINT ( 'NONE',  ( 0.1318897637795275746, -0.04201406643800709162, 0.1023622047244094474 ) ) ;
#4125 = VERTEX_POINT ( 'NONE', #1512 ) ;
#4126 = ORIENTED_EDGE ( 'NONE', *, *, #1050, .T. ) ;
#4127 = DIRECTION ( 'NONE',  ( 0.0000000000000000000, 0.0000000000000000000, -1.000000000000000000 ) ) ;
#4128 = CARTESIAN_POINT ( 'NONE',  ( 0.1532055652061933004, -0.06332986786467284523, -0.1023622047244094474 ) ) ;
#4129 = CARTESIAN_POINT ( 'NONE',  ( 0.1181102362204724532, 0.03543307086614173179, -0.1023622047244094474 ) ) ;
#4130 = ORIENTED_EDGE ( 'NONE', *, *, #3415, .F. ) ;
#4131 = DIRECTION ( 'NONE',  ( 0.0000000000000000000, -1.000000000000000000, 0.0000000000000000000 ) ) ;
#4132 = CARTESIAN_POINT ( 'NONE',  ( -0.1122047244094488277, 0.1299212598425196763, -0.1181102362204724532 ) ) ;
#4133 = VECTOR ( 'NONE', #3703, 39.37007874015748143 ) ;
#4134 = CARTESIAN_POINT ( 'NONE',  ( -0.1122047244094488277, 0.0000000000000000000, -0.1181102362204724532 ) ) ;
#4135 = ORIENTED_EDGE ( 'NONE', *, *, #3043, .F. ) ;
#4136 = VERTEX_POINT ( 'NONE', #1176 ) ;
#4137 = CARTESIAN_POINT ( 'NONE',  ( 0.1181102362204724532, 0.03543307086614173179, 0.1023622047244094474 ) ) ;
#4138 = AXIS2_PLACEMENT_3D ( 'NONE', #107, #2291, #1975 ) ;
#4139 = VERTEX_POINT ( 'NONE', #2813 ) ;
#4140 = EDGE_CURVE ( 'NONE', #2088, #2947, #3864, .T. ) ;
#4141 = ADVANCED_FACE ( 'NONE', ( #1256 ), #179, .F. ) ;
#4142 = VECTOR ( 'NONE', #2458, 39.37007874015748143 ) ;
#4143 = CARTESIAN_POINT ( 'NONE',  ( -0.1240157480314960647, 0.03543307086614173179, -0.1023622047244094474 ) ) ;
#4144 = CIRCLE ( 'NONE', #112, 0.02362204724409448092 ) ;
#4145 = FACE_BOUND ( 'NONE', #3764, .T. ) ;
#4146 = VECTOR ( 'NONE', #304, 39.37007874015748143 ) ;
#4147 = VECTOR ( 'NONE', #3933, 39.37007874015748143 ) ;
#4148 = VERTEX_POINT ( 'NONE', #268 ) ;
#4149 = ORIENTED_EDGE ( 'NONE', *, *, #4225, .T. ) ;
#4150 = DIRECTION ( 'NONE',  ( 1.000000000000000000, 0.0000000000000000000, 0.0000000000000000000 ) ) ;
#4151 = EDGE_CURVE ( 'NONE', #3182, #3057, #2829, .T. ) ;
#4152 = DIRECTION ( 'NONE',  ( 0.0000000000000000000, 1.000000000000000000, 0.0000000000000000000 ) ) ;
#4153 = VECTOR ( 'NONE', #2615, 39.37007874015748854 ) ;
#4154 = DIRECTION ( 'NONE',  ( 0.7071067811865469066, -0.7071067811865479058, 0.0000000000000000000 ) ) ;
#4155 = VECTOR ( 'NONE', #3046, 39.37007874015748143 ) ;
#4156 = CIRCLE ( 'NONE', #56, 0.007874015748031499423 ) ;
#4157 = ORIENTED_EDGE ( 'NONE', *, *, #639, .T. ) ;
#4158 = DIRECTION ( 'NONE',  ( -1.000000000000000000, 0.0000000000000000000, 0.0000000000000000000 ) ) ;
#4159 = CARTESIAN_POINT ( 'NONE',  ( -0.1318897637795275746, -0.1377952755905511861, -0.09350393700787401619 ) ) ;
#4160 = CARTESIAN_POINT ( 'NONE',  ( -0.1181102362204724532, 0.0000000000000000000, -0.1181102362204724532 ) ) ;
#4161 = CIRCLE ( 'NONE', #3694, 0.02362204724409448092 ) ;
#4162 = LINE ( 'NONE', #2230, #1043 ) ;
#4163 = EDGE_LOOP ( 'NONE', ( #100, #1728, #1645, #784 ) ) ;
#4164 = VERTEX_POINT ( 'NONE', #4134 ) ;
#4165 = CARTESIAN_POINT ( 'NONE',  ( 0.0000000000000000000, 0.1377952755905511861, 0.0000000000000000000 ) ) ;
#4166 = CARTESIAN_POINT ( 'NONE',  ( -8.437527159479795937E-18, 0.1299212598425196763, -0.06889763779527559306 ) ) ;
#4167 = PLANE ( 'NONE',  #1957 ) ;
#4168 = EDGE_LOOP ( 'NONE', ( #3108, #2683, #2118, #1580 ) ) ;
#4169 = DIRECTION ( 'NONE',  ( 0.0000000000000000000, 0.0000000000000000000, 1.000000000000000000 ) ) ;
#4170 = DIRECTION ( 'NONE',  ( 0.0000000000000000000, -1.000000000000000000, 0.0000000000000000000 ) ) ;
#4171 = EDGE_CURVE ( 'NONE', #3357, #4048, #2796, .T. ) ;
#4172 = ADVANCED_FACE ( 'NONE', ( #3800 ), #533, .F. ) ;
#4173 = ORIENTED_EDGE ( 'NONE', *, *, #948, .T. ) ;
#4174 = VERTEX_POINT ( 'NONE', #1208 ) ;
#4175 = LINE ( 'NONE', #1582, #959 ) ;
#4176 = LINE ( 'NONE', #2596, #2228 ) ;
#4177 = DIRECTION ( 'NONE',  ( 0.0000000000000000000, 0.0000000000000000000, 1.000000000000000000 ) ) ;
#4178 = ADVANCED_FACE ( 'NONE', ( #1851 ), #3156, .F. ) ;
#4179 = APPROVAL ( #1980, 'UNSPECIFIED' ) ;
#4180 = VERTEX_POINT ( 'NONE', #903 ) ;
#4181 = CARTESIAN_POINT ( 'NONE',  ( -0.1240157480314960647, -0.09578120915254409451, -0.07480314960629921850 ) ) ;
#4182 = CARTESIAN_POINT ( 'NONE',  ( 0.1240157480314960647, 0.02755905511811023584, -0.07480314960629921850 ) ) ;
#4183 = DIRECTION ( 'NONE',  ( -3.519431053647356462E-16, 0.8660254037844389297, 0.4999999999999994449 ) ) ;
#4184 = CARTESIAN_POINT ( 'NONE',  ( 0.1318897637795275746, -0.04201406643800709162, 0.1023622047244094474 ) ) ;
#4185 = ORIENTED_EDGE ( 'NONE', *, *, #2186, .T. ) ;
#4186 = DIRECTION ( 'NONE',  ( 0.0000000000000000000, 1.000000000000000000, 0.0000000000000000000 ) ) ;
#4187 = CARTESIAN_POINT ( 'NONE',  ( -0.08858267716535432601, 0.1299212598425196763, 0.06496062992125983815 ) ) ;
#4188 = VERTEX_POINT ( 'NONE', #2129 ) ;
#4189 = LINE ( 'NONE', #1262, #1349 ) ;
#4190 = DIRECTION ( 'NONE',  ( 0.0000000000000000000, 0.0000000000000000000, -1.000000000000000000 ) ) ;
#4191 = VERTEX_POINT ( 'NONE', #1544 ) ;
#4192 = VERTEX_POINT ( 'NONE', #222 ) ;
#4193 = DIRECTION ( 'NONE',  ( -0.0000000000000000000, 0.4999999999999995004, 0.8660254037844390407 ) ) ;
#4194 = CARTESIAN_POINT ( 'NONE',  ( -0.1318897637795275746, 0.02755905511811023584, 0.1023622047244094474 ) ) ;
#4195 = EDGE_CURVE ( 'NONE', #3177, #4206, #2194, .T. ) ;
#4196 = LINE ( 'NONE', #262, #2591 ) ;
#4197 = LINE ( 'NONE', #3230, #666 ) ;
#4198 = EDGE_CURVE ( 'NONE', #797, #3384, #4162, .T. ) ;
#4199 = EDGE_CURVE ( 'NONE', #2903, #2326, #74, .T. ) ;
#4200 = CARTESIAN_POINT ( 'NONE',  ( -0.1318897637795275746, -0.1224523058384645591, 0.1023622047244094474 ) ) ;
#4201 = DIRECTION ( 'NONE',  ( 0.0000000000000000000, 0.0000000000000000000, 1.000000000000000000 ) ) ;
#4202 = LINE ( 'NONE', #47, #638 ) ;
#4203 = ORIENTED_EDGE ( 'NONE', *, *, #2866, .T. ) ;
#4204 = CARTESIAN_POINT ( 'NONE',  ( 0.1555118110236220208, -0.06889763779527559306, -0.1023622047244094474 ) ) ;
#4205 = LINE ( 'NONE', #4137, #668 ) ;
#4206 = VERTEX_POINT ( 'NONE', #2577 ) ;
#4207 = DIRECTION ( 'NONE',  ( 0.0000000000000000000, 0.0000000000000000000, 1.000000000000000000 ) ) ;
#4208 = DIRECTION ( 'NONE',  ( 0.0000000000000000000, 1.000000000000000000, 0.0000000000000000000 ) ) ;
#4209 = ORIENTED_EDGE ( 'NONE', *, *, #2131, .T. ) ;
#4210 = VECTOR ( 'NONE', #3539, 39.37007874015748143 ) ;
#4211 = AXIS2_PLACEMENT_3D ( 'NONE', #2486, #1783, #156 ) ;
#4212 = ORIENTED_EDGE ( 'NONE', *, *, #1822, .F. ) ;
#4213 = CYLINDRICAL_SURFACE ( 'NONE', #3403, 0.007874015748031466463 ) ;
#4214 = CARTESIAN_POINT ( 'NONE',  ( 0.1476377952755905387, -0.06889763779527559306, -0.07480314960629921850 ) ) ;
#4215 = AXIS2_PLACEMENT_3D ( 'NONE', #2002, #1985, #3239 ) ;
#4216 = AXIS2_PLACEMENT_3D ( 'NONE', #102, #4083, #2136 ) ;
#4217 = AXIS2_PLACEMENT_3D ( 'NONE', #856, #1867, #3494 ) ;
#4218 = AXIS2_PLACEMENT_3D ( 'NONE', #3633, #2299, #3237 ) ;
#4219 = LINE ( 'NONE', #3905, #1564 ) ;
#4220 = CARTESIAN_POINT ( 'NONE',  ( 0.1240157480314960647, 0.03543307086614173179, 0.1023622047244094474 ) ) ;
#4221 = DIRECTION ( 'NONE',  ( 0.0000000000000000000, 0.0000000000000000000, 1.000000000000000000 ) ) ;
#4222 =( LENGTH_UNIT ( ) NAMED_UNIT ( * ) SI_UNIT ( $, .METRE. ) );
#4223 = VECTOR ( 'NONE', #1311, 39.37007874015748143 ) ;
#4224 = EDGE_CURVE ( 'NONE', #3448, #925, #625, .T. ) ;
#4225 = EDGE_CURVE ( 'NONE', #3448, #2248, #4202, .T. ) ;
#4226 = EDGE_LOOP ( 'NONE', ( #956, #3991, #4044, #1935 ) ) ;
#4227 = VECTOR ( 'NONE', #1628, 39.37007874015748143 ) ;
#4228 = DIRECTION ( 'NONE',  ( 1.000000000000000000, 0.0000000000000000000, 0.0000000000000000000 ) ) ;
#4229 = CARTESIAN_POINT ( 'NONE',  ( -0.08858267716535432601, 0.1299212598425196763, 0.1122047244094488139 ) ) ;
#4230 = FACE_OUTER_BOUND ( 'NONE', #1031, .T. ) ;
#4231 = AXIS2_PLACEMENT_3D ( 'NONE', #2044, #1065, #4052 ) ;
#4232 = EDGE_CURVE ( 'NONE', #3866, #4188, #979, .T. ) ;
#4233 = VERTEX_POINT ( 'NONE', #1952 ) ;
#4234 = CARTESIAN_POINT ( 'NONE',  ( 0.1240157480314960647, 0.03543307086614173179, -0.1023622047244094474 ) ) ;
#4235 = DIRECTION ( 'NONE',  ( 0.0000000000000000000, -1.000000000000000000, 0.0000000000000000000 ) ) ;
#4236 = ORIENTED_EDGE ( 'NONE', *, *, #446, .T. ) ;
#4237 = EDGE_LOOP ( 'NONE', ( #2698, #3928, #2126, #1431 ) ) ;
#4238 = CARTESIAN_POINT ( 'NONE',  ( 0.1318897637795275746, 0.02755905511811023584, -0.1023622047244094474 ) ) ;
#4239 = CARTESIAN_POINT ( 'NONE',  ( 0.1318897637795275746, -0.09578120915254409451, -0.07480314960629921850 ) ) ;
#4240 = LINE ( 'NONE', #3596, #2929 ) ;
#4241 = CARTESIAN_POINT ( 'NONE',  ( 0.08858267716535432601, 0.1299212598425196763, 0.1122047244094488139 ) ) ;
#4242 = CARTESIAN_POINT ( 'NONE',  ( 0.1318897637795275746, -0.09578120915254409451, -0.1023622047244094474 ) ) ;
#4243 = LINE ( 'NONE', #3885, #4146 ) ;
#4244 = DIRECTION ( 'NONE',  ( 0.7071067811865479058, -0.7071067811865469066, 0.0000000000000000000 ) ) ;
ENDSEC;
END-ISO-10303-21;
