ISO-10303-21;
HEADER;
FILE_DESCRIPTION((''),'2;1');
FILE_NAME('C-5650118-1','2010-07-16T',('workeradm'),('Tyco Electronics Ltd.'),
'PRO/ENGINEER BY PARAMETRIC TECHNOLOGY CORPORATION, 2009300',
'PRO/ENGINEER BY PARAMETRIC TECHNOLOGY CORPORATION, 2009300','');
FILE_SCHEMA(('AUTOMOTIVE_DESIGN { 1 0 10303 214 1 1 1 1 }'));
ENDSEC;
DATA;
#1=DRAUGHTING_PRE_DEFINED_COLOUR('black');
#2=COLOUR_RGB('',0.E0,0.E0,3.6E-1);
#3=COLOUR_RGB('',0.E0,0.E0,4.8E-1);
#4=DRAUGHTING_PRE_DEFINED_COLOUR('blue');
#5=COLOUR_RGB('',0.E0,3.6E-1,9.E-2);
#6=COLOUR_RGB('',0.E0,3.6E-1,2.7E-1);
#7=COLOUR_RGB('',0.E0,5.6E-1,6.4E-1);
#8=COLOUR_RGB('',0.E0,5.8E-1,8.E-1);
#9=COLOUR_RGB('',0.E0,7.1E-1,6.6E-1);
#10=COLOUR_RGB('',0.E0,7.13E-1,0.E0);
#11=COLOUR_RGB('',0.E0,9.5E-1,8.4E-1);
#12=DRAUGHTING_PRE_DEFINED_COLOUR('green');
#13=DRAUGHTING_PRE_DEFINED_COLOUR('cyan');
#14=COLOUR_RGB('',4.E-2,0.E0,1.6E-1);
#15=COLOUR_RGB('',9.E-2,0.E0,1.2E-1);
#16=COLOUR_RGB('',1.E-1,0.E0,2.5E-1);
#17=COLOUR_RGB('',1.6E-1,3.2E-2,0.E0);
#18=COLOUR_RGB('',1.6E-1,4.6E-1,6.5E-1);
#19=COLOUR_RGB('',1.6E-1,1.E0,1.6E-1);
#20=COLOUR_RGB('',2.E-1,3.2E-2,0.E0);
#21=COLOUR_RGB('',3.1E-1,3.1E-1,5.6E-1);
#22=COLOUR_RGB('',3.2E-1,1.5E-1,0.E0);
#23=COLOUR_RGB('',4.E-1,4.E-1,4.E-1);
#24=COLOUR_RGB('',4.2E-1,4.2E-1,1.E0);
#25=COLOUR_RGB('',4.4E-1,8.5E-1,1.E0);
#26=COLOUR_RGB('',4.9E-1,4.9E-1,0.E0);
#27=COLOUR_RGB('',4.9E-1,1.E0,0.E0);
#28=COLOUR_RGB('',5.E-1,0.E0,0.E0);
#29=COLOUR_RGB('',5.E-1,0.E0,2.3E-1);
#30=COLOUR_RGB('',5.E-1,5.E-1,5.E-1);
#31=COLOUR_RGB('',5.3E-1,0.E0,0.E0);
#32=COLOUR_RGB('',5.4E-1,0.E0,4.4E-1);
#33=COLOUR_RGB('',5.5E-1,3.E-1,0.E0);
#34=COLOUR_RGB('',5.6E-1,1.E-1,5.E-2);
#35=COLOUR_RGB('',5.8E-1,2.2E-1,1.E-2);
#36=COLOUR_RGB('',6.E-1,6.E-1,6.E-1);
#37=COLOUR_RGB('',6.2E-1,0.E0,5.5E-1);
#38=COLOUR_RGB('',6.4E-1,0.E0,2.5E-1);
#39=COLOUR_RGB('',6.4E-1,1.E-2,0.E0);
#40=COLOUR_RGB('',6.8E-1,7.5E-1,1.E0);
#41=COLOUR_RGB('',7.1E-1,3.1E-1,0.E0);
#42=COLOUR_RGB('',7.2E-1,7.2E-1,7.2E-1);
#43=COLOUR_RGB('',7.4E-1,1.E0,2.6E-1);
#44=COLOUR_RGB('',7.5E-1,3.E-2,0.E0);
#45=COLOUR_RGB('',7.6E-1,0.E0,4.7E-1);
#46=COLOUR_RGB('',8.1E-1,4.E-2,0.E0);
#47=COLOUR_RGB('',8.1E-1,6.1E-1,0.E0);
#48=COLOUR_RGB('',8.2E-1,4.E-2,6.6E-1);
#49=COLOUR_RGB('',8.5E-1,8.5E-1,8.5E-1);
#50=COLOUR_RGB('',8.784E-1,9.49E-1,1.E0);
#51=COLOUR_RGB('',9.E-1,1.E0,0.E0);
#52=COLOUR_RGB('',9.37E-1,7.85E-1,0.E0);
#53=COLOUR_RGB('',9.5E-1,2.2E-1,8.1E-1);
#54=COLOUR_RGB('',9.6E-1,3.7E-1,3.E-1);
#55=COLOUR_RGB('',9.6E-1,7.1E-1,3.75E-1);
#56=DRAUGHTING_PRE_DEFINED_COLOUR('red');
#57=COLOUR_RGB('',1.E0,0.E0,6.1E-1);
#58=COLOUR_RGB('',1.E0,4.E-2,0.E0);
#59=COLOUR_RGB('',1.E0,2.3E-1,0.E0);
#60=COLOUR_RGB('',1.E0,3.5E-1,5.2E-1);
#61=COLOUR_RGB('',1.E0,3.6E-1,0.E0);
#62=COLOUR_RGB('',1.E0,4.9E-1,3.7E-1);
#63=COLOUR_RGB('',1.E0,5.E-1,0.E0);
#64=COLOUR_RGB('',1.E0,5.6E-1,7.8E-1);
#65=COLOUR_RGB('',1.E0,6.4E-1,4.9E-1);
#66=COLOUR_RGB('',1.E0,6.7E-1,0.E0);
#67=COLOUR_RGB('',1.E0,7.6E-1,6.5E-1);
#68=COLOUR_RGB('',1.E0,8.6E-1,4.E-2);
#69=COLOUR_RGB('',1.E0,9.8E-1,7.2E-1);
#70=DRAUGHTING_PRE_DEFINED_COLOUR('yellow');
#71=DRAUGHTING_PRE_DEFINED_COLOUR('white');
#72=DIRECTION('',(0.E0,0.E0,-1.E0));
#73=VECTOR('',#72,7.5E-2);
#74=CARTESIAN_POINT('',(-8.8E-1,1.2E-1,-3.55E-1));
#75=LINE('',#74,#73);
#76=DIRECTION('',(0.E0,0.E0,-1.E0));
#77=VECTOR('',#76,3.5E-1);
#78=CARTESIAN_POINT('',(-8.8E-1,1.54E-1,0.E0));
#79=LINE('',#78,#77);
#80=DIRECTION('',(0.E0,-1.E0,0.E0));
#81=VECTOR('',#80,3.08E-1);
#82=CARTESIAN_POINT('',(-8.8E-1,1.54E-1,0.E0));
#83=LINE('',#82,#81);
#84=DIRECTION('',(0.E0,0.E0,1.E0));
#85=VECTOR('',#84,3.5E-1);
#86=CARTESIAN_POINT('',(-8.8E-1,-1.54E-1,-3.5E-1));
#87=LINE('',#86,#85);
#88=DIRECTION('',(0.E0,0.E0,1.E0));
#89=VECTOR('',#88,7.5E-2);
#90=CARTESIAN_POINT('',(-8.8E-1,-1.2E-1,-4.3E-1));
#91=LINE('',#90,#89);
#92=DIRECTION('',(0.E0,-1.E0,0.E0));
#93=VECTOR('',#92,2.4E-1);
#94=CARTESIAN_POINT('',(-8.8E-1,1.2E-1,-4.3E-1));
#95=LINE('',#94,#93);
#96=CARTESIAN_POINT('',(-8.5E-1,1.2E-1,-3.55E-1));
#97=DIRECTION('',(0.E0,0.E0,1.E0));
#98=DIRECTION('',(0.E0,1.E0,0.E0));
#99=AXIS2_PLACEMENT_3D('',#96,#97,#98);
#101=CARTESIAN_POINT('',(-8.5E-1,1.55E-1,-3.55E-1));
#102=DIRECTION('',(-1.E0,0.E0,0.E0));
#103=DIRECTION('',(0.E0,-1.E0,0.E0));
#104=AXIS2_PLACEMENT_3D('',#101,#102,#103);
#106=CARTESIAN_POINT('',(-8.800000000003E-1,1.380277563714E-1,-3.5E-1));
#107=CARTESIAN_POINT('',(-8.800000000003E-1,1.369837036285E-1,
-3.500000000009E-1));
#108=CARTESIAN_POINT('',(-8.799999999999E-1,1.348310640466E-1,
-3.501715435107E-1));
#109=CARTESIAN_POINT('',(-8.8E-1,1.313949993526E-1,-3.508764692748E-1));
#110=CARTESIAN_POINT('',(-8.8E-1,1.277913988462E-1,-3.519643181028E-1));
#111=CARTESIAN_POINT('',(-8.8E-1,1.240131650528E-1,-3.533630440383E-1));
#112=CARTESIAN_POINT('',(-8.8E-1,1.213652196906E-1,-3.544426513952E-1));
#113=CARTESIAN_POINT('',(-8.8E-1,1.2E-1,-3.55E-1));
#115=DIRECTION('',(-1.E0,-1.464447012306E-12,0.E0));
#116=VECTOR('',#115,1.589999999986E0);
#117=CARTESIAN_POINT('',(7.949999999928E-1,1.639999999769E-1,-3.5E-1));
#118=LINE('',#117,#116);
#119=CARTESIAN_POINT('',(7.95E-1,1.29E-1,-3.5E-1));
#120=DIRECTION('',(0.E0,0.E0,1.E0));
#121=DIRECTION('',(6.694499722206E-1,7.428571428571E-1,0.E0));
#122=AXIS2_PLACEMENT_3D('',#119,#120,#121);
#124=DIRECTION('',(-1.E0,1.175555205217E-9,0.E0));
#125=VECTOR('',#124,3.156925095808E-2);
#126=CARTESIAN_POINT('',(8.499999999858E-1,1.549999999629E-1,-3.5E-1));
#127=LINE('',#126,#125);
#128=CARTESIAN_POINT('',(8.5E-1,1.2E-1,-3.5E-1));
#129=DIRECTION('',(0.E0,0.E0,1.E0));
#130=DIRECTION('',(8.571428571429E-1,5.150787536377E-1,0.E0));
#131=AXIS2_PLACEMENT_3D('',#128,#129,#130);
#133=DIRECTION('',(-9.203060753549E-12,1.E0,0.E0));
#134=VECTOR('',#133,1.597224362598E-2);
#135=CARTESIAN_POINT('',(8.800000000001E-1,1.380277563740E-1,-3.5E-1));
#136=LINE('',#135,#134);
#137=CARTESIAN_POINT('',(8.5E-1,1.54E-1,-3.5E-1));
#138=DIRECTION('',(0.E0,0.E0,-1.E0));
#139=DIRECTION('',(0.E0,1.E0,0.E0));
#140=AXIS2_PLACEMENT_3D('',#137,#138,#139);
#142=CARTESIAN_POINT('',(-8.5E-1,1.54E-1,-3.5E-1));
#143=DIRECTION('',(0.E0,0.E0,-1.E0));
#144=DIRECTION('',(-1.E0,0.E0,0.E0));
#145=AXIS2_PLACEMENT_3D('',#142,#143,#144);
#147=DIRECTION('',(-1.611925822055E-11,-1.E0,0.E0));
#148=VECTOR('',#147,1.597224362858E-2);
#149=CARTESIAN_POINT('',(-8.8E-1,1.54E-1,-3.5E-1));
#150=LINE('',#149,#148);
#151=CARTESIAN_POINT('',(-8.5E-1,1.2E-1,-3.5E-1));
#152=DIRECTION('',(0.E0,0.E0,1.E0));
#153=DIRECTION('',(0.E0,1.E0,0.E0));
#154=AXIS2_PLACEMENT_3D('',#151,#152,#153);
#156=DIRECTION('',(-1.E0,-7.563490286437E-10,0.E0));
#157=VECTOR('',#156,3.156925096394E-2);
#158=CARTESIAN_POINT('',(-8.184307490277E-1,1.55E-1,-3.5E-1));
#159=LINE('',#158,#157);
#160=CARTESIAN_POINT('',(-7.95E-1,1.29E-1,-3.5E-1));
#161=DIRECTION('',(0.E0,0.E0,1.E0));
#162=DIRECTION('',(0.E0,1.E0,0.E0));
#163=AXIS2_PLACEMENT_3D('',#160,#161,#162);
#165=CARTESIAN_POINT('',(7.95E-1,-1.29E-1,-3.5E-1));
#166=DIRECTION('',(0.E0,0.E0,1.E0));
#167=DIRECTION('',(-1.268826313857E-14,-1.E0,0.E0));
#168=AXIS2_PLACEMENT_3D('',#165,#166,#167);
#170=DIRECTION('',(1.E0,1.464429555969E-12,0.E0));
#171=VECTOR('',#170,1.589999999986E0);
#172=CARTESIAN_POINT('',(-7.949999999928E-1,-1.639999999769E-1,-3.5E-1));
#173=LINE('',#172,#171);
#174=CARTESIAN_POINT('',(-7.95E-1,-1.29E-1,-3.5E-1));
#175=DIRECTION('',(0.E0,0.E0,1.E0));
#176=DIRECTION('',(-6.694499722206E-1,-7.428571428571E-1,0.E0));
#177=AXIS2_PLACEMENT_3D('',#174,#175,#176);
#179=DIRECTION('',(1.E0,-1.249528162942E-9,0.E0));
#180=VECTOR('',#179,3.156925095731E-2);
#181=CARTESIAN_POINT('',(-8.499999999850E-1,-1.549999999606E-1,-3.5E-1));
#182=LINE('',#181,#180);
#183=CARTESIAN_POINT('',(-8.5E-1,-1.2E-1,-3.5E-1));
#184=DIRECTION('',(0.E0,0.E0,1.E0));
#185=DIRECTION('',(-8.571428571429E-1,-5.150787536377E-1,0.E0));
#186=AXIS2_PLACEMENT_3D('',#183,#184,#185);
#188=DIRECTION('',(5.719243489326E-11,-1.E0,0.E0));
#189=VECTOR('',#188,1.597224364317E-2);
#190=CARTESIAN_POINT('',(-8.800000000009E-1,-1.380277563568E-1,-3.5E-1));
#191=LINE('',#190,#189);
#192=CARTESIAN_POINT('',(-8.5E-1,-1.54E-1,-3.5E-1));
#193=DIRECTION('',(0.E0,0.E0,-1.E0));
#194=DIRECTION('',(0.E0,-1.E0,0.E0));
#195=AXIS2_PLACEMENT_3D('',#192,#193,#194);
#197=DIRECTION('',(1.E0,0.E0,0.E0));
#198=VECTOR('',#197,1.7E0);
#199=CARTESIAN_POINT('',(-8.5E-1,-1.84E-1,-3.5E-1));
#200=LINE('',#199,#198);
#201=CARTESIAN_POINT('',(8.5E-1,-1.54E-1,-3.5E-1));
#202=DIRECTION('',(0.E0,0.E0,-1.E0));
#203=DIRECTION('',(1.E0,0.E0,0.E0));
#204=AXIS2_PLACEMENT_3D('',#201,#202,#203);
#206=DIRECTION('',(9.307325036949E-12,1.E0,0.E0));
#207=VECTOR('',#206,1.597224362609E-2);
#208=CARTESIAN_POINT('',(8.8E-1,-1.54E-1,-3.5E-1));
#209=LINE('',#208,#207);
#210=CARTESIAN_POINT('',(8.5E-1,-1.2E-1,-3.5E-1));
#211=DIRECTION('',(0.E0,0.E0,1.E0));
#212=DIRECTION('',(0.E0,-1.E0,0.E0));
#213=AXIS2_PLACEMENT_3D('',#210,#211,#212);
#215=DIRECTION('',(1.E0,6.356168831599E-10,0.E0));
#216=VECTOR('',#215,3.156925096564E-2);
#217=CARTESIAN_POINT('',(8.184307490277E-1,-1.55E-1,-3.5E-1));
#218=LINE('',#217,#216);
#219=CARTESIAN_POINT('',(7.95E-1,1.64E-1,-3.55E-1));
#220=DIRECTION('',(-1.E0,0.E0,0.E0));
#221=DIRECTION('',(0.E0,-1.E0,0.E0));
#222=AXIS2_PLACEMENT_3D('',#219,#220,#221);
#224=DIRECTION('',(-1.E0,0.E0,0.E0));
#225=VECTOR('',#224,1.589999999896E0);
#226=CARTESIAN_POINT('',(7.949999999339E-1,1.59E-1,-3.55E-1));
#227=LINE('',#226,#225);
#228=DIRECTION('',(1.487415854972E-10,0.E0,1.E0));
#229=VECTOR('',#228,2.55E-1);
#230=CARTESIAN_POINT('',(-7.95E-1,1.59E-1,-6.1E-1));
#231=LINE('',#230,#229);
#232=DIRECTION('',(1.E0,0.E0,0.E0));
#233=VECTOR('',#232,1.5E0);
#234=CARTESIAN_POINT('',(-7.5E-1,1.59E-1,-5.5E-1));
#235=LINE('',#234,#233);
#236=DIRECTION('',(2.591277954738E-10,0.E0,-1.E0));
#237=VECTOR('',#236,2.55E-1);
#238=CARTESIAN_POINT('',(7.949999999339E-1,1.59E-1,-3.55E-1));
#239=LINE('',#238,#237);
#240=CARTESIAN_POINT('',(-7.95E-1,1.29E-1,-3.55E-1));
#241=DIRECTION('',(0.E0,0.E0,1.E0));
#242=DIRECTION('',(0.E0,1.E0,0.E0));
#243=AXIS2_PLACEMENT_3D('',#240,#241,#242);
#245=DIRECTION('',(0.E0,0.E0,-1.E0));
#246=VECTOR('',#245,7.5E-2);
#247=CARTESIAN_POINT('',(-8.164242852856E-1,1.5E-1,-3.55E-1));
#248=LINE('',#247,#246);
#249=CARTESIAN_POINT('',(-7.95E-1,1.29E-1,-4.3E-1));
#250=DIRECTION('',(0.E0,0.E0,1.E0));
#251=DIRECTION('',(-7.141428428543E-1,7.E-1,0.E0));
#252=AXIS2_PLACEMENT_3D('',#249,#250,#251);
#254=CARTESIAN_POINT('',(-7.95E-1,1.64E-1,-3.55E-1));
#255=DIRECTION('',(-1.E0,0.E0,0.E0));
#256=DIRECTION('',(0.E0,-1.E0,0.E0));
#257=AXIS2_PLACEMENT_3D('',#254,#255,#256);
#259=CARTESIAN_POINT('',(-8.164242852856E-1,1.5E-1,-3.55E-1));
#260=CARTESIAN_POINT('',(-8.164242852856E-1,1.5E-1,-3.543112754168E-1));
#261=CARTESIAN_POINT('',(-8.165460776409E-1,1.502888145644E-1,
-3.529544076832E-1));
#262=CARTESIAN_POINT('',(-8.170262622552E-1,1.514466639267E-1,
-3.513010026292E-1));
#263=CARTESIAN_POINT('',(-8.176960949077E-1,1.531077432209E-1,
-3.502392347174E-1));
#264=CARTESIAN_POINT('',(-8.181882395126E-1,1.543686467126E-1,-3.5E-1));
#265=CARTESIAN_POINT('',(-8.184307490277E-1,1.55E-1,-3.5E-1));
#267=DIRECTION('',(-1.E0,0.E0,0.E0));
#268=VECTOR('',#267,3.357571466892E-2);
#269=CARTESIAN_POINT('',(-8.164242852856E-1,1.5E-1,-3.55E-1));
#270=LINE('',#269,#268);
#271=DIRECTION('',(-6.059996948693E-10,0.E0,-1.E0));
#272=VECTOR('',#271,7.5E-2);
#273=CARTESIAN_POINT('',(-8.499999999545E-1,1.5E-1,-3.55E-1));
#274=LINE('',#273,#272);
#275=DIRECTION('',(1.E0,0.E0,0.E0));
#276=VECTOR('',#275,3.357571471437E-2);
#277=CARTESIAN_POINT('',(-8.5E-1,1.5E-1,-4.3E-1));
#278=LINE('',#277,#276);
#279=DIRECTION('',(0.E0,1.E0,0.E0));
#280=VECTOR('',#279,2.58E-1);
#281=CARTESIAN_POINT('',(-8.25E-1,-1.29E-1,-4.3E-1));
#282=LINE('',#281,#280);
#283=CARTESIAN_POINT('',(-8.5E-1,1.2E-1,-4.3E-1));
#284=DIRECTION('',(0.E0,0.E0,-1.E0));
#285=DIRECTION('',(-1.E0,0.E0,0.E0));
#286=AXIS2_PLACEMENT_3D('',#283,#284,#285);
#288=CARTESIAN_POINT('',(-8.5E-1,-1.2E-1,-4.3E-1));
#289=DIRECTION('',(0.E0,0.E0,-1.E0));
#290=DIRECTION('',(0.E0,-1.E0,0.E0));
#291=AXIS2_PLACEMENT_3D('',#288,#289,#290);
#293=DIRECTION('',(-1.E0,0.E0,0.E0));
#294=VECTOR('',#293,3.357571471437E-2);
#295=CARTESIAN_POINT('',(-8.164242852856E-1,-1.5E-1,-4.3E-1));
#296=LINE('',#295,#294);
#297=DIRECTION('',(9.398393174820E-10,0.E0,1.E0));
#298=VECTOR('',#297,7.5E-2);
#299=CARTESIAN_POINT('',(-8.5E-1,-1.5E-1,-4.3E-1));
#300=LINE('',#299,#298);
#301=DIRECTION('',(1.E0,0.E0,0.E0));
#302=VECTOR('',#301,3.357571464388E-2);
#303=CARTESIAN_POINT('',(-8.499999999295E-1,-1.5E-1,-3.55E-1));
#304=LINE('',#303,#302);
#305=CARTESIAN_POINT('',(-7.95E-1,-1.29E-1,-3.55E-1));
#306=DIRECTION('',(0.E0,0.E0,1.E0));
#307=DIRECTION('',(-7.141428428543E-1,-7.E-1,0.E0));
#308=AXIS2_PLACEMENT_3D('',#305,#306,#307);
#310=CARTESIAN_POINT('',(-7.95E-1,-1.29E-1,-4.3E-1));
#311=DIRECTION('',(0.E0,0.E0,1.E0));
#312=DIRECTION('',(-1.E0,0.E0,0.E0));
#313=AXIS2_PLACEMENT_3D('',#310,#311,#312);
#315=DIRECTION('',(0.E0,0.E0,1.E0));
#316=VECTOR('',#315,7.5E-2);
#317=CARTESIAN_POINT('',(-8.164242852856E-1,-1.5E-1,-4.3E-1));
#318=LINE('',#317,#316);
#319=CARTESIAN_POINT('',(-8.164242852856E-1,-1.5E-1,-3.55E-1));
#320=CARTESIAN_POINT('',(-8.164242852856E-1,-1.5E-1,-3.543112754168E-1));
#321=CARTESIAN_POINT('',(-8.165460776409E-1,-1.502888145644E-1,
-3.529544076832E-1));
#322=CARTESIAN_POINT('',(-8.170262622552E-1,-1.514466639267E-1,
-3.513010026292E-1));
#323=CARTESIAN_POINT('',(-8.176960949077E-1,-1.531077432209E-1,
-3.502392347174E-1));
#324=CARTESIAN_POINT('',(-8.181882395126E-1,-1.543686467126E-1,-3.5E-1));
#325=CARTESIAN_POINT('',(-8.184307490277E-1,-1.55E-1,-3.5E-1));
#327=CARTESIAN_POINT('',(-8.5E-1,-1.55E-1,-3.55E-1));
#328=DIRECTION('',(1.E0,0.E0,0.E0));
#329=DIRECTION('',(0.E0,1.E0,0.E0));
#330=AXIS2_PLACEMENT_3D('',#327,#328,#329);
#332=CARTESIAN_POINT('',(-8.8E-1,-1.2E-1,-3.55E-1));
#333=CARTESIAN_POINT('',(-8.8E-1,-1.213550093922E-1,-3.544468197321E-1));
#334=CARTESIAN_POINT('',(-8.8E-1,-1.239798841054E-1,-3.533763171853E-1));
#335=CARTESIAN_POINT('',(-8.8E-1,-1.277290296563E-1,-3.519872500306E-1));
#336=CARTESIAN_POINT('',(-8.800000000001E-1,-1.312633695650E-1,
-3.509113000006E-1));
#337=CARTESIAN_POINT('',(-8.799999999996E-1,-1.347503399885E-1,
-3.501808796392E-1));
#338=CARTESIAN_POINT('',(-8.800000000009E-1,-1.369507764594E-1,
-3.500000000033E-1));
#339=CARTESIAN_POINT('',(-8.800000000009E-1,-1.380277563568E-1,-3.5E-1));
#341=CARTESIAN_POINT('',(-8.5E-1,-1.2E-1,-3.55E-1));
#342=DIRECTION('',(0.E0,0.E0,1.E0));
#343=DIRECTION('',(-1.E0,0.E0,0.E0));
#344=AXIS2_PLACEMENT_3D('',#341,#342,#343);
#346=CARTESIAN_POINT('',(-7.95E-1,-1.64E-1,-3.55E-1));
#347=DIRECTION('',(1.E0,0.E0,0.E0));
#348=DIRECTION('',(0.E0,1.E0,0.E0));
#349=AXIS2_PLACEMENT_3D('',#346,#347,#348);
#351=DIRECTION('',(1.E0,0.E0,0.E0));
#352=VECTOR('',#351,1.589999999896E0);
#353=CARTESIAN_POINT('',(-7.949999999339E-1,-1.59E-1,-3.55E-1));
#354=LINE('',#353,#352);
#355=DIRECTION('',(-1.487411501156E-10,0.E0,1.E0));
#356=VECTOR('',#355,2.55E-1);
#357=CARTESIAN_POINT('',(7.95E-1,-1.59E-1,-6.1E-1));
#358=LINE('',#357,#356);
#359=DIRECTION('',(1.E0,0.E0,0.E0));
#360=VECTOR('',#359,4.5E-2);
#361=CARTESIAN_POINT('',(7.5E-1,-1.59E-1,-6.1E-1));
#362=LINE('',#361,#360);
#363=DIRECTION('',(1.E0,0.E0,0.E0));
#364=VECTOR('',#363,4.5E-2);
#365=CARTESIAN_POINT('',(-7.95E-1,-1.59E-1,-6.1E-1));
#366=LINE('',#365,#364);
#367=DIRECTION('',(-2.591277954738E-10,0.E0,-1.E0));
#368=VECTOR('',#367,2.55E-1);
#369=CARTESIAN_POINT('',(-7.949999999339E-1,-1.59E-1,-3.55E-1));
#370=LINE('',#369,#368);
#371=CARTESIAN_POINT('',(7.95E-1,-1.29E-1,-3.55E-1));
#372=DIRECTION('',(0.E0,0.E0,1.E0));
#373=DIRECTION('',(0.E0,-1.E0,0.E0));
#374=AXIS2_PLACEMENT_3D('',#371,#372,#373);
#376=DIRECTION('',(0.E0,0.E0,-1.E0));
#377=VECTOR('',#376,7.5E-2);
#378=CARTESIAN_POINT('',(8.164242852856E-1,-1.5E-1,-3.55E-1));
#379=LINE('',#378,#377);
#380=CARTESIAN_POINT('',(7.95E-1,-1.29E-1,-4.3E-1));
#381=DIRECTION('',(0.E0,0.E0,1.E0));
#382=DIRECTION('',(7.141428428543E-1,-7.E-1,0.E0));
#383=AXIS2_PLACEMENT_3D('',#380,#381,#382);
#385=CARTESIAN_POINT('',(7.95E-1,-1.64E-1,-3.55E-1));
#386=DIRECTION('',(1.E0,0.E0,0.E0));
#387=DIRECTION('',(0.E0,1.E0,0.E0));
#388=AXIS2_PLACEMENT_3D('',#385,#386,#387);
#390=CARTESIAN_POINT('',(8.164242852856E-1,-1.5E-1,-3.55E-1));
#391=CARTESIAN_POINT('',(8.164242852856E-1,-1.5E-1,-3.543112754168E-1));
#392=CARTESIAN_POINT('',(8.165460776409E-1,-1.502888145644E-1,
-3.529544076832E-1));
#393=CARTESIAN_POINT('',(8.170262622552E-1,-1.514466639267E-1,
-3.513010026292E-1));
#394=CARTESIAN_POINT('',(8.176960949077E-1,-1.531077432209E-1,
-3.502392347174E-1));
#395=CARTESIAN_POINT('',(8.181882395126E-1,-1.543686467126E-1,-3.5E-1));
#396=CARTESIAN_POINT('',(8.184307490277E-1,-1.55E-1,-3.5E-1));
#398=CARTESIAN_POINT('',(8.5E-1,-1.55E-1,-3.55E-1));
#399=DIRECTION('',(1.E0,0.E0,0.E0));
#400=DIRECTION('',(0.E0,1.E0,0.E0));
#401=AXIS2_PLACEMENT_3D('',#398,#399,#400);
#403=CARTESIAN_POINT('',(8.800000000001E-1,-1.380277563739E-1,-3.5E-1));
#404=CARTESIAN_POINT('',(8.800000000001E-1,-1.369837036310E-1,
-3.500000000005E-1));
#405=CARTESIAN_POINT('',(8.799999999999E-1,-1.348310640453E-1,
-3.501715435109E-1));
#406=CARTESIAN_POINT('',(8.8E-1,-1.313949993527E-1,-3.508764692748E-1));
#407=CARTESIAN_POINT('',(8.8E-1,-1.277913988459E-1,-3.519643181029E-1));
#408=CARTESIAN_POINT('',(8.8E-1,-1.240131650527E-1,-3.533630440383E-1));
#409=CARTESIAN_POINT('',(8.8E-1,-1.213652196905E-1,-3.544426513952E-1));
#410=CARTESIAN_POINT('',(8.8E-1,-1.2E-1,-3.55E-1));
#412=CARTESIAN_POINT('',(8.5E-1,-1.2E-1,-3.55E-1));
#413=DIRECTION('',(0.E0,0.E0,1.E0));
#414=DIRECTION('',(0.E0,-1.E0,0.E0));
#415=AXIS2_PLACEMENT_3D('',#412,#413,#414);
#417=DIRECTION('',(0.E0,0.E0,1.E0));
#418=VECTOR('',#417,7.5E-2);
#419=CARTESIAN_POINT('',(8.8E-1,1.2E-1,-4.3E-1));
#420=LINE('',#419,#418);
#421=DIRECTION('',(0.E0,-1.E0,0.E0));
#422=VECTOR('',#421,2.4E-1);
#423=CARTESIAN_POINT('',(8.8E-1,1.2E-1,-4.3E-1));
#424=LINE('',#423,#422);
#425=DIRECTION('',(0.E0,0.E0,-1.E0));
#426=VECTOR('',#425,7.5E-2);
#427=CARTESIAN_POINT('',(8.8E-1,-1.2E-1,-3.55E-1));
#428=LINE('',#427,#426);
#429=DIRECTION('',(0.E0,0.E0,-1.E0));
#430=VECTOR('',#429,3.5E-1);
#431=CARTESIAN_POINT('',(8.8E-1,-1.54E-1,0.E0));
#432=LINE('',#431,#430);
#433=DIRECTION('',(0.E0,-1.E0,0.E0));
#434=VECTOR('',#433,3.08E-1);
#435=CARTESIAN_POINT('',(8.8E-1,1.54E-1,0.E0));
#436=LINE('',#435,#434);
#437=DIRECTION('',(0.E0,0.E0,1.E0));
#438=VECTOR('',#437,3.5E-1);
#439=CARTESIAN_POINT('',(8.8E-1,1.54E-1,-3.5E-1));
#440=LINE('',#439,#438);
#441=CARTESIAN_POINT('',(8.8E-1,1.2E-1,-3.55E-1));
#442=CARTESIAN_POINT('',(8.8E-1,1.213550093922E-1,-3.544468197321E-1));
#443=CARTESIAN_POINT('',(8.8E-1,1.239798841056E-1,-3.533763171853E-1));
#444=CARTESIAN_POINT('',(8.8E-1,1.277290296557E-1,-3.519872500307E-1));
#445=CARTESIAN_POINT('',(8.8E-1,1.312633695671E-1,-3.509113000003E-1));
#446=CARTESIAN_POINT('',(8.799999999999E-1,1.347503399805E-1,
-3.501808796405E-1));
#447=CARTESIAN_POINT('',(8.800000000001E-1,1.369507764766E-1,
-3.500000000005E-1));
#448=CARTESIAN_POINT('',(8.800000000001E-1,1.380277563740E-1,-3.5E-1));
#450=CARTESIAN_POINT('',(8.5E-1,1.55E-1,-3.55E-1));
#451=DIRECTION('',(-1.E0,0.E0,0.E0));
#452=DIRECTION('',(0.E0,-1.E0,0.E0));
#453=AXIS2_PLACEMENT_3D('',#450,#451,#452);
#455=CARTESIAN_POINT('',(8.164242852856E-1,1.5E-1,-3.55E-1));
#456=CARTESIAN_POINT('',(8.164242852856E-1,1.5E-1,-3.543112754168E-1));
#457=CARTESIAN_POINT('',(8.165460776409E-1,1.502888145644E-1,
-3.529544076832E-1));
#458=CARTESIAN_POINT('',(8.170262622552E-1,1.514466639267E-1,
-3.513010026292E-1));
#459=CARTESIAN_POINT('',(8.176960949077E-1,1.531077432209E-1,
-3.502392347174E-1));
#460=CARTESIAN_POINT('',(8.181882395126E-1,1.543686467126E-1,-3.5E-1));
#461=CARTESIAN_POINT('',(8.184307490277E-1,1.55E-1,-3.5E-1));
#463=DIRECTION('',(1.E0,0.E0,0.E0));
#464=VECTOR('',#463,3.357571471437E-2);
#465=CARTESIAN_POINT('',(8.164242852856E-1,1.5E-1,-4.3E-1));
#466=LINE('',#465,#464);
#467=DIRECTION('',(-8.792551871769E-10,0.E0,1.E0));
#468=VECTOR('',#467,7.5E-2);
#469=CARTESIAN_POINT('',(8.5E-1,1.5E-1,-4.3E-1));
#470=LINE('',#469,#468);
#471=DIRECTION('',(-1.E0,0.E0,0.E0));
#472=VECTOR('',#471,3.357571464843E-2);
#473=CARTESIAN_POINT('',(8.499999999341E-1,1.5E-1,-3.55E-1));
#474=LINE('',#473,#472);
#475=CARTESIAN_POINT('',(7.95E-1,1.29E-1,-3.55E-1));
#476=DIRECTION('',(0.E0,0.E0,1.E0));
#477=DIRECTION('',(7.141428428543E-1,7.E-1,0.E0));
#478=AXIS2_PLACEMENT_3D('',#475,#476,#477);
#480=CARTESIAN_POINT('',(7.95E-1,1.29E-1,-4.3E-1));
#481=DIRECTION('',(0.E0,0.E0,1.E0));
#482=DIRECTION('',(1.E0,0.E0,0.E0));
#483=AXIS2_PLACEMENT_3D('',#480,#481,#482);
#485=DIRECTION('',(0.E0,0.E0,1.E0));
#486=VECTOR('',#485,7.5E-2);
#487=CARTESIAN_POINT('',(8.164242852856E-1,1.5E-1,-4.3E-1));
#488=LINE('',#487,#486);
#489=CARTESIAN_POINT('',(7.95E-1,1.29E-1,-6.1E-1));
#490=DIRECTION('',(0.E0,0.E0,-1.E0));
#491=DIRECTION('',(-1.110223024625E-14,1.E0,0.E0));
#492=AXIS2_PLACEMENT_3D('',#489,#490,#491);
#494=DIRECTION('',(-1.E0,0.E0,0.E0));
#495=VECTOR('',#494,4.5E-2);
#496=CARTESIAN_POINT('',(7.95E-1,1.59E-1,-6.1E-1));
#497=LINE('',#496,#495);
#498=DIRECTION('',(0.E0,-1.E0,0.E0));
#499=VECTOR('',#498,8.934340251121E-2);
#500=CARTESIAN_POINT('',(7.5E-1,1.59E-1,-5.5E-1));
#501=LINE('',#500,#499);
#502=DIRECTION('',(0.E0,-3.420201433257E-1,9.396926207859E-1));
#503=VECTOR('',#502,4.634547789331E-2);
#504=CARTESIAN_POINT('',(7.5E-1,1.09E-1,-6.1E-1));
#505=LINE('',#504,#503);
#506=DIRECTION('',(0.E0,1.E0,0.E0));
#507=VECTOR('',#506,5.E-2);
#508=CARTESIAN_POINT('',(7.5E-1,1.09E-1,-6.1E-1));
#509=LINE('',#508,#507);
#510=DIRECTION('',(0.E0,0.E0,-1.E0));
#511=VECTOR('',#510,6.E-2);
#512=CARTESIAN_POINT('',(7.5E-1,1.59E-1,-5.5E-1));
#513=LINE('',#512,#511);
#514=DIRECTION('',(0.E0,-3.420201433257E-1,-9.396926207859E-1));
#515=VECTOR('',#514,4.634547789331E-2);
#516=CARTESIAN_POINT('',(7.5E-1,-9.314891300843E-2,-5.664494964169E-1));
#517=LINE('',#516,#515);
#518=DIRECTION('',(0.E0,-1.E0,0.E0));
#519=VECTOR('',#518,8.934340251121E-2);
#520=CARTESIAN_POINT('',(7.5E-1,-6.965659748879E-2,-5.5E-1));
#521=LINE('',#520,#519);
#522=DIRECTION('',(0.E0,0.E0,1.E0));
#523=VECTOR('',#522,6.E-2);
#524=CARTESIAN_POINT('',(7.5E-1,-1.59E-1,-6.1E-1));
#525=LINE('',#524,#523);
#526=DIRECTION('',(0.E0,1.E0,0.E0));
#527=VECTOR('',#526,5.E-2);
#528=CARTESIAN_POINT('',(7.5E-1,-1.59E-1,-6.1E-1));
#529=LINE('',#528,#527);
#530=DIRECTION('',(-1.E0,0.E0,0.E0));
#531=VECTOR('',#530,7.5E-2);
#532=CARTESIAN_POINT('',(8.25E-1,6.965659748879E-2,-5.5E-1));
#533=LINE('',#532,#531);
#534=DIRECTION('',(-1.E0,0.E0,0.E0));
#535=VECTOR('',#534,7.5E-2);
#536=CARTESIAN_POINT('',(-7.5E-1,6.965659748879E-2,-5.5E-1));
#537=LINE('',#536,#535);
#538=DIRECTION('',(0.E0,1.E0,0.E0));
#539=VECTOR('',#538,1.393131949776E-1);
#540=CARTESIAN_POINT('',(-8.25E-1,-6.965659748879E-2,-5.5E-1));
#541=LINE('',#540,#539);
#542=DIRECTION('',(1.E0,0.E0,0.E0));
#543=VECTOR('',#542,7.5E-2);
#544=CARTESIAN_POINT('',(-8.25E-1,-6.965659748879E-2,-5.5E-1));
#545=LINE('',#544,#543);
#546=DIRECTION('',(1.E0,0.E0,0.E0));
#547=VECTOR('',#546,1.5E0);
#548=CARTESIAN_POINT('',(-7.5E-1,-1.59E-1,-5.5E-1));
#549=LINE('',#548,#547);
#550=DIRECTION('',(1.E0,0.E0,0.E0));
#551=VECTOR('',#550,7.5E-2);
#552=CARTESIAN_POINT('',(7.5E-1,-6.965659748879E-2,-5.5E-1));
#553=LINE('',#552,#551);
#554=DIRECTION('',(0.E0,1.E0,0.E0));
#555=VECTOR('',#554,1.393131949776E-1);
#556=CARTESIAN_POINT('',(8.25E-1,-6.965659748879E-2,-5.5E-1));
#557=LINE('',#556,#555);
#558=DIRECTION('',(0.E0,1.E0,0.E0));
#559=VECTOR('',#558,2.5E-2);
#560=CARTESIAN_POINT('',(-6.875E-1,-1.125E-1,-5.5E-1));
#561=LINE('',#560,#559);
#562=DIRECTION('',(-1.E0,0.E0,0.E0));
#563=VECTOR('',#562,2.5E-2);
#564=CARTESIAN_POINT('',(-6.875E-1,-1.125E-1,-5.5E-1));
#565=LINE('',#564,#563);
#566=DIRECTION('',(0.E0,1.E0,0.E0));
#567=VECTOR('',#566,2.5E-2);
#568=CARTESIAN_POINT('',(-7.125E-1,-1.125E-1,-5.5E-1));
#569=LINE('',#568,#567);
#570=DIRECTION('',(-1.E0,0.E0,0.E0));
#571=VECTOR('',#570,2.5E-2);
#572=CARTESIAN_POINT('',(-6.875E-1,-8.75E-2,-5.5E-1));
#573=LINE('',#572,#571);
#574=DIRECTION('',(0.E0,1.E0,0.E0));
#575=VECTOR('',#574,2.5E-2);
#576=CARTESIAN_POINT('',(-6.875E-1,8.75E-2,-5.5E-1));
#577=LINE('',#576,#575);
#578=DIRECTION('',(-1.E0,0.E0,0.E0));
#579=VECTOR('',#578,2.5E-2);
#580=CARTESIAN_POINT('',(-6.875E-1,8.75E-2,-5.5E-1));
#581=LINE('',#580,#579);
#582=DIRECTION('',(0.E0,1.E0,0.E0));
#583=VECTOR('',#582,2.5E-2);
#584=CARTESIAN_POINT('',(-7.125E-1,8.75E-2,-5.5E-1));
#585=LINE('',#584,#583);
#586=DIRECTION('',(-1.E0,0.E0,0.E0));
#587=VECTOR('',#586,2.5E-2);
#588=CARTESIAN_POINT('',(-6.875E-1,1.125E-1,-5.5E-1));
#589=LINE('',#588,#587);
#590=DIRECTION('',(0.E0,1.E0,0.E0));
#591=VECTOR('',#590,2.5E-2);
#592=CARTESIAN_POINT('',(-5.875E-1,-1.125E-1,-5.5E-1));
#593=LINE('',#592,#591);
#594=DIRECTION('',(-1.E0,0.E0,0.E0));
#595=VECTOR('',#594,2.5E-2);
#596=CARTESIAN_POINT('',(-5.875E-1,-1.125E-1,-5.5E-1));
#597=LINE('',#596,#595);
#598=DIRECTION('',(0.E0,1.E0,0.E0));
#599=VECTOR('',#598,2.5E-2);
#600=CARTESIAN_POINT('',(-6.125E-1,-1.125E-1,-5.5E-1));
#601=LINE('',#600,#599);
#602=DIRECTION('',(-1.E0,0.E0,0.E0));
#603=VECTOR('',#602,2.5E-2);
#604=CARTESIAN_POINT('',(-5.875E-1,-8.75E-2,-5.5E-1));
#605=LINE('',#604,#603);
#606=DIRECTION('',(0.E0,1.E0,0.E0));
#607=VECTOR('',#606,2.5E-2);
#608=CARTESIAN_POINT('',(-5.875E-1,8.75E-2,-5.5E-1));
#609=LINE('',#608,#607);
#610=DIRECTION('',(-1.E0,0.E0,0.E0));
#611=VECTOR('',#610,2.5E-2);
#612=CARTESIAN_POINT('',(-5.875E-1,8.75E-2,-5.5E-1));
#613=LINE('',#612,#611);
#614=DIRECTION('',(0.E0,1.E0,0.E0));
#615=VECTOR('',#614,2.5E-2);
#616=CARTESIAN_POINT('',(-6.125E-1,8.75E-2,-5.5E-1));
#617=LINE('',#616,#615);
#618=DIRECTION('',(-1.E0,0.E0,0.E0));
#619=VECTOR('',#618,2.5E-2);
#620=CARTESIAN_POINT('',(-5.875E-1,1.125E-1,-5.5E-1));
#621=LINE('',#620,#619);
#622=DIRECTION('',(0.E0,1.E0,0.E0));
#623=VECTOR('',#622,2.5E-2);
#624=CARTESIAN_POINT('',(-4.875E-1,-1.125E-1,-5.5E-1));
#625=LINE('',#624,#623);
#626=DIRECTION('',(-1.E0,0.E0,0.E0));
#627=VECTOR('',#626,2.5E-2);
#628=CARTESIAN_POINT('',(-4.875E-1,-1.125E-1,-5.5E-1));
#629=LINE('',#628,#627);
#630=DIRECTION('',(0.E0,1.E0,0.E0));
#631=VECTOR('',#630,2.5E-2);
#632=CARTESIAN_POINT('',(-5.125E-1,-1.125E-1,-5.5E-1));
#633=LINE('',#632,#631);
#634=DIRECTION('',(-1.E0,0.E0,0.E0));
#635=VECTOR('',#634,2.5E-2);
#636=CARTESIAN_POINT('',(-4.875E-1,-8.75E-2,-5.5E-1));
#637=LINE('',#636,#635);
#638=DIRECTION('',(0.E0,1.E0,0.E0));
#639=VECTOR('',#638,2.5E-2);
#640=CARTESIAN_POINT('',(-4.875E-1,8.75E-2,-5.5E-1));
#641=LINE('',#640,#639);
#642=DIRECTION('',(-1.E0,0.E0,0.E0));
#643=VECTOR('',#642,2.5E-2);
#644=CARTESIAN_POINT('',(-4.875E-1,8.75E-2,-5.5E-1));
#645=LINE('',#644,#643);
#646=DIRECTION('',(0.E0,1.E0,0.E0));
#647=VECTOR('',#646,2.5E-2);
#648=CARTESIAN_POINT('',(-5.125E-1,8.75E-2,-5.5E-1));
#649=LINE('',#648,#647);
#650=DIRECTION('',(-1.E0,0.E0,0.E0));
#651=VECTOR('',#650,2.5E-2);
#652=CARTESIAN_POINT('',(-4.875E-1,1.125E-1,-5.5E-1));
#653=LINE('',#652,#651);
#654=DIRECTION('',(0.E0,1.E0,0.E0));
#655=VECTOR('',#654,2.5E-2);
#656=CARTESIAN_POINT('',(-3.875E-1,-1.125E-1,-5.5E-1));
#657=LINE('',#656,#655);
#658=DIRECTION('',(-1.E0,0.E0,0.E0));
#659=VECTOR('',#658,2.5E-2);
#660=CARTESIAN_POINT('',(-3.875E-1,-1.125E-1,-5.5E-1));
#661=LINE('',#660,#659);
#662=DIRECTION('',(0.E0,1.E0,0.E0));
#663=VECTOR('',#662,2.5E-2);
#664=CARTESIAN_POINT('',(-4.125E-1,-1.125E-1,-5.5E-1));
#665=LINE('',#664,#663);
#666=DIRECTION('',(-1.E0,0.E0,0.E0));
#667=VECTOR('',#666,2.5E-2);
#668=CARTESIAN_POINT('',(-3.875E-1,-8.75E-2,-5.5E-1));
#669=LINE('',#668,#667);
#670=DIRECTION('',(0.E0,1.E0,0.E0));
#671=VECTOR('',#670,2.5E-2);
#672=CARTESIAN_POINT('',(-3.875E-1,8.75E-2,-5.5E-1));
#673=LINE('',#672,#671);
#674=DIRECTION('',(-1.E0,0.E0,0.E0));
#675=VECTOR('',#674,2.5E-2);
#676=CARTESIAN_POINT('',(-3.875E-1,8.75E-2,-5.5E-1));
#677=LINE('',#676,#675);
#678=DIRECTION('',(0.E0,1.E0,0.E0));
#679=VECTOR('',#678,2.5E-2);
#680=CARTESIAN_POINT('',(-4.125E-1,8.75E-2,-5.5E-1));
#681=LINE('',#680,#679);
#682=DIRECTION('',(-1.E0,0.E0,0.E0));
#683=VECTOR('',#682,2.5E-2);
#684=CARTESIAN_POINT('',(-3.875E-1,1.125E-1,-5.5E-1));
#685=LINE('',#684,#683);
#686=DIRECTION('',(0.E0,1.E0,0.E0));
#687=VECTOR('',#686,2.5E-2);
#688=CARTESIAN_POINT('',(-2.875E-1,-1.125E-1,-5.5E-1));
#689=LINE('',#688,#687);
#690=DIRECTION('',(-1.E0,0.E0,0.E0));
#691=VECTOR('',#690,2.5E-2);
#692=CARTESIAN_POINT('',(-2.875E-1,-1.125E-1,-5.5E-1));
#693=LINE('',#692,#691);
#694=DIRECTION('',(0.E0,1.E0,0.E0));
#695=VECTOR('',#694,2.5E-2);
#696=CARTESIAN_POINT('',(-3.125E-1,-1.125E-1,-5.5E-1));
#697=LINE('',#696,#695);
#698=DIRECTION('',(-1.E0,0.E0,0.E0));
#699=VECTOR('',#698,2.5E-2);
#700=CARTESIAN_POINT('',(-2.875E-1,-8.75E-2,-5.5E-1));
#701=LINE('',#700,#699);
#702=DIRECTION('',(0.E0,1.E0,0.E0));
#703=VECTOR('',#702,2.5E-2);
#704=CARTESIAN_POINT('',(-2.875E-1,8.75E-2,-5.5E-1));
#705=LINE('',#704,#703);
#706=DIRECTION('',(-1.E0,0.E0,0.E0));
#707=VECTOR('',#706,2.5E-2);
#708=CARTESIAN_POINT('',(-2.875E-1,8.75E-2,-5.5E-1));
#709=LINE('',#708,#707);
#710=DIRECTION('',(0.E0,1.E0,0.E0));
#711=VECTOR('',#710,2.5E-2);
#712=CARTESIAN_POINT('',(-3.125E-1,8.75E-2,-5.5E-1));
#713=LINE('',#712,#711);
#714=DIRECTION('',(-1.E0,0.E0,0.E0));
#715=VECTOR('',#714,2.5E-2);
#716=CARTESIAN_POINT('',(-2.875E-1,1.125E-1,-5.5E-1));
#717=LINE('',#716,#715);
#718=DIRECTION('',(0.E0,1.E0,0.E0));
#719=VECTOR('',#718,2.5E-2);
#720=CARTESIAN_POINT('',(-1.875E-1,-1.125E-1,-5.5E-1));
#721=LINE('',#720,#719);
#722=DIRECTION('',(-1.E0,0.E0,0.E0));
#723=VECTOR('',#722,2.5E-2);
#724=CARTESIAN_POINT('',(-1.875E-1,-1.125E-1,-5.5E-1));
#725=LINE('',#724,#723);
#726=DIRECTION('',(0.E0,1.E0,0.E0));
#727=VECTOR('',#726,2.5E-2);
#728=CARTESIAN_POINT('',(-2.125E-1,-1.125E-1,-5.5E-1));
#729=LINE('',#728,#727);
#730=DIRECTION('',(-1.E0,0.E0,0.E0));
#731=VECTOR('',#730,2.5E-2);
#732=CARTESIAN_POINT('',(-1.875E-1,-8.75E-2,-5.5E-1));
#733=LINE('',#732,#731);
#734=DIRECTION('',(0.E0,1.E0,0.E0));
#735=VECTOR('',#734,2.5E-2);
#736=CARTESIAN_POINT('',(-1.875E-1,8.75E-2,-5.5E-1));
#737=LINE('',#736,#735);
#738=DIRECTION('',(-1.E0,0.E0,0.E0));
#739=VECTOR('',#738,2.5E-2);
#740=CARTESIAN_POINT('',(-1.875E-1,8.75E-2,-5.5E-1));
#741=LINE('',#740,#739);
#742=DIRECTION('',(0.E0,1.E0,0.E0));
#743=VECTOR('',#742,2.5E-2);
#744=CARTESIAN_POINT('',(-2.125E-1,8.75E-2,-5.5E-1));
#745=LINE('',#744,#743);
#746=DIRECTION('',(-1.E0,0.E0,0.E0));
#747=VECTOR('',#746,2.5E-2);
#748=CARTESIAN_POINT('',(-1.875E-1,1.125E-1,-5.5E-1));
#749=LINE('',#748,#747);
#750=DIRECTION('',(0.E0,1.E0,0.E0));
#751=VECTOR('',#750,2.5E-2);
#752=CARTESIAN_POINT('',(-8.75E-2,-1.125E-1,-5.5E-1));
#753=LINE('',#752,#751);
#754=DIRECTION('',(-1.E0,0.E0,0.E0));
#755=VECTOR('',#754,2.5E-2);
#756=CARTESIAN_POINT('',(-8.75E-2,-1.125E-1,-5.5E-1));
#757=LINE('',#756,#755);
#758=DIRECTION('',(0.E0,1.E0,0.E0));
#759=VECTOR('',#758,2.5E-2);
#760=CARTESIAN_POINT('',(-1.125E-1,-1.125E-1,-5.5E-1));
#761=LINE('',#760,#759);
#762=DIRECTION('',(-1.E0,0.E0,0.E0));
#763=VECTOR('',#762,2.5E-2);
#764=CARTESIAN_POINT('',(-8.75E-2,-8.75E-2,-5.5E-1));
#765=LINE('',#764,#763);
#766=DIRECTION('',(0.E0,1.E0,0.E0));
#767=VECTOR('',#766,2.5E-2);
#768=CARTESIAN_POINT('',(-8.75E-2,8.75E-2,-5.5E-1));
#769=LINE('',#768,#767);
#770=DIRECTION('',(-1.E0,0.E0,0.E0));
#771=VECTOR('',#770,2.5E-2);
#772=CARTESIAN_POINT('',(-8.75E-2,8.75E-2,-5.5E-1));
#773=LINE('',#772,#771);
#774=DIRECTION('',(0.E0,1.E0,0.E0));
#775=VECTOR('',#774,2.5E-2);
#776=CARTESIAN_POINT('',(-1.125E-1,8.75E-2,-5.5E-1));
#777=LINE('',#776,#775);
#778=DIRECTION('',(-1.E0,0.E0,0.E0));
#779=VECTOR('',#778,2.5E-2);
#780=CARTESIAN_POINT('',(-8.75E-2,1.125E-1,-5.5E-1));
#781=LINE('',#780,#779);
#782=DIRECTION('',(0.E0,1.E0,0.E0));
#783=VECTOR('',#782,2.5E-2);
#784=CARTESIAN_POINT('',(1.25E-2,-1.125E-1,-5.5E-1));
#785=LINE('',#784,#783);
#786=DIRECTION('',(-1.E0,0.E0,0.E0));
#787=VECTOR('',#786,2.5E-2);
#788=CARTESIAN_POINT('',(1.25E-2,-1.125E-1,-5.5E-1));
#789=LINE('',#788,#787);
#790=DIRECTION('',(0.E0,1.E0,0.E0));
#791=VECTOR('',#790,2.5E-2);
#792=CARTESIAN_POINT('',(-1.25E-2,-1.125E-1,-5.5E-1));
#793=LINE('',#792,#791);
#794=DIRECTION('',(-1.E0,0.E0,0.E0));
#795=VECTOR('',#794,2.5E-2);
#796=CARTESIAN_POINT('',(1.25E-2,-8.75E-2,-5.5E-1));
#797=LINE('',#796,#795);
#798=DIRECTION('',(0.E0,1.E0,0.E0));
#799=VECTOR('',#798,2.5E-2);
#800=CARTESIAN_POINT('',(1.25E-2,8.75E-2,-5.5E-1));
#801=LINE('',#800,#799);
#802=DIRECTION('',(-1.E0,0.E0,0.E0));
#803=VECTOR('',#802,2.5E-2);
#804=CARTESIAN_POINT('',(1.25E-2,8.75E-2,-5.5E-1));
#805=LINE('',#804,#803);
#806=DIRECTION('',(0.E0,1.E0,0.E0));
#807=VECTOR('',#806,2.5E-2);
#808=CARTESIAN_POINT('',(-1.25E-2,8.75E-2,-5.5E-1));
#809=LINE('',#808,#807);
#810=DIRECTION('',(-1.E0,0.E0,0.E0));
#811=VECTOR('',#810,2.5E-2);
#812=CARTESIAN_POINT('',(1.25E-2,1.125E-1,-5.5E-1));
#813=LINE('',#812,#811);
#814=DIRECTION('',(0.E0,1.E0,0.E0));
#815=VECTOR('',#814,2.5E-2);
#816=CARTESIAN_POINT('',(1.125E-1,-1.125E-1,-5.5E-1));
#817=LINE('',#816,#815);
#818=DIRECTION('',(-1.E0,0.E0,0.E0));
#819=VECTOR('',#818,2.5E-2);
#820=CARTESIAN_POINT('',(1.125E-1,-1.125E-1,-5.5E-1));
#821=LINE('',#820,#819);
#822=DIRECTION('',(0.E0,1.E0,0.E0));
#823=VECTOR('',#822,2.5E-2);
#824=CARTESIAN_POINT('',(8.75E-2,-1.125E-1,-5.5E-1));
#825=LINE('',#824,#823);
#826=DIRECTION('',(-1.E0,0.E0,0.E0));
#827=VECTOR('',#826,2.5E-2);
#828=CARTESIAN_POINT('',(1.125E-1,-8.75E-2,-5.5E-1));
#829=LINE('',#828,#827);
#830=DIRECTION('',(0.E0,1.E0,0.E0));
#831=VECTOR('',#830,2.5E-2);
#832=CARTESIAN_POINT('',(1.125E-1,8.75E-2,-5.5E-1));
#833=LINE('',#832,#831);
#834=DIRECTION('',(-1.E0,0.E0,0.E0));
#835=VECTOR('',#834,2.5E-2);
#836=CARTESIAN_POINT('',(1.125E-1,8.75E-2,-5.5E-1));
#837=LINE('',#836,#835);
#838=DIRECTION('',(0.E0,1.E0,0.E0));
#839=VECTOR('',#838,2.5E-2);
#840=CARTESIAN_POINT('',(8.75E-2,8.75E-2,-5.5E-1));
#841=LINE('',#840,#839);
#842=DIRECTION('',(-1.E0,0.E0,0.E0));
#843=VECTOR('',#842,2.5E-2);
#844=CARTESIAN_POINT('',(1.125E-1,1.125E-1,-5.5E-1));
#845=LINE('',#844,#843);
#846=DIRECTION('',(0.E0,1.E0,0.E0));
#847=VECTOR('',#846,2.5E-2);
#848=CARTESIAN_POINT('',(2.125E-1,-1.125E-1,-5.5E-1));
#849=LINE('',#848,#847);
#850=DIRECTION('',(-1.E0,0.E0,0.E0));
#851=VECTOR('',#850,2.5E-2);
#852=CARTESIAN_POINT('',(2.125E-1,-1.125E-1,-5.5E-1));
#853=LINE('',#852,#851);
#854=DIRECTION('',(0.E0,1.E0,0.E0));
#855=VECTOR('',#854,2.5E-2);
#856=CARTESIAN_POINT('',(1.875E-1,-1.125E-1,-5.5E-1));
#857=LINE('',#856,#855);
#858=DIRECTION('',(-1.E0,0.E0,0.E0));
#859=VECTOR('',#858,2.5E-2);
#860=CARTESIAN_POINT('',(2.125E-1,-8.75E-2,-5.5E-1));
#861=LINE('',#860,#859);
#862=DIRECTION('',(0.E0,1.E0,0.E0));
#863=VECTOR('',#862,2.5E-2);
#864=CARTESIAN_POINT('',(2.125E-1,8.75E-2,-5.5E-1));
#865=LINE('',#864,#863);
#866=DIRECTION('',(-1.E0,0.E0,0.E0));
#867=VECTOR('',#866,2.5E-2);
#868=CARTESIAN_POINT('',(2.125E-1,8.75E-2,-5.5E-1));
#869=LINE('',#868,#867);
#870=DIRECTION('',(0.E0,1.E0,0.E0));
#871=VECTOR('',#870,2.5E-2);
#872=CARTESIAN_POINT('',(1.875E-1,8.75E-2,-5.5E-1));
#873=LINE('',#872,#871);
#874=DIRECTION('',(-1.E0,0.E0,0.E0));
#875=VECTOR('',#874,2.5E-2);
#876=CARTESIAN_POINT('',(2.125E-1,1.125E-1,-5.5E-1));
#877=LINE('',#876,#875);
#878=DIRECTION('',(0.E0,1.E0,0.E0));
#879=VECTOR('',#878,2.5E-2);
#880=CARTESIAN_POINT('',(3.125E-1,-1.125E-1,-5.5E-1));
#881=LINE('',#880,#879);
#882=DIRECTION('',(-1.E0,0.E0,0.E0));
#883=VECTOR('',#882,2.5E-2);
#884=CARTESIAN_POINT('',(3.125E-1,-1.125E-1,-5.5E-1));
#885=LINE('',#884,#883);
#886=DIRECTION('',(0.E0,1.E0,0.E0));
#887=VECTOR('',#886,2.5E-2);
#888=CARTESIAN_POINT('',(2.875E-1,-1.125E-1,-5.5E-1));
#889=LINE('',#888,#887);
#890=DIRECTION('',(-1.E0,0.E0,0.E0));
#891=VECTOR('',#890,2.5E-2);
#892=CARTESIAN_POINT('',(3.125E-1,-8.75E-2,-5.5E-1));
#893=LINE('',#892,#891);
#894=DIRECTION('',(0.E0,1.E0,0.E0));
#895=VECTOR('',#894,2.5E-2);
#896=CARTESIAN_POINT('',(3.125E-1,8.75E-2,-5.5E-1));
#897=LINE('',#896,#895);
#898=DIRECTION('',(-1.E0,0.E0,0.E0));
#899=VECTOR('',#898,2.5E-2);
#900=CARTESIAN_POINT('',(3.125E-1,8.75E-2,-5.5E-1));
#901=LINE('',#900,#899);
#902=DIRECTION('',(0.E0,1.E0,0.E0));
#903=VECTOR('',#902,2.5E-2);
#904=CARTESIAN_POINT('',(2.875E-1,8.75E-2,-5.5E-1));
#905=LINE('',#904,#903);
#906=DIRECTION('',(-1.E0,0.E0,0.E0));
#907=VECTOR('',#906,2.5E-2);
#908=CARTESIAN_POINT('',(3.125E-1,1.125E-1,-5.5E-1));
#909=LINE('',#908,#907);
#910=DIRECTION('',(0.E0,1.E0,0.E0));
#911=VECTOR('',#910,2.5E-2);
#912=CARTESIAN_POINT('',(4.125E-1,-1.125E-1,-5.5E-1));
#913=LINE('',#912,#911);
#914=DIRECTION('',(-1.E0,0.E0,0.E0));
#915=VECTOR('',#914,2.5E-2);
#916=CARTESIAN_POINT('',(4.125E-1,-1.125E-1,-5.5E-1));
#917=LINE('',#916,#915);
#918=DIRECTION('',(0.E0,1.E0,0.E0));
#919=VECTOR('',#918,2.5E-2);
#920=CARTESIAN_POINT('',(3.875E-1,-1.125E-1,-5.5E-1));
#921=LINE('',#920,#919);
#922=DIRECTION('',(-1.E0,0.E0,0.E0));
#923=VECTOR('',#922,2.5E-2);
#924=CARTESIAN_POINT('',(4.125E-1,-8.75E-2,-5.5E-1));
#925=LINE('',#924,#923);
#926=DIRECTION('',(0.E0,1.E0,0.E0));
#927=VECTOR('',#926,2.5E-2);
#928=CARTESIAN_POINT('',(4.125E-1,8.75E-2,-5.5E-1));
#929=LINE('',#928,#927);
#930=DIRECTION('',(-1.E0,0.E0,0.E0));
#931=VECTOR('',#930,2.5E-2);
#932=CARTESIAN_POINT('',(4.125E-1,8.75E-2,-5.5E-1));
#933=LINE('',#932,#931);
#934=DIRECTION('',(0.E0,1.E0,0.E0));
#935=VECTOR('',#934,2.5E-2);
#936=CARTESIAN_POINT('',(3.875E-1,8.75E-2,-5.5E-1));
#937=LINE('',#936,#935);
#938=DIRECTION('',(-1.E0,0.E0,0.E0));
#939=VECTOR('',#938,2.5E-2);
#940=CARTESIAN_POINT('',(4.125E-1,1.125E-1,-5.5E-1));
#941=LINE('',#940,#939);
#942=DIRECTION('',(0.E0,1.E0,0.E0));
#943=VECTOR('',#942,2.5E-2);
#944=CARTESIAN_POINT('',(5.125E-1,-1.125E-1,-5.5E-1));
#945=LINE('',#944,#943);
#946=DIRECTION('',(-1.E0,0.E0,0.E0));
#947=VECTOR('',#946,2.5E-2);
#948=CARTESIAN_POINT('',(5.125E-1,-1.125E-1,-5.5E-1));
#949=LINE('',#948,#947);
#950=DIRECTION('',(0.E0,1.E0,0.E0));
#951=VECTOR('',#950,2.5E-2);
#952=CARTESIAN_POINT('',(4.875E-1,-1.125E-1,-5.5E-1));
#953=LINE('',#952,#951);
#954=DIRECTION('',(-1.E0,0.E0,0.E0));
#955=VECTOR('',#954,2.5E-2);
#956=CARTESIAN_POINT('',(5.125E-1,-8.75E-2,-5.5E-1));
#957=LINE('',#956,#955);
#958=DIRECTION('',(0.E0,1.E0,0.E0));
#959=VECTOR('',#958,2.5E-2);
#960=CARTESIAN_POINT('',(5.125E-1,8.75E-2,-5.5E-1));
#961=LINE('',#960,#959);
#962=DIRECTION('',(-1.E0,0.E0,0.E0));
#963=VECTOR('',#962,2.5E-2);
#964=CARTESIAN_POINT('',(5.125E-1,8.75E-2,-5.5E-1));
#965=LINE('',#964,#963);
#966=DIRECTION('',(0.E0,1.E0,0.E0));
#967=VECTOR('',#966,2.5E-2);
#968=CARTESIAN_POINT('',(4.875E-1,8.75E-2,-5.5E-1));
#969=LINE('',#968,#967);
#970=DIRECTION('',(-1.E0,0.E0,0.E0));
#971=VECTOR('',#970,2.5E-2);
#972=CARTESIAN_POINT('',(5.125E-1,1.125E-1,-5.5E-1));
#973=LINE('',#972,#971);
#974=DIRECTION('',(0.E0,1.E0,0.E0));
#975=VECTOR('',#974,2.5E-2);
#976=CARTESIAN_POINT('',(6.125E-1,-1.125E-1,-5.5E-1));
#977=LINE('',#976,#975);
#978=DIRECTION('',(-1.E0,0.E0,0.E0));
#979=VECTOR('',#978,2.5E-2);
#980=CARTESIAN_POINT('',(6.125E-1,-1.125E-1,-5.5E-1));
#981=LINE('',#980,#979);
#982=DIRECTION('',(0.E0,1.E0,0.E0));
#983=VECTOR('',#982,2.5E-2);
#984=CARTESIAN_POINT('',(5.875E-1,-1.125E-1,-5.5E-1));
#985=LINE('',#984,#983);
#986=DIRECTION('',(-1.E0,0.E0,0.E0));
#987=VECTOR('',#986,2.5E-2);
#988=CARTESIAN_POINT('',(6.125E-1,-8.75E-2,-5.5E-1));
#989=LINE('',#988,#987);
#990=DIRECTION('',(0.E0,1.E0,0.E0));
#991=VECTOR('',#990,2.5E-2);
#992=CARTESIAN_POINT('',(6.125E-1,8.75E-2,-5.5E-1));
#993=LINE('',#992,#991);
#994=DIRECTION('',(-1.E0,0.E0,0.E0));
#995=VECTOR('',#994,2.5E-2);
#996=CARTESIAN_POINT('',(6.125E-1,8.75E-2,-5.5E-1));
#997=LINE('',#996,#995);
#998=DIRECTION('',(0.E0,1.E0,0.E0));
#999=VECTOR('',#998,2.5E-2);
#1000=CARTESIAN_POINT('',(5.875E-1,8.75E-2,-5.5E-1));
#1001=LINE('',#1000,#999);
#1002=DIRECTION('',(-1.E0,0.E0,0.E0));
#1003=VECTOR('',#1002,2.5E-2);
#1004=CARTESIAN_POINT('',(6.125E-1,1.125E-1,-5.5E-1));
#1005=LINE('',#1004,#1003);
#1006=DIRECTION('',(0.E0,1.E0,0.E0));
#1007=VECTOR('',#1006,2.5E-2);
#1008=CARTESIAN_POINT('',(7.125E-1,-1.125E-1,-5.5E-1));
#1009=LINE('',#1008,#1007);
#1010=DIRECTION('',(-1.E0,0.E0,0.E0));
#1011=VECTOR('',#1010,2.5E-2);
#1012=CARTESIAN_POINT('',(7.125E-1,-1.125E-1,-5.5E-1));
#1013=LINE('',#1012,#1011);
#1014=DIRECTION('',(0.E0,1.E0,0.E0));
#1015=VECTOR('',#1014,2.5E-2);
#1016=CARTESIAN_POINT('',(6.875E-1,-1.125E-1,-5.5E-1));
#1017=LINE('',#1016,#1015);
#1018=DIRECTION('',(-1.E0,0.E0,0.E0));
#1019=VECTOR('',#1018,2.5E-2);
#1020=CARTESIAN_POINT('',(7.125E-1,-8.75E-2,-5.5E-1));
#1021=LINE('',#1020,#1019);
#1022=DIRECTION('',(0.E0,1.E0,0.E0));
#1023=VECTOR('',#1022,2.5E-2);
#1024=CARTESIAN_POINT('',(7.125E-1,8.75E-2,-5.5E-1));
#1025=LINE('',#1024,#1023);
#1026=DIRECTION('',(-1.E0,0.E0,0.E0));
#1027=VECTOR('',#1026,2.5E-2);
#1028=CARTESIAN_POINT('',(7.125E-1,8.75E-2,-5.5E-1));
#1029=LINE('',#1028,#1027);
#1030=DIRECTION('',(0.E0,1.E0,0.E0));
#1031=VECTOR('',#1030,2.5E-2);
#1032=CARTESIAN_POINT('',(6.875E-1,8.75E-2,-5.5E-1));
#1033=LINE('',#1032,#1031);
#1034=DIRECTION('',(-1.E0,0.E0,0.E0));
#1035=VECTOR('',#1034,2.5E-2);
#1036=CARTESIAN_POINT('',(7.125E-1,1.125E-1,-5.5E-1));
#1037=LINE('',#1036,#1035);
#1038=DIRECTION('',(0.E0,-1.E0,0.E0));
#1039=VECTOR('',#1038,4.E-2);
#1040=CARTESIAN_POINT('',(-7.3E-1,-4.5E-2,-5.5E-1));
#1041=LINE('',#1040,#1039);
#1042=DIRECTION('',(-1.E0,0.E0,0.E0));
#1043=VECTOR('',#1042,5.E-3);
#1044=CARTESIAN_POINT('',(-7.3E-1,-8.5E-2,-5.5E-1));
#1045=LINE('',#1044,#1043);
#1046=DIRECTION('',(-6.428712937139E-1,7.659742160926E-1,0.E0));
#1047=VECTOR('',#1046,7.777606573650E-3);
#1048=CARTESIAN_POINT('',(-7.35E-1,-8.5E-2,-5.5E-1));
#1049=LINE('',#1048,#1047);
#1050=DIRECTION('',(0.E0,1.E0,0.E0));
#1051=VECTOR('',#1050,6.808512210846E-3);
#1052=CARTESIAN_POINT('',(-7.4E-1,-7.904255390167E-2,-5.5E-1));
#1053=LINE('',#1052,#1051);
#1054=DIRECTION('',(6.428711427642E-1,-7.659743427825E-1,0.E0));
#1055=VECTOR('',#1054,7.777608399875E-3);
#1056=CARTESIAN_POINT('',(-7.4E-1,-7.223404169083E-2,-5.5E-1));
#1057=LINE('',#1056,#1055);
#1058=DIRECTION('',(0.E0,1.E0,0.E0));
#1059=VECTOR('',#1058,3.319149017334E-2);
#1060=CARTESIAN_POINT('',(-7.35E-1,-7.819149017334E-2,-5.5E-1));
#1061=LINE('',#1060,#1059);
#1062=DIRECTION('',(1.E0,0.E0,0.E0));
#1063=VECTOR('',#1062,5.E-3);
#1064=CARTESIAN_POINT('',(-7.35E-1,-4.5E-2,-5.5E-1));
#1065=LINE('',#1064,#1063);
#1066=CARTESIAN_POINT('',(8.25E-1,6.965659748879E-2,-5.75E-1));
#1067=DIRECTION('',(-1.E0,0.E0,0.E0));
#1068=DIRECTION('',(0.E0,0.E0,1.E0));
#1069=AXIS2_PLACEMENT_3D('',#1066,#1067,#1068);
#1071=CARTESIAN_POINT('',(7.5E-1,6.965659748879E-2,-5.75E-1));
#1072=DIRECTION('',(1.E0,0.E0,0.E0));
#1073=DIRECTION('',(0.E0,9.396926207859E-1,3.420201433257E-1));
#1074=AXIS2_PLACEMENT_3D('',#1071,#1072,#1073);
#1076=DIRECTION('',(0.E0,0.E0,-1.E0));
#1077=VECTOR('',#1076,1.8E-1);
#1078=CARTESIAN_POINT('',(8.25E-1,1.29E-1,-4.3E-1));
#1079=LINE('',#1078,#1077);
#1080=DIRECTION('',(0.E0,1.E0,0.E0));
#1081=VECTOR('',#1080,2.E-2);
#1082=CARTESIAN_POINT('',(8.25E-1,1.09E-1,-6.1E-1));
#1083=LINE('',#1082,#1081);
#1084=DIRECTION('',(0.E0,3.420201433257E-1,-9.396926207859E-1));
#1085=VECTOR('',#1084,4.634547789331E-2);
#1086=CARTESIAN_POINT('',(8.25E-1,9.314891300843E-2,-5.664494964169E-1));
#1087=LINE('',#1086,#1085);
#1088=DIRECTION('',(0.E0,3.420201433257E-1,9.396926207859E-1));
#1089=VECTOR('',#1088,4.634547789331E-2);
#1090=CARTESIAN_POINT('',(8.25E-1,-1.09E-1,-6.1E-1));
#1091=LINE('',#1090,#1089);
#1092=DIRECTION('',(0.E0,1.E0,0.E0));
#1093=VECTOR('',#1092,2.E-2);
#1094=CARTESIAN_POINT('',(8.25E-1,-1.29E-1,-6.1E-1));
#1095=LINE('',#1094,#1093);
#1096=DIRECTION('',(0.E0,0.E0,1.E0));
#1097=VECTOR('',#1096,1.8E-1);
#1098=CARTESIAN_POINT('',(8.25E-1,-1.29E-1,-6.1E-1));
#1099=LINE('',#1098,#1097);
#1100=DIRECTION('',(0.E0,1.E0,0.E0));
#1101=VECTOR('',#1100,2.58E-1);
#1102=CARTESIAN_POINT('',(8.25E-1,-1.29E-1,-4.3E-1));
#1103=LINE('',#1102,#1101);
#1104=DIRECTION('',(-1.E0,0.E0,0.E0));
#1105=VECTOR('',#1104,7.5E-2);
#1106=CARTESIAN_POINT('',(8.25E-1,9.314891300843E-2,-5.664494964169E-1));
#1107=LINE('',#1106,#1105);
#1108=DIRECTION('',(1.E0,0.E0,0.E0));
#1109=VECTOR('',#1108,7.5E-2);
#1110=CARTESIAN_POINT('',(7.5E-1,1.09E-1,-6.1E-1));
#1111=LINE('',#1110,#1109);
#1112=CARTESIAN_POINT('',(7.5E-1,-6.965659748879E-2,-5.75E-1));
#1113=DIRECTION('',(1.E0,0.E0,0.E0));
#1114=DIRECTION('',(0.E0,0.E0,1.E0));
#1115=AXIS2_PLACEMENT_3D('',#1112,#1113,#1114);
#1117=CARTESIAN_POINT('',(8.25E-1,-6.965659748879E-2,-5.75E-1));
#1118=DIRECTION('',(-1.E0,0.E0,0.E0));
#1119=DIRECTION('',(0.E0,-9.396926207859E-1,3.420201433257E-1));
#1120=AXIS2_PLACEMENT_3D('',#1117,#1118,#1119);
#1122=DIRECTION('',(1.E0,0.E0,0.E0));
#1123=VECTOR('',#1122,7.5E-2);
#1124=CARTESIAN_POINT('',(7.5E-1,-9.314891300843E-2,-5.664494964169E-1));
#1125=LINE('',#1124,#1123);
#1126=CARTESIAN_POINT('',(7.95E-1,-1.29E-1,-6.1E-1));
#1127=DIRECTION('',(0.E0,0.E0,-1.E0));
#1128=DIRECTION('',(1.E0,0.E0,0.E0));
#1129=AXIS2_PLACEMENT_3D('',#1126,#1127,#1128);
#1131=DIRECTION('',(1.E0,0.E0,0.E0));
#1132=VECTOR('',#1131,7.5E-2);
#1133=CARTESIAN_POINT('',(7.5E-1,-1.09E-1,-6.1E-1));
#1134=LINE('',#1133,#1132);
#1135=CARTESIAN_POINT('',(8.5E-1,-1.2E-1,-4.3E-1));
#1136=DIRECTION('',(0.E0,0.E0,-1.E0));
#1137=DIRECTION('',(1.E0,0.E0,0.E0));
#1138=AXIS2_PLACEMENT_3D('',#1135,#1136,#1137);
#1140=CARTESIAN_POINT('',(8.5E-1,1.2E-1,-4.3E-1));
#1141=DIRECTION('',(0.E0,0.E0,-1.E0));
#1142=DIRECTION('',(0.E0,1.E0,0.E0));
#1143=AXIS2_PLACEMENT_3D('',#1140,#1141,#1142);
#1145=DIRECTION('',(1.E0,0.E0,0.E0));
#1146=VECTOR('',#1145,3.357571467520E-2);
#1147=CARTESIAN_POINT('',(8.164242852856E-1,-1.5E-1,-3.55E-1));
#1148=LINE('',#1147,#1146);
#1149=DIRECTION('',(5.222503910810E-10,0.E0,-1.E0));
#1150=VECTOR('',#1149,7.5E-2);
#1151=CARTESIAN_POINT('',(8.499999999608E-1,-1.5E-1,-3.55E-1));
#1152=LINE('',#1151,#1150);
#1153=DIRECTION('',(-1.E0,0.E0,0.E0));
#1154=VECTOR('',#1153,3.357571471437E-2);
#1155=CARTESIAN_POINT('',(8.5E-1,-1.5E-1,-4.3E-1));
#1156=LINE('',#1155,#1154);
#1157=CARTESIAN_POINT('',(8.5E-1,1.2E-1,-3.55E-1));
#1158=DIRECTION('',(0.E0,0.E0,1.E0));
#1159=DIRECTION('',(1.E0,0.E0,0.E0));
#1160=AXIS2_PLACEMENT_3D('',#1157,#1158,#1159);
#1162=DIRECTION('',(0.E0,-3.420201433257E-1,9.396926207859E-1));
#1163=VECTOR('',#1162,4.634547789331E-2);
#1164=CARTESIAN_POINT('',(-7.5E-1,1.09E-1,-6.1E-1));
#1165=LINE('',#1164,#1163);
#1166=DIRECTION('',(0.E0,1.E0,0.E0));
#1167=VECTOR('',#1166,8.934340251121E-2);
#1168=CARTESIAN_POINT('',(-7.5E-1,6.965659748879E-2,-5.5E-1));
#1169=LINE('',#1168,#1167);
#1170=DIRECTION('',(0.E0,0.E0,-1.E0));
#1171=VECTOR('',#1170,6.E-2);
#1172=CARTESIAN_POINT('',(-7.5E-1,1.59E-1,-5.5E-1));
#1173=LINE('',#1172,#1171);
#1174=DIRECTION('',(0.E0,-1.E0,0.E0));
#1175=VECTOR('',#1174,5.E-2);
#1176=CARTESIAN_POINT('',(-7.5E-1,1.59E-1,-6.1E-1));
#1177=LINE('',#1176,#1175);
#1178=DIRECTION('',(0.E0,1.E0,0.E0));
#1179=VECTOR('',#1178,8.934340251121E-2);
#1180=CARTESIAN_POINT('',(-7.5E-1,-1.59E-1,-5.5E-1));
#1181=LINE('',#1180,#1179);
#1182=DIRECTION('',(0.E0,-3.420201433257E-1,-9.396926207859E-1));
#1183=VECTOR('',#1182,4.634547789331E-2);
#1184=CARTESIAN_POINT('',(-7.5E-1,-9.314891300843E-2,-5.664494964169E-1));
#1185=LINE('',#1184,#1183);
#1186=DIRECTION('',(0.E0,-1.E0,0.E0));
#1187=VECTOR('',#1186,5.E-2);
#1188=CARTESIAN_POINT('',(-7.5E-1,-1.09E-1,-6.1E-1));
#1189=LINE('',#1188,#1187);
#1190=DIRECTION('',(0.E0,0.E0,1.E0));
#1191=VECTOR('',#1190,6.E-2);
#1192=CARTESIAN_POINT('',(-7.5E-1,-1.59E-1,-6.1E-1));
#1193=LINE('',#1192,#1191);
#1194=DIRECTION('',(-1.E0,0.E0,0.E0));
#1195=VECTOR('',#1194,7.5E-2);
#1196=CARTESIAN_POINT('',(-7.5E-1,9.314891300843E-2,-5.664494964169E-1));
#1197=LINE('',#1196,#1195);
#1198=DIRECTION('',(1.E0,0.E0,0.E0));
#1199=VECTOR('',#1198,7.5E-2);
#1200=CARTESIAN_POINT('',(-8.25E-1,1.09E-1,-6.1E-1));
#1201=LINE('',#1200,#1199);
#1202=CARTESIAN_POINT('',(-7.5E-1,6.965659748879E-2,-5.75E-1));
#1203=DIRECTION('',(-1.E0,0.E0,0.E0));
#1204=DIRECTION('',(0.E0,0.E0,1.E0));
#1205=AXIS2_PLACEMENT_3D('',#1202,#1203,#1204);
#1207=CARTESIAN_POINT('',(-8.25E-1,6.965659748879E-2,-5.75E-1));
#1208=DIRECTION('',(1.E0,0.E0,0.E0));
#1209=DIRECTION('',(0.E0,9.396926207859E-1,3.420201433257E-1));
#1210=AXIS2_PLACEMENT_3D('',#1207,#1208,#1209);
#1212=DIRECTION('',(0.E0,0.E0,1.E0));
#1213=VECTOR('',#1212,1.8E-1);
#1214=CARTESIAN_POINT('',(-8.25E-1,1.29E-1,-6.1E-1));
#1215=LINE('',#1214,#1213);
#1216=DIRECTION('',(0.E0,0.E0,-1.E0));
#1217=VECTOR('',#1216,1.8E-1);
#1218=CARTESIAN_POINT('',(-8.25E-1,-1.29E-1,-4.3E-1));
#1219=LINE('',#1218,#1217);
#1220=DIRECTION('',(0.E0,-1.E0,0.E0));
#1221=VECTOR('',#1220,2.E-2);
#1222=CARTESIAN_POINT('',(-8.25E-1,-1.09E-1,-6.1E-1));
#1223=LINE('',#1222,#1221);
#1224=DIRECTION('',(0.E0,-3.420201433257E-1,-9.396926207859E-1));
#1225=VECTOR('',#1224,4.634547789331E-2);
#1226=CARTESIAN_POINT('',(-8.25E-1,-9.314891300843E-2,-5.664494964169E-1));
#1227=LINE('',#1226,#1225);
#1228=DIRECTION('',(0.E0,-3.420201433257E-1,9.396926207859E-1));
#1229=VECTOR('',#1228,4.634547789331E-2);
#1230=CARTESIAN_POINT('',(-8.25E-1,1.09E-1,-6.1E-1));
#1231=LINE('',#1230,#1229);
#1232=DIRECTION('',(0.E0,-1.E0,0.E0));
#1233=VECTOR('',#1232,2.E-2);
#1234=CARTESIAN_POINT('',(-8.25E-1,1.29E-1,-6.1E-1));
#1235=LINE('',#1234,#1233);
#1236=CARTESIAN_POINT('',(-7.95E-1,-1.29E-1,-6.1E-1));
#1237=DIRECTION('',(0.E0,0.E0,-1.E0));
#1238=DIRECTION('',(0.E0,-1.E0,0.E0));
#1239=AXIS2_PLACEMENT_3D('',#1236,#1237,#1238);
#1241=DIRECTION('',(1.E0,0.E0,0.E0));
#1242=VECTOR('',#1241,7.5E-2);
#1243=CARTESIAN_POINT('',(-8.25E-1,-1.09E-1,-6.1E-1));
#1244=LINE('',#1243,#1242);
#1245=DIRECTION('',(1.E0,0.E0,0.E0));
#1246=VECTOR('',#1245,7.5E-2);
#1247=CARTESIAN_POINT('',(-8.25E-1,-9.314891300843E-2,-5.664494964169E-1));
#1248=LINE('',#1247,#1246);
#1249=CARTESIAN_POINT('',(-8.25E-1,-6.965659748879E-2,-5.75E-1));
#1250=DIRECTION('',(1.E0,0.E0,0.E0));
#1251=DIRECTION('',(0.E0,0.E0,1.E0));
#1252=AXIS2_PLACEMENT_3D('',#1249,#1250,#1251);
#1254=CARTESIAN_POINT('',(-7.5E-1,-6.965659748879E-2,-5.75E-1));
#1255=DIRECTION('',(-1.E0,0.E0,0.E0));
#1256=DIRECTION('',(0.E0,-9.396926207859E-1,3.420201433257E-1));
#1257=AXIS2_PLACEMENT_3D('',#1254,#1255,#1256);
#1259=CARTESIAN_POINT('',(-7.95E-1,1.29E-1,-6.1E-1));
#1260=DIRECTION('',(0.E0,0.E0,-1.E0));
#1261=DIRECTION('',(-1.E0,0.E0,0.E0));
#1262=AXIS2_PLACEMENT_3D('',#1259,#1260,#1261);
#1264=DIRECTION('',(1.E0,0.E0,0.E0));
#1265=VECTOR('',#1264,4.5E-2);
#1266=CARTESIAN_POINT('',(-7.95E-1,1.59E-1,-6.1E-1));
#1267=LINE('',#1266,#1265);
#1268=DIRECTION('',(0.E0,0.E0,-1.E0));
#1269=VECTOR('',#1268,3.45E-2);
#1270=CARTESIAN_POINT('',(-6.875E-1,-8.75E-2,-5.5E-1));
#1271=LINE('',#1270,#1269);
#1272=CARTESIAN_POINT('',(-6.875E-1,-1.375E-1,-5.845E-1));
#1273=DIRECTION('',(-1.E0,0.E0,0.E0));
#1274=DIRECTION('',(0.E0,1.E0,0.E0));
#1275=AXIS2_PLACEMENT_3D('',#1272,#1273,#1274);
#1277=DIRECTION('',(0.E0,-1.E0,0.E0));
#1278=VECTOR('',#1277,1.365E-1);
#1279=CARTESIAN_POINT('',(-6.875E-1,-1.375E-1,-6.345E-1));
#1280=LINE('',#1279,#1278);
#1281=DIRECTION('',(0.E0,0.E0,1.E0));
#1282=VECTOR('',#1281,2.5E-2);
#1283=CARTESIAN_POINT('',(-6.875E-1,-2.74E-1,-6.345E-1));
#1284=LINE('',#1283,#1282);
#1285=DIRECTION('',(0.E0,1.E0,0.E0));
#1286=VECTOR('',#1285,1.365E-1);
#1287=CARTESIAN_POINT('',(-6.875E-1,-2.74E-1,-6.095E-1));
#1288=LINE('',#1287,#1286);
#1289=CARTESIAN_POINT('',(-6.875E-1,-1.375E-1,-5.845E-1));
#1290=DIRECTION('',(1.E0,0.E0,0.E0));
#1291=DIRECTION('',(0.E0,0.E0,-1.E0));
#1292=AXIS2_PLACEMENT_3D('',#1289,#1290,#1291);
#1294=DIRECTION('',(0.E0,0.E0,1.E0));
#1295=VECTOR('',#1294,3.45E-2);
#1296=CARTESIAN_POINT('',(-6.875E-1,-1.125E-1,-5.845E-1));
#1297=LINE('',#1296,#1295);
#1298=DIRECTION('',(0.E0,0.E0,-1.E0));
#1299=VECTOR('',#1298,1.845E-1);
#1300=CARTESIAN_POINT('',(-6.875E-1,1.125E-1,-5.5E-1));
#1301=LINE('',#1300,#1299);
#1302=CARTESIAN_POINT('',(-6.875E-1,6.25E-2,-7.345E-1));
#1303=DIRECTION('',(-1.E0,0.E0,0.E0));
#1304=DIRECTION('',(0.E0,1.E0,0.E0));
#1305=AXIS2_PLACEMENT_3D('',#1302,#1303,#1304);
#1307=DIRECTION('',(0.E0,-1.E0,0.E0));
#1308=VECTOR('',#1307,3.365E-1);
#1309=CARTESIAN_POINT('',(-6.875E-1,6.25E-2,-7.845E-1));
#1310=LINE('',#1309,#1308);
#1311=DIRECTION('',(0.E0,0.E0,1.E0));
#1312=VECTOR('',#1311,2.5E-2);
#1313=CARTESIAN_POINT('',(-6.875E-1,-2.74E-1,-7.845E-1));
#1314=LINE('',#1313,#1312);
#1315=DIRECTION('',(0.E0,1.E0,0.E0));
#1316=VECTOR('',#1315,3.365E-1);
#1317=CARTESIAN_POINT('',(-6.875E-1,-2.74E-1,-7.595E-1));
#1318=LINE('',#1317,#1316);
#1319=CARTESIAN_POINT('',(-6.875E-1,6.25E-2,-7.345E-1));
#1320=DIRECTION('',(1.E0,0.E0,0.E0));
#1321=DIRECTION('',(0.E0,0.E0,-1.E0));
#1322=AXIS2_PLACEMENT_3D('',#1319,#1320,#1321);
#1324=DIRECTION('',(0.E0,0.E0,1.E0));
#1325=VECTOR('',#1324,1.845E-1);
#1326=CARTESIAN_POINT('',(-6.875E-1,8.75E-2,-7.345E-1));
#1327=LINE('',#1326,#1325);
#1328=DIRECTION('',(0.E0,0.E0,1.E0));
#1329=VECTOR('',#1328,3.45E-2);
#1330=CARTESIAN_POINT('',(-7.125E-1,-1.125E-1,-5.845E-1));
#1331=LINE('',#1330,#1329);
#1332=CARTESIAN_POINT('',(-7.125E-1,-1.375E-1,-5.845E-1));
#1333=DIRECTION('',(1.E0,0.E0,0.E0));
#1334=DIRECTION('',(0.E0,0.E0,-1.E0));
#1335=AXIS2_PLACEMENT_3D('',#1332,#1333,#1334);
#1337=DIRECTION('',(0.E0,1.E0,0.E0));
#1338=VECTOR('',#1337,1.365E-1);
#1339=CARTESIAN_POINT('',(-7.125E-1,-2.74E-1,-6.095E-1));
#1340=LINE('',#1339,#1338);
#1341=DIRECTION('',(0.E0,0.E0,1.E0));
#1342=VECTOR('',#1341,2.5E-2);
#1343=CARTESIAN_POINT('',(-7.125E-1,-2.74E-1,-6.345E-1));
#1344=LINE('',#1343,#1342);
#1345=DIRECTION('',(0.E0,-1.E0,0.E0));
#1346=VECTOR('',#1345,1.365E-1);
#1347=CARTESIAN_POINT('',(-7.125E-1,-1.375E-1,-6.345E-1));
#1348=LINE('',#1347,#1346);
#1349=CARTESIAN_POINT('',(-7.125E-1,-1.375E-1,-5.845E-1));
#1350=DIRECTION('',(-1.E0,0.E0,0.E0));
#1351=DIRECTION('',(0.E0,1.E0,0.E0));
#1352=AXIS2_PLACEMENT_3D('',#1349,#1350,#1351);
#1354=DIRECTION('',(0.E0,0.E0,-1.E0));
#1355=VECTOR('',#1354,3.45E-2);
#1356=CARTESIAN_POINT('',(-7.125E-1,-8.75E-2,-5.5E-1));
#1357=LINE('',#1356,#1355);
#1358=DIRECTION('',(0.E0,0.E0,1.E0));
#1359=VECTOR('',#1358,1.845E-1);
#1360=CARTESIAN_POINT('',(-7.125E-1,8.75E-2,-7.345E-1));
#1361=LINE('',#1360,#1359);
#1362=CARTESIAN_POINT('',(-7.125E-1,6.25E-2,-7.345E-1));
#1363=DIRECTION('',(1.E0,0.E0,0.E0));
#1364=DIRECTION('',(0.E0,0.E0,-1.E0));
#1365=AXIS2_PLACEMENT_3D('',#1362,#1363,#1364);
#1367=DIRECTION('',(0.E0,1.E0,0.E0));
#1368=VECTOR('',#1367,3.365E-1);
#1369=CARTESIAN_POINT('',(-7.125E-1,-2.74E-1,-7.595E-1));
#1370=LINE('',#1369,#1368);
#1371=DIRECTION('',(0.E0,0.E0,1.E0));
#1372=VECTOR('',#1371,2.5E-2);
#1373=CARTESIAN_POINT('',(-7.125E-1,-2.74E-1,-7.845E-1));
#1374=LINE('',#1373,#1372);
#1375=DIRECTION('',(0.E0,-1.E0,0.E0));
#1376=VECTOR('',#1375,3.365E-1);
#1377=CARTESIAN_POINT('',(-7.125E-1,6.25E-2,-7.845E-1));
#1378=LINE('',#1377,#1376);
#1379=CARTESIAN_POINT('',(-7.125E-1,6.25E-2,-7.345E-1));
#1380=DIRECTION('',(-1.E0,0.E0,0.E0));
#1381=DIRECTION('',(0.E0,1.E0,0.E0));
#1382=AXIS2_PLACEMENT_3D('',#1379,#1380,#1381);
#1384=DIRECTION('',(0.E0,0.E0,-1.E0));
#1385=VECTOR('',#1384,1.845E-1);
#1386=CARTESIAN_POINT('',(-7.125E-1,1.125E-1,-5.5E-1));
#1387=LINE('',#1386,#1385);
#1388=DIRECTION('',(-1.E0,0.E0,0.E0));
#1389=VECTOR('',#1388,2.5E-2);
#1390=CARTESIAN_POINT('',(-6.875E-1,-1.125E-1,-5.845E-1));
#1391=LINE('',#1390,#1389);
#1392=DIRECTION('',(-1.E0,0.E0,0.E0));
#1393=VECTOR('',#1392,2.5E-2);
#1394=CARTESIAN_POINT('',(-6.875E-1,-1.375E-1,-6.095E-1));
#1395=LINE('',#1394,#1393);
#1396=DIRECTION('',(-1.E0,0.E0,0.E0));
#1397=VECTOR('',#1396,2.5E-2);
#1398=CARTESIAN_POINT('',(-6.875E-1,-2.74E-1,-6.095E-1));
#1399=LINE('',#1398,#1397);
#1400=DIRECTION('',(-1.E0,0.E0,0.E0));
#1401=VECTOR('',#1400,2.5E-2);
#1402=CARTESIAN_POINT('',(-6.875E-1,-2.74E-1,-6.345E-1));
#1403=LINE('',#1402,#1401);
#1404=DIRECTION('',(-1.E0,0.E0,0.E0));
#1405=VECTOR('',#1404,2.5E-2);
#1406=CARTESIAN_POINT('',(-6.875E-1,-1.375E-1,-6.345E-1));
#1407=LINE('',#1406,#1405);
#1408=DIRECTION('',(-1.E0,0.E0,0.E0));
#1409=VECTOR('',#1408,2.5E-2);
#1410=CARTESIAN_POINT('',(-6.875E-1,-8.75E-2,-5.845E-1));
#1411=LINE('',#1410,#1409);
#1412=DIRECTION('',(-1.E0,0.E0,0.E0));
#1413=VECTOR('',#1412,2.5E-2);
#1414=CARTESIAN_POINT('',(-6.875E-1,8.75E-2,-7.345E-1));
#1415=LINE('',#1414,#1413);
#1416=DIRECTION('',(-1.E0,0.E0,0.E0));
#1417=VECTOR('',#1416,2.5E-2);
#1418=CARTESIAN_POINT('',(-6.875E-1,6.25E-2,-7.595E-1));
#1419=LINE('',#1418,#1417);
#1420=DIRECTION('',(-1.E0,0.E0,0.E0));
#1421=VECTOR('',#1420,2.5E-2);
#1422=CARTESIAN_POINT('',(-6.875E-1,-2.74E-1,-7.595E-1));
#1423=LINE('',#1422,#1421);
#1424=DIRECTION('',(-1.E0,0.E0,0.E0));
#1425=VECTOR('',#1424,2.5E-2);
#1426=CARTESIAN_POINT('',(-6.875E-1,-2.74E-1,-7.845E-1));
#1427=LINE('',#1426,#1425);
#1428=DIRECTION('',(-1.E0,0.E0,0.E0));
#1429=VECTOR('',#1428,2.5E-2);
#1430=CARTESIAN_POINT('',(-6.875E-1,6.25E-2,-7.845E-1));
#1431=LINE('',#1430,#1429);
#1432=DIRECTION('',(-1.E0,0.E0,0.E0));
#1433=VECTOR('',#1432,2.5E-2);
#1434=CARTESIAN_POINT('',(-6.875E-1,1.125E-1,-7.345E-1));
#1435=LINE('',#1434,#1433);
#1436=DIRECTION('',(0.E0,0.E0,-1.E0));
#1437=VECTOR('',#1436,3.45E-2);
#1438=CARTESIAN_POINT('',(-5.875E-1,-8.75E-2,-5.5E-1));
#1439=LINE('',#1438,#1437);
#1440=CARTESIAN_POINT('',(-5.875E-1,-1.375E-1,-5.845E-1));
#1441=DIRECTION('',(-1.E0,0.E0,0.E0));
#1442=DIRECTION('',(0.E0,1.E0,0.E0));
#1443=AXIS2_PLACEMENT_3D('',#1440,#1441,#1442);
#1445=DIRECTION('',(0.E0,-1.E0,0.E0));
#1446=VECTOR('',#1445,1.365E-1);
#1447=CARTESIAN_POINT('',(-5.875E-1,-1.375E-1,-6.345E-1));
#1448=LINE('',#1447,#1446);
#1449=DIRECTION('',(0.E0,0.E0,1.E0));
#1450=VECTOR('',#1449,2.5E-2);
#1451=CARTESIAN_POINT('',(-5.875E-1,-2.74E-1,-6.345E-1));
#1452=LINE('',#1451,#1450);
#1453=DIRECTION('',(0.E0,1.E0,0.E0));
#1454=VECTOR('',#1453,1.365E-1);
#1455=CARTESIAN_POINT('',(-5.875E-1,-2.74E-1,-6.095E-1));
#1456=LINE('',#1455,#1454);
#1457=CARTESIAN_POINT('',(-5.875E-1,-1.375E-1,-5.845E-1));
#1458=DIRECTION('',(1.E0,0.E0,0.E0));
#1459=DIRECTION('',(0.E0,0.E0,-1.E0));
#1460=AXIS2_PLACEMENT_3D('',#1457,#1458,#1459);
#1462=DIRECTION('',(0.E0,0.E0,1.E0));
#1463=VECTOR('',#1462,3.45E-2);
#1464=CARTESIAN_POINT('',(-5.875E-1,-1.125E-1,-5.845E-1));
#1465=LINE('',#1464,#1463);
#1466=DIRECTION('',(0.E0,0.E0,-1.E0));
#1467=VECTOR('',#1466,1.845E-1);
#1468=CARTESIAN_POINT('',(-5.875E-1,1.125E-1,-5.5E-1));
#1469=LINE('',#1468,#1467);
#1470=CARTESIAN_POINT('',(-5.875E-1,6.25E-2,-7.345E-1));
#1471=DIRECTION('',(-1.E0,0.E0,0.E0));
#1472=DIRECTION('',(0.E0,1.E0,0.E0));
#1473=AXIS2_PLACEMENT_3D('',#1470,#1471,#1472);
#1475=DIRECTION('',(0.E0,-1.E0,0.E0));
#1476=VECTOR('',#1475,3.365E-1);
#1477=CARTESIAN_POINT('',(-5.875E-1,6.25E-2,-7.845E-1));
#1478=LINE('',#1477,#1476);
#1479=DIRECTION('',(0.E0,0.E0,1.E0));
#1480=VECTOR('',#1479,2.5E-2);
#1481=CARTESIAN_POINT('',(-5.875E-1,-2.74E-1,-7.845E-1));
#1482=LINE('',#1481,#1480);
#1483=DIRECTION('',(0.E0,1.E0,0.E0));
#1484=VECTOR('',#1483,3.365E-1);
#1485=CARTESIAN_POINT('',(-5.875E-1,-2.74E-1,-7.595E-1));
#1486=LINE('',#1485,#1484);
#1487=CARTESIAN_POINT('',(-5.875E-1,6.25E-2,-7.345E-1));
#1488=DIRECTION('',(1.E0,0.E0,0.E0));
#1489=DIRECTION('',(0.E0,0.E0,-1.E0));
#1490=AXIS2_PLACEMENT_3D('',#1487,#1488,#1489);
#1492=DIRECTION('',(0.E0,0.E0,1.E0));
#1493=VECTOR('',#1492,1.845E-1);
#1494=CARTESIAN_POINT('',(-5.875E-1,8.75E-2,-7.345E-1));
#1495=LINE('',#1494,#1493);
#1496=DIRECTION('',(0.E0,0.E0,-1.E0));
#1497=VECTOR('',#1496,3.45E-2);
#1498=CARTESIAN_POINT('',(-6.125E-1,-8.75E-2,-5.5E-1));
#1499=LINE('',#1498,#1497);
#1500=DIRECTION('',(0.E0,0.E0,1.E0));
#1501=VECTOR('',#1500,3.45E-2);
#1502=CARTESIAN_POINT('',(-6.125E-1,-1.125E-1,-5.845E-1));
#1503=LINE('',#1502,#1501);
#1504=CARTESIAN_POINT('',(-6.125E-1,-1.375E-1,-5.845E-1));
#1505=DIRECTION('',(1.E0,0.E0,0.E0));
#1506=DIRECTION('',(0.E0,0.E0,-1.E0));
#1507=AXIS2_PLACEMENT_3D('',#1504,#1505,#1506);
#1509=DIRECTION('',(0.E0,1.E0,0.E0));
#1510=VECTOR('',#1509,1.365E-1);
#1511=CARTESIAN_POINT('',(-6.125E-1,-2.74E-1,-6.095E-1));
#1512=LINE('',#1511,#1510);
#1513=DIRECTION('',(0.E0,0.E0,1.E0));
#1514=VECTOR('',#1513,2.5E-2);
#1515=CARTESIAN_POINT('',(-6.125E-1,-2.74E-1,-6.345E-1));
#1516=LINE('',#1515,#1514);
#1517=DIRECTION('',(0.E0,-1.E0,0.E0));
#1518=VECTOR('',#1517,1.365E-1);
#1519=CARTESIAN_POINT('',(-6.125E-1,-1.375E-1,-6.345E-1));
#1520=LINE('',#1519,#1518);
#1521=CARTESIAN_POINT('',(-6.125E-1,-1.375E-1,-5.845E-1));
#1522=DIRECTION('',(-1.E0,0.E0,0.E0));
#1523=DIRECTION('',(0.E0,1.E0,0.E0));
#1524=AXIS2_PLACEMENT_3D('',#1521,#1522,#1523);
#1526=DIRECTION('',(0.E0,0.E0,-1.E0));
#1527=VECTOR('',#1526,1.845E-1);
#1528=CARTESIAN_POINT('',(-6.125E-1,1.125E-1,-5.5E-1));
#1529=LINE('',#1528,#1527);
#1530=DIRECTION('',(0.E0,0.E0,1.E0));
#1531=VECTOR('',#1530,1.845E-1);
#1532=CARTESIAN_POINT('',(-6.125E-1,8.75E-2,-7.345E-1));
#1533=LINE('',#1532,#1531);
#1534=CARTESIAN_POINT('',(-6.125E-1,6.25E-2,-7.345E-1));
#1535=DIRECTION('',(1.E0,0.E0,0.E0));
#1536=DIRECTION('',(0.E0,0.E0,-1.E0));
#1537=AXIS2_PLACEMENT_3D('',#1534,#1535,#1536);
#1539=DIRECTION('',(0.E0,1.E0,0.E0));
#1540=VECTOR('',#1539,3.365E-1);
#1541=CARTESIAN_POINT('',(-6.125E-1,-2.74E-1,-7.595E-1));
#1542=LINE('',#1541,#1540);
#1543=DIRECTION('',(0.E0,0.E0,1.E0));
#1544=VECTOR('',#1543,2.5E-2);
#1545=CARTESIAN_POINT('',(-6.125E-1,-2.74E-1,-7.845E-1));
#1546=LINE('',#1545,#1544);
#1547=DIRECTION('',(0.E0,-1.E0,0.E0));
#1548=VECTOR('',#1547,3.365E-1);
#1549=CARTESIAN_POINT('',(-6.125E-1,6.25E-2,-7.845E-1));
#1550=LINE('',#1549,#1548);
#1551=CARTESIAN_POINT('',(-6.125E-1,6.25E-2,-7.345E-1));
#1552=DIRECTION('',(-1.E0,0.E0,0.E0));
#1553=DIRECTION('',(0.E0,1.E0,0.E0));
#1554=AXIS2_PLACEMENT_3D('',#1551,#1552,#1553);
#1556=DIRECTION('',(-1.E0,0.E0,0.E0));
#1557=VECTOR('',#1556,2.5E-2);
#1558=CARTESIAN_POINT('',(-5.875E-1,-1.125E-1,-5.845E-1));
#1559=LINE('',#1558,#1557);
#1560=DIRECTION('',(-1.E0,0.E0,0.E0));
#1561=VECTOR('',#1560,2.5E-2);
#1562=CARTESIAN_POINT('',(-5.875E-1,-1.375E-1,-6.095E-1));
#1563=LINE('',#1562,#1561);
#1564=DIRECTION('',(-1.E0,0.E0,0.E0));
#1565=VECTOR('',#1564,2.5E-2);
#1566=CARTESIAN_POINT('',(-5.875E-1,-2.74E-1,-6.095E-1));
#1567=LINE('',#1566,#1565);
#1568=DIRECTION('',(-1.E0,0.E0,0.E0));
#1569=VECTOR('',#1568,2.5E-2);
#1570=CARTESIAN_POINT('',(-5.875E-1,-2.74E-1,-6.345E-1));
#1571=LINE('',#1570,#1569);
#1572=DIRECTION('',(-1.E0,0.E0,0.E0));
#1573=VECTOR('',#1572,2.5E-2);
#1574=CARTESIAN_POINT('',(-5.875E-1,-1.375E-1,-6.345E-1));
#1575=LINE('',#1574,#1573);
#1576=DIRECTION('',(-1.E0,0.E0,0.E0));
#1577=VECTOR('',#1576,2.5E-2);
#1578=CARTESIAN_POINT('',(-5.875E-1,-8.75E-2,-5.845E-1));
#1579=LINE('',#1578,#1577);
#1580=DIRECTION('',(-1.E0,0.E0,0.E0));
#1581=VECTOR('',#1580,2.5E-2);
#1582=CARTESIAN_POINT('',(-5.875E-1,1.125E-1,-7.345E-1));
#1583=LINE('',#1582,#1581);
#1584=DIRECTION('',(-1.E0,0.E0,0.E0));
#1585=VECTOR('',#1584,2.5E-2);
#1586=CARTESIAN_POINT('',(-5.875E-1,6.25E-2,-7.845E-1));
#1587=LINE('',#1586,#1585);
#1588=DIRECTION('',(-1.E0,0.E0,0.E0));
#1589=VECTOR('',#1588,2.5E-2);
#1590=CARTESIAN_POINT('',(-5.875E-1,-2.74E-1,-7.845E-1));
#1591=LINE('',#1590,#1589);
#1592=DIRECTION('',(-1.E0,0.E0,0.E0));
#1593=VECTOR('',#1592,2.5E-2);
#1594=CARTESIAN_POINT('',(-5.875E-1,-2.74E-1,-7.595E-1));
#1595=LINE('',#1594,#1593);
#1596=DIRECTION('',(-1.E0,0.E0,0.E0));
#1597=VECTOR('',#1596,2.5E-2);
#1598=CARTESIAN_POINT('',(-5.875E-1,6.25E-2,-7.595E-1));
#1599=LINE('',#1598,#1597);
#1600=DIRECTION('',(-1.E0,0.E0,0.E0));
#1601=VECTOR('',#1600,2.5E-2);
#1602=CARTESIAN_POINT('',(-5.875E-1,8.75E-2,-7.345E-1));
#1603=LINE('',#1602,#1601);
#1604=DIRECTION('',(0.E0,0.E0,-1.E0));
#1605=VECTOR('',#1604,3.45E-2);
#1606=CARTESIAN_POINT('',(-4.875E-1,-8.75E-2,-5.5E-1));
#1607=LINE('',#1606,#1605);
#1608=CARTESIAN_POINT('',(-4.875E-1,-1.375E-1,-5.845E-1));
#1609=DIRECTION('',(-1.E0,0.E0,0.E0));
#1610=DIRECTION('',(0.E0,1.E0,0.E0));
#1611=AXIS2_PLACEMENT_3D('',#1608,#1609,#1610);
#1613=DIRECTION('',(0.E0,-1.E0,0.E0));
#1614=VECTOR('',#1613,1.365E-1);
#1615=CARTESIAN_POINT('',(-4.875E-1,-1.375E-1,-6.345E-1));
#1616=LINE('',#1615,#1614);
#1617=DIRECTION('',(0.E0,0.E0,1.E0));
#1618=VECTOR('',#1617,2.5E-2);
#1619=CARTESIAN_POINT('',(-4.875E-1,-2.74E-1,-6.345E-1));
#1620=LINE('',#1619,#1618);
#1621=DIRECTION('',(0.E0,1.E0,0.E0));
#1622=VECTOR('',#1621,1.365E-1);
#1623=CARTESIAN_POINT('',(-4.875E-1,-2.74E-1,-6.095E-1));
#1624=LINE('',#1623,#1622);
#1625=CARTESIAN_POINT('',(-4.875E-1,-1.375E-1,-5.845E-1));
#1626=DIRECTION('',(1.E0,0.E0,0.E0));
#1627=DIRECTION('',(0.E0,0.E0,-1.E0));
#1628=AXIS2_PLACEMENT_3D('',#1625,#1626,#1627);
#1630=DIRECTION('',(0.E0,0.E0,1.E0));
#1631=VECTOR('',#1630,3.45E-2);
#1632=CARTESIAN_POINT('',(-4.875E-1,-1.125E-1,-5.845E-1));
#1633=LINE('',#1632,#1631);
#1634=DIRECTION('',(0.E0,0.E0,-1.E0));
#1635=VECTOR('',#1634,1.845E-1);
#1636=CARTESIAN_POINT('',(-4.875E-1,1.125E-1,-5.5E-1));
#1637=LINE('',#1636,#1635);
#1638=CARTESIAN_POINT('',(-4.875E-1,6.25E-2,-7.345E-1));
#1639=DIRECTION('',(-1.E0,0.E0,0.E0));
#1640=DIRECTION('',(0.E0,1.E0,0.E0));
#1641=AXIS2_PLACEMENT_3D('',#1638,#1639,#1640);
#1643=DIRECTION('',(0.E0,-1.E0,0.E0));
#1644=VECTOR('',#1643,3.365E-1);
#1645=CARTESIAN_POINT('',(-4.875E-1,6.25E-2,-7.845E-1));
#1646=LINE('',#1645,#1644);
#1647=DIRECTION('',(0.E0,0.E0,1.E0));
#1648=VECTOR('',#1647,2.5E-2);
#1649=CARTESIAN_POINT('',(-4.875E-1,-2.74E-1,-7.845E-1));
#1650=LINE('',#1649,#1648);
#1651=DIRECTION('',(0.E0,1.E0,0.E0));
#1652=VECTOR('',#1651,3.365E-1);
#1653=CARTESIAN_POINT('',(-4.875E-1,-2.74E-1,-7.595E-1));
#1654=LINE('',#1653,#1652);
#1655=CARTESIAN_POINT('',(-4.875E-1,6.25E-2,-7.345E-1));
#1656=DIRECTION('',(1.E0,0.E0,0.E0));
#1657=DIRECTION('',(0.E0,0.E0,-1.E0));
#1658=AXIS2_PLACEMENT_3D('',#1655,#1656,#1657);
#1660=DIRECTION('',(0.E0,0.E0,1.E0));
#1661=VECTOR('',#1660,1.845E-1);
#1662=CARTESIAN_POINT('',(-4.875E-1,8.75E-2,-7.345E-1));
#1663=LINE('',#1662,#1661);
#1664=DIRECTION('',(0.E0,0.E0,-1.E0));
#1665=VECTOR('',#1664,3.45E-2);
#1666=CARTESIAN_POINT('',(-5.125E-1,-8.75E-2,-5.5E-1));
#1667=LINE('',#1666,#1665);
#1668=DIRECTION('',(0.E0,0.E0,1.E0));
#1669=VECTOR('',#1668,3.45E-2);
#1670=CARTESIAN_POINT('',(-5.125E-1,-1.125E-1,-5.845E-1));
#1671=LINE('',#1670,#1669);
#1672=CARTESIAN_POINT('',(-5.125E-1,-1.375E-1,-5.845E-1));
#1673=DIRECTION('',(1.E0,0.E0,0.E0));
#1674=DIRECTION('',(0.E0,0.E0,-1.E0));
#1675=AXIS2_PLACEMENT_3D('',#1672,#1673,#1674);
#1677=DIRECTION('',(0.E0,1.E0,0.E0));
#1678=VECTOR('',#1677,1.365E-1);
#1679=CARTESIAN_POINT('',(-5.125E-1,-2.74E-1,-6.095E-1));
#1680=LINE('',#1679,#1678);
#1681=DIRECTION('',(0.E0,0.E0,1.E0));
#1682=VECTOR('',#1681,2.5E-2);
#1683=CARTESIAN_POINT('',(-5.125E-1,-2.74E-1,-6.345E-1));
#1684=LINE('',#1683,#1682);
#1685=DIRECTION('',(0.E0,-1.E0,0.E0));
#1686=VECTOR('',#1685,1.365E-1);
#1687=CARTESIAN_POINT('',(-5.125E-1,-1.375E-1,-6.345E-1));
#1688=LINE('',#1687,#1686);
#1689=CARTESIAN_POINT('',(-5.125E-1,-1.375E-1,-5.845E-1));
#1690=DIRECTION('',(-1.E0,0.E0,0.E0));
#1691=DIRECTION('',(0.E0,1.E0,0.E0));
#1692=AXIS2_PLACEMENT_3D('',#1689,#1690,#1691);
#1694=DIRECTION('',(0.E0,0.E0,-1.E0));
#1695=VECTOR('',#1694,1.845E-1);
#1696=CARTESIAN_POINT('',(-5.125E-1,1.125E-1,-5.5E-1));
#1697=LINE('',#1696,#1695);
#1698=DIRECTION('',(0.E0,0.E0,1.E0));
#1699=VECTOR('',#1698,1.845E-1);
#1700=CARTESIAN_POINT('',(-5.125E-1,8.75E-2,-7.345E-1));
#1701=LINE('',#1700,#1699);
#1702=CARTESIAN_POINT('',(-5.125E-1,6.25E-2,-7.345E-1));
#1703=DIRECTION('',(1.E0,0.E0,0.E0));
#1704=DIRECTION('',(0.E0,0.E0,-1.E0));
#1705=AXIS2_PLACEMENT_3D('',#1702,#1703,#1704);
#1707=DIRECTION('',(0.E0,1.E0,0.E0));
#1708=VECTOR('',#1707,3.365E-1);
#1709=CARTESIAN_POINT('',(-5.125E-1,-2.74E-1,-7.595E-1));
#1710=LINE('',#1709,#1708);
#1711=DIRECTION('',(0.E0,0.E0,1.E0));
#1712=VECTOR('',#1711,2.5E-2);
#1713=CARTESIAN_POINT('',(-5.125E-1,-2.74E-1,-7.845E-1));
#1714=LINE('',#1713,#1712);
#1715=DIRECTION('',(0.E0,-1.E0,0.E0));
#1716=VECTOR('',#1715,3.365E-1);
#1717=CARTESIAN_POINT('',(-5.125E-1,6.25E-2,-7.845E-1));
#1718=LINE('',#1717,#1716);
#1719=CARTESIAN_POINT('',(-5.125E-1,6.25E-2,-7.345E-1));
#1720=DIRECTION('',(-1.E0,0.E0,0.E0));
#1721=DIRECTION('',(0.E0,1.E0,0.E0));
#1722=AXIS2_PLACEMENT_3D('',#1719,#1720,#1721);
#1724=DIRECTION('',(-1.E0,0.E0,0.E0));
#1725=VECTOR('',#1724,2.5E-2);
#1726=CARTESIAN_POINT('',(-4.875E-1,-1.125E-1,-5.845E-1));
#1727=LINE('',#1726,#1725);
#1728=DIRECTION('',(-1.E0,0.E0,0.E0));
#1729=VECTOR('',#1728,2.5E-2);
#1730=CARTESIAN_POINT('',(-4.875E-1,-1.375E-1,-6.095E-1));
#1731=LINE('',#1730,#1729);
#1732=DIRECTION('',(-1.E0,0.E0,0.E0));
#1733=VECTOR('',#1732,2.5E-2);
#1734=CARTESIAN_POINT('',(-4.875E-1,-2.74E-1,-6.095E-1));
#1735=LINE('',#1734,#1733);
#1736=DIRECTION('',(-1.E0,0.E0,0.E0));
#1737=VECTOR('',#1736,2.5E-2);
#1738=CARTESIAN_POINT('',(-4.875E-1,-2.74E-1,-6.345E-1));
#1739=LINE('',#1738,#1737);
#1740=DIRECTION('',(-1.E0,0.E0,0.E0));
#1741=VECTOR('',#1740,2.5E-2);
#1742=CARTESIAN_POINT('',(-4.875E-1,-1.375E-1,-6.345E-1));
#1743=LINE('',#1742,#1741);
#1744=DIRECTION('',(-1.E0,0.E0,0.E0));
#1745=VECTOR('',#1744,2.5E-2);
#1746=CARTESIAN_POINT('',(-4.875E-1,-8.75E-2,-5.845E-1));
#1747=LINE('',#1746,#1745);
#1748=DIRECTION('',(-1.E0,0.E0,0.E0));
#1749=VECTOR('',#1748,2.5E-2);
#1750=CARTESIAN_POINT('',(-4.875E-1,1.125E-1,-7.345E-1));
#1751=LINE('',#1750,#1749);
#1752=DIRECTION('',(-1.E0,0.E0,0.E0));
#1753=VECTOR('',#1752,2.5E-2);
#1754=CARTESIAN_POINT('',(-4.875E-1,6.25E-2,-7.845E-1));
#1755=LINE('',#1754,#1753);
#1756=DIRECTION('',(-1.E0,0.E0,0.E0));
#1757=VECTOR('',#1756,2.5E-2);
#1758=CARTESIAN_POINT('',(-4.875E-1,-2.74E-1,-7.845E-1));
#1759=LINE('',#1758,#1757);
#1760=DIRECTION('',(-1.E0,0.E0,0.E0));
#1761=VECTOR('',#1760,2.5E-2);
#1762=CARTESIAN_POINT('',(-4.875E-1,-2.74E-1,-7.595E-1));
#1763=LINE('',#1762,#1761);
#1764=DIRECTION('',(-1.E0,0.E0,0.E0));
#1765=VECTOR('',#1764,2.5E-2);
#1766=CARTESIAN_POINT('',(-4.875E-1,6.25E-2,-7.595E-1));
#1767=LINE('',#1766,#1765);
#1768=DIRECTION('',(-1.E0,0.E0,0.E0));
#1769=VECTOR('',#1768,2.5E-2);
#1770=CARTESIAN_POINT('',(-4.875E-1,8.75E-2,-7.345E-1));
#1771=LINE('',#1770,#1769);
#1772=DIRECTION('',(0.E0,0.E0,-1.E0));
#1773=VECTOR('',#1772,3.45E-2);
#1774=CARTESIAN_POINT('',(-3.875E-1,-8.75E-2,-5.5E-1));
#1775=LINE('',#1774,#1773);
#1776=CARTESIAN_POINT('',(-3.875E-1,-1.375E-1,-5.845E-1));
#1777=DIRECTION('',(-1.E0,0.E0,0.E0));
#1778=DIRECTION('',(0.E0,1.E0,0.E0));
#1779=AXIS2_PLACEMENT_3D('',#1776,#1777,#1778);
#1781=DIRECTION('',(0.E0,-1.E0,0.E0));
#1782=VECTOR('',#1781,1.365E-1);
#1783=CARTESIAN_POINT('',(-3.875E-1,-1.375E-1,-6.345E-1));
#1784=LINE('',#1783,#1782);
#1785=DIRECTION('',(0.E0,0.E0,1.E0));
#1786=VECTOR('',#1785,2.5E-2);
#1787=CARTESIAN_POINT('',(-3.875E-1,-2.74E-1,-6.345E-1));
#1788=LINE('',#1787,#1786);
#1789=DIRECTION('',(0.E0,1.E0,0.E0));
#1790=VECTOR('',#1789,1.365E-1);
#1791=CARTESIAN_POINT('',(-3.875E-1,-2.74E-1,-6.095E-1));
#1792=LINE('',#1791,#1790);
#1793=CARTESIAN_POINT('',(-3.875E-1,-1.375E-1,-5.845E-1));
#1794=DIRECTION('',(1.E0,0.E0,0.E0));
#1795=DIRECTION('',(0.E0,0.E0,-1.E0));
#1796=AXIS2_PLACEMENT_3D('',#1793,#1794,#1795);
#1798=DIRECTION('',(0.E0,0.E0,1.E0));
#1799=VECTOR('',#1798,3.45E-2);
#1800=CARTESIAN_POINT('',(-3.875E-1,-1.125E-1,-5.845E-1));
#1801=LINE('',#1800,#1799);
#1802=DIRECTION('',(0.E0,0.E0,-1.E0));
#1803=VECTOR('',#1802,1.845E-1);
#1804=CARTESIAN_POINT('',(-3.875E-1,1.125E-1,-5.5E-1));
#1805=LINE('',#1804,#1803);
#1806=CARTESIAN_POINT('',(-3.875E-1,6.25E-2,-7.345E-1));
#1807=DIRECTION('',(-1.E0,0.E0,0.E0));
#1808=DIRECTION('',(0.E0,1.E0,0.E0));
#1809=AXIS2_PLACEMENT_3D('',#1806,#1807,#1808);
#1811=DIRECTION('',(0.E0,-1.E0,0.E0));
#1812=VECTOR('',#1811,3.365E-1);
#1813=CARTESIAN_POINT('',(-3.875E-1,6.25E-2,-7.845E-1));
#1814=LINE('',#1813,#1812);
#1815=DIRECTION('',(0.E0,0.E0,1.E0));
#1816=VECTOR('',#1815,2.5E-2);
#1817=CARTESIAN_POINT('',(-3.875E-1,-2.74E-1,-7.845E-1));
#1818=LINE('',#1817,#1816);
#1819=DIRECTION('',(0.E0,1.E0,0.E0));
#1820=VECTOR('',#1819,3.365E-1);
#1821=CARTESIAN_POINT('',(-3.875E-1,-2.74E-1,-7.595E-1));
#1822=LINE('',#1821,#1820);
#1823=CARTESIAN_POINT('',(-3.875E-1,6.25E-2,-7.345E-1));
#1824=DIRECTION('',(1.E0,0.E0,0.E0));
#1825=DIRECTION('',(0.E0,0.E0,-1.E0));
#1826=AXIS2_PLACEMENT_3D('',#1823,#1824,#1825);
#1828=DIRECTION('',(0.E0,0.E0,1.E0));
#1829=VECTOR('',#1828,1.845E-1);
#1830=CARTESIAN_POINT('',(-3.875E-1,8.75E-2,-7.345E-1));
#1831=LINE('',#1830,#1829);
#1832=DIRECTION('',(0.E0,0.E0,-1.E0));
#1833=VECTOR('',#1832,3.45E-2);
#1834=CARTESIAN_POINT('',(-4.125E-1,-8.75E-2,-5.5E-1));
#1835=LINE('',#1834,#1833);
#1836=DIRECTION('',(0.E0,0.E0,1.E0));
#1837=VECTOR('',#1836,3.45E-2);
#1838=CARTESIAN_POINT('',(-4.125E-1,-1.125E-1,-5.845E-1));
#1839=LINE('',#1838,#1837);
#1840=CARTESIAN_POINT('',(-4.125E-1,-1.375E-1,-5.845E-1));
#1841=DIRECTION('',(1.E0,0.E0,0.E0));
#1842=DIRECTION('',(0.E0,0.E0,-1.E0));
#1843=AXIS2_PLACEMENT_3D('',#1840,#1841,#1842);
#1845=DIRECTION('',(0.E0,1.E0,0.E0));
#1846=VECTOR('',#1845,1.365E-1);
#1847=CARTESIAN_POINT('',(-4.125E-1,-2.74E-1,-6.095E-1));
#1848=LINE('',#1847,#1846);
#1849=DIRECTION('',(0.E0,0.E0,1.E0));
#1850=VECTOR('',#1849,2.5E-2);
#1851=CARTESIAN_POINT('',(-4.125E-1,-2.74E-1,-6.345E-1));
#1852=LINE('',#1851,#1850);
#1853=DIRECTION('',(0.E0,-1.E0,0.E0));
#1854=VECTOR('',#1853,1.365E-1);
#1855=CARTESIAN_POINT('',(-4.125E-1,-1.375E-1,-6.345E-1));
#1856=LINE('',#1855,#1854);
#1857=CARTESIAN_POINT('',(-4.125E-1,-1.375E-1,-5.845E-1));
#1858=DIRECTION('',(-1.E0,0.E0,0.E0));
#1859=DIRECTION('',(0.E0,1.E0,0.E0));
#1860=AXIS2_PLACEMENT_3D('',#1857,#1858,#1859);
#1862=DIRECTION('',(0.E0,0.E0,-1.E0));
#1863=VECTOR('',#1862,1.845E-1);
#1864=CARTESIAN_POINT('',(-4.125E-1,1.125E-1,-5.5E-1));
#1865=LINE('',#1864,#1863);
#1866=DIRECTION('',(0.E0,0.E0,1.E0));
#1867=VECTOR('',#1866,1.845E-1);
#1868=CARTESIAN_POINT('',(-4.125E-1,8.75E-2,-7.345E-1));
#1869=LINE('',#1868,#1867);
#1870=CARTESIAN_POINT('',(-4.125E-1,6.25E-2,-7.345E-1));
#1871=DIRECTION('',(1.E0,0.E0,0.E0));
#1872=DIRECTION('',(0.E0,0.E0,-1.E0));
#1873=AXIS2_PLACEMENT_3D('',#1870,#1871,#1872);
#1875=DIRECTION('',(0.E0,1.E0,0.E0));
#1876=VECTOR('',#1875,3.365E-1);
#1877=CARTESIAN_POINT('',(-4.125E-1,-2.74E-1,-7.595E-1));
#1878=LINE('',#1877,#1876);
#1879=DIRECTION('',(0.E0,0.E0,1.E0));
#1880=VECTOR('',#1879,2.5E-2);
#1881=CARTESIAN_POINT('',(-4.125E-1,-2.74E-1,-7.845E-1));
#1882=LINE('',#1881,#1880);
#1883=DIRECTION('',(0.E0,-1.E0,0.E0));
#1884=VECTOR('',#1883,3.365E-1);
#1885=CARTESIAN_POINT('',(-4.125E-1,6.25E-2,-7.845E-1));
#1886=LINE('',#1885,#1884);
#1887=CARTESIAN_POINT('',(-4.125E-1,6.25E-2,-7.345E-1));
#1888=DIRECTION('',(-1.E0,0.E0,0.E0));
#1889=DIRECTION('',(0.E0,1.E0,0.E0));
#1890=AXIS2_PLACEMENT_3D('',#1887,#1888,#1889);
#1892=DIRECTION('',(-1.E0,0.E0,0.E0));
#1893=VECTOR('',#1892,2.5E-2);
#1894=CARTESIAN_POINT('',(-3.875E-1,-1.125E-1,-5.845E-1));
#1895=LINE('',#1894,#1893);
#1896=DIRECTION('',(-1.E0,0.E0,0.E0));
#1897=VECTOR('',#1896,2.5E-2);
#1898=CARTESIAN_POINT('',(-3.875E-1,-1.375E-1,-6.095E-1));
#1899=LINE('',#1898,#1897);
#1900=DIRECTION('',(-1.E0,0.E0,0.E0));
#1901=VECTOR('',#1900,2.5E-2);
#1902=CARTESIAN_POINT('',(-3.875E-1,-2.74E-1,-6.095E-1));
#1903=LINE('',#1902,#1901);
#1904=DIRECTION('',(-1.E0,0.E0,0.E0));
#1905=VECTOR('',#1904,2.5E-2);
#1906=CARTESIAN_POINT('',(-3.875E-1,-2.74E-1,-6.345E-1));
#1907=LINE('',#1906,#1905);
#1908=DIRECTION('',(-1.E0,0.E0,0.E0));
#1909=VECTOR('',#1908,2.5E-2);
#1910=CARTESIAN_POINT('',(-3.875E-1,-1.375E-1,-6.345E-1));
#1911=LINE('',#1910,#1909);
#1912=DIRECTION('',(-1.E0,0.E0,0.E0));
#1913=VECTOR('',#1912,2.5E-2);
#1914=CARTESIAN_POINT('',(-3.875E-1,-8.75E-2,-5.845E-1));
#1915=LINE('',#1914,#1913);
#1916=DIRECTION('',(-1.E0,0.E0,0.E0));
#1917=VECTOR('',#1916,2.5E-2);
#1918=CARTESIAN_POINT('',(-3.875E-1,1.125E-1,-7.345E-1));
#1919=LINE('',#1918,#1917);
#1920=DIRECTION('',(-1.E0,0.E0,0.E0));
#1921=VECTOR('',#1920,2.5E-2);
#1922=CARTESIAN_POINT('',(-3.875E-1,6.25E-2,-7.845E-1));
#1923=LINE('',#1922,#1921);
#1924=DIRECTION('',(-1.E0,0.E0,0.E0));
#1925=VECTOR('',#1924,2.5E-2);
#1926=CARTESIAN_POINT('',(-3.875E-1,-2.74E-1,-7.845E-1));
#1927=LINE('',#1926,#1925);
#1928=DIRECTION('',(-1.E0,0.E0,0.E0));
#1929=VECTOR('',#1928,2.5E-2);
#1930=CARTESIAN_POINT('',(-3.875E-1,-2.74E-1,-7.595E-1));
#1931=LINE('',#1930,#1929);
#1932=DIRECTION('',(-1.E0,0.E0,0.E0));
#1933=VECTOR('',#1932,2.5E-2);
#1934=CARTESIAN_POINT('',(-3.875E-1,6.25E-2,-7.595E-1));
#1935=LINE('',#1934,#1933);
#1936=DIRECTION('',(-1.E0,0.E0,0.E0));
#1937=VECTOR('',#1936,2.5E-2);
#1938=CARTESIAN_POINT('',(-3.875E-1,8.75E-2,-7.345E-1));
#1939=LINE('',#1938,#1937);
#1940=DIRECTION('',(0.E0,0.E0,-1.E0));
#1941=VECTOR('',#1940,3.45E-2);
#1942=CARTESIAN_POINT('',(-2.875E-1,-8.75E-2,-5.5E-1));
#1943=LINE('',#1942,#1941);
#1944=CARTESIAN_POINT('',(-2.875E-1,-1.375E-1,-5.845E-1));
#1945=DIRECTION('',(-1.E0,0.E0,0.E0));
#1946=DIRECTION('',(0.E0,1.E0,0.E0));
#1947=AXIS2_PLACEMENT_3D('',#1944,#1945,#1946);
#1949=DIRECTION('',(0.E0,-1.E0,0.E0));
#1950=VECTOR('',#1949,1.365E-1);
#1951=CARTESIAN_POINT('',(-2.875E-1,-1.375E-1,-6.345E-1));
#1952=LINE('',#1951,#1950);
#1953=DIRECTION('',(0.E0,0.E0,1.E0));
#1954=VECTOR('',#1953,2.5E-2);
#1955=CARTESIAN_POINT('',(-2.875E-1,-2.74E-1,-6.345E-1));
#1956=LINE('',#1955,#1954);
#1957=DIRECTION('',(0.E0,1.E0,0.E0));
#1958=VECTOR('',#1957,1.365E-1);
#1959=CARTESIAN_POINT('',(-2.875E-1,-2.74E-1,-6.095E-1));
#1960=LINE('',#1959,#1958);
#1961=CARTESIAN_POINT('',(-2.875E-1,-1.375E-1,-5.845E-1));
#1962=DIRECTION('',(1.E0,0.E0,0.E0));
#1963=DIRECTION('',(0.E0,0.E0,-1.E0));
#1964=AXIS2_PLACEMENT_3D('',#1961,#1962,#1963);
#1966=DIRECTION('',(0.E0,0.E0,1.E0));
#1967=VECTOR('',#1966,3.45E-2);
#1968=CARTESIAN_POINT('',(-2.875E-1,-1.125E-1,-5.845E-1));
#1969=LINE('',#1968,#1967);
#1970=DIRECTION('',(0.E0,0.E0,-1.E0));
#1971=VECTOR('',#1970,1.845E-1);
#1972=CARTESIAN_POINT('',(-2.875E-1,1.125E-1,-5.5E-1));
#1973=LINE('',#1972,#1971);
#1974=CARTESIAN_POINT('',(-2.875E-1,6.25E-2,-7.345E-1));
#1975=DIRECTION('',(-1.E0,0.E0,0.E0));
#1976=DIRECTION('',(0.E0,1.E0,0.E0));
#1977=AXIS2_PLACEMENT_3D('',#1974,#1975,#1976);
#1979=DIRECTION('',(0.E0,-1.E0,0.E0));
#1980=VECTOR('',#1979,3.365E-1);
#1981=CARTESIAN_POINT('',(-2.875E-1,6.25E-2,-7.845E-1));
#1982=LINE('',#1981,#1980);
#1983=DIRECTION('',(0.E0,0.E0,1.E0));
#1984=VECTOR('',#1983,2.5E-2);
#1985=CARTESIAN_POINT('',(-2.875E-1,-2.74E-1,-7.845E-1));
#1986=LINE('',#1985,#1984);
#1987=DIRECTION('',(0.E0,1.E0,0.E0));
#1988=VECTOR('',#1987,3.365E-1);
#1989=CARTESIAN_POINT('',(-2.875E-1,-2.74E-1,-7.595E-1));
#1990=LINE('',#1989,#1988);
#1991=CARTESIAN_POINT('',(-2.875E-1,6.25E-2,-7.345E-1));
#1992=DIRECTION('',(1.E0,0.E0,0.E0));
#1993=DIRECTION('',(0.E0,0.E0,-1.E0));
#1994=AXIS2_PLACEMENT_3D('',#1991,#1992,#1993);
#1996=DIRECTION('',(0.E0,0.E0,1.E0));
#1997=VECTOR('',#1996,1.845E-1);
#1998=CARTESIAN_POINT('',(-2.875E-1,8.75E-2,-7.345E-1));
#1999=LINE('',#1998,#1997);
#2000=DIRECTION('',(0.E0,0.E0,-1.E0));
#2001=VECTOR('',#2000,3.45E-2);
#2002=CARTESIAN_POINT('',(-3.125E-1,-8.75E-2,-5.5E-1));
#2003=LINE('',#2002,#2001);
#2004=DIRECTION('',(0.E0,0.E0,1.E0));
#2005=VECTOR('',#2004,3.45E-2);
#2006=CARTESIAN_POINT('',(-3.125E-1,-1.125E-1,-5.845E-1));
#2007=LINE('',#2006,#2005);
#2008=CARTESIAN_POINT('',(-3.125E-1,-1.375E-1,-5.845E-1));
#2009=DIRECTION('',(1.E0,0.E0,0.E0));
#2010=DIRECTION('',(0.E0,0.E0,-1.E0));
#2011=AXIS2_PLACEMENT_3D('',#2008,#2009,#2010);
#2013=DIRECTION('',(0.E0,1.E0,0.E0));
#2014=VECTOR('',#2013,1.365E-1);
#2015=CARTESIAN_POINT('',(-3.125E-1,-2.74E-1,-6.095E-1));
#2016=LINE('',#2015,#2014);
#2017=DIRECTION('',(0.E0,0.E0,1.E0));
#2018=VECTOR('',#2017,2.5E-2);
#2019=CARTESIAN_POINT('',(-3.125E-1,-2.74E-1,-6.345E-1));
#2020=LINE('',#2019,#2018);
#2021=DIRECTION('',(0.E0,-1.E0,0.E0));
#2022=VECTOR('',#2021,1.365E-1);
#2023=CARTESIAN_POINT('',(-3.125E-1,-1.375E-1,-6.345E-1));
#2024=LINE('',#2023,#2022);
#2025=CARTESIAN_POINT('',(-3.125E-1,-1.375E-1,-5.845E-1));
#2026=DIRECTION('',(-1.E0,0.E0,0.E0));
#2027=DIRECTION('',(0.E0,1.E0,0.E0));
#2028=AXIS2_PLACEMENT_3D('',#2025,#2026,#2027);
#2030=DIRECTION('',(0.E0,0.E0,-1.E0));
#2031=VECTOR('',#2030,1.845E-1);
#2032=CARTESIAN_POINT('',(-3.125E-1,1.125E-1,-5.5E-1));
#2033=LINE('',#2032,#2031);
#2034=DIRECTION('',(0.E0,0.E0,1.E0));
#2035=VECTOR('',#2034,1.845E-1);
#2036=CARTESIAN_POINT('',(-3.125E-1,8.75E-2,-7.345E-1));
#2037=LINE('',#2036,#2035);
#2038=CARTESIAN_POINT('',(-3.125E-1,6.25E-2,-7.345E-1));
#2039=DIRECTION('',(1.E0,0.E0,0.E0));
#2040=DIRECTION('',(0.E0,0.E0,-1.E0));
#2041=AXIS2_PLACEMENT_3D('',#2038,#2039,#2040);
#2043=DIRECTION('',(0.E0,1.E0,0.E0));
#2044=VECTOR('',#2043,3.365E-1);
#2045=CARTESIAN_POINT('',(-3.125E-1,-2.74E-1,-7.595E-1));
#2046=LINE('',#2045,#2044);
#2047=DIRECTION('',(0.E0,0.E0,1.E0));
#2048=VECTOR('',#2047,2.5E-2);
#2049=CARTESIAN_POINT('',(-3.125E-1,-2.74E-1,-7.845E-1));
#2050=LINE('',#2049,#2048);
#2051=DIRECTION('',(0.E0,-1.E0,0.E0));
#2052=VECTOR('',#2051,3.365E-1);
#2053=CARTESIAN_POINT('',(-3.125E-1,6.25E-2,-7.845E-1));
#2054=LINE('',#2053,#2052);
#2055=CARTESIAN_POINT('',(-3.125E-1,6.25E-2,-7.345E-1));
#2056=DIRECTION('',(-1.E0,0.E0,0.E0));
#2057=DIRECTION('',(0.E0,1.E0,0.E0));
#2058=AXIS2_PLACEMENT_3D('',#2055,#2056,#2057);
#2060=DIRECTION('',(-1.E0,0.E0,0.E0));
#2061=VECTOR('',#2060,2.5E-2);
#2062=CARTESIAN_POINT('',(-2.875E-1,-1.125E-1,-5.845E-1));
#2063=LINE('',#2062,#2061);
#2064=DIRECTION('',(-1.E0,0.E0,0.E0));
#2065=VECTOR('',#2064,2.5E-2);
#2066=CARTESIAN_POINT('',(-2.875E-1,-1.375E-1,-6.095E-1));
#2067=LINE('',#2066,#2065);
#2068=DIRECTION('',(-1.E0,0.E0,0.E0));
#2069=VECTOR('',#2068,2.5E-2);
#2070=CARTESIAN_POINT('',(-2.875E-1,-2.74E-1,-6.095E-1));
#2071=LINE('',#2070,#2069);
#2072=DIRECTION('',(-1.E0,0.E0,0.E0));
#2073=VECTOR('',#2072,2.5E-2);
#2074=CARTESIAN_POINT('',(-2.875E-1,-2.74E-1,-6.345E-1));
#2075=LINE('',#2074,#2073);
#2076=DIRECTION('',(-1.E0,0.E0,0.E0));
#2077=VECTOR('',#2076,2.5E-2);
#2078=CARTESIAN_POINT('',(-2.875E-1,-1.375E-1,-6.345E-1));
#2079=LINE('',#2078,#2077);
#2080=DIRECTION('',(-1.E0,0.E0,0.E0));
#2081=VECTOR('',#2080,2.5E-2);
#2082=CARTESIAN_POINT('',(-2.875E-1,-8.75E-2,-5.845E-1));
#2083=LINE('',#2082,#2081);
#2084=DIRECTION('',(-1.E0,0.E0,0.E0));
#2085=VECTOR('',#2084,2.5E-2);
#2086=CARTESIAN_POINT('',(-2.875E-1,1.125E-1,-7.345E-1));
#2087=LINE('',#2086,#2085);
#2088=DIRECTION('',(-1.E0,0.E0,0.E0));
#2089=VECTOR('',#2088,2.5E-2);
#2090=CARTESIAN_POINT('',(-2.875E-1,6.25E-2,-7.845E-1));
#2091=LINE('',#2090,#2089);
#2092=DIRECTION('',(-1.E0,0.E0,0.E0));
#2093=VECTOR('',#2092,2.5E-2);
#2094=CARTESIAN_POINT('',(-2.875E-1,-2.74E-1,-7.845E-1));
#2095=LINE('',#2094,#2093);
#2096=DIRECTION('',(-1.E0,0.E0,0.E0));
#2097=VECTOR('',#2096,2.5E-2);
#2098=CARTESIAN_POINT('',(-2.875E-1,-2.74E-1,-7.595E-1));
#2099=LINE('',#2098,#2097);
#2100=DIRECTION('',(-1.E0,0.E0,0.E0));
#2101=VECTOR('',#2100,2.5E-2);
#2102=CARTESIAN_POINT('',(-2.875E-1,6.25E-2,-7.595E-1));
#2103=LINE('',#2102,#2101);
#2104=DIRECTION('',(-1.E0,0.E0,0.E0));
#2105=VECTOR('',#2104,2.5E-2);
#2106=CARTESIAN_POINT('',(-2.875E-1,8.75E-2,-7.345E-1));
#2107=LINE('',#2106,#2105);
#2108=DIRECTION('',(0.E0,0.E0,-1.E0));
#2109=VECTOR('',#2108,3.45E-2);
#2110=CARTESIAN_POINT('',(-1.875E-1,-8.75E-2,-5.5E-1));
#2111=LINE('',#2110,#2109);
#2112=CARTESIAN_POINT('',(-1.875E-1,-1.375E-1,-5.845E-1));
#2113=DIRECTION('',(-1.E0,0.E0,0.E0));
#2114=DIRECTION('',(0.E0,1.E0,0.E0));
#2115=AXIS2_PLACEMENT_3D('',#2112,#2113,#2114);
#2117=DIRECTION('',(0.E0,-1.E0,0.E0));
#2118=VECTOR('',#2117,1.365E-1);
#2119=CARTESIAN_POINT('',(-1.875E-1,-1.375E-1,-6.345E-1));
#2120=LINE('',#2119,#2118);
#2121=DIRECTION('',(0.E0,0.E0,1.E0));
#2122=VECTOR('',#2121,2.5E-2);
#2123=CARTESIAN_POINT('',(-1.875E-1,-2.74E-1,-6.345E-1));
#2124=LINE('',#2123,#2122);
#2125=DIRECTION('',(0.E0,1.E0,0.E0));
#2126=VECTOR('',#2125,1.365E-1);
#2127=CARTESIAN_POINT('',(-1.875E-1,-2.74E-1,-6.095E-1));
#2128=LINE('',#2127,#2126);
#2129=CARTESIAN_POINT('',(-1.875E-1,-1.375E-1,-5.845E-1));
#2130=DIRECTION('',(1.E0,0.E0,0.E0));
#2131=DIRECTION('',(0.E0,0.E0,-1.E0));
#2132=AXIS2_PLACEMENT_3D('',#2129,#2130,#2131);
#2134=DIRECTION('',(0.E0,0.E0,1.E0));
#2135=VECTOR('',#2134,3.45E-2);
#2136=CARTESIAN_POINT('',(-1.875E-1,-1.125E-1,-5.845E-1));
#2137=LINE('',#2136,#2135);
#2138=DIRECTION('',(0.E0,0.E0,-1.E0));
#2139=VECTOR('',#2138,1.845E-1);
#2140=CARTESIAN_POINT('',(-1.875E-1,1.125E-1,-5.5E-1));
#2141=LINE('',#2140,#2139);
#2142=CARTESIAN_POINT('',(-1.875E-1,6.25E-2,-7.345E-1));
#2143=DIRECTION('',(-1.E0,0.E0,0.E0));
#2144=DIRECTION('',(0.E0,1.E0,0.E0));
#2145=AXIS2_PLACEMENT_3D('',#2142,#2143,#2144);
#2147=DIRECTION('',(0.E0,-1.E0,0.E0));
#2148=VECTOR('',#2147,3.365E-1);
#2149=CARTESIAN_POINT('',(-1.875E-1,6.25E-2,-7.845E-1));
#2150=LINE('',#2149,#2148);
#2151=DIRECTION('',(0.E0,0.E0,1.E0));
#2152=VECTOR('',#2151,2.5E-2);
#2153=CARTESIAN_POINT('',(-1.875E-1,-2.74E-1,-7.845E-1));
#2154=LINE('',#2153,#2152);
#2155=DIRECTION('',(0.E0,1.E0,0.E0));
#2156=VECTOR('',#2155,3.365E-1);
#2157=CARTESIAN_POINT('',(-1.875E-1,-2.74E-1,-7.595E-1));
#2158=LINE('',#2157,#2156);
#2159=CARTESIAN_POINT('',(-1.875E-1,6.25E-2,-7.345E-1));
#2160=DIRECTION('',(1.E0,0.E0,0.E0));
#2161=DIRECTION('',(0.E0,0.E0,-1.E0));
#2162=AXIS2_PLACEMENT_3D('',#2159,#2160,#2161);
#2164=DIRECTION('',(0.E0,0.E0,1.E0));
#2165=VECTOR('',#2164,1.845E-1);
#2166=CARTESIAN_POINT('',(-1.875E-1,8.75E-2,-7.345E-1));
#2167=LINE('',#2166,#2165);
#2168=DIRECTION('',(0.E0,0.E0,-1.E0));
#2169=VECTOR('',#2168,3.45E-2);
#2170=CARTESIAN_POINT('',(-2.125E-1,-8.75E-2,-5.5E-1));
#2171=LINE('',#2170,#2169);
#2172=DIRECTION('',(0.E0,0.E0,1.E0));
#2173=VECTOR('',#2172,3.45E-2);
#2174=CARTESIAN_POINT('',(-2.125E-1,-1.125E-1,-5.845E-1));
#2175=LINE('',#2174,#2173);
#2176=CARTESIAN_POINT('',(-2.125E-1,-1.375E-1,-5.845E-1));
#2177=DIRECTION('',(1.E0,0.E0,0.E0));
#2178=DIRECTION('',(0.E0,0.E0,-1.E0));
#2179=AXIS2_PLACEMENT_3D('',#2176,#2177,#2178);
#2181=DIRECTION('',(0.E0,1.E0,0.E0));
#2182=VECTOR('',#2181,1.365E-1);
#2183=CARTESIAN_POINT('',(-2.125E-1,-2.74E-1,-6.095E-1));
#2184=LINE('',#2183,#2182);
#2185=DIRECTION('',(0.E0,0.E0,1.E0));
#2186=VECTOR('',#2185,2.5E-2);
#2187=CARTESIAN_POINT('',(-2.125E-1,-2.74E-1,-6.345E-1));
#2188=LINE('',#2187,#2186);
#2189=DIRECTION('',(0.E0,-1.E0,0.E0));
#2190=VECTOR('',#2189,1.365E-1);
#2191=CARTESIAN_POINT('',(-2.125E-1,-1.375E-1,-6.345E-1));
#2192=LINE('',#2191,#2190);
#2193=CARTESIAN_POINT('',(-2.125E-1,-1.375E-1,-5.845E-1));
#2194=DIRECTION('',(-1.E0,0.E0,0.E0));
#2195=DIRECTION('',(0.E0,1.E0,0.E0));
#2196=AXIS2_PLACEMENT_3D('',#2193,#2194,#2195);
#2198=DIRECTION('',(0.E0,0.E0,-1.E0));
#2199=VECTOR('',#2198,1.845E-1);
#2200=CARTESIAN_POINT('',(-2.125E-1,1.125E-1,-5.5E-1));
#2201=LINE('',#2200,#2199);
#2202=DIRECTION('',(0.E0,0.E0,1.E0));
#2203=VECTOR('',#2202,1.845E-1);
#2204=CARTESIAN_POINT('',(-2.125E-1,8.75E-2,-7.345E-1));
#2205=LINE('',#2204,#2203);
#2206=CARTESIAN_POINT('',(-2.125E-1,6.25E-2,-7.345E-1));
#2207=DIRECTION('',(1.E0,0.E0,0.E0));
#2208=DIRECTION('',(0.E0,0.E0,-1.E0));
#2209=AXIS2_PLACEMENT_3D('',#2206,#2207,#2208);
#2211=DIRECTION('',(0.E0,1.E0,0.E0));
#2212=VECTOR('',#2211,3.365E-1);
#2213=CARTESIAN_POINT('',(-2.125E-1,-2.74E-1,-7.595E-1));
#2214=LINE('',#2213,#2212);
#2215=DIRECTION('',(0.E0,0.E0,1.E0));
#2216=VECTOR('',#2215,2.5E-2);
#2217=CARTESIAN_POINT('',(-2.125E-1,-2.74E-1,-7.845E-1));
#2218=LINE('',#2217,#2216);
#2219=DIRECTION('',(0.E0,-1.E0,0.E0));
#2220=VECTOR('',#2219,3.365E-1);
#2221=CARTESIAN_POINT('',(-2.125E-1,6.25E-2,-7.845E-1));
#2222=LINE('',#2221,#2220);
#2223=CARTESIAN_POINT('',(-2.125E-1,6.25E-2,-7.345E-1));
#2224=DIRECTION('',(-1.E0,0.E0,0.E0));
#2225=DIRECTION('',(0.E0,1.E0,0.E0));
#2226=AXIS2_PLACEMENT_3D('',#2223,#2224,#2225);
#2228=DIRECTION('',(-1.E0,0.E0,0.E0));
#2229=VECTOR('',#2228,2.5E-2);
#2230=CARTESIAN_POINT('',(-1.875E-1,-1.125E-1,-5.845E-1));
#2231=LINE('',#2230,#2229);
#2232=DIRECTION('',(-1.E0,0.E0,0.E0));
#2233=VECTOR('',#2232,2.5E-2);
#2234=CARTESIAN_POINT('',(-1.875E-1,-1.375E-1,-6.095E-1));
#2235=LINE('',#2234,#2233);
#2236=DIRECTION('',(-1.E0,0.E0,0.E0));
#2237=VECTOR('',#2236,2.5E-2);
#2238=CARTESIAN_POINT('',(-1.875E-1,-2.74E-1,-6.095E-1));
#2239=LINE('',#2238,#2237);
#2240=DIRECTION('',(-1.E0,0.E0,0.E0));
#2241=VECTOR('',#2240,2.5E-2);
#2242=CARTESIAN_POINT('',(-1.875E-1,-2.74E-1,-6.345E-1));
#2243=LINE('',#2242,#2241);
#2244=DIRECTION('',(-1.E0,0.E0,0.E0));
#2245=VECTOR('',#2244,2.5E-2);
#2246=CARTESIAN_POINT('',(-1.875E-1,-1.375E-1,-6.345E-1));
#2247=LINE('',#2246,#2245);
#2248=DIRECTION('',(-1.E0,0.E0,0.E0));
#2249=VECTOR('',#2248,2.5E-2);
#2250=CARTESIAN_POINT('',(-1.875E-1,-8.75E-2,-5.845E-1));
#2251=LINE('',#2250,#2249);
#2252=DIRECTION('',(-1.E0,0.E0,0.E0));
#2253=VECTOR('',#2252,2.5E-2);
#2254=CARTESIAN_POINT('',(-1.875E-1,1.125E-1,-7.345E-1));
#2255=LINE('',#2254,#2253);
#2256=DIRECTION('',(-1.E0,0.E0,0.E0));
#2257=VECTOR('',#2256,2.5E-2);
#2258=CARTESIAN_POINT('',(-1.875E-1,6.25E-2,-7.845E-1));
#2259=LINE('',#2258,#2257);
#2260=DIRECTION('',(-1.E0,0.E0,0.E0));
#2261=VECTOR('',#2260,2.5E-2);
#2262=CARTESIAN_POINT('',(-1.875E-1,-2.74E-1,-7.845E-1));
#2263=LINE('',#2262,#2261);
#2264=DIRECTION('',(-1.E0,0.E0,0.E0));
#2265=VECTOR('',#2264,2.5E-2);
#2266=CARTESIAN_POINT('',(-1.875E-1,-2.74E-1,-7.595E-1));
#2267=LINE('',#2266,#2265);
#2268=DIRECTION('',(-1.E0,0.E0,0.E0));
#2269=VECTOR('',#2268,2.5E-2);
#2270=CARTESIAN_POINT('',(-1.875E-1,6.25E-2,-7.595E-1));
#2271=LINE('',#2270,#2269);
#2272=DIRECTION('',(-1.E0,0.E0,0.E0));
#2273=VECTOR('',#2272,2.5E-2);
#2274=CARTESIAN_POINT('',(-1.875E-1,8.75E-2,-7.345E-1));
#2275=LINE('',#2274,#2273);
#2276=DIRECTION('',(0.E0,0.E0,-1.E0));
#2277=VECTOR('',#2276,3.45E-2);
#2278=CARTESIAN_POINT('',(-8.75E-2,-8.75E-2,-5.5E-1));
#2279=LINE('',#2278,#2277);
#2280=CARTESIAN_POINT('',(-8.75E-2,-1.375E-1,-5.845E-1));
#2281=DIRECTION('',(-1.E0,0.E0,0.E0));
#2282=DIRECTION('',(0.E0,1.E0,0.E0));
#2283=AXIS2_PLACEMENT_3D('',#2280,#2281,#2282);
#2285=DIRECTION('',(0.E0,-1.E0,0.E0));
#2286=VECTOR('',#2285,1.365E-1);
#2287=CARTESIAN_POINT('',(-8.75E-2,-1.375E-1,-6.345E-1));
#2288=LINE('',#2287,#2286);
#2289=DIRECTION('',(0.E0,0.E0,1.E0));
#2290=VECTOR('',#2289,2.5E-2);
#2291=CARTESIAN_POINT('',(-8.75E-2,-2.74E-1,-6.345E-1));
#2292=LINE('',#2291,#2290);
#2293=DIRECTION('',(0.E0,1.E0,0.E0));
#2294=VECTOR('',#2293,1.365E-1);
#2295=CARTESIAN_POINT('',(-8.75E-2,-2.74E-1,-6.095E-1));
#2296=LINE('',#2295,#2294);
#2297=CARTESIAN_POINT('',(-8.75E-2,-1.375E-1,-5.845E-1));
#2298=DIRECTION('',(1.E0,0.E0,0.E0));
#2299=DIRECTION('',(0.E0,0.E0,-1.E0));
#2300=AXIS2_PLACEMENT_3D('',#2297,#2298,#2299);
#2302=DIRECTION('',(0.E0,0.E0,1.E0));
#2303=VECTOR('',#2302,3.45E-2);
#2304=CARTESIAN_POINT('',(-8.75E-2,-1.125E-1,-5.845E-1));
#2305=LINE('',#2304,#2303);
#2306=DIRECTION('',(0.E0,0.E0,-1.E0));
#2307=VECTOR('',#2306,1.845E-1);
#2308=CARTESIAN_POINT('',(-8.75E-2,1.125E-1,-5.5E-1));
#2309=LINE('',#2308,#2307);
#2310=CARTESIAN_POINT('',(-8.75E-2,6.25E-2,-7.345E-1));
#2311=DIRECTION('',(-1.E0,0.E0,0.E0));
#2312=DIRECTION('',(0.E0,1.E0,0.E0));
#2313=AXIS2_PLACEMENT_3D('',#2310,#2311,#2312);
#2315=DIRECTION('',(0.E0,-1.E0,0.E0));
#2316=VECTOR('',#2315,3.365E-1);
#2317=CARTESIAN_POINT('',(-8.75E-2,6.25E-2,-7.845E-1));
#2318=LINE('',#2317,#2316);
#2319=DIRECTION('',(0.E0,0.E0,1.E0));
#2320=VECTOR('',#2319,2.5E-2);
#2321=CARTESIAN_POINT('',(-8.75E-2,-2.74E-1,-7.845E-1));
#2322=LINE('',#2321,#2320);
#2323=DIRECTION('',(0.E0,1.E0,0.E0));
#2324=VECTOR('',#2323,3.365E-1);
#2325=CARTESIAN_POINT('',(-8.75E-2,-2.74E-1,-7.595E-1));
#2326=LINE('',#2325,#2324);
#2327=CARTESIAN_POINT('',(-8.75E-2,6.25E-2,-7.345E-1));
#2328=DIRECTION('',(1.E0,0.E0,0.E0));
#2329=DIRECTION('',(0.E0,0.E0,-1.E0));
#2330=AXIS2_PLACEMENT_3D('',#2327,#2328,#2329);
#2332=DIRECTION('',(0.E0,0.E0,1.E0));
#2333=VECTOR('',#2332,1.845E-1);
#2334=CARTESIAN_POINT('',(-8.75E-2,8.75E-2,-7.345E-1));
#2335=LINE('',#2334,#2333);
#2336=DIRECTION('',(0.E0,0.E0,-1.E0));
#2337=VECTOR('',#2336,3.45E-2);
#2338=CARTESIAN_POINT('',(-1.125E-1,-8.75E-2,-5.5E-1));
#2339=LINE('',#2338,#2337);
#2340=DIRECTION('',(0.E0,0.E0,1.E0));
#2341=VECTOR('',#2340,3.45E-2);
#2342=CARTESIAN_POINT('',(-1.125E-1,-1.125E-1,-5.845E-1));
#2343=LINE('',#2342,#2341);
#2344=CARTESIAN_POINT('',(-1.125E-1,-1.375E-1,-5.845E-1));
#2345=DIRECTION('',(1.E0,0.E0,0.E0));
#2346=DIRECTION('',(0.E0,0.E0,-1.E0));
#2347=AXIS2_PLACEMENT_3D('',#2344,#2345,#2346);
#2349=DIRECTION('',(0.E0,1.E0,0.E0));
#2350=VECTOR('',#2349,1.365E-1);
#2351=CARTESIAN_POINT('',(-1.125E-1,-2.74E-1,-6.095E-1));
#2352=LINE('',#2351,#2350);
#2353=DIRECTION('',(0.E0,0.E0,1.E0));
#2354=VECTOR('',#2353,2.5E-2);
#2355=CARTESIAN_POINT('',(-1.125E-1,-2.74E-1,-6.345E-1));
#2356=LINE('',#2355,#2354);
#2357=DIRECTION('',(0.E0,-1.E0,0.E0));
#2358=VECTOR('',#2357,1.365E-1);
#2359=CARTESIAN_POINT('',(-1.125E-1,-1.375E-1,-6.345E-1));
#2360=LINE('',#2359,#2358);
#2361=CARTESIAN_POINT('',(-1.125E-1,-1.375E-1,-5.845E-1));
#2362=DIRECTION('',(-1.E0,0.E0,0.E0));
#2363=DIRECTION('',(0.E0,1.E0,0.E0));
#2364=AXIS2_PLACEMENT_3D('',#2361,#2362,#2363);
#2366=DIRECTION('',(0.E0,0.E0,-1.E0));
#2367=VECTOR('',#2366,1.845E-1);
#2368=CARTESIAN_POINT('',(-1.125E-1,1.125E-1,-5.5E-1));
#2369=LINE('',#2368,#2367);
#2370=DIRECTION('',(0.E0,0.E0,1.E0));
#2371=VECTOR('',#2370,1.845E-1);
#2372=CARTESIAN_POINT('',(-1.125E-1,8.75E-2,-7.345E-1));
#2373=LINE('',#2372,#2371);
#2374=CARTESIAN_POINT('',(-1.125E-1,6.25E-2,-7.345E-1));
#2375=DIRECTION('',(1.E0,0.E0,0.E0));
#2376=DIRECTION('',(0.E0,0.E0,-1.E0));
#2377=AXIS2_PLACEMENT_3D('',#2374,#2375,#2376);
#2379=DIRECTION('',(0.E0,1.E0,0.E0));
#2380=VECTOR('',#2379,3.365E-1);
#2381=CARTESIAN_POINT('',(-1.125E-1,-2.74E-1,-7.595E-1));
#2382=LINE('',#2381,#2380);
#2383=DIRECTION('',(0.E0,0.E0,1.E0));
#2384=VECTOR('',#2383,2.5E-2);
#2385=CARTESIAN_POINT('',(-1.125E-1,-2.74E-1,-7.845E-1));
#2386=LINE('',#2385,#2384);
#2387=DIRECTION('',(0.E0,-1.E0,0.E0));
#2388=VECTOR('',#2387,3.365E-1);
#2389=CARTESIAN_POINT('',(-1.125E-1,6.25E-2,-7.845E-1));
#2390=LINE('',#2389,#2388);
#2391=CARTESIAN_POINT('',(-1.125E-1,6.25E-2,-7.345E-1));
#2392=DIRECTION('',(-1.E0,0.E0,0.E0));
#2393=DIRECTION('',(0.E0,1.E0,0.E0));
#2394=AXIS2_PLACEMENT_3D('',#2391,#2392,#2393);
#2396=DIRECTION('',(-1.E0,0.E0,0.E0));
#2397=VECTOR('',#2396,2.5E-2);
#2398=CARTESIAN_POINT('',(-8.75E-2,-1.125E-1,-5.845E-1));
#2399=LINE('',#2398,#2397);
#2400=DIRECTION('',(-1.E0,0.E0,0.E0));
#2401=VECTOR('',#2400,2.5E-2);
#2402=CARTESIAN_POINT('',(-8.75E-2,-1.375E-1,-6.095E-1));
#2403=LINE('',#2402,#2401);
#2404=DIRECTION('',(-1.E0,0.E0,0.E0));
#2405=VECTOR('',#2404,2.5E-2);
#2406=CARTESIAN_POINT('',(-8.75E-2,-2.74E-1,-6.095E-1));
#2407=LINE('',#2406,#2405);
#2408=DIRECTION('',(-1.E0,0.E0,0.E0));
#2409=VECTOR('',#2408,2.5E-2);
#2410=CARTESIAN_POINT('',(-8.75E-2,-2.74E-1,-6.345E-1));
#2411=LINE('',#2410,#2409);
#2412=DIRECTION('',(-1.E0,0.E0,0.E0));
#2413=VECTOR('',#2412,2.5E-2);
#2414=CARTESIAN_POINT('',(-8.75E-2,-1.375E-1,-6.345E-1));
#2415=LINE('',#2414,#2413);
#2416=DIRECTION('',(-1.E0,0.E0,0.E0));
#2417=VECTOR('',#2416,2.5E-2);
#2418=CARTESIAN_POINT('',(-8.75E-2,-8.75E-2,-5.845E-1));
#2419=LINE('',#2418,#2417);
#2420=DIRECTION('',(-1.E0,0.E0,0.E0));
#2421=VECTOR('',#2420,2.5E-2);
#2422=CARTESIAN_POINT('',(-8.75E-2,1.125E-1,-7.345E-1));
#2423=LINE('',#2422,#2421);
#2424=DIRECTION('',(-1.E0,0.E0,0.E0));
#2425=VECTOR('',#2424,2.5E-2);
#2426=CARTESIAN_POINT('',(-8.75E-2,6.25E-2,-7.845E-1));
#2427=LINE('',#2426,#2425);
#2428=DIRECTION('',(-1.E0,0.E0,0.E0));
#2429=VECTOR('',#2428,2.5E-2);
#2430=CARTESIAN_POINT('',(-8.75E-2,-2.74E-1,-7.845E-1));
#2431=LINE('',#2430,#2429);
#2432=DIRECTION('',(-1.E0,0.E0,0.E0));
#2433=VECTOR('',#2432,2.5E-2);
#2434=CARTESIAN_POINT('',(-8.75E-2,-2.74E-1,-7.595E-1));
#2435=LINE('',#2434,#2433);
#2436=DIRECTION('',(-1.E0,0.E0,0.E0));
#2437=VECTOR('',#2436,2.5E-2);
#2438=CARTESIAN_POINT('',(-8.75E-2,6.25E-2,-7.595E-1));
#2439=LINE('',#2438,#2437);
#2440=DIRECTION('',(-1.E0,0.E0,0.E0));
#2441=VECTOR('',#2440,2.5E-2);
#2442=CARTESIAN_POINT('',(-8.75E-2,8.75E-2,-7.345E-1));
#2443=LINE('',#2442,#2441);
#2444=DIRECTION('',(0.E0,0.E0,-1.E0));
#2445=VECTOR('',#2444,3.45E-2);
#2446=CARTESIAN_POINT('',(1.25E-2,-8.75E-2,-5.5E-1));
#2447=LINE('',#2446,#2445);
#2448=CARTESIAN_POINT('',(1.25E-2,-1.375E-1,-5.845E-1));
#2449=DIRECTION('',(-1.E0,0.E0,0.E0));
#2450=DIRECTION('',(0.E0,1.E0,0.E0));
#2451=AXIS2_PLACEMENT_3D('',#2448,#2449,#2450);
#2453=DIRECTION('',(0.E0,-1.E0,0.E0));
#2454=VECTOR('',#2453,1.365E-1);
#2455=CARTESIAN_POINT('',(1.25E-2,-1.375E-1,-6.345E-1));
#2456=LINE('',#2455,#2454);
#2457=DIRECTION('',(0.E0,0.E0,1.E0));
#2458=VECTOR('',#2457,2.5E-2);
#2459=CARTESIAN_POINT('',(1.25E-2,-2.74E-1,-6.345E-1));
#2460=LINE('',#2459,#2458);
#2461=DIRECTION('',(0.E0,1.E0,0.E0));
#2462=VECTOR('',#2461,1.365E-1);
#2463=CARTESIAN_POINT('',(1.25E-2,-2.74E-1,-6.095E-1));
#2464=LINE('',#2463,#2462);
#2465=CARTESIAN_POINT('',(1.25E-2,-1.375E-1,-5.845E-1));
#2466=DIRECTION('',(1.E0,0.E0,0.E0));
#2467=DIRECTION('',(0.E0,0.E0,-1.E0));
#2468=AXIS2_PLACEMENT_3D('',#2465,#2466,#2467);
#2470=DIRECTION('',(0.E0,0.E0,1.E0));
#2471=VECTOR('',#2470,3.45E-2);
#2472=CARTESIAN_POINT('',(1.25E-2,-1.125E-1,-5.845E-1));
#2473=LINE('',#2472,#2471);
#2474=DIRECTION('',(0.E0,0.E0,-1.E0));
#2475=VECTOR('',#2474,1.845E-1);
#2476=CARTESIAN_POINT('',(1.25E-2,1.125E-1,-5.5E-1));
#2477=LINE('',#2476,#2475);
#2478=CARTESIAN_POINT('',(1.25E-2,6.25E-2,-7.345E-1));
#2479=DIRECTION('',(-1.E0,0.E0,0.E0));
#2480=DIRECTION('',(0.E0,1.E0,0.E0));
#2481=AXIS2_PLACEMENT_3D('',#2478,#2479,#2480);
#2483=DIRECTION('',(0.E0,-1.E0,0.E0));
#2484=VECTOR('',#2483,3.365E-1);
#2485=CARTESIAN_POINT('',(1.25E-2,6.25E-2,-7.845E-1));
#2486=LINE('',#2485,#2484);
#2487=DIRECTION('',(0.E0,0.E0,1.E0));
#2488=VECTOR('',#2487,2.5E-2);
#2489=CARTESIAN_POINT('',(1.25E-2,-2.74E-1,-7.845E-1));
#2490=LINE('',#2489,#2488);
#2491=DIRECTION('',(0.E0,1.E0,0.E0));
#2492=VECTOR('',#2491,3.365E-1);
#2493=CARTESIAN_POINT('',(1.25E-2,-2.74E-1,-7.595E-1));
#2494=LINE('',#2493,#2492);
#2495=CARTESIAN_POINT('',(1.25E-2,6.25E-2,-7.345E-1));
#2496=DIRECTION('',(1.E0,0.E0,0.E0));
#2497=DIRECTION('',(0.E0,0.E0,-1.E0));
#2498=AXIS2_PLACEMENT_3D('',#2495,#2496,#2497);
#2500=DIRECTION('',(0.E0,0.E0,1.E0));
#2501=VECTOR('',#2500,1.845E-1);
#2502=CARTESIAN_POINT('',(1.25E-2,8.75E-2,-7.345E-1));
#2503=LINE('',#2502,#2501);
#2504=DIRECTION('',(0.E0,0.E0,-1.E0));
#2505=VECTOR('',#2504,3.45E-2);
#2506=CARTESIAN_POINT('',(-1.25E-2,-8.75E-2,-5.5E-1));
#2507=LINE('',#2506,#2505);
#2508=DIRECTION('',(0.E0,0.E0,1.E0));
#2509=VECTOR('',#2508,3.45E-2);
#2510=CARTESIAN_POINT('',(-1.25E-2,-1.125E-1,-5.845E-1));
#2511=LINE('',#2510,#2509);
#2512=CARTESIAN_POINT('',(-1.25E-2,-1.375E-1,-5.845E-1));
#2513=DIRECTION('',(1.E0,0.E0,0.E0));
#2514=DIRECTION('',(0.E0,0.E0,-1.E0));
#2515=AXIS2_PLACEMENT_3D('',#2512,#2513,#2514);
#2517=DIRECTION('',(0.E0,1.E0,0.E0));
#2518=VECTOR('',#2517,1.365E-1);
#2519=CARTESIAN_POINT('',(-1.25E-2,-2.74E-1,-6.095E-1));
#2520=LINE('',#2519,#2518);
#2521=DIRECTION('',(0.E0,0.E0,1.E0));
#2522=VECTOR('',#2521,2.5E-2);
#2523=CARTESIAN_POINT('',(-1.25E-2,-2.74E-1,-6.345E-1));
#2524=LINE('',#2523,#2522);
#2525=DIRECTION('',(0.E0,-1.E0,0.E0));
#2526=VECTOR('',#2525,1.365E-1);
#2527=CARTESIAN_POINT('',(-1.25E-2,-1.375E-1,-6.345E-1));
#2528=LINE('',#2527,#2526);
#2529=CARTESIAN_POINT('',(-1.25E-2,-1.375E-1,-5.845E-1));
#2530=DIRECTION('',(-1.E0,0.E0,0.E0));
#2531=DIRECTION('',(0.E0,1.E0,0.E0));
#2532=AXIS2_PLACEMENT_3D('',#2529,#2530,#2531);
#2534=DIRECTION('',(0.E0,0.E0,-1.E0));
#2535=VECTOR('',#2534,1.845E-1);
#2536=CARTESIAN_POINT('',(-1.25E-2,1.125E-1,-5.5E-1));
#2537=LINE('',#2536,#2535);
#2538=DIRECTION('',(0.E0,0.E0,1.E0));
#2539=VECTOR('',#2538,1.845E-1);
#2540=CARTESIAN_POINT('',(-1.25E-2,8.75E-2,-7.345E-1));
#2541=LINE('',#2540,#2539);
#2542=CARTESIAN_POINT('',(-1.25E-2,6.25E-2,-7.345E-1));
#2543=DIRECTION('',(1.E0,0.E0,0.E0));
#2544=DIRECTION('',(0.E0,0.E0,-1.E0));
#2545=AXIS2_PLACEMENT_3D('',#2542,#2543,#2544);
#2547=DIRECTION('',(0.E0,1.E0,0.E0));
#2548=VECTOR('',#2547,3.365E-1);
#2549=CARTESIAN_POINT('',(-1.25E-2,-2.74E-1,-7.595E-1));
#2550=LINE('',#2549,#2548);
#2551=DIRECTION('',(0.E0,0.E0,1.E0));
#2552=VECTOR('',#2551,2.5E-2);
#2553=CARTESIAN_POINT('',(-1.25E-2,-2.74E-1,-7.845E-1));
#2554=LINE('',#2553,#2552);
#2555=DIRECTION('',(0.E0,-1.E0,0.E0));
#2556=VECTOR('',#2555,3.365E-1);
#2557=CARTESIAN_POINT('',(-1.25E-2,6.25E-2,-7.845E-1));
#2558=LINE('',#2557,#2556);
#2559=CARTESIAN_POINT('',(-1.25E-2,6.25E-2,-7.345E-1));
#2560=DIRECTION('',(-1.E0,0.E0,0.E0));
#2561=DIRECTION('',(0.E0,1.E0,0.E0));
#2562=AXIS2_PLACEMENT_3D('',#2559,#2560,#2561);
#2564=DIRECTION('',(-1.E0,0.E0,0.E0));
#2565=VECTOR('',#2564,2.5E-2);
#2566=CARTESIAN_POINT('',(1.25E-2,-1.125E-1,-5.845E-1));
#2567=LINE('',#2566,#2565);
#2568=DIRECTION('',(-1.E0,0.E0,0.E0));
#2569=VECTOR('',#2568,2.5E-2);
#2570=CARTESIAN_POINT('',(1.25E-2,-1.375E-1,-6.095E-1));
#2571=LINE('',#2570,#2569);
#2572=DIRECTION('',(-1.E0,0.E0,0.E0));
#2573=VECTOR('',#2572,2.5E-2);
#2574=CARTESIAN_POINT('',(1.25E-2,-2.74E-1,-6.095E-1));
#2575=LINE('',#2574,#2573);
#2576=DIRECTION('',(-1.E0,0.E0,0.E0));
#2577=VECTOR('',#2576,2.5E-2);
#2578=CARTESIAN_POINT('',(1.25E-2,-2.74E-1,-6.345E-1));
#2579=LINE('',#2578,#2577);
#2580=DIRECTION('',(-1.E0,0.E0,0.E0));
#2581=VECTOR('',#2580,2.5E-2);
#2582=CARTESIAN_POINT('',(1.25E-2,-1.375E-1,-6.345E-1));
#2583=LINE('',#2582,#2581);
#2584=DIRECTION('',(-1.E0,0.E0,0.E0));
#2585=VECTOR('',#2584,2.5E-2);
#2586=CARTESIAN_POINT('',(1.25E-2,-8.75E-2,-5.845E-1));
#2587=LINE('',#2586,#2585);
#2588=DIRECTION('',(-1.E0,0.E0,0.E0));
#2589=VECTOR('',#2588,2.5E-2);
#2590=CARTESIAN_POINT('',(1.25E-2,1.125E-1,-7.345E-1));
#2591=LINE('',#2590,#2589);
#2592=DIRECTION('',(-1.E0,0.E0,0.E0));
#2593=VECTOR('',#2592,2.5E-2);
#2594=CARTESIAN_POINT('',(1.25E-2,6.25E-2,-7.845E-1));
#2595=LINE('',#2594,#2593);
#2596=DIRECTION('',(-1.E0,0.E0,0.E0));
#2597=VECTOR('',#2596,2.5E-2);
#2598=CARTESIAN_POINT('',(1.25E-2,-2.74E-1,-7.845E-1));
#2599=LINE('',#2598,#2597);
#2600=DIRECTION('',(-1.E0,0.E0,0.E0));
#2601=VECTOR('',#2600,2.5E-2);
#2602=CARTESIAN_POINT('',(1.25E-2,-2.74E-1,-7.595E-1));
#2603=LINE('',#2602,#2601);
#2604=DIRECTION('',(-1.E0,0.E0,0.E0));
#2605=VECTOR('',#2604,2.5E-2);
#2606=CARTESIAN_POINT('',(1.25E-2,6.25E-2,-7.595E-1));
#2607=LINE('',#2606,#2605);
#2608=DIRECTION('',(-1.E0,0.E0,0.E0));
#2609=VECTOR('',#2608,2.5E-2);
#2610=CARTESIAN_POINT('',(1.25E-2,8.75E-2,-7.345E-1));
#2611=LINE('',#2610,#2609);
#2612=DIRECTION('',(0.E0,0.E0,-1.E0));
#2613=VECTOR('',#2612,3.45E-2);
#2614=CARTESIAN_POINT('',(1.125E-1,-8.75E-2,-5.5E-1));
#2615=LINE('',#2614,#2613);
#2616=CARTESIAN_POINT('',(1.125E-1,-1.375E-1,-5.845E-1));
#2617=DIRECTION('',(-1.E0,0.E0,0.E0));
#2618=DIRECTION('',(0.E0,1.E0,0.E0));
#2619=AXIS2_PLACEMENT_3D('',#2616,#2617,#2618);
#2621=DIRECTION('',(0.E0,-1.E0,0.E0));
#2622=VECTOR('',#2621,1.365E-1);
#2623=CARTESIAN_POINT('',(1.125E-1,-1.375E-1,-6.345E-1));
#2624=LINE('',#2623,#2622);
#2625=DIRECTION('',(0.E0,0.E0,1.E0));
#2626=VECTOR('',#2625,2.5E-2);
#2627=CARTESIAN_POINT('',(1.125E-1,-2.74E-1,-6.345E-1));
#2628=LINE('',#2627,#2626);
#2629=DIRECTION('',(0.E0,1.E0,0.E0));
#2630=VECTOR('',#2629,1.365E-1);
#2631=CARTESIAN_POINT('',(1.125E-1,-2.74E-1,-6.095E-1));
#2632=LINE('',#2631,#2630);
#2633=CARTESIAN_POINT('',(1.125E-1,-1.375E-1,-5.845E-1));
#2634=DIRECTION('',(1.E0,0.E0,0.E0));
#2635=DIRECTION('',(0.E0,0.E0,-1.E0));
#2636=AXIS2_PLACEMENT_3D('',#2633,#2634,#2635);
#2638=DIRECTION('',(0.E0,0.E0,1.E0));
#2639=VECTOR('',#2638,3.45E-2);
#2640=CARTESIAN_POINT('',(1.125E-1,-1.125E-1,-5.845E-1));
#2641=LINE('',#2640,#2639);
#2642=DIRECTION('',(0.E0,0.E0,-1.E0));
#2643=VECTOR('',#2642,1.845E-1);
#2644=CARTESIAN_POINT('',(1.125E-1,1.125E-1,-5.5E-1));
#2645=LINE('',#2644,#2643);
#2646=CARTESIAN_POINT('',(1.125E-1,6.25E-2,-7.345E-1));
#2647=DIRECTION('',(-1.E0,0.E0,0.E0));
#2648=DIRECTION('',(0.E0,1.E0,0.E0));
#2649=AXIS2_PLACEMENT_3D('',#2646,#2647,#2648);
#2651=DIRECTION('',(0.E0,-1.E0,0.E0));
#2652=VECTOR('',#2651,3.365E-1);
#2653=CARTESIAN_POINT('',(1.125E-1,6.25E-2,-7.845E-1));
#2654=LINE('',#2653,#2652);
#2655=DIRECTION('',(0.E0,0.E0,1.E0));
#2656=VECTOR('',#2655,2.5E-2);
#2657=CARTESIAN_POINT('',(1.125E-1,-2.74E-1,-7.845E-1));
#2658=LINE('',#2657,#2656);
#2659=DIRECTION('',(0.E0,1.E0,0.E0));
#2660=VECTOR('',#2659,3.365E-1);
#2661=CARTESIAN_POINT('',(1.125E-1,-2.74E-1,-7.595E-1));
#2662=LINE('',#2661,#2660);
#2663=CARTESIAN_POINT('',(1.125E-1,6.25E-2,-7.345E-1));
#2664=DIRECTION('',(1.E0,0.E0,0.E0));
#2665=DIRECTION('',(0.E0,0.E0,-1.E0));
#2666=AXIS2_PLACEMENT_3D('',#2663,#2664,#2665);
#2668=DIRECTION('',(0.E0,0.E0,1.E0));
#2669=VECTOR('',#2668,1.845E-1);
#2670=CARTESIAN_POINT('',(1.125E-1,8.75E-2,-7.345E-1));
#2671=LINE('',#2670,#2669);
#2672=DIRECTION('',(0.E0,0.E0,-1.E0));
#2673=VECTOR('',#2672,3.45E-2);
#2674=CARTESIAN_POINT('',(8.75E-2,-8.75E-2,-5.5E-1));
#2675=LINE('',#2674,#2673);
#2676=DIRECTION('',(0.E0,0.E0,1.E0));
#2677=VECTOR('',#2676,3.45E-2);
#2678=CARTESIAN_POINT('',(8.75E-2,-1.125E-1,-5.845E-1));
#2679=LINE('',#2678,#2677);
#2680=CARTESIAN_POINT('',(8.75E-2,-1.375E-1,-5.845E-1));
#2681=DIRECTION('',(1.E0,0.E0,0.E0));
#2682=DIRECTION('',(0.E0,0.E0,-1.E0));
#2683=AXIS2_PLACEMENT_3D('',#2680,#2681,#2682);
#2685=DIRECTION('',(0.E0,1.E0,0.E0));
#2686=VECTOR('',#2685,1.365E-1);
#2687=CARTESIAN_POINT('',(8.75E-2,-2.74E-1,-6.095E-1));
#2688=LINE('',#2687,#2686);
#2689=DIRECTION('',(0.E0,0.E0,1.E0));
#2690=VECTOR('',#2689,2.5E-2);
#2691=CARTESIAN_POINT('',(8.75E-2,-2.74E-1,-6.345E-1));
#2692=LINE('',#2691,#2690);
#2693=DIRECTION('',(0.E0,-1.E0,0.E0));
#2694=VECTOR('',#2693,1.365E-1);
#2695=CARTESIAN_POINT('',(8.75E-2,-1.375E-1,-6.345E-1));
#2696=LINE('',#2695,#2694);
#2697=CARTESIAN_POINT('',(8.75E-2,-1.375E-1,-5.845E-1));
#2698=DIRECTION('',(-1.E0,0.E0,0.E0));
#2699=DIRECTION('',(0.E0,1.E0,0.E0));
#2700=AXIS2_PLACEMENT_3D('',#2697,#2698,#2699);
#2702=DIRECTION('',(0.E0,0.E0,-1.E0));
#2703=VECTOR('',#2702,1.845E-1);
#2704=CARTESIAN_POINT('',(8.75E-2,1.125E-1,-5.5E-1));
#2705=LINE('',#2704,#2703);
#2706=DIRECTION('',(0.E0,0.E0,1.E0));
#2707=VECTOR('',#2706,1.845E-1);
#2708=CARTESIAN_POINT('',(8.75E-2,8.75E-2,-7.345E-1));
#2709=LINE('',#2708,#2707);
#2710=CARTESIAN_POINT('',(8.75E-2,6.25E-2,-7.345E-1));
#2711=DIRECTION('',(1.E0,0.E0,0.E0));
#2712=DIRECTION('',(0.E0,0.E0,-1.E0));
#2713=AXIS2_PLACEMENT_3D('',#2710,#2711,#2712);
#2715=DIRECTION('',(0.E0,1.E0,0.E0));
#2716=VECTOR('',#2715,3.365E-1);
#2717=CARTESIAN_POINT('',(8.75E-2,-2.74E-1,-7.595E-1));
#2718=LINE('',#2717,#2716);
#2719=DIRECTION('',(0.E0,0.E0,1.E0));
#2720=VECTOR('',#2719,2.5E-2);
#2721=CARTESIAN_POINT('',(8.75E-2,-2.74E-1,-7.845E-1));
#2722=LINE('',#2721,#2720);
#2723=DIRECTION('',(0.E0,-1.E0,0.E0));
#2724=VECTOR('',#2723,3.365E-1);
#2725=CARTESIAN_POINT('',(8.75E-2,6.25E-2,-7.845E-1));
#2726=LINE('',#2725,#2724);
#2727=CARTESIAN_POINT('',(8.75E-2,6.25E-2,-7.345E-1));
#2728=DIRECTION('',(-1.E0,0.E0,0.E0));
#2729=DIRECTION('',(0.E0,1.E0,0.E0));
#2730=AXIS2_PLACEMENT_3D('',#2727,#2728,#2729);
#2732=DIRECTION('',(-1.E0,0.E0,0.E0));
#2733=VECTOR('',#2732,2.5E-2);
#2734=CARTESIAN_POINT('',(1.125E-1,-1.125E-1,-5.845E-1));
#2735=LINE('',#2734,#2733);
#2736=DIRECTION('',(-1.E0,0.E0,0.E0));
#2737=VECTOR('',#2736,2.5E-2);
#2738=CARTESIAN_POINT('',(1.125E-1,-1.375E-1,-6.095E-1));
#2739=LINE('',#2738,#2737);
#2740=DIRECTION('',(-1.E0,0.E0,0.E0));
#2741=VECTOR('',#2740,2.5E-2);
#2742=CARTESIAN_POINT('',(1.125E-1,-2.74E-1,-6.095E-1));
#2743=LINE('',#2742,#2741);
#2744=DIRECTION('',(-1.E0,0.E0,0.E0));
#2745=VECTOR('',#2744,2.5E-2);
#2746=CARTESIAN_POINT('',(1.125E-1,-2.74E-1,-6.345E-1));
#2747=LINE('',#2746,#2745);
#2748=DIRECTION('',(-1.E0,0.E0,0.E0));
#2749=VECTOR('',#2748,2.5E-2);
#2750=CARTESIAN_POINT('',(1.125E-1,-1.375E-1,-6.345E-1));
#2751=LINE('',#2750,#2749);
#2752=DIRECTION('',(-1.E0,0.E0,0.E0));
#2753=VECTOR('',#2752,2.5E-2);
#2754=CARTESIAN_POINT('',(1.125E-1,-8.75E-2,-5.845E-1));
#2755=LINE('',#2754,#2753);
#2756=DIRECTION('',(-1.E0,0.E0,0.E0));
#2757=VECTOR('',#2756,2.5E-2);
#2758=CARTESIAN_POINT('',(1.125E-1,1.125E-1,-7.345E-1));
#2759=LINE('',#2758,#2757);
#2760=DIRECTION('',(-1.E0,0.E0,0.E0));
#2761=VECTOR('',#2760,2.5E-2);
#2762=CARTESIAN_POINT('',(1.125E-1,6.25E-2,-7.845E-1));
#2763=LINE('',#2762,#2761);
#2764=DIRECTION('',(-1.E0,0.E0,0.E0));
#2765=VECTOR('',#2764,2.5E-2);
#2766=CARTESIAN_POINT('',(1.125E-1,-2.74E-1,-7.845E-1));
#2767=LINE('',#2766,#2765);
#2768=DIRECTION('',(-1.E0,0.E0,0.E0));
#2769=VECTOR('',#2768,2.5E-2);
#2770=CARTESIAN_POINT('',(1.125E-1,-2.74E-1,-7.595E-1));
#2771=LINE('',#2770,#2769);
#2772=DIRECTION('',(-1.E0,0.E0,0.E0));
#2773=VECTOR('',#2772,2.5E-2);
#2774=CARTESIAN_POINT('',(1.125E-1,6.25E-2,-7.595E-1));
#2775=LINE('',#2774,#2773);
#2776=DIRECTION('',(-1.E0,0.E0,0.E0));
#2777=VECTOR('',#2776,2.5E-2);
#2778=CARTESIAN_POINT('',(1.125E-1,8.75E-2,-7.345E-1));
#2779=LINE('',#2778,#2777);
#2780=DIRECTION('',(0.E0,0.E0,-1.E0));
#2781=VECTOR('',#2780,3.45E-2);
#2782=CARTESIAN_POINT('',(2.125E-1,-8.75E-2,-5.5E-1));
#2783=LINE('',#2782,#2781);
#2784=CARTESIAN_POINT('',(2.125E-1,-1.375E-1,-5.845E-1));
#2785=DIRECTION('',(-1.E0,0.E0,0.E0));
#2786=DIRECTION('',(0.E0,1.E0,0.E0));
#2787=AXIS2_PLACEMENT_3D('',#2784,#2785,#2786);
#2789=DIRECTION('',(0.E0,-1.E0,0.E0));
#2790=VECTOR('',#2789,1.365E-1);
#2791=CARTESIAN_POINT('',(2.125E-1,-1.375E-1,-6.345E-1));
#2792=LINE('',#2791,#2790);
#2793=DIRECTION('',(0.E0,0.E0,1.E0));
#2794=VECTOR('',#2793,2.5E-2);
#2795=CARTESIAN_POINT('',(2.125E-1,-2.74E-1,-6.345E-1));
#2796=LINE('',#2795,#2794);
#2797=DIRECTION('',(0.E0,1.E0,0.E0));
#2798=VECTOR('',#2797,1.365E-1);
#2799=CARTESIAN_POINT('',(2.125E-1,-2.74E-1,-6.095E-1));
#2800=LINE('',#2799,#2798);
#2801=CARTESIAN_POINT('',(2.125E-1,-1.375E-1,-5.845E-1));
#2802=DIRECTION('',(1.E0,0.E0,0.E0));
#2803=DIRECTION('',(0.E0,0.E0,-1.E0));
#2804=AXIS2_PLACEMENT_3D('',#2801,#2802,#2803);
#2806=DIRECTION('',(0.E0,0.E0,1.E0));
#2807=VECTOR('',#2806,3.45E-2);
#2808=CARTESIAN_POINT('',(2.125E-1,-1.125E-1,-5.845E-1));
#2809=LINE('',#2808,#2807);
#2810=DIRECTION('',(0.E0,0.E0,-1.E0));
#2811=VECTOR('',#2810,1.845E-1);
#2812=CARTESIAN_POINT('',(2.125E-1,1.125E-1,-5.5E-1));
#2813=LINE('',#2812,#2811);
#2814=CARTESIAN_POINT('',(2.125E-1,6.25E-2,-7.345E-1));
#2815=DIRECTION('',(-1.E0,0.E0,0.E0));
#2816=DIRECTION('',(0.E0,1.E0,0.E0));
#2817=AXIS2_PLACEMENT_3D('',#2814,#2815,#2816);
#2819=DIRECTION('',(0.E0,-1.E0,0.E0));
#2820=VECTOR('',#2819,3.365E-1);
#2821=CARTESIAN_POINT('',(2.125E-1,6.25E-2,-7.845E-1));
#2822=LINE('',#2821,#2820);
#2823=DIRECTION('',(0.E0,0.E0,1.E0));
#2824=VECTOR('',#2823,2.5E-2);
#2825=CARTESIAN_POINT('',(2.125E-1,-2.74E-1,-7.845E-1));
#2826=LINE('',#2825,#2824);
#2827=DIRECTION('',(0.E0,1.E0,0.E0));
#2828=VECTOR('',#2827,3.365E-1);
#2829=CARTESIAN_POINT('',(2.125E-1,-2.74E-1,-7.595E-1));
#2830=LINE('',#2829,#2828);
#2831=CARTESIAN_POINT('',(2.125E-1,6.25E-2,-7.345E-1));
#2832=DIRECTION('',(1.E0,0.E0,0.E0));
#2833=DIRECTION('',(0.E0,0.E0,-1.E0));
#2834=AXIS2_PLACEMENT_3D('',#2831,#2832,#2833);
#2836=DIRECTION('',(0.E0,0.E0,1.E0));
#2837=VECTOR('',#2836,1.845E-1);
#2838=CARTESIAN_POINT('',(2.125E-1,8.75E-2,-7.345E-1));
#2839=LINE('',#2838,#2837);
#2840=DIRECTION('',(0.E0,0.E0,-1.E0));
#2841=VECTOR('',#2840,3.45E-2);
#2842=CARTESIAN_POINT('',(1.875E-1,-8.75E-2,-5.5E-1));
#2843=LINE('',#2842,#2841);
#2844=DIRECTION('',(0.E0,0.E0,1.E0));
#2845=VECTOR('',#2844,3.45E-2);
#2846=CARTESIAN_POINT('',(1.875E-1,-1.125E-1,-5.845E-1));
#2847=LINE('',#2846,#2845);
#2848=CARTESIAN_POINT('',(1.875E-1,-1.375E-1,-5.845E-1));
#2849=DIRECTION('',(1.E0,0.E0,0.E0));
#2850=DIRECTION('',(0.E0,0.E0,-1.E0));
#2851=AXIS2_PLACEMENT_3D('',#2848,#2849,#2850);
#2853=DIRECTION('',(0.E0,1.E0,0.E0));
#2854=VECTOR('',#2853,1.365E-1);
#2855=CARTESIAN_POINT('',(1.875E-1,-2.74E-1,-6.095E-1));
#2856=LINE('',#2855,#2854);
#2857=DIRECTION('',(0.E0,0.E0,1.E0));
#2858=VECTOR('',#2857,2.5E-2);
#2859=CARTESIAN_POINT('',(1.875E-1,-2.74E-1,-6.345E-1));
#2860=LINE('',#2859,#2858);
#2861=DIRECTION('',(0.E0,-1.E0,0.E0));
#2862=VECTOR('',#2861,1.365E-1);
#2863=CARTESIAN_POINT('',(1.875E-1,-1.375E-1,-6.345E-1));
#2864=LINE('',#2863,#2862);
#2865=CARTESIAN_POINT('',(1.875E-1,-1.375E-1,-5.845E-1));
#2866=DIRECTION('',(-1.E0,0.E0,0.E0));
#2867=DIRECTION('',(0.E0,1.E0,0.E0));
#2868=AXIS2_PLACEMENT_3D('',#2865,#2866,#2867);
#2870=DIRECTION('',(0.E0,0.E0,-1.E0));
#2871=VECTOR('',#2870,1.845E-1);
#2872=CARTESIAN_POINT('',(1.875E-1,1.125E-1,-5.5E-1));
#2873=LINE('',#2872,#2871);
#2874=DIRECTION('',(0.E0,0.E0,1.E0));
#2875=VECTOR('',#2874,1.845E-1);
#2876=CARTESIAN_POINT('',(1.875E-1,8.75E-2,-7.345E-1));
#2877=LINE('',#2876,#2875);
#2878=CARTESIAN_POINT('',(1.875E-1,6.25E-2,-7.345E-1));
#2879=DIRECTION('',(1.E0,0.E0,0.E0));
#2880=DIRECTION('',(0.E0,0.E0,-1.E0));
#2881=AXIS2_PLACEMENT_3D('',#2878,#2879,#2880);
#2883=DIRECTION('',(0.E0,1.E0,0.E0));
#2884=VECTOR('',#2883,3.365E-1);
#2885=CARTESIAN_POINT('',(1.875E-1,-2.74E-1,-7.595E-1));
#2886=LINE('',#2885,#2884);
#2887=DIRECTION('',(0.E0,0.E0,1.E0));
#2888=VECTOR('',#2887,2.5E-2);
#2889=CARTESIAN_POINT('',(1.875E-1,-2.74E-1,-7.845E-1));
#2890=LINE('',#2889,#2888);
#2891=DIRECTION('',(0.E0,-1.E0,0.E0));
#2892=VECTOR('',#2891,3.365E-1);
#2893=CARTESIAN_POINT('',(1.875E-1,6.25E-2,-7.845E-1));
#2894=LINE('',#2893,#2892);
#2895=CARTESIAN_POINT('',(1.875E-1,6.25E-2,-7.345E-1));
#2896=DIRECTION('',(-1.E0,0.E0,0.E0));
#2897=DIRECTION('',(0.E0,1.E0,0.E0));
#2898=AXIS2_PLACEMENT_3D('',#2895,#2896,#2897);
#2900=DIRECTION('',(-1.E0,0.E0,0.E0));
#2901=VECTOR('',#2900,2.5E-2);
#2902=CARTESIAN_POINT('',(2.125E-1,-1.125E-1,-5.845E-1));
#2903=LINE('',#2902,#2901);
#2904=DIRECTION('',(-1.E0,0.E0,0.E0));
#2905=VECTOR('',#2904,2.5E-2);
#2906=CARTESIAN_POINT('',(2.125E-1,-1.375E-1,-6.095E-1));
#2907=LINE('',#2906,#2905);
#2908=DIRECTION('',(-1.E0,0.E0,0.E0));
#2909=VECTOR('',#2908,2.5E-2);
#2910=CARTESIAN_POINT('',(2.125E-1,-2.74E-1,-6.095E-1));
#2911=LINE('',#2910,#2909);
#2912=DIRECTION('',(-1.E0,0.E0,0.E0));
#2913=VECTOR('',#2912,2.5E-2);
#2914=CARTESIAN_POINT('',(2.125E-1,-2.74E-1,-6.345E-1));
#2915=LINE('',#2914,#2913);
#2916=DIRECTION('',(-1.E0,0.E0,0.E0));
#2917=VECTOR('',#2916,2.5E-2);
#2918=CARTESIAN_POINT('',(2.125E-1,-1.375E-1,-6.345E-1));
#2919=LINE('',#2918,#2917);
#2920=DIRECTION('',(-1.E0,0.E0,0.E0));
#2921=VECTOR('',#2920,2.5E-2);
#2922=CARTESIAN_POINT('',(2.125E-1,-8.75E-2,-5.845E-1));
#2923=LINE('',#2922,#2921);
#2924=DIRECTION('',(-1.E0,0.E0,0.E0));
#2925=VECTOR('',#2924,2.5E-2);
#2926=CARTESIAN_POINT('',(2.125E-1,1.125E-1,-7.345E-1));
#2927=LINE('',#2926,#2925);
#2928=DIRECTION('',(-1.E0,0.E0,0.E0));
#2929=VECTOR('',#2928,2.5E-2);
#2930=CARTESIAN_POINT('',(2.125E-1,6.25E-2,-7.845E-1));
#2931=LINE('',#2930,#2929);
#2932=DIRECTION('',(-1.E0,0.E0,0.E0));
#2933=VECTOR('',#2932,2.5E-2);
#2934=CARTESIAN_POINT('',(2.125E-1,-2.74E-1,-7.845E-1));
#2935=LINE('',#2934,#2933);
#2936=DIRECTION('',(-1.E0,0.E0,0.E0));
#2937=VECTOR('',#2936,2.5E-2);
#2938=CARTESIAN_POINT('',(2.125E-1,-2.74E-1,-7.595E-1));
#2939=LINE('',#2938,#2937);
#2940=DIRECTION('',(-1.E0,0.E0,0.E0));
#2941=VECTOR('',#2940,2.5E-2);
#2942=CARTESIAN_POINT('',(2.125E-1,6.25E-2,-7.595E-1));
#2943=LINE('',#2942,#2941);
#2944=DIRECTION('',(-1.E0,0.E0,0.E0));
#2945=VECTOR('',#2944,2.5E-2);
#2946=CARTESIAN_POINT('',(2.125E-1,8.75E-2,-7.345E-1));
#2947=LINE('',#2946,#2945);
#2948=DIRECTION('',(0.E0,0.E0,-1.E0));
#2949=VECTOR('',#2948,3.45E-2);
#2950=CARTESIAN_POINT('',(3.125E-1,-8.75E-2,-5.5E-1));
#2951=LINE('',#2950,#2949);
#2952=CARTESIAN_POINT('',(3.125E-1,-1.375E-1,-5.845E-1));
#2953=DIRECTION('',(-1.E0,0.E0,0.E0));
#2954=DIRECTION('',(0.E0,1.E0,0.E0));
#2955=AXIS2_PLACEMENT_3D('',#2952,#2953,#2954);
#2957=DIRECTION('',(0.E0,-1.E0,0.E0));
#2958=VECTOR('',#2957,1.365E-1);
#2959=CARTESIAN_POINT('',(3.125E-1,-1.375E-1,-6.345E-1));
#2960=LINE('',#2959,#2958);
#2961=DIRECTION('',(0.E0,0.E0,1.E0));
#2962=VECTOR('',#2961,2.5E-2);
#2963=CARTESIAN_POINT('',(3.125E-1,-2.74E-1,-6.345E-1));
#2964=LINE('',#2963,#2962);
#2965=DIRECTION('',(0.E0,1.E0,0.E0));
#2966=VECTOR('',#2965,1.365E-1);
#2967=CARTESIAN_POINT('',(3.125E-1,-2.74E-1,-6.095E-1));
#2968=LINE('',#2967,#2966);
#2969=CARTESIAN_POINT('',(3.125E-1,-1.375E-1,-5.845E-1));
#2970=DIRECTION('',(1.E0,0.E0,0.E0));
#2971=DIRECTION('',(0.E0,0.E0,-1.E0));
#2972=AXIS2_PLACEMENT_3D('',#2969,#2970,#2971);
#2974=DIRECTION('',(0.E0,0.E0,1.E0));
#2975=VECTOR('',#2974,3.45E-2);
#2976=CARTESIAN_POINT('',(3.125E-1,-1.125E-1,-5.845E-1));
#2977=LINE('',#2976,#2975);
#2978=DIRECTION('',(0.E0,0.E0,-1.E0));
#2979=VECTOR('',#2978,1.845E-1);
#2980=CARTESIAN_POINT('',(3.125E-1,1.125E-1,-5.5E-1));
#2981=LINE('',#2980,#2979);
#2982=CARTESIAN_POINT('',(3.125E-1,6.25E-2,-7.345E-1));
#2983=DIRECTION('',(-1.E0,0.E0,0.E0));
#2984=DIRECTION('',(0.E0,1.E0,0.E0));
#2985=AXIS2_PLACEMENT_3D('',#2982,#2983,#2984);
#2987=DIRECTION('',(0.E0,-1.E0,0.E0));
#2988=VECTOR('',#2987,3.365E-1);
#2989=CARTESIAN_POINT('',(3.125E-1,6.25E-2,-7.845E-1));
#2990=LINE('',#2989,#2988);
#2991=DIRECTION('',(0.E0,0.E0,1.E0));
#2992=VECTOR('',#2991,2.5E-2);
#2993=CARTESIAN_POINT('',(3.125E-1,-2.74E-1,-7.845E-1));
#2994=LINE('',#2993,#2992);
#2995=DIRECTION('',(0.E0,1.E0,0.E0));
#2996=VECTOR('',#2995,3.365E-1);
#2997=CARTESIAN_POINT('',(3.125E-1,-2.74E-1,-7.595E-1));
#2998=LINE('',#2997,#2996);
#2999=CARTESIAN_POINT('',(3.125E-1,6.25E-2,-7.345E-1));
#3000=DIRECTION('',(1.E0,0.E0,0.E0));
#3001=DIRECTION('',(0.E0,0.E0,-1.E0));
#3002=AXIS2_PLACEMENT_3D('',#2999,#3000,#3001);
#3004=DIRECTION('',(0.E0,0.E0,1.E0));
#3005=VECTOR('',#3004,1.845E-1);
#3006=CARTESIAN_POINT('',(3.125E-1,8.75E-2,-7.345E-1));
#3007=LINE('',#3006,#3005);
#3008=DIRECTION('',(0.E0,0.E0,-1.E0));
#3009=VECTOR('',#3008,3.45E-2);
#3010=CARTESIAN_POINT('',(2.875E-1,-8.75E-2,-5.5E-1));
#3011=LINE('',#3010,#3009);
#3012=DIRECTION('',(0.E0,0.E0,1.E0));
#3013=VECTOR('',#3012,3.45E-2);
#3014=CARTESIAN_POINT('',(2.875E-1,-1.125E-1,-5.845E-1));
#3015=LINE('',#3014,#3013);
#3016=CARTESIAN_POINT('',(2.875E-1,-1.375E-1,-5.845E-1));
#3017=DIRECTION('',(1.E0,0.E0,0.E0));
#3018=DIRECTION('',(0.E0,0.E0,-1.E0));
#3019=AXIS2_PLACEMENT_3D('',#3016,#3017,#3018);
#3021=DIRECTION('',(0.E0,1.E0,0.E0));
#3022=VECTOR('',#3021,1.365E-1);
#3023=CARTESIAN_POINT('',(2.875E-1,-2.74E-1,-6.095E-1));
#3024=LINE('',#3023,#3022);
#3025=DIRECTION('',(0.E0,0.E0,1.E0));
#3026=VECTOR('',#3025,2.5E-2);
#3027=CARTESIAN_POINT('',(2.875E-1,-2.74E-1,-6.345E-1));
#3028=LINE('',#3027,#3026);
#3029=DIRECTION('',(0.E0,-1.E0,0.E0));
#3030=VECTOR('',#3029,1.365E-1);
#3031=CARTESIAN_POINT('',(2.875E-1,-1.375E-1,-6.345E-1));
#3032=LINE('',#3031,#3030);
#3033=CARTESIAN_POINT('',(2.875E-1,-1.375E-1,-5.845E-1));
#3034=DIRECTION('',(-1.E0,0.E0,0.E0));
#3035=DIRECTION('',(0.E0,1.E0,0.E0));
#3036=AXIS2_PLACEMENT_3D('',#3033,#3034,#3035);
#3038=DIRECTION('',(0.E0,0.E0,-1.E0));
#3039=VECTOR('',#3038,1.845E-1);
#3040=CARTESIAN_POINT('',(2.875E-1,1.125E-1,-5.5E-1));
#3041=LINE('',#3040,#3039);
#3042=DIRECTION('',(0.E0,0.E0,1.E0));
#3043=VECTOR('',#3042,1.845E-1);
#3044=CARTESIAN_POINT('',(2.875E-1,8.75E-2,-7.345E-1));
#3045=LINE('',#3044,#3043);
#3046=CARTESIAN_POINT('',(2.875E-1,6.25E-2,-7.345E-1));
#3047=DIRECTION('',(1.E0,0.E0,0.E0));
#3048=DIRECTION('',(0.E0,0.E0,-1.E0));
#3049=AXIS2_PLACEMENT_3D('',#3046,#3047,#3048);
#3051=DIRECTION('',(0.E0,1.E0,0.E0));
#3052=VECTOR('',#3051,3.365E-1);
#3053=CARTESIAN_POINT('',(2.875E-1,-2.74E-1,-7.595E-1));
#3054=LINE('',#3053,#3052);
#3055=DIRECTION('',(0.E0,0.E0,1.E0));
#3056=VECTOR('',#3055,2.5E-2);
#3057=CARTESIAN_POINT('',(2.875E-1,-2.74E-1,-7.845E-1));
#3058=LINE('',#3057,#3056);
#3059=DIRECTION('',(0.E0,-1.E0,0.E0));
#3060=VECTOR('',#3059,3.365E-1);
#3061=CARTESIAN_POINT('',(2.875E-1,6.25E-2,-7.845E-1));
#3062=LINE('',#3061,#3060);
#3063=CARTESIAN_POINT('',(2.875E-1,6.25E-2,-7.345E-1));
#3064=DIRECTION('',(-1.E0,0.E0,0.E0));
#3065=DIRECTION('',(0.E0,1.E0,0.E0));
#3066=AXIS2_PLACEMENT_3D('',#3063,#3064,#3065);
#3068=DIRECTION('',(-1.E0,0.E0,0.E0));
#3069=VECTOR('',#3068,2.5E-2);
#3070=CARTESIAN_POINT('',(3.125E-1,-1.125E-1,-5.845E-1));
#3071=LINE('',#3070,#3069);
#3072=DIRECTION('',(-1.E0,0.E0,0.E0));
#3073=VECTOR('',#3072,2.5E-2);
#3074=CARTESIAN_POINT('',(3.125E-1,-1.375E-1,-6.095E-1));
#3075=LINE('',#3074,#3073);
#3076=DIRECTION('',(-1.E0,0.E0,0.E0));
#3077=VECTOR('',#3076,2.5E-2);
#3078=CARTESIAN_POINT('',(3.125E-1,-2.74E-1,-6.095E-1));
#3079=LINE('',#3078,#3077);
#3080=DIRECTION('',(-1.E0,0.E0,0.E0));
#3081=VECTOR('',#3080,2.5E-2);
#3082=CARTESIAN_POINT('',(3.125E-1,-2.74E-1,-6.345E-1));
#3083=LINE('',#3082,#3081);
#3084=DIRECTION('',(-1.E0,0.E0,0.E0));
#3085=VECTOR('',#3084,2.5E-2);
#3086=CARTESIAN_POINT('',(3.125E-1,-1.375E-1,-6.345E-1));
#3087=LINE('',#3086,#3085);
#3088=DIRECTION('',(-1.E0,0.E0,0.E0));
#3089=VECTOR('',#3088,2.5E-2);
#3090=CARTESIAN_POINT('',(3.125E-1,-8.75E-2,-5.845E-1));
#3091=LINE('',#3090,#3089);
#3092=DIRECTION('',(-1.E0,0.E0,0.E0));
#3093=VECTOR('',#3092,2.5E-2);
#3094=CARTESIAN_POINT('',(3.125E-1,1.125E-1,-7.345E-1));
#3095=LINE('',#3094,#3093);
#3096=DIRECTION('',(-1.E0,0.E0,0.E0));
#3097=VECTOR('',#3096,2.5E-2);
#3098=CARTESIAN_POINT('',(3.125E-1,6.25E-2,-7.845E-1));
#3099=LINE('',#3098,#3097);
#3100=DIRECTION('',(-1.E0,0.E0,0.E0));
#3101=VECTOR('',#3100,2.5E-2);
#3102=CARTESIAN_POINT('',(3.125E-1,-2.74E-1,-7.845E-1));
#3103=LINE('',#3102,#3101);
#3104=DIRECTION('',(-1.E0,0.E0,0.E0));
#3105=VECTOR('',#3104,2.5E-2);
#3106=CARTESIAN_POINT('',(3.125E-1,-2.74E-1,-7.595E-1));
#3107=LINE('',#3106,#3105);
#3108=DIRECTION('',(-1.E0,0.E0,0.E0));
#3109=VECTOR('',#3108,2.5E-2);
#3110=CARTESIAN_POINT('',(3.125E-1,6.25E-2,-7.595E-1));
#3111=LINE('',#3110,#3109);
#3112=DIRECTION('',(-1.E0,0.E0,0.E0));
#3113=VECTOR('',#3112,2.5E-2);
#3114=CARTESIAN_POINT('',(3.125E-1,8.75E-2,-7.345E-1));
#3115=LINE('',#3114,#3113);
#3116=DIRECTION('',(0.E0,0.E0,-1.E0));
#3117=VECTOR('',#3116,3.45E-2);
#3118=CARTESIAN_POINT('',(4.125E-1,-8.75E-2,-5.5E-1));
#3119=LINE('',#3118,#3117);
#3120=CARTESIAN_POINT('',(4.125E-1,-1.375E-1,-5.845E-1));
#3121=DIRECTION('',(-1.E0,0.E0,0.E0));
#3122=DIRECTION('',(0.E0,1.E0,0.E0));
#3123=AXIS2_PLACEMENT_3D('',#3120,#3121,#3122);
#3125=DIRECTION('',(0.E0,-1.E0,0.E0));
#3126=VECTOR('',#3125,1.365E-1);
#3127=CARTESIAN_POINT('',(4.125E-1,-1.375E-1,-6.345E-1));
#3128=LINE('',#3127,#3126);
#3129=DIRECTION('',(0.E0,0.E0,1.E0));
#3130=VECTOR('',#3129,2.5E-2);
#3131=CARTESIAN_POINT('',(4.125E-1,-2.74E-1,-6.345E-1));
#3132=LINE('',#3131,#3130);
#3133=DIRECTION('',(0.E0,1.E0,0.E0));
#3134=VECTOR('',#3133,1.365E-1);
#3135=CARTESIAN_POINT('',(4.125E-1,-2.74E-1,-6.095E-1));
#3136=LINE('',#3135,#3134);
#3137=CARTESIAN_POINT('',(4.125E-1,-1.375E-1,-5.845E-1));
#3138=DIRECTION('',(1.E0,0.E0,0.E0));
#3139=DIRECTION('',(0.E0,0.E0,-1.E0));
#3140=AXIS2_PLACEMENT_3D('',#3137,#3138,#3139);
#3142=DIRECTION('',(0.E0,0.E0,1.E0));
#3143=VECTOR('',#3142,3.45E-2);
#3144=CARTESIAN_POINT('',(4.125E-1,-1.125E-1,-5.845E-1));
#3145=LINE('',#3144,#3143);
#3146=DIRECTION('',(0.E0,0.E0,-1.E0));
#3147=VECTOR('',#3146,1.845E-1);
#3148=CARTESIAN_POINT('',(4.125E-1,1.125E-1,-5.5E-1));
#3149=LINE('',#3148,#3147);
#3150=CARTESIAN_POINT('',(4.125E-1,6.25E-2,-7.345E-1));
#3151=DIRECTION('',(-1.E0,0.E0,0.E0));
#3152=DIRECTION('',(0.E0,1.E0,0.E0));
#3153=AXIS2_PLACEMENT_3D('',#3150,#3151,#3152);
#3155=DIRECTION('',(0.E0,-1.E0,0.E0));
#3156=VECTOR('',#3155,3.365E-1);
#3157=CARTESIAN_POINT('',(4.125E-1,6.25E-2,-7.845E-1));
#3158=LINE('',#3157,#3156);
#3159=DIRECTION('',(0.E0,0.E0,1.E0));
#3160=VECTOR('',#3159,2.5E-2);
#3161=CARTESIAN_POINT('',(4.125E-1,-2.74E-1,-7.845E-1));
#3162=LINE('',#3161,#3160);
#3163=DIRECTION('',(0.E0,1.E0,0.E0));
#3164=VECTOR('',#3163,3.365E-1);
#3165=CARTESIAN_POINT('',(4.125E-1,-2.74E-1,-7.595E-1));
#3166=LINE('',#3165,#3164);
#3167=CARTESIAN_POINT('',(4.125E-1,6.25E-2,-7.345E-1));
#3168=DIRECTION('',(1.E0,0.E0,0.E0));
#3169=DIRECTION('',(0.E0,0.E0,-1.E0));
#3170=AXIS2_PLACEMENT_3D('',#3167,#3168,#3169);
#3172=DIRECTION('',(0.E0,0.E0,1.E0));
#3173=VECTOR('',#3172,1.845E-1);
#3174=CARTESIAN_POINT('',(4.125E-1,8.75E-2,-7.345E-1));
#3175=LINE('',#3174,#3173);
#3176=DIRECTION('',(0.E0,0.E0,-1.E0));
#3177=VECTOR('',#3176,3.45E-2);
#3178=CARTESIAN_POINT('',(3.875E-1,-8.75E-2,-5.5E-1));
#3179=LINE('',#3178,#3177);
#3180=DIRECTION('',(0.E0,0.E0,1.E0));
#3181=VECTOR('',#3180,3.45E-2);
#3182=CARTESIAN_POINT('',(3.875E-1,-1.125E-1,-5.845E-1));
#3183=LINE('',#3182,#3181);
#3184=CARTESIAN_POINT('',(3.875E-1,-1.375E-1,-5.845E-1));
#3185=DIRECTION('',(1.E0,0.E0,0.E0));
#3186=DIRECTION('',(0.E0,0.E0,-1.E0));
#3187=AXIS2_PLACEMENT_3D('',#3184,#3185,#3186);
#3189=DIRECTION('',(0.E0,1.E0,0.E0));
#3190=VECTOR('',#3189,1.365E-1);
#3191=CARTESIAN_POINT('',(3.875E-1,-2.74E-1,-6.095E-1));
#3192=LINE('',#3191,#3190);
#3193=DIRECTION('',(0.E0,0.E0,1.E0));
#3194=VECTOR('',#3193,2.5E-2);
#3195=CARTESIAN_POINT('',(3.875E-1,-2.74E-1,-6.345E-1));
#3196=LINE('',#3195,#3194);
#3197=DIRECTION('',(0.E0,-1.E0,0.E0));
#3198=VECTOR('',#3197,1.365E-1);
#3199=CARTESIAN_POINT('',(3.875E-1,-1.375E-1,-6.345E-1));
#3200=LINE('',#3199,#3198);
#3201=CARTESIAN_POINT('',(3.875E-1,-1.375E-1,-5.845E-1));
#3202=DIRECTION('',(-1.E0,0.E0,0.E0));
#3203=DIRECTION('',(0.E0,1.E0,0.E0));
#3204=AXIS2_PLACEMENT_3D('',#3201,#3202,#3203);
#3206=DIRECTION('',(0.E0,0.E0,-1.E0));
#3207=VECTOR('',#3206,1.845E-1);
#3208=CARTESIAN_POINT('',(3.875E-1,1.125E-1,-5.5E-1));
#3209=LINE('',#3208,#3207);
#3210=DIRECTION('',(0.E0,0.E0,1.E0));
#3211=VECTOR('',#3210,1.845E-1);
#3212=CARTESIAN_POINT('',(3.875E-1,8.75E-2,-7.345E-1));
#3213=LINE('',#3212,#3211);
#3214=CARTESIAN_POINT('',(3.875E-1,6.25E-2,-7.345E-1));
#3215=DIRECTION('',(1.E0,0.E0,0.E0));
#3216=DIRECTION('',(0.E0,0.E0,-1.E0));
#3217=AXIS2_PLACEMENT_3D('',#3214,#3215,#3216);
#3219=DIRECTION('',(0.E0,1.E0,0.E0));
#3220=VECTOR('',#3219,3.365E-1);
#3221=CARTESIAN_POINT('',(3.875E-1,-2.74E-1,-7.595E-1));
#3222=LINE('',#3221,#3220);
#3223=DIRECTION('',(0.E0,0.E0,1.E0));
#3224=VECTOR('',#3223,2.5E-2);
#3225=CARTESIAN_POINT('',(3.875E-1,-2.74E-1,-7.845E-1));
#3226=LINE('',#3225,#3224);
#3227=DIRECTION('',(0.E0,-1.E0,0.E0));
#3228=VECTOR('',#3227,3.365E-1);
#3229=CARTESIAN_POINT('',(3.875E-1,6.25E-2,-7.845E-1));
#3230=LINE('',#3229,#3228);
#3231=CARTESIAN_POINT('',(3.875E-1,6.25E-2,-7.345E-1));
#3232=DIRECTION('',(-1.E0,0.E0,0.E0));
#3233=DIRECTION('',(0.E0,1.E0,0.E0));
#3234=AXIS2_PLACEMENT_3D('',#3231,#3232,#3233);
#3236=DIRECTION('',(-1.E0,0.E0,0.E0));
#3237=VECTOR('',#3236,2.5E-2);
#3238=CARTESIAN_POINT('',(4.125E-1,-1.125E-1,-5.845E-1));
#3239=LINE('',#3238,#3237);
#3240=DIRECTION('',(-1.E0,0.E0,0.E0));
#3241=VECTOR('',#3240,2.5E-2);
#3242=CARTESIAN_POINT('',(4.125E-1,-1.375E-1,-6.095E-1));
#3243=LINE('',#3242,#3241);
#3244=DIRECTION('',(-1.E0,0.E0,0.E0));
#3245=VECTOR('',#3244,2.5E-2);
#3246=CARTESIAN_POINT('',(4.125E-1,-2.74E-1,-6.095E-1));
#3247=LINE('',#3246,#3245);
#3248=DIRECTION('',(-1.E0,0.E0,0.E0));
#3249=VECTOR('',#3248,2.5E-2);
#3250=CARTESIAN_POINT('',(4.125E-1,-2.74E-1,-6.345E-1));
#3251=LINE('',#3250,#3249);
#3252=DIRECTION('',(-1.E0,0.E0,0.E0));
#3253=VECTOR('',#3252,2.5E-2);
#3254=CARTESIAN_POINT('',(4.125E-1,-1.375E-1,-6.345E-1));
#3255=LINE('',#3254,#3253);
#3256=DIRECTION('',(-1.E0,0.E0,0.E0));
#3257=VECTOR('',#3256,2.5E-2);
#3258=CARTESIAN_POINT('',(4.125E-1,-8.75E-2,-5.845E-1));
#3259=LINE('',#3258,#3257);
#3260=DIRECTION('',(-1.E0,0.E0,0.E0));
#3261=VECTOR('',#3260,2.5E-2);
#3262=CARTESIAN_POINT('',(4.125E-1,1.125E-1,-7.345E-1));
#3263=LINE('',#3262,#3261);
#3264=DIRECTION('',(-1.E0,0.E0,0.E0));
#3265=VECTOR('',#3264,2.5E-2);
#3266=CARTESIAN_POINT('',(4.125E-1,6.25E-2,-7.845E-1));
#3267=LINE('',#3266,#3265);
#3268=DIRECTION('',(-1.E0,0.E0,0.E0));
#3269=VECTOR('',#3268,2.5E-2);
#3270=CARTESIAN_POINT('',(4.125E-1,-2.74E-1,-7.845E-1));
#3271=LINE('',#3270,#3269);
#3272=DIRECTION('',(-1.E0,0.E0,0.E0));
#3273=VECTOR('',#3272,2.5E-2);
#3274=CARTESIAN_POINT('',(4.125E-1,-2.74E-1,-7.595E-1));
#3275=LINE('',#3274,#3273);
#3276=DIRECTION('',(-1.E0,0.E0,0.E0));
#3277=VECTOR('',#3276,2.5E-2);
#3278=CARTESIAN_POINT('',(4.125E-1,6.25E-2,-7.595E-1));
#3279=LINE('',#3278,#3277);
#3280=DIRECTION('',(-1.E0,0.E0,0.E0));
#3281=VECTOR('',#3280,2.5E-2);
#3282=CARTESIAN_POINT('',(4.125E-1,8.75E-2,-7.345E-1));
#3283=LINE('',#3282,#3281);
#3284=DIRECTION('',(0.E0,0.E0,-1.E0));
#3285=VECTOR('',#3284,3.45E-2);
#3286=CARTESIAN_POINT('',(5.125E-1,-8.75E-2,-5.5E-1));
#3287=LINE('',#3286,#3285);
#3288=CARTESIAN_POINT('',(5.125E-1,-1.375E-1,-5.845E-1));
#3289=DIRECTION('',(-1.E0,0.E0,0.E0));
#3290=DIRECTION('',(0.E0,1.E0,0.E0));
#3291=AXIS2_PLACEMENT_3D('',#3288,#3289,#3290);
#3293=DIRECTION('',(0.E0,-1.E0,0.E0));
#3294=VECTOR('',#3293,1.365E-1);
#3295=CARTESIAN_POINT('',(5.125E-1,-1.375E-1,-6.345E-1));
#3296=LINE('',#3295,#3294);
#3297=DIRECTION('',(0.E0,0.E0,1.E0));
#3298=VECTOR('',#3297,2.5E-2);
#3299=CARTESIAN_POINT('',(5.125E-1,-2.74E-1,-6.345E-1));
#3300=LINE('',#3299,#3298);
#3301=DIRECTION('',(0.E0,1.E0,0.E0));
#3302=VECTOR('',#3301,1.365E-1);
#3303=CARTESIAN_POINT('',(5.125E-1,-2.74E-1,-6.095E-1));
#3304=LINE('',#3303,#3302);
#3305=CARTESIAN_POINT('',(5.125E-1,-1.375E-1,-5.845E-1));
#3306=DIRECTION('',(1.E0,0.E0,0.E0));
#3307=DIRECTION('',(0.E0,0.E0,-1.E0));
#3308=AXIS2_PLACEMENT_3D('',#3305,#3306,#3307);
#3310=DIRECTION('',(0.E0,0.E0,1.E0));
#3311=VECTOR('',#3310,3.45E-2);
#3312=CARTESIAN_POINT('',(5.125E-1,-1.125E-1,-5.845E-1));
#3313=LINE('',#3312,#3311);
#3314=DIRECTION('',(0.E0,0.E0,-1.E0));
#3315=VECTOR('',#3314,1.845E-1);
#3316=CARTESIAN_POINT('',(5.125E-1,1.125E-1,-5.5E-1));
#3317=LINE('',#3316,#3315);
#3318=CARTESIAN_POINT('',(5.125E-1,6.25E-2,-7.345E-1));
#3319=DIRECTION('',(-1.E0,0.E0,0.E0));
#3320=DIRECTION('',(0.E0,1.E0,0.E0));
#3321=AXIS2_PLACEMENT_3D('',#3318,#3319,#3320);
#3323=DIRECTION('',(0.E0,-1.E0,0.E0));
#3324=VECTOR('',#3323,3.365E-1);
#3325=CARTESIAN_POINT('',(5.125E-1,6.25E-2,-7.845E-1));
#3326=LINE('',#3325,#3324);
#3327=DIRECTION('',(0.E0,0.E0,1.E0));
#3328=VECTOR('',#3327,2.5E-2);
#3329=CARTESIAN_POINT('',(5.125E-1,-2.74E-1,-7.845E-1));
#3330=LINE('',#3329,#3328);
#3331=DIRECTION('',(0.E0,1.E0,0.E0));
#3332=VECTOR('',#3331,3.365E-1);
#3333=CARTESIAN_POINT('',(5.125E-1,-2.74E-1,-7.595E-1));
#3334=LINE('',#3333,#3332);
#3335=CARTESIAN_POINT('',(5.125E-1,6.25E-2,-7.345E-1));
#3336=DIRECTION('',(1.E0,0.E0,0.E0));
#3337=DIRECTION('',(0.E0,0.E0,-1.E0));
#3338=AXIS2_PLACEMENT_3D('',#3335,#3336,#3337);
#3340=DIRECTION('',(0.E0,0.E0,1.E0));
#3341=VECTOR('',#3340,1.845E-1);
#3342=CARTESIAN_POINT('',(5.125E-1,8.75E-2,-7.345E-1));
#3343=LINE('',#3342,#3341);
#3344=DIRECTION('',(0.E0,0.E0,-1.E0));
#3345=VECTOR('',#3344,3.45E-2);
#3346=CARTESIAN_POINT('',(4.875E-1,-8.75E-2,-5.5E-1));
#3347=LINE('',#3346,#3345);
#3348=DIRECTION('',(0.E0,0.E0,1.E0));
#3349=VECTOR('',#3348,3.45E-2);
#3350=CARTESIAN_POINT('',(4.875E-1,-1.125E-1,-5.845E-1));
#3351=LINE('',#3350,#3349);
#3352=CARTESIAN_POINT('',(4.875E-1,-1.375E-1,-5.845E-1));
#3353=DIRECTION('',(1.E0,0.E0,0.E0));
#3354=DIRECTION('',(0.E0,0.E0,-1.E0));
#3355=AXIS2_PLACEMENT_3D('',#3352,#3353,#3354);
#3357=DIRECTION('',(0.E0,1.E0,0.E0));
#3358=VECTOR('',#3357,1.365E-1);
#3359=CARTESIAN_POINT('',(4.875E-1,-2.74E-1,-6.095E-1));
#3360=LINE('',#3359,#3358);
#3361=DIRECTION('',(0.E0,0.E0,1.E0));
#3362=VECTOR('',#3361,2.5E-2);
#3363=CARTESIAN_POINT('',(4.875E-1,-2.74E-1,-6.345E-1));
#3364=LINE('',#3363,#3362);
#3365=DIRECTION('',(0.E0,-1.E0,0.E0));
#3366=VECTOR('',#3365,1.365E-1);
#3367=CARTESIAN_POINT('',(4.875E-1,-1.375E-1,-6.345E-1));
#3368=LINE('',#3367,#3366);
#3369=CARTESIAN_POINT('',(4.875E-1,-1.375E-1,-5.845E-1));
#3370=DIRECTION('',(-1.E0,0.E0,0.E0));
#3371=DIRECTION('',(0.E0,1.E0,0.E0));
#3372=AXIS2_PLACEMENT_3D('',#3369,#3370,#3371);
#3374=DIRECTION('',(0.E0,0.E0,-1.E0));
#3375=VECTOR('',#3374,1.845E-1);
#3376=CARTESIAN_POINT('',(4.875E-1,1.125E-1,-5.5E-1));
#3377=LINE('',#3376,#3375);
#3378=DIRECTION('',(0.E0,0.E0,1.E0));
#3379=VECTOR('',#3378,1.845E-1);
#3380=CARTESIAN_POINT('',(4.875E-1,8.75E-2,-7.345E-1));
#3381=LINE('',#3380,#3379);
#3382=CARTESIAN_POINT('',(4.875E-1,6.25E-2,-7.345E-1));
#3383=DIRECTION('',(1.E0,0.E0,0.E0));
#3384=DIRECTION('',(0.E0,0.E0,-1.E0));
#3385=AXIS2_PLACEMENT_3D('',#3382,#3383,#3384);
#3387=DIRECTION('',(0.E0,1.E0,0.E0));
#3388=VECTOR('',#3387,3.365E-1);
#3389=CARTESIAN_POINT('',(4.875E-1,-2.74E-1,-7.595E-1));
#3390=LINE('',#3389,#3388);
#3391=DIRECTION('',(0.E0,0.E0,1.E0));
#3392=VECTOR('',#3391,2.5E-2);
#3393=CARTESIAN_POINT('',(4.875E-1,-2.74E-1,-7.845E-1));
#3394=LINE('',#3393,#3392);
#3395=DIRECTION('',(0.E0,-1.E0,0.E0));
#3396=VECTOR('',#3395,3.365E-1);
#3397=CARTESIAN_POINT('',(4.875E-1,6.25E-2,-7.845E-1));
#3398=LINE('',#3397,#3396);
#3399=CARTESIAN_POINT('',(4.875E-1,6.25E-2,-7.345E-1));
#3400=DIRECTION('',(-1.E0,0.E0,0.E0));
#3401=DIRECTION('',(0.E0,1.E0,0.E0));
#3402=AXIS2_PLACEMENT_3D('',#3399,#3400,#3401);
#3404=DIRECTION('',(-1.E0,0.E0,0.E0));
#3405=VECTOR('',#3404,2.5E-2);
#3406=CARTESIAN_POINT('',(5.125E-1,-1.125E-1,-5.845E-1));
#3407=LINE('',#3406,#3405);
#3408=DIRECTION('',(-1.E0,0.E0,0.E0));
#3409=VECTOR('',#3408,2.5E-2);
#3410=CARTESIAN_POINT('',(5.125E-1,-1.375E-1,-6.095E-1));
#3411=LINE('',#3410,#3409);
#3412=DIRECTION('',(-1.E0,0.E0,0.E0));
#3413=VECTOR('',#3412,2.5E-2);
#3414=CARTESIAN_POINT('',(5.125E-1,-2.74E-1,-6.095E-1));
#3415=LINE('',#3414,#3413);
#3416=DIRECTION('',(-1.E0,0.E0,0.E0));
#3417=VECTOR('',#3416,2.5E-2);
#3418=CARTESIAN_POINT('',(5.125E-1,-2.74E-1,-6.345E-1));
#3419=LINE('',#3418,#3417);
#3420=DIRECTION('',(-1.E0,0.E0,0.E0));
#3421=VECTOR('',#3420,2.5E-2);
#3422=CARTESIAN_POINT('',(5.125E-1,-1.375E-1,-6.345E-1));
#3423=LINE('',#3422,#3421);
#3424=DIRECTION('',(-1.E0,0.E0,0.E0));
#3425=VECTOR('',#3424,2.5E-2);
#3426=CARTESIAN_POINT('',(5.125E-1,-8.75E-2,-5.845E-1));
#3427=LINE('',#3426,#3425);
#3428=DIRECTION('',(-1.E0,0.E0,0.E0));
#3429=VECTOR('',#3428,2.5E-2);
#3430=CARTESIAN_POINT('',(5.125E-1,1.125E-1,-7.345E-1));
#3431=LINE('',#3430,#3429);
#3432=DIRECTION('',(-1.E0,0.E0,0.E0));
#3433=VECTOR('',#3432,2.5E-2);
#3434=CARTESIAN_POINT('',(5.125E-1,6.25E-2,-7.845E-1));
#3435=LINE('',#3434,#3433);
#3436=DIRECTION('',(-1.E0,0.E0,0.E0));
#3437=VECTOR('',#3436,2.5E-2);
#3438=CARTESIAN_POINT('',(5.125E-1,-2.74E-1,-7.845E-1));
#3439=LINE('',#3438,#3437);
#3440=DIRECTION('',(-1.E0,0.E0,0.E0));
#3441=VECTOR('',#3440,2.5E-2);
#3442=CARTESIAN_POINT('',(5.125E-1,-2.74E-1,-7.595E-1));
#3443=LINE('',#3442,#3441);
#3444=DIRECTION('',(-1.E0,0.E0,0.E0));
#3445=VECTOR('',#3444,2.5E-2);
#3446=CARTESIAN_POINT('',(5.125E-1,6.25E-2,-7.595E-1));
#3447=LINE('',#3446,#3445);
#3448=DIRECTION('',(-1.E0,0.E0,0.E0));
#3449=VECTOR('',#3448,2.5E-2);
#3450=CARTESIAN_POINT('',(5.125E-1,8.75E-2,-7.345E-1));
#3451=LINE('',#3450,#3449);
#3452=DIRECTION('',(0.E0,0.E0,-1.E0));
#3453=VECTOR('',#3452,3.45E-2);
#3454=CARTESIAN_POINT('',(6.125E-1,-8.75E-2,-5.5E-1));
#3455=LINE('',#3454,#3453);
#3456=CARTESIAN_POINT('',(6.125E-1,-1.375E-1,-5.845E-1));
#3457=DIRECTION('',(-1.E0,0.E0,0.E0));
#3458=DIRECTION('',(0.E0,1.E0,0.E0));
#3459=AXIS2_PLACEMENT_3D('',#3456,#3457,#3458);
#3461=DIRECTION('',(0.E0,-1.E0,0.E0));
#3462=VECTOR('',#3461,1.365E-1);
#3463=CARTESIAN_POINT('',(6.125E-1,-1.375E-1,-6.345E-1));
#3464=LINE('',#3463,#3462);
#3465=DIRECTION('',(0.E0,0.E0,1.E0));
#3466=VECTOR('',#3465,2.5E-2);
#3467=CARTESIAN_POINT('',(6.125E-1,-2.74E-1,-6.345E-1));
#3468=LINE('',#3467,#3466);
#3469=DIRECTION('',(0.E0,1.E0,0.E0));
#3470=VECTOR('',#3469,1.365E-1);
#3471=CARTESIAN_POINT('',(6.125E-1,-2.74E-1,-6.095E-1));
#3472=LINE('',#3471,#3470);
#3473=CARTESIAN_POINT('',(6.125E-1,-1.375E-1,-5.845E-1));
#3474=DIRECTION('',(1.E0,0.E0,0.E0));
#3475=DIRECTION('',(0.E0,0.E0,-1.E0));
#3476=AXIS2_PLACEMENT_3D('',#3473,#3474,#3475);
#3478=DIRECTION('',(0.E0,0.E0,1.E0));
#3479=VECTOR('',#3478,3.45E-2);
#3480=CARTESIAN_POINT('',(6.125E-1,-1.125E-1,-5.845E-1));
#3481=LINE('',#3480,#3479);
#3482=DIRECTION('',(0.E0,0.E0,-1.E0));
#3483=VECTOR('',#3482,1.845E-1);
#3484=CARTESIAN_POINT('',(6.125E-1,1.125E-1,-5.5E-1));
#3485=LINE('',#3484,#3483);
#3486=CARTESIAN_POINT('',(6.125E-1,6.25E-2,-7.345E-1));
#3487=DIRECTION('',(-1.E0,0.E0,0.E0));
#3488=DIRECTION('',(0.E0,1.E0,0.E0));
#3489=AXIS2_PLACEMENT_3D('',#3486,#3487,#3488);
#3491=DIRECTION('',(0.E0,-1.E0,0.E0));
#3492=VECTOR('',#3491,3.365E-1);
#3493=CARTESIAN_POINT('',(6.125E-1,6.25E-2,-7.845E-1));
#3494=LINE('',#3493,#3492);
#3495=DIRECTION('',(0.E0,0.E0,1.E0));
#3496=VECTOR('',#3495,2.5E-2);
#3497=CARTESIAN_POINT('',(6.125E-1,-2.74E-1,-7.845E-1));
#3498=LINE('',#3497,#3496);
#3499=DIRECTION('',(0.E0,1.E0,0.E0));
#3500=VECTOR('',#3499,3.365E-1);
#3501=CARTESIAN_POINT('',(6.125E-1,-2.74E-1,-7.595E-1));
#3502=LINE('',#3501,#3500);
#3503=CARTESIAN_POINT('',(6.125E-1,6.25E-2,-7.345E-1));
#3504=DIRECTION('',(1.E0,0.E0,0.E0));
#3505=DIRECTION('',(0.E0,0.E0,-1.E0));
#3506=AXIS2_PLACEMENT_3D('',#3503,#3504,#3505);
#3508=DIRECTION('',(0.E0,0.E0,1.E0));
#3509=VECTOR('',#3508,1.845E-1);
#3510=CARTESIAN_POINT('',(6.125E-1,8.75E-2,-7.345E-1));
#3511=LINE('',#3510,#3509);
#3512=DIRECTION('',(0.E0,0.E0,-1.E0));
#3513=VECTOR('',#3512,3.45E-2);
#3514=CARTESIAN_POINT('',(5.875E-1,-8.75E-2,-5.5E-1));
#3515=LINE('',#3514,#3513);
#3516=DIRECTION('',(0.E0,0.E0,1.E0));
#3517=VECTOR('',#3516,3.45E-2);
#3518=CARTESIAN_POINT('',(5.875E-1,-1.125E-1,-5.845E-1));
#3519=LINE('',#3518,#3517);
#3520=CARTESIAN_POINT('',(5.875E-1,-1.375E-1,-5.845E-1));
#3521=DIRECTION('',(1.E0,0.E0,0.E0));
#3522=DIRECTION('',(0.E0,0.E0,-1.E0));
#3523=AXIS2_PLACEMENT_3D('',#3520,#3521,#3522);
#3525=DIRECTION('',(0.E0,1.E0,0.E0));
#3526=VECTOR('',#3525,1.365E-1);
#3527=CARTESIAN_POINT('',(5.875E-1,-2.74E-1,-6.095E-1));
#3528=LINE('',#3527,#3526);
#3529=DIRECTION('',(0.E0,0.E0,1.E0));
#3530=VECTOR('',#3529,2.5E-2);
#3531=CARTESIAN_POINT('',(5.875E-1,-2.74E-1,-6.345E-1));
#3532=LINE('',#3531,#3530);
#3533=DIRECTION('',(0.E0,-1.E0,0.E0));
#3534=VECTOR('',#3533,1.365E-1);
#3535=CARTESIAN_POINT('',(5.875E-1,-1.375E-1,-6.345E-1));
#3536=LINE('',#3535,#3534);
#3537=CARTESIAN_POINT('',(5.875E-1,-1.375E-1,-5.845E-1));
#3538=DIRECTION('',(-1.E0,0.E0,0.E0));
#3539=DIRECTION('',(0.E0,1.E0,0.E0));
#3540=AXIS2_PLACEMENT_3D('',#3537,#3538,#3539);
#3542=DIRECTION('',(0.E0,0.E0,-1.E0));
#3543=VECTOR('',#3542,1.845E-1);
#3544=CARTESIAN_POINT('',(5.875E-1,1.125E-1,-5.5E-1));
#3545=LINE('',#3544,#3543);
#3546=DIRECTION('',(0.E0,0.E0,1.E0));
#3547=VECTOR('',#3546,1.845E-1);
#3548=CARTESIAN_POINT('',(5.875E-1,8.75E-2,-7.345E-1));
#3549=LINE('',#3548,#3547);
#3550=CARTESIAN_POINT('',(5.875E-1,6.25E-2,-7.345E-1));
#3551=DIRECTION('',(1.E0,0.E0,0.E0));
#3552=DIRECTION('',(0.E0,0.E0,-1.E0));
#3553=AXIS2_PLACEMENT_3D('',#3550,#3551,#3552);
#3555=DIRECTION('',(0.E0,1.E0,0.E0));
#3556=VECTOR('',#3555,3.365E-1);
#3557=CARTESIAN_POINT('',(5.875E-1,-2.74E-1,-7.595E-1));
#3558=LINE('',#3557,#3556);
#3559=DIRECTION('',(0.E0,0.E0,1.E0));
#3560=VECTOR('',#3559,2.5E-2);
#3561=CARTESIAN_POINT('',(5.875E-1,-2.74E-1,-7.845E-1));
#3562=LINE('',#3561,#3560);
#3563=DIRECTION('',(0.E0,-1.E0,0.E0));
#3564=VECTOR('',#3563,3.365E-1);
#3565=CARTESIAN_POINT('',(5.875E-1,6.25E-2,-7.845E-1));
#3566=LINE('',#3565,#3564);
#3567=CARTESIAN_POINT('',(5.875E-1,6.25E-2,-7.345E-1));
#3568=DIRECTION('',(-1.E0,0.E0,0.E0));
#3569=DIRECTION('',(0.E0,1.E0,0.E0));
#3570=AXIS2_PLACEMENT_3D('',#3567,#3568,#3569);
#3572=DIRECTION('',(-1.E0,0.E0,0.E0));
#3573=VECTOR('',#3572,2.5E-2);
#3574=CARTESIAN_POINT('',(6.125E-1,-1.125E-1,-5.845E-1));
#3575=LINE('',#3574,#3573);
#3576=DIRECTION('',(-1.E0,0.E0,0.E0));
#3577=VECTOR('',#3576,2.5E-2);
#3578=CARTESIAN_POINT('',(6.125E-1,-1.375E-1,-6.095E-1));
#3579=LINE('',#3578,#3577);
#3580=DIRECTION('',(-1.E0,0.E0,0.E0));
#3581=VECTOR('',#3580,2.5E-2);
#3582=CARTESIAN_POINT('',(6.125E-1,-2.74E-1,-6.095E-1));
#3583=LINE('',#3582,#3581);
#3584=DIRECTION('',(-1.E0,0.E0,0.E0));
#3585=VECTOR('',#3584,2.5E-2);
#3586=CARTESIAN_POINT('',(6.125E-1,-2.74E-1,-6.345E-1));
#3587=LINE('',#3586,#3585);
#3588=DIRECTION('',(-1.E0,0.E0,0.E0));
#3589=VECTOR('',#3588,2.5E-2);
#3590=CARTESIAN_POINT('',(6.125E-1,-1.375E-1,-6.345E-1));
#3591=LINE('',#3590,#3589);
#3592=DIRECTION('',(-1.E0,0.E0,0.E0));
#3593=VECTOR('',#3592,2.5E-2);
#3594=CARTESIAN_POINT('',(6.125E-1,-8.75E-2,-5.845E-1));
#3595=LINE('',#3594,#3593);
#3596=DIRECTION('',(-1.E0,0.E0,0.E0));
#3597=VECTOR('',#3596,2.5E-2);
#3598=CARTESIAN_POINT('',(6.125E-1,1.125E-1,-7.345E-1));
#3599=LINE('',#3598,#3597);
#3600=DIRECTION('',(-1.E0,0.E0,0.E0));
#3601=VECTOR('',#3600,2.5E-2);
#3602=CARTESIAN_POINT('',(6.125E-1,6.25E-2,-7.845E-1));
#3603=LINE('',#3602,#3601);
#3604=DIRECTION('',(-1.E0,0.E0,0.E0));
#3605=VECTOR('',#3604,2.5E-2);
#3606=CARTESIAN_POINT('',(6.125E-1,-2.74E-1,-7.845E-1));
#3607=LINE('',#3606,#3605);
#3608=DIRECTION('',(-1.E0,0.E0,0.E0));
#3609=VECTOR('',#3608,2.5E-2);
#3610=CARTESIAN_POINT('',(6.125E-1,-2.74E-1,-7.595E-1));
#3611=LINE('',#3610,#3609);
#3612=DIRECTION('',(-1.E0,0.E0,0.E0));
#3613=VECTOR('',#3612,2.5E-2);
#3614=CARTESIAN_POINT('',(6.125E-1,6.25E-2,-7.595E-1));
#3615=LINE('',#3614,#3613);
#3616=DIRECTION('',(-1.E0,0.E0,0.E0));
#3617=VECTOR('',#3616,2.5E-2);
#3618=CARTESIAN_POINT('',(6.125E-1,8.75E-2,-7.345E-1));
#3619=LINE('',#3618,#3617);
#3620=DIRECTION('',(0.E0,0.E0,-1.E0));
#3621=VECTOR('',#3620,3.45E-2);
#3622=CARTESIAN_POINT('',(7.125E-1,-8.75E-2,-5.5E-1));
#3623=LINE('',#3622,#3621);
#3624=CARTESIAN_POINT('',(7.125E-1,-1.375E-1,-5.845E-1));
#3625=DIRECTION('',(-1.E0,0.E0,0.E0));
#3626=DIRECTION('',(0.E0,1.E0,0.E0));
#3627=AXIS2_PLACEMENT_3D('',#3624,#3625,#3626);
#3629=DIRECTION('',(0.E0,-1.E0,0.E0));
#3630=VECTOR('',#3629,1.365E-1);
#3631=CARTESIAN_POINT('',(7.125E-1,-1.375E-1,-6.345E-1));
#3632=LINE('',#3631,#3630);
#3633=DIRECTION('',(0.E0,0.E0,1.E0));
#3634=VECTOR('',#3633,2.5E-2);
#3635=CARTESIAN_POINT('',(7.125E-1,-2.74E-1,-6.345E-1));
#3636=LINE('',#3635,#3634);
#3637=DIRECTION('',(0.E0,1.E0,0.E0));
#3638=VECTOR('',#3637,1.365E-1);
#3639=CARTESIAN_POINT('',(7.125E-1,-2.74E-1,-6.095E-1));
#3640=LINE('',#3639,#3638);
#3641=CARTESIAN_POINT('',(7.125E-1,-1.375E-1,-5.845E-1));
#3642=DIRECTION('',(1.E0,0.E0,0.E0));
#3643=DIRECTION('',(0.E0,0.E0,-1.E0));
#3644=AXIS2_PLACEMENT_3D('',#3641,#3642,#3643);
#3646=DIRECTION('',(0.E0,0.E0,1.E0));
#3647=VECTOR('',#3646,3.45E-2);
#3648=CARTESIAN_POINT('',(7.125E-1,-1.125E-1,-5.845E-1));
#3649=LINE('',#3648,#3647);
#3650=DIRECTION('',(0.E0,0.E0,-1.E0));
#3651=VECTOR('',#3650,1.845E-1);
#3652=CARTESIAN_POINT('',(7.125E-1,1.125E-1,-5.5E-1));
#3653=LINE('',#3652,#3651);
#3654=CARTESIAN_POINT('',(7.125E-1,6.25E-2,-7.345E-1));
#3655=DIRECTION('',(-1.E0,0.E0,0.E0));
#3656=DIRECTION('',(0.E0,1.E0,0.E0));
#3657=AXIS2_PLACEMENT_3D('',#3654,#3655,#3656);
#3659=DIRECTION('',(0.E0,-1.E0,0.E0));
#3660=VECTOR('',#3659,3.365E-1);
#3661=CARTESIAN_POINT('',(7.125E-1,6.25E-2,-7.845E-1));
#3662=LINE('',#3661,#3660);
#3663=DIRECTION('',(0.E0,0.E0,1.E0));
#3664=VECTOR('',#3663,2.5E-2);
#3665=CARTESIAN_POINT('',(7.125E-1,-2.74E-1,-7.845E-1));
#3666=LINE('',#3665,#3664);
#3667=DIRECTION('',(0.E0,1.E0,0.E0));
#3668=VECTOR('',#3667,3.365E-1);
#3669=CARTESIAN_POINT('',(7.125E-1,-2.74E-1,-7.595E-1));
#3670=LINE('',#3669,#3668);
#3671=CARTESIAN_POINT('',(7.125E-1,6.25E-2,-7.345E-1));
#3672=DIRECTION('',(1.E0,0.E0,0.E0));
#3673=DIRECTION('',(0.E0,0.E0,-1.E0));
#3674=AXIS2_PLACEMENT_3D('',#3671,#3672,#3673);
#3676=DIRECTION('',(0.E0,0.E0,1.E0));
#3677=VECTOR('',#3676,1.845E-1);
#3678=CARTESIAN_POINT('',(7.125E-1,8.75E-2,-7.345E-1));
#3679=LINE('',#3678,#3677);
#3680=DIRECTION('',(0.E0,0.E0,-1.E0));
#3681=VECTOR('',#3680,3.45E-2);
#3682=CARTESIAN_POINT('',(6.875E-1,-8.75E-2,-5.5E-1));
#3683=LINE('',#3682,#3681);
#3684=DIRECTION('',(0.E0,0.E0,1.E0));
#3685=VECTOR('',#3684,3.45E-2);
#3686=CARTESIAN_POINT('',(6.875E-1,-1.125E-1,-5.845E-1));
#3687=LINE('',#3686,#3685);
#3688=CARTESIAN_POINT('',(6.875E-1,-1.375E-1,-5.845E-1));
#3689=DIRECTION('',(1.E0,0.E0,0.E0));
#3690=DIRECTION('',(0.E0,0.E0,-1.E0));
#3691=AXIS2_PLACEMENT_3D('',#3688,#3689,#3690);
#3693=DIRECTION('',(0.E0,1.E0,0.E0));
#3694=VECTOR('',#3693,1.365E-1);
#3695=CARTESIAN_POINT('',(6.875E-1,-2.74E-1,-6.095E-1));
#3696=LINE('',#3695,#3694);
#3697=DIRECTION('',(0.E0,0.E0,1.E0));
#3698=VECTOR('',#3697,2.5E-2);
#3699=CARTESIAN_POINT('',(6.875E-1,-2.74E-1,-6.345E-1));
#3700=LINE('',#3699,#3698);
#3701=DIRECTION('',(0.E0,-1.E0,0.E0));
#3702=VECTOR('',#3701,1.365E-1);
#3703=CARTESIAN_POINT('',(6.875E-1,-1.375E-1,-6.345E-1));
#3704=LINE('',#3703,#3702);
#3705=CARTESIAN_POINT('',(6.875E-1,-1.375E-1,-5.845E-1));
#3706=DIRECTION('',(-1.E0,0.E0,0.E0));
#3707=DIRECTION('',(0.E0,1.E0,0.E0));
#3708=AXIS2_PLACEMENT_3D('',#3705,#3706,#3707);
#3710=DIRECTION('',(0.E0,0.E0,-1.E0));
#3711=VECTOR('',#3710,1.845E-1);
#3712=CARTESIAN_POINT('',(6.875E-1,1.125E-1,-5.5E-1));
#3713=LINE('',#3712,#3711);
#3714=DIRECTION('',(0.E0,0.E0,1.E0));
#3715=VECTOR('',#3714,1.845E-1);
#3716=CARTESIAN_POINT('',(6.875E-1,8.75E-2,-7.345E-1));
#3717=LINE('',#3716,#3715);
#3718=CARTESIAN_POINT('',(6.875E-1,6.25E-2,-7.345E-1));
#3719=DIRECTION('',(1.E0,0.E0,0.E0));
#3720=DIRECTION('',(0.E0,0.E0,-1.E0));
#3721=AXIS2_PLACEMENT_3D('',#3718,#3719,#3720);
#3723=DIRECTION('',(0.E0,1.E0,0.E0));
#3724=VECTOR('',#3723,3.365E-1);
#3725=CARTESIAN_POINT('',(6.875E-1,-2.74E-1,-7.595E-1));
#3726=LINE('',#3725,#3724);
#3727=DIRECTION('',(0.E0,0.E0,1.E0));
#3728=VECTOR('',#3727,2.5E-2);
#3729=CARTESIAN_POINT('',(6.875E-1,-2.74E-1,-7.845E-1));
#3730=LINE('',#3729,#3728);
#3731=DIRECTION('',(0.E0,-1.E0,0.E0));
#3732=VECTOR('',#3731,3.365E-1);
#3733=CARTESIAN_POINT('',(6.875E-1,6.25E-2,-7.845E-1));
#3734=LINE('',#3733,#3732);
#3735=CARTESIAN_POINT('',(6.875E-1,6.25E-2,-7.345E-1));
#3736=DIRECTION('',(-1.E0,0.E0,0.E0));
#3737=DIRECTION('',(0.E0,1.E0,0.E0));
#3738=AXIS2_PLACEMENT_3D('',#3735,#3736,#3737);
#3740=DIRECTION('',(-1.E0,0.E0,0.E0));
#3741=VECTOR('',#3740,2.5E-2);
#3742=CARTESIAN_POINT('',(7.125E-1,-1.125E-1,-5.845E-1));
#3743=LINE('',#3742,#3741);
#3744=DIRECTION('',(-1.E0,0.E0,0.E0));
#3745=VECTOR('',#3744,2.5E-2);
#3746=CARTESIAN_POINT('',(7.125E-1,-1.375E-1,-6.095E-1));
#3747=LINE('',#3746,#3745);
#3748=DIRECTION('',(-1.E0,0.E0,0.E0));
#3749=VECTOR('',#3748,2.5E-2);
#3750=CARTESIAN_POINT('',(7.125E-1,-2.74E-1,-6.095E-1));
#3751=LINE('',#3750,#3749);
#3752=DIRECTION('',(-1.E0,0.E0,0.E0));
#3753=VECTOR('',#3752,2.5E-2);
#3754=CARTESIAN_POINT('',(7.125E-1,-2.74E-1,-6.345E-1));
#3755=LINE('',#3754,#3753);
#3756=DIRECTION('',(-1.E0,0.E0,0.E0));
#3757=VECTOR('',#3756,2.5E-2);
#3758=CARTESIAN_POINT('',(7.125E-1,-1.375E-1,-6.345E-1));
#3759=LINE('',#3758,#3757);
#3760=DIRECTION('',(-1.E0,0.E0,0.E0));
#3761=VECTOR('',#3760,2.5E-2);
#3762=CARTESIAN_POINT('',(7.125E-1,-8.75E-2,-5.845E-1));
#3763=LINE('',#3762,#3761);
#3764=DIRECTION('',(-1.E0,0.E0,0.E0));
#3765=VECTOR('',#3764,2.5E-2);
#3766=CARTESIAN_POINT('',(7.125E-1,1.125E-1,-7.345E-1));
#3767=LINE('',#3766,#3765);
#3768=DIRECTION('',(-1.E0,0.E0,0.E0));
#3769=VECTOR('',#3768,2.5E-2);
#3770=CARTESIAN_POINT('',(7.125E-1,6.25E-2,-7.845E-1));
#3771=LINE('',#3770,#3769);
#3772=DIRECTION('',(-1.E0,0.E0,0.E0));
#3773=VECTOR('',#3772,2.5E-2);
#3774=CARTESIAN_POINT('',(7.125E-1,-2.74E-1,-7.845E-1));
#3775=LINE('',#3774,#3773);
#3776=DIRECTION('',(-1.E0,0.E0,0.E0));
#3777=VECTOR('',#3776,2.5E-2);
#3778=CARTESIAN_POINT('',(7.125E-1,-2.74E-1,-7.595E-1));
#3779=LINE('',#3778,#3777);
#3780=DIRECTION('',(-1.E0,0.E0,0.E0));
#3781=VECTOR('',#3780,2.5E-2);
#3782=CARTESIAN_POINT('',(7.125E-1,6.25E-2,-7.595E-1));
#3783=LINE('',#3782,#3781);
#3784=DIRECTION('',(-1.E0,0.E0,0.E0));
#3785=VECTOR('',#3784,2.5E-2);
#3786=CARTESIAN_POINT('',(7.125E-1,8.75E-2,-7.345E-1));
#3787=LINE('',#3786,#3785);
#3788=DIRECTION('',(0.E0,0.E0,-1.E0));
#3789=VECTOR('',#3788,5.E-3);
#3790=CARTESIAN_POINT('',(-7.3E-1,-4.5E-2,-5.5E-1));
#3791=LINE('',#3790,#3789);
#3792=DIRECTION('',(0.E0,0.E0,-1.E0));
#3793=VECTOR('',#3792,5.E-3);
#3794=CARTESIAN_POINT('',(-7.35E-1,-4.5E-2,-5.5E-1));
#3795=LINE('',#3794,#3793);
#3796=DIRECTION('',(0.E0,0.E0,-1.E0));
#3797=VECTOR('',#3796,5.E-3);
#3798=CARTESIAN_POINT('',(-7.35E-1,-7.819149017334E-2,-5.5E-1));
#3799=LINE('',#3798,#3797);
#3800=DIRECTION('',(0.E0,0.E0,-1.E0));
#3801=VECTOR('',#3800,5.E-3);
#3802=CARTESIAN_POINT('',(-7.4E-1,-7.223404169083E-2,-5.5E-1));
#3803=LINE('',#3802,#3801);
#3804=DIRECTION('',(0.E0,0.E0,-1.E0));
#3805=VECTOR('',#3804,5.E-3);
#3806=CARTESIAN_POINT('',(-7.4E-1,-7.904255390167E-2,-5.5E-1));
#3807=LINE('',#3806,#3805);
#3808=DIRECTION('',(0.E0,0.E0,-1.E0));
#3809=VECTOR('',#3808,5.E-3);
#3810=CARTESIAN_POINT('',(-7.35E-1,-8.5E-2,-5.5E-1));
#3811=LINE('',#3810,#3809);
#3812=DIRECTION('',(0.E0,0.E0,-1.E0));
#3813=VECTOR('',#3812,5.E-3);
#3814=CARTESIAN_POINT('',(-7.3E-1,-8.5E-2,-5.5E-1));
#3815=LINE('',#3814,#3813);
#3816=DIRECTION('',(0.E0,-1.E0,0.E0));
#3817=VECTOR('',#3816,4.E-2);
#3818=CARTESIAN_POINT('',(-7.3E-1,-4.5E-2,-5.55E-1));
#3819=LINE('',#3818,#3817);
#3820=DIRECTION('',(1.E0,0.E0,0.E0));
#3821=VECTOR('',#3820,5.E-3);
#3822=CARTESIAN_POINT('',(-7.35E-1,-4.5E-2,-5.55E-1));
#3823=LINE('',#3822,#3821);
#3824=DIRECTION('',(0.E0,1.E0,0.E0));
#3825=VECTOR('',#3824,3.319149017334E-2);
#3826=CARTESIAN_POINT('',(-7.35E-1,-7.819149017334E-2,-5.55E-1));
#3827=LINE('',#3826,#3825);
#3828=DIRECTION('',(6.428711427642E-1,-7.659743427825E-1,0.E0));
#3829=VECTOR('',#3828,7.777608399875E-3);
#3830=CARTESIAN_POINT('',(-7.4E-1,-7.223404169083E-2,-5.55E-1));
#3831=LINE('',#3830,#3829);
#3832=DIRECTION('',(0.E0,1.E0,0.E0));
#3833=VECTOR('',#3832,6.808512210846E-3);
#3834=CARTESIAN_POINT('',(-7.4E-1,-7.904255390167E-2,-5.55E-1));
#3835=LINE('',#3834,#3833);
#3836=DIRECTION('',(-6.428712937139E-1,7.659742160926E-1,0.E0));
#3837=VECTOR('',#3836,7.777606573650E-3);
#3838=CARTESIAN_POINT('',(-7.35E-1,-8.5E-2,-5.55E-1));
#3839=LINE('',#3838,#3837);
#3840=DIRECTION('',(-1.E0,0.E0,0.E0));
#3841=VECTOR('',#3840,5.E-3);
#3842=CARTESIAN_POINT('',(-7.3E-1,-8.5E-2,-5.55E-1));
#3843=LINE('',#3842,#3841);
#3844=CARTESIAN_POINT('',(8.E-1,1.08E-1,0.E0));
#3845=DIRECTION('',(0.E0,0.E0,1.E0));
#3846=DIRECTION('',(1.E0,0.E0,0.E0));
#3847=AXIS2_PLACEMENT_3D('',#3844,#3845,#3846);
#3849=CARTESIAN_POINT('',(8.E-1,1.08E-1,0.E0));
#3850=DIRECTION('',(0.E0,0.E0,1.E0));
#3851=DIRECTION('',(-1.E0,0.E0,0.E0));
#3852=AXIS2_PLACEMENT_3D('',#3849,#3850,#3851);
#3854=DIRECTION('',(1.E0,0.E0,0.E0));
#3855=VECTOR('',#3854,1.538042738777E0);
#3856=CARTESIAN_POINT('',(-7.68E-1,9.675E-2,0.E0));
#3857=LINE('',#3856,#3855);
#3858=DIRECTION('',(0.E0,1.E0,0.E0));
#3859=VECTOR('',#3858,4.325E-2);
#3860=CARTESIAN_POINT('',(-7.68E-1,9.675E-2,0.E0));
#3861=LINE('',#3860,#3859);
#3862=DIRECTION('',(-1.E0,0.E0,0.E0));
#3863=VECTOR('',#3862,6.4E-2);
#3864=CARTESIAN_POINT('',(-7.68E-1,1.4E-1,0.E0));
#3865=LINE('',#3864,#3863);
#3866=DIRECTION('',(0.E0,-1.E0,0.E0));
#3867=VECTOR('',#3866,4.325E-2);
#3868=CARTESIAN_POINT('',(-8.32E-1,1.4E-1,0.E0));
#3869=LINE('',#3868,#3867);
#3870=DIRECTION('',(1.E0,0.E0,0.E0));
#3871=VECTOR('',#3870,2.8E-2);
#3872=CARTESIAN_POINT('',(-8.6E-1,9.675E-2,0.E0));
#3873=LINE('',#3872,#3871);
#3874=DIRECTION('',(-1.E0,0.E0,0.E0));
#3875=VECTOR('',#3874,1.72E0);
#3876=CARTESIAN_POINT('',(8.6E-1,-9.675E-2,0.E0));
#3877=LINE('',#3876,#3875);
#3878=DIRECTION('',(1.E0,0.E0,0.E0));
#3879=VECTOR('',#3878,3.004273877672E-2);
#3880=CARTESIAN_POINT('',(8.299572612233E-1,9.675E-2,0.E0));
#3881=LINE('',#3880,#3879);
#3882=CARTESIAN_POINT('',(8.E-1,1.08E-1,0.E0));
#3883=DIRECTION('',(0.E0,0.E0,1.E0));
#3884=DIRECTION('',(9.361644132276E-1,-3.515625E-1,0.E0));
#3885=AXIS2_PLACEMENT_3D('',#3882,#3883,#3884);
#3887=CARTESIAN_POINT('',(8.5E-1,1.54E-1,0.E0));
#3888=DIRECTION('',(0.E0,0.E0,1.E0));
#3889=DIRECTION('',(1.E0,0.E0,0.E0));
#3890=AXIS2_PLACEMENT_3D('',#3887,#3888,#3889);
#3892=CARTESIAN_POINT('',(8.5E-1,-1.54E-1,0.E0));
#3893=DIRECTION('',(0.E0,0.E0,1.E0));
#3894=DIRECTION('',(0.E0,-1.E0,0.E0));
#3895=AXIS2_PLACEMENT_3D('',#3892,#3893,#3894);
#3897=CARTESIAN_POINT('',(-8.5E-1,-1.54E-1,0.E0));
#3898=DIRECTION('',(0.E0,0.E0,1.E0));
#3899=DIRECTION('',(-1.E0,0.E0,0.E0));
#3900=AXIS2_PLACEMENT_3D('',#3897,#3898,#3899);
#3902=CARTESIAN_POINT('',(-8.5E-1,1.54E-1,0.E0));
#3903=DIRECTION('',(0.E0,0.E0,1.E0));
#3904=DIRECTION('',(0.E0,1.E0,0.E0));
#3905=AXIS2_PLACEMENT_3D('',#3902,#3903,#3904);
#3907=DIRECTION('',(1.E0,0.E0,0.E0));
#3908=VECTOR('',#3907,1.7E0);
#3909=CARTESIAN_POINT('',(-8.5E-1,1.84E-1,0.E0));
#3910=LINE('',#3909,#3908);
#3911=DIRECTION('',(0.E0,0.E0,-1.E0));
#3912=VECTOR('',#3911,1.3E-1);
#3913=CARTESIAN_POINT('',(8.32E-1,1.08E-1,0.E0));
#3914=LINE('',#3913,#3912);
#3915=DIRECTION('',(0.E0,0.E0,-1.E0));
#3916=VECTOR('',#3915,1.3E-1);
#3917=CARTESIAN_POINT('',(7.68E-1,1.08E-1,0.E0));
#3918=LINE('',#3917,#3916);
#3919=CARTESIAN_POINT('',(8.E-1,1.08E-1,-1.3E-1));
#3920=DIRECTION('',(0.E0,0.E0,1.E0));
#3921=DIRECTION('',(1.E0,0.E0,0.E0));
#3922=AXIS2_PLACEMENT_3D('',#3919,#3920,#3921);
#3924=CARTESIAN_POINT('',(8.E-1,1.08E-1,-1.3E-1));
#3925=DIRECTION('',(0.E0,0.E0,1.E0));
#3926=DIRECTION('',(-1.E0,0.E0,0.E0));
#3927=AXIS2_PLACEMENT_3D('',#3924,#3925,#3926);
#3929=DIRECTION('',(0.E0,-1.E0,0.E0));
#3930=VECTOR('',#3929,6.4E-2);
#3931=CARTESIAN_POINT('',(-8.32E-1,1.4E-1,-1.3E-1));
#3932=LINE('',#3931,#3930);
#3933=DIRECTION('',(-1.E0,0.E0,0.E0));
#3934=VECTOR('',#3933,6.4E-2);
#3935=CARTESIAN_POINT('',(-7.68E-1,1.4E-1,-1.3E-1));
#3936=LINE('',#3935,#3934);
#3937=DIRECTION('',(0.E0,1.E0,0.E0));
#3938=VECTOR('',#3937,6.4E-2);
#3939=CARTESIAN_POINT('',(-7.68E-1,7.6E-2,-1.3E-1));
#3940=LINE('',#3939,#3938);
#3941=DIRECTION('',(1.E0,0.E0,0.E0));
#3942=VECTOR('',#3941,6.4E-2);
#3943=CARTESIAN_POINT('',(-8.32E-1,7.6E-2,-1.3E-1));
#3944=LINE('',#3943,#3942);
#3945=DIRECTION('',(0.E0,0.E0,-1.E0));
#3946=VECTOR('',#3945,1.3E-1);
#3947=CARTESIAN_POINT('',(-8.32E-1,1.4E-1,0.E0));
#3948=LINE('',#3947,#3946);
#3949=DIRECTION('',(0.E0,0.E0,-1.E0));
#3950=VECTOR('',#3949,1.3E-1);
#3951=CARTESIAN_POINT('',(-7.68E-1,1.4E-1,0.E0));
#3952=LINE('',#3951,#3950);
#3953=DIRECTION('',(0.E0,0.E0,-1.E0));
#3954=VECTOR('',#3953,1.262977575042E-1);
#3955=CARTESIAN_POINT('',(-7.68E-1,7.6E-2,-3.702242495815E-3));
#3956=LINE('',#3955,#3954);
#3957=CARTESIAN_POINT('',(8.299572612233E-1,9.675E-2,0.E0));
#3958=CARTESIAN_POINT('',(8.290529465339E-1,9.434192965526E-2,0.E0));
#3959=CARTESIAN_POINT('',(8.267343739996E-1,8.984767777901E-2,
-2.813873089067E-4));
#3960=CARTESIAN_POINT('',(8.214873216628E-1,8.386161726490E-2,
-1.318517452793E-3));
#3961=CARTESIAN_POINT('',(8.151892347236E-1,7.948391828922E-2,
-2.498256382655E-3));
#3962=CARTESIAN_POINT('',(8.078205893457E-1,7.663761053977E-2,
-3.459959412077E-3));
#3963=CARTESIAN_POINT('',(8.000214632699E-1,7.567984889188E-2,
-3.823803430025E-3));
#3964=CARTESIAN_POINT('',(7.921577719722E-1,7.664300463096E-2,
-3.458277884854E-3));
#3965=CARTESIAN_POINT('',(7.848630561427E-1,7.946018011435E-2,
-2.505738130606E-3));
#3966=CARTESIAN_POINT('',(7.785254669876E-1,8.384493058639E-2,
-1.321700661410E-3));
#3967=CARTESIAN_POINT('',(7.732679015442E-1,8.984384181404E-2,
-2.814792681916E-4));
#3968=CARTESIAN_POINT('',(7.709472316298E-1,9.434145522905E-2,0.E0));
#3969=CARTESIAN_POINT('',(7.700427387767E-1,9.675E-2,0.E0));
#3971=CARTESIAN_POINT('',(8.6E-1,9.675E-2,0.E0));
#3972=CARTESIAN_POINT('',(8.6E-1,9.071446609407E-2,0.E0));
#3973=CARTESIAN_POINT('',(8.583744896831E-1,8.094221701812E-2,
-1.625510316884E-3));
#3974=CARTESIAN_POINT('',(8.522570180031E-1,6.545149281173E-2,
-7.742981996926E-3));
#3975=CARTESIAN_POINT('',(8.409375574976E-1,5.128195784766E-2,
-1.906244250240E-2));
#3976=CARTESIAN_POINT('',(8.232309289478E-1,4.010970865115E-2,
-3.676907105224E-2));
#3977=CARTESIAN_POINT('',(8.085355339059E-1,3.675E-2,-5.146446609407E-2));
#3978=CARTESIAN_POINT('',(8.E-1,3.675E-2,-6.E-2));
#3980=CARTESIAN_POINT('',(-8.E-1,3.675E-2,-6.E-2));
#3981=CARTESIAN_POINT('',(-8.085355339059E-1,3.675E-2,-5.146446609407E-2));
#3982=CARTESIAN_POINT('',(-8.232309289478E-1,4.010970865115E-2,
-3.676907105224E-2));
#3983=CARTESIAN_POINT('',(-8.409375574976E-1,5.128195784766E-2,
-1.906244250240E-2));
#3984=CARTESIAN_POINT('',(-8.522570180031E-1,6.545149281173E-2,
-7.742981996926E-3));
#3985=CARTESIAN_POINT('',(-8.583744896831E-1,8.094221701812E-2,
-1.625510316884E-3));
#3986=CARTESIAN_POINT('',(-8.6E-1,9.071446609407E-2,0.E0));
#3987=CARTESIAN_POINT('',(-8.6E-1,9.675E-2,0.E0));
#3989=CARTESIAN_POINT('',(-8.32E-1,9.675E-2,-6.E-2));
#3990=DIRECTION('',(1.E0,0.E0,0.E0));
#3991=DIRECTION('',(0.E0,0.E0,1.E0));
#3992=AXIS2_PLACEMENT_3D('',#3989,#3990,#3991);
#3994=DIRECTION('',(1.E0,0.E0,0.E0));
#3995=VECTOR('',#3994,6.4E-2);
#3996=CARTESIAN_POINT('',(-8.32E-1,7.6E-2,-3.702242495815E-3));
#3997=LINE('',#3996,#3995);
#3998=CARTESIAN_POINT('',(-7.68E-1,9.675E-2,-6.E-2));
#3999=DIRECTION('',(1.E0,0.E0,0.E0));
#4000=DIRECTION('',(0.E0,0.E0,1.E0));
#4001=AXIS2_PLACEMENT_3D('',#3998,#3999,#4000);
#4003=DIRECTION('',(0.E0,-1.E0,0.E0));
#4004=VECTOR('',#4003,1.935E-1);
#4005=CARTESIAN_POINT('',(8.6E-1,9.675E-2,0.E0));
#4006=LINE('',#4005,#4004);
#4007=CARTESIAN_POINT('',(8.E-1,-3.675E-2,-6.E-2));
#4008=CARTESIAN_POINT('',(8.085355339059E-1,-3.675E-2,-5.146446609407E-2));
#4009=CARTESIAN_POINT('',(8.232309289478E-1,-4.010970865115E-2,
-3.676907105224E-2));
#4010=CARTESIAN_POINT('',(8.409375574976E-1,-5.128195784766E-2,
-1.906244250240E-2));
#4011=CARTESIAN_POINT('',(8.522570180031E-1,-6.545149281173E-2,
-7.742981996926E-3));
#4012=CARTESIAN_POINT('',(8.583744896831E-1,-8.094221701812E-2,
-1.625510316884E-3));
#4013=CARTESIAN_POINT('',(8.6E-1,-9.071446609407E-2,0.E0));
#4014=CARTESIAN_POINT('',(8.6E-1,-9.675E-2,0.E0));
#4016=CARTESIAN_POINT('',(-8.6E-1,-9.675E-2,0.E0));
#4017=CARTESIAN_POINT('',(-8.6E-1,-9.071446609407E-2,0.E0));
#4018=CARTESIAN_POINT('',(-8.583744896831E-1,-8.094221701812E-2,
-1.625510316884E-3));
#4019=CARTESIAN_POINT('',(-8.522570180031E-1,-6.545149281173E-2,
-7.742981996926E-3));
#4020=CARTESIAN_POINT('',(-8.409375574976E-1,-5.128195784766E-2,
-1.906244250240E-2));
#4021=CARTESIAN_POINT('',(-8.232309289478E-1,-4.010970865115E-2,
-3.676907105224E-2));
#4022=CARTESIAN_POINT('',(-8.085355339059E-1,-3.675E-2,-5.146446609407E-2));
#4023=CARTESIAN_POINT('',(-8.E-1,-3.675E-2,-6.E-2));
#4025=DIRECTION('',(-1.E0,0.E0,0.E0));
#4026=VECTOR('',#4025,1.6E0);
#4027=CARTESIAN_POINT('',(8.E-1,-3.675E-2,-6.E-2));
#4028=LINE('',#4027,#4026);
#4029=DIRECTION('',(0.E0,0.E0,1.E0));
#4030=VECTOR('',#4029,2.35E-1);
#4031=CARTESIAN_POINT('',(-8.E-1,-3.675E-2,-2.95E-1));
#4032=LINE('',#4031,#4030);
#4033=DIRECTION('',(-1.E0,0.E0,0.E0));
#4034=VECTOR('',#4033,1.6E0);
#4035=CARTESIAN_POINT('',(8.E-1,-3.675E-2,-2.95E-1));
#4036=LINE('',#4035,#4034);
#4037=DIRECTION('',(0.E0,0.E0,-1.E0));
#4038=VECTOR('',#4037,2.35E-1);
#4039=CARTESIAN_POINT('',(8.E-1,-3.675E-2,-6.E-2));
#4040=LINE('',#4039,#4038);
#4041=DIRECTION('',(0.E0,0.E0,1.E0));
#4042=VECTOR('',#4041,2.092509708739E-2);
#4043=CARTESIAN_POINT('',(-7.26E-1,-3.675E-2,-2.009461852785E-1));
#4044=LINE('',#4043,#4042);
#4045=DIRECTION('',(1.E0,0.E0,0.E0));
#4046=VECTOR('',#4045,5.2E-2);
#4047=CARTESIAN_POINT('',(-7.26E-1,-3.675E-2,-1.800210881911E-1));
#4048=LINE('',#4047,#4046);
#4049=DIRECTION('',(0.E0,0.E0,1.E0));
#4050=VECTOR('',#4049,2.092509708739E-2);
#4051=CARTESIAN_POINT('',(-6.74E-1,-3.675E-2,-2.009461852785E-1));
#4052=LINE('',#4051,#4050);
#4053=DIRECTION('',(1.E0,0.E0,0.E0));
#4054=VECTOR('',#4053,5.2E-2);
#4055=CARTESIAN_POINT('',(-7.26E-1,-3.675E-2,-2.009461852785E-1));
#4056=LINE('',#4055,#4054);
#4057=DIRECTION('',(1.E0,0.E0,0.E0));
#4058=VECTOR('',#4057,5.2E-2);
#4059=CARTESIAN_POINT('',(-7.26E-1,-3.675E-2,-7.905381472151E-2));
#4060=LINE('',#4059,#4058);
#4061=DIRECTION('',(0.E0,0.E0,1.E0));
#4062=VECTOR('',#4061,2.092509708739E-2);
#4063=CARTESIAN_POINT('',(-6.74E-1,-3.675E-2,-9.997891180890E-2));
#4064=LINE('',#4063,#4062);
#4065=DIRECTION('',(1.E0,0.E0,0.E0));
#4066=VECTOR('',#4065,5.2E-2);
#4067=CARTESIAN_POINT('',(-7.26E-1,-3.675E-2,-9.997891180890E-2));
#4068=LINE('',#4067,#4066);
#4069=DIRECTION('',(0.E0,0.E0,1.E0));
#4070=VECTOR('',#4069,2.092509708739E-2);
#4071=CARTESIAN_POINT('',(-7.26E-1,-3.675E-2,-9.997891180890E-2));
#4072=LINE('',#4071,#4070);
#4073=DIRECTION('',(0.E0,0.E0,1.E0));
#4074=VECTOR('',#4073,2.092509708739E-2);
#4075=CARTESIAN_POINT('',(-6.26E-1,-3.675E-2,-2.009461852785E-1));
#4076=LINE('',#4075,#4074);
#4077=DIRECTION('',(1.E0,0.E0,0.E0));
#4078=VECTOR('',#4077,5.2E-2);
#4079=CARTESIAN_POINT('',(-6.26E-1,-3.675E-2,-1.800210881911E-1));
#4080=LINE('',#4079,#4078);
#4081=DIRECTION('',(0.E0,0.E0,1.E0));
#4082=VECTOR('',#4081,2.092509708739E-2);
#4083=CARTESIAN_POINT('',(-5.74E-1,-3.675E-2,-2.009461852785E-1));
#4084=LINE('',#4083,#4082);
#4085=DIRECTION('',(1.E0,0.E0,0.E0));
#4086=VECTOR('',#4085,5.2E-2);
#4087=CARTESIAN_POINT('',(-6.26E-1,-3.675E-2,-2.009461852785E-1));
#4088=LINE('',#4087,#4086);
#4089=DIRECTION('',(0.E0,0.E0,1.E0));
#4090=VECTOR('',#4089,2.092509708739E-2);
#4091=CARTESIAN_POINT('',(-6.26E-1,-3.675E-2,-9.997891180890E-2));
#4092=LINE('',#4091,#4090);
#4093=DIRECTION('',(1.E0,0.E0,0.E0));
#4094=VECTOR('',#4093,5.2E-2);
#4095=CARTESIAN_POINT('',(-6.26E-1,-3.675E-2,-7.905381472151E-2));
#4096=LINE('',#4095,#4094);
#4097=DIRECTION('',(0.E0,0.E0,1.E0));
#4098=VECTOR('',#4097,2.092509708739E-2);
#4099=CARTESIAN_POINT('',(-5.74E-1,-3.675E-2,-9.997891180890E-2));
#4100=LINE('',#4099,#4098);
#4101=DIRECTION('',(1.E0,0.E0,0.E0));
#4102=VECTOR('',#4101,5.2E-2);
#4103=CARTESIAN_POINT('',(-6.26E-1,-3.675E-2,-9.997891180890E-2));
#4104=LINE('',#4103,#4102);
#4105=DIRECTION('',(0.E0,0.E0,1.E0));
#4106=VECTOR('',#4105,2.092509708739E-2);
#4107=CARTESIAN_POINT('',(-5.26E-1,-3.675E-2,-2.009461852785E-1));
#4108=LINE('',#4107,#4106);
#4109=DIRECTION('',(1.E0,0.E0,0.E0));
#4110=VECTOR('',#4109,5.2E-2);
#4111=CARTESIAN_POINT('',(-5.26E-1,-3.675E-2,-1.800210881911E-1));
#4112=LINE('',#4111,#4110);
#4113=DIRECTION('',(0.E0,0.E0,1.E0));
#4114=VECTOR('',#4113,2.092509708739E-2);
#4115=CARTESIAN_POINT('',(-4.74E-1,-3.675E-2,-2.009461852785E-1));
#4116=LINE('',#4115,#4114);
#4117=DIRECTION('',(1.E0,0.E0,0.E0));
#4118=VECTOR('',#4117,5.2E-2);
#4119=CARTESIAN_POINT('',(-5.26E-1,-3.675E-2,-2.009461852785E-1));
#4120=LINE('',#4119,#4118);
#4121=DIRECTION('',(0.E0,0.E0,1.E0));
#4122=VECTOR('',#4121,2.092509708739E-2);
#4123=CARTESIAN_POINT('',(-5.26E-1,-3.675E-2,-9.997891180890E-2));
#4124=LINE('',#4123,#4122);
#4125=DIRECTION('',(1.E0,0.E0,0.E0));
#4126=VECTOR('',#4125,5.2E-2);
#4127=CARTESIAN_POINT('',(-5.26E-1,-3.675E-2,-7.905381472151E-2));
#4128=LINE('',#4127,#4126);
#4129=DIRECTION('',(0.E0,0.E0,1.E0));
#4130=VECTOR('',#4129,2.092509708739E-2);
#4131=CARTESIAN_POINT('',(-4.74E-1,-3.675E-2,-9.997891180890E-2));
#4132=LINE('',#4131,#4130);
#4133=DIRECTION('',(1.E0,0.E0,0.E0));
#4134=VECTOR('',#4133,5.2E-2);
#4135=CARTESIAN_POINT('',(-5.26E-1,-3.675E-2,-9.997891180890E-2));
#4136=LINE('',#4135,#4134);
#4137=DIRECTION('',(0.E0,0.E0,1.E0));
#4138=VECTOR('',#4137,2.092509708739E-2);
#4139=CARTESIAN_POINT('',(-4.26E-1,-3.675E-2,-2.009461852785E-1));
#4140=LINE('',#4139,#4138);
#4141=DIRECTION('',(1.E0,0.E0,0.E0));
#4142=VECTOR('',#4141,5.2E-2);
#4143=CARTESIAN_POINT('',(-4.26E-1,-3.675E-2,-1.800210881911E-1));
#4144=LINE('',#4143,#4142);
#4145=DIRECTION('',(0.E0,0.E0,1.E0));
#4146=VECTOR('',#4145,2.092509708739E-2);
#4147=CARTESIAN_POINT('',(-3.74E-1,-3.675E-2,-2.009461852785E-1));
#4148=LINE('',#4147,#4146);
#4149=DIRECTION('',(1.E0,0.E0,0.E0));
#4150=VECTOR('',#4149,5.2E-2);
#4151=CARTESIAN_POINT('',(-4.26E-1,-3.675E-2,-2.009461852785E-1));
#4152=LINE('',#4151,#4150);
#4153=DIRECTION('',(0.E0,0.E0,1.E0));
#4154=VECTOR('',#4153,2.092509708739E-2);
#4155=CARTESIAN_POINT('',(-4.26E-1,-3.675E-2,-9.997891180890E-2));
#4156=LINE('',#4155,#4154);
#4157=DIRECTION('',(1.E0,0.E0,0.E0));
#4158=VECTOR('',#4157,5.2E-2);
#4159=CARTESIAN_POINT('',(-4.26E-1,-3.675E-2,-7.905381472151E-2));
#4160=LINE('',#4159,#4158);
#4161=DIRECTION('',(0.E0,0.E0,1.E0));
#4162=VECTOR('',#4161,2.092509708739E-2);
#4163=CARTESIAN_POINT('',(-3.74E-1,-3.675E-2,-9.997891180890E-2));
#4164=LINE('',#4163,#4162);
#4165=DIRECTION('',(1.E0,0.E0,0.E0));
#4166=VECTOR('',#4165,5.2E-2);
#4167=CARTESIAN_POINT('',(-4.26E-1,-3.675E-2,-9.997891180890E-2));
#4168=LINE('',#4167,#4166);
#4169=DIRECTION('',(0.E0,0.E0,1.E0));
#4170=VECTOR('',#4169,2.092509708739E-2);
#4171=CARTESIAN_POINT('',(-3.26E-1,-3.675E-2,-2.009461852785E-1));
#4172=LINE('',#4171,#4170);
#4173=DIRECTION('',(1.E0,0.E0,0.E0));
#4174=VECTOR('',#4173,5.2E-2);
#4175=CARTESIAN_POINT('',(-3.26E-1,-3.675E-2,-1.800210881911E-1));
#4176=LINE('',#4175,#4174);
#4177=DIRECTION('',(0.E0,0.E0,1.E0));
#4178=VECTOR('',#4177,2.092509708739E-2);
#4179=CARTESIAN_POINT('',(-2.74E-1,-3.675E-2,-2.009461852785E-1));
#4180=LINE('',#4179,#4178);
#4181=DIRECTION('',(1.E0,0.E0,0.E0));
#4182=VECTOR('',#4181,5.2E-2);
#4183=CARTESIAN_POINT('',(-3.26E-1,-3.675E-2,-2.009461852785E-1));
#4184=LINE('',#4183,#4182);
#4185=DIRECTION('',(0.E0,0.E0,1.E0));
#4186=VECTOR('',#4185,2.092509708739E-2);
#4187=CARTESIAN_POINT('',(-3.26E-1,-3.675E-2,-9.997891180890E-2));
#4188=LINE('',#4187,#4186);
#4189=DIRECTION('',(1.E0,0.E0,0.E0));
#4190=VECTOR('',#4189,5.2E-2);
#4191=CARTESIAN_POINT('',(-3.26E-1,-3.675E-2,-7.905381472151E-2));
#4192=LINE('',#4191,#4190);
#4193=DIRECTION('',(0.E0,0.E0,1.E0));
#4194=VECTOR('',#4193,2.092509708739E-2);
#4195=CARTESIAN_POINT('',(-2.74E-1,-3.675E-2,-9.997891180890E-2));
#4196=LINE('',#4195,#4194);
#4197=DIRECTION('',(1.E0,0.E0,0.E0));
#4198=VECTOR('',#4197,5.2E-2);
#4199=CARTESIAN_POINT('',(-3.26E-1,-3.675E-2,-9.997891180890E-2));
#4200=LINE('',#4199,#4198);
#4201=DIRECTION('',(0.E0,0.E0,1.E0));
#4202=VECTOR('',#4201,2.092509708739E-2);
#4203=CARTESIAN_POINT('',(-2.26E-1,-3.675E-2,-2.009461852785E-1));
#4204=LINE('',#4203,#4202);
#4205=DIRECTION('',(1.E0,0.E0,0.E0));
#4206=VECTOR('',#4205,5.2E-2);
#4207=CARTESIAN_POINT('',(-2.26E-1,-3.675E-2,-1.800210881911E-1));
#4208=LINE('',#4207,#4206);
#4209=DIRECTION('',(0.E0,0.E0,1.E0));
#4210=VECTOR('',#4209,2.092509708739E-2);
#4211=CARTESIAN_POINT('',(-1.74E-1,-3.675E-2,-2.009461852785E-1));
#4212=LINE('',#4211,#4210);
#4213=DIRECTION('',(1.E0,0.E0,0.E0));
#4214=VECTOR('',#4213,5.2E-2);
#4215=CARTESIAN_POINT('',(-2.26E-1,-3.675E-2,-2.009461852785E-1));
#4216=LINE('',#4215,#4214);
#4217=DIRECTION('',(0.E0,0.E0,1.E0));
#4218=VECTOR('',#4217,2.092509708739E-2);
#4219=CARTESIAN_POINT('',(-2.26E-1,-3.675E-2,-9.997891180890E-2));
#4220=LINE('',#4219,#4218);
#4221=DIRECTION('',(1.E0,0.E0,0.E0));
#4222=VECTOR('',#4221,5.2E-2);
#4223=CARTESIAN_POINT('',(-2.26E-1,-3.675E-2,-7.905381472151E-2));
#4224=LINE('',#4223,#4222);
#4225=DIRECTION('',(0.E0,0.E0,1.E0));
#4226=VECTOR('',#4225,2.092509708739E-2);
#4227=CARTESIAN_POINT('',(-1.74E-1,-3.675E-2,-9.997891180890E-2));
#4228=LINE('',#4227,#4226);
#4229=DIRECTION('',(1.E0,0.E0,0.E0));
#4230=VECTOR('',#4229,5.2E-2);
#4231=CARTESIAN_POINT('',(-2.26E-1,-3.675E-2,-9.997891180890E-2));
#4232=LINE('',#4231,#4230);
#4233=DIRECTION('',(0.E0,0.E0,1.E0));
#4234=VECTOR('',#4233,2.092509708739E-2);
#4235=CARTESIAN_POINT('',(-1.26E-1,-3.675E-2,-2.009461852785E-1));
#4236=LINE('',#4235,#4234);
#4237=DIRECTION('',(1.E0,0.E0,0.E0));
#4238=VECTOR('',#4237,5.2E-2);
#4239=CARTESIAN_POINT('',(-1.26E-1,-3.675E-2,-1.800210881911E-1));
#4240=LINE('',#4239,#4238);
#4241=DIRECTION('',(0.E0,0.E0,1.E0));
#4242=VECTOR('',#4241,2.092509708739E-2);
#4243=CARTESIAN_POINT('',(-7.4E-2,-3.675E-2,-2.009461852785E-1));
#4244=LINE('',#4243,#4242);
#4245=DIRECTION('',(1.E0,0.E0,0.E0));
#4246=VECTOR('',#4245,5.2E-2);
#4247=CARTESIAN_POINT('',(-1.26E-1,-3.675E-2,-2.009461852785E-1));
#4248=LINE('',#4247,#4246);
#4249=DIRECTION('',(0.E0,0.E0,1.E0));
#4250=VECTOR('',#4249,2.092509708739E-2);
#4251=CARTESIAN_POINT('',(-1.26E-1,-3.675E-2,-9.997891180890E-2));
#4252=LINE('',#4251,#4250);
#4253=DIRECTION('',(1.E0,0.E0,0.E0));
#4254=VECTOR('',#4253,5.2E-2);
#4255=CARTESIAN_POINT('',(-1.26E-1,-3.675E-2,-7.905381472151E-2));
#4256=LINE('',#4255,#4254);
#4257=DIRECTION('',(0.E0,0.E0,1.E0));
#4258=VECTOR('',#4257,2.092509708739E-2);
#4259=CARTESIAN_POINT('',(-7.4E-2,-3.675E-2,-9.997891180890E-2));
#4260=LINE('',#4259,#4258);
#4261=DIRECTION('',(1.E0,0.E0,0.E0));
#4262=VECTOR('',#4261,5.2E-2);
#4263=CARTESIAN_POINT('',(-1.26E-1,-3.675E-2,-9.997891180890E-2));
#4264=LINE('',#4263,#4262);
#4265=DIRECTION('',(0.E0,0.E0,1.E0));
#4266=VECTOR('',#4265,2.092509708739E-2);
#4267=CARTESIAN_POINT('',(-2.6E-2,-3.675E-2,-2.009461852785E-1));
#4268=LINE('',#4267,#4266);
#4269=DIRECTION('',(1.E0,0.E0,0.E0));
#4270=VECTOR('',#4269,5.2E-2);
#4271=CARTESIAN_POINT('',(-2.6E-2,-3.675E-2,-1.800210881911E-1));
#4272=LINE('',#4271,#4270);
#4273=DIRECTION('',(0.E0,0.E0,1.E0));
#4274=VECTOR('',#4273,2.092509708739E-2);
#4275=CARTESIAN_POINT('',(2.6E-2,-3.675E-2,-2.009461852785E-1));
#4276=LINE('',#4275,#4274);
#4277=DIRECTION('',(1.E0,0.E0,0.E0));
#4278=VECTOR('',#4277,5.2E-2);
#4279=CARTESIAN_POINT('',(-2.6E-2,-3.675E-2,-2.009461852785E-1));
#4280=LINE('',#4279,#4278);
#4281=DIRECTION('',(0.E0,0.E0,1.E0));
#4282=VECTOR('',#4281,2.092509708739E-2);
#4283=CARTESIAN_POINT('',(-2.6E-2,-3.675E-2,-9.997891180890E-2));
#4284=LINE('',#4283,#4282);
#4285=DIRECTION('',(1.E0,0.E0,0.E0));
#4286=VECTOR('',#4285,5.2E-2);
#4287=CARTESIAN_POINT('',(-2.6E-2,-3.675E-2,-7.905381472151E-2));
#4288=LINE('',#4287,#4286);
#4289=DIRECTION('',(0.E0,0.E0,1.E0));
#4290=VECTOR('',#4289,2.092509708739E-2);
#4291=CARTESIAN_POINT('',(2.6E-2,-3.675E-2,-9.997891180890E-2));
#4292=LINE('',#4291,#4290);
#4293=DIRECTION('',(1.E0,0.E0,0.E0));
#4294=VECTOR('',#4293,5.2E-2);
#4295=CARTESIAN_POINT('',(-2.6E-2,-3.675E-2,-9.997891180890E-2));
#4296=LINE('',#4295,#4294);
#4297=DIRECTION('',(0.E0,0.E0,1.E0));
#4298=VECTOR('',#4297,2.092509708739E-2);
#4299=CARTESIAN_POINT('',(7.4E-2,-3.675E-2,-2.009461852785E-1));
#4300=LINE('',#4299,#4298);
#4301=DIRECTION('',(1.E0,0.E0,0.E0));
#4302=VECTOR('',#4301,5.2E-2);
#4303=CARTESIAN_POINT('',(7.4E-2,-3.675E-2,-1.800210881911E-1));
#4304=LINE('',#4303,#4302);
#4305=DIRECTION('',(0.E0,0.E0,1.E0));
#4306=VECTOR('',#4305,2.092509708739E-2);
#4307=CARTESIAN_POINT('',(1.26E-1,-3.675E-2,-2.009461852785E-1));
#4308=LINE('',#4307,#4306);
#4309=DIRECTION('',(1.E0,0.E0,0.E0));
#4310=VECTOR('',#4309,5.2E-2);
#4311=CARTESIAN_POINT('',(7.4E-2,-3.675E-2,-2.009461852785E-1));
#4312=LINE('',#4311,#4310);
#4313=DIRECTION('',(0.E0,0.E0,1.E0));
#4314=VECTOR('',#4313,2.092509708739E-2);
#4315=CARTESIAN_POINT('',(7.4E-2,-3.675E-2,-9.997891180890E-2));
#4316=LINE('',#4315,#4314);
#4317=DIRECTION('',(1.E0,0.E0,0.E0));
#4318=VECTOR('',#4317,5.2E-2);
#4319=CARTESIAN_POINT('',(7.4E-2,-3.675E-2,-7.905381472151E-2));
#4320=LINE('',#4319,#4318);
#4321=DIRECTION('',(0.E0,0.E0,1.E0));
#4322=VECTOR('',#4321,2.092509708739E-2);
#4323=CARTESIAN_POINT('',(1.26E-1,-3.675E-2,-9.997891180890E-2));
#4324=LINE('',#4323,#4322);
#4325=DIRECTION('',(1.E0,0.E0,0.E0));
#4326=VECTOR('',#4325,5.2E-2);
#4327=CARTESIAN_POINT('',(7.4E-2,-3.675E-2,-9.997891180890E-2));
#4328=LINE('',#4327,#4326);
#4329=DIRECTION('',(0.E0,0.E0,1.E0));
#4330=VECTOR('',#4329,2.092509708739E-2);
#4331=CARTESIAN_POINT('',(1.74E-1,-3.675E-2,-2.009461852785E-1));
#4332=LINE('',#4331,#4330);
#4333=DIRECTION('',(1.E0,0.E0,0.E0));
#4334=VECTOR('',#4333,5.2E-2);
#4335=CARTESIAN_POINT('',(1.74E-1,-3.675E-2,-1.800210881911E-1));
#4336=LINE('',#4335,#4334);
#4337=DIRECTION('',(0.E0,0.E0,1.E0));
#4338=VECTOR('',#4337,2.092509708739E-2);
#4339=CARTESIAN_POINT('',(2.26E-1,-3.675E-2,-2.009461852785E-1));
#4340=LINE('',#4339,#4338);
#4341=DIRECTION('',(1.E0,0.E0,0.E0));
#4342=VECTOR('',#4341,5.2E-2);
#4343=CARTESIAN_POINT('',(1.74E-1,-3.675E-2,-2.009461852785E-1));
#4344=LINE('',#4343,#4342);
#4345=DIRECTION('',(0.E0,0.E0,1.E0));
#4346=VECTOR('',#4345,2.092509708739E-2);
#4347=CARTESIAN_POINT('',(1.74E-1,-3.675E-2,-9.997891180890E-2));
#4348=LINE('',#4347,#4346);
#4349=DIRECTION('',(1.E0,0.E0,0.E0));
#4350=VECTOR('',#4349,5.2E-2);
#4351=CARTESIAN_POINT('',(1.74E-1,-3.675E-2,-7.905381472151E-2));
#4352=LINE('',#4351,#4350);
#4353=DIRECTION('',(0.E0,0.E0,1.E0));
#4354=VECTOR('',#4353,2.092509708739E-2);
#4355=CARTESIAN_POINT('',(2.26E-1,-3.675E-2,-9.997891180890E-2));
#4356=LINE('',#4355,#4354);
#4357=DIRECTION('',(1.E0,0.E0,0.E0));
#4358=VECTOR('',#4357,5.2E-2);
#4359=CARTESIAN_POINT('',(1.74E-1,-3.675E-2,-9.997891180890E-2));
#4360=LINE('',#4359,#4358);
#4361=DIRECTION('',(0.E0,0.E0,1.E0));
#4362=VECTOR('',#4361,2.092509708739E-2);
#4363=CARTESIAN_POINT('',(2.74E-1,-3.675E-2,-2.009461852785E-1));
#4364=LINE('',#4363,#4362);
#4365=DIRECTION('',(1.E0,0.E0,0.E0));
#4366=VECTOR('',#4365,5.2E-2);
#4367=CARTESIAN_POINT('',(2.74E-1,-3.675E-2,-1.800210881911E-1));
#4368=LINE('',#4367,#4366);
#4369=DIRECTION('',(0.E0,0.E0,1.E0));
#4370=VECTOR('',#4369,2.092509708739E-2);
#4371=CARTESIAN_POINT('',(3.26E-1,-3.675E-2,-2.009461852785E-1));
#4372=LINE('',#4371,#4370);
#4373=DIRECTION('',(1.E0,0.E0,0.E0));
#4374=VECTOR('',#4373,5.2E-2);
#4375=CARTESIAN_POINT('',(2.74E-1,-3.675E-2,-2.009461852785E-1));
#4376=LINE('',#4375,#4374);
#4377=DIRECTION('',(0.E0,0.E0,1.E0));
#4378=VECTOR('',#4377,2.092509708739E-2);
#4379=CARTESIAN_POINT('',(2.74E-1,-3.675E-2,-9.997891180890E-2));
#4380=LINE('',#4379,#4378);
#4381=DIRECTION('',(1.E0,0.E0,0.E0));
#4382=VECTOR('',#4381,5.2E-2);
#4383=CARTESIAN_POINT('',(2.74E-1,-3.675E-2,-7.905381472151E-2));
#4384=LINE('',#4383,#4382);
#4385=DIRECTION('',(0.E0,0.E0,1.E0));
#4386=VECTOR('',#4385,2.092509708739E-2);
#4387=CARTESIAN_POINT('',(3.26E-1,-3.675E-2,-9.997891180890E-2));
#4388=LINE('',#4387,#4386);
#4389=DIRECTION('',(1.E0,0.E0,0.E0));
#4390=VECTOR('',#4389,5.2E-2);
#4391=CARTESIAN_POINT('',(2.74E-1,-3.675E-2,-9.997891180890E-2));
#4392=LINE('',#4391,#4390);
#4393=DIRECTION('',(0.E0,0.E0,1.E0));
#4394=VECTOR('',#4393,2.092509708739E-2);
#4395=CARTESIAN_POINT('',(3.74E-1,-3.675E-2,-2.009461852785E-1));
#4396=LINE('',#4395,#4394);
#4397=DIRECTION('',(1.E0,0.E0,0.E0));
#4398=VECTOR('',#4397,5.2E-2);
#4399=CARTESIAN_POINT('',(3.74E-1,-3.675E-2,-1.800210881911E-1));
#4400=LINE('',#4399,#4398);
#4401=DIRECTION('',(0.E0,0.E0,1.E0));
#4402=VECTOR('',#4401,2.092509708739E-2);
#4403=CARTESIAN_POINT('',(4.26E-1,-3.675E-2,-2.009461852785E-1));
#4404=LINE('',#4403,#4402);
#4405=DIRECTION('',(1.E0,0.E0,0.E0));
#4406=VECTOR('',#4405,5.2E-2);
#4407=CARTESIAN_POINT('',(3.74E-1,-3.675E-2,-2.009461852785E-1));
#4408=LINE('',#4407,#4406);
#4409=DIRECTION('',(0.E0,0.E0,1.E0));
#4410=VECTOR('',#4409,2.092509708739E-2);
#4411=CARTESIAN_POINT('',(3.74E-1,-3.675E-2,-9.997891180890E-2));
#4412=LINE('',#4411,#4410);
#4413=DIRECTION('',(1.E0,0.E0,0.E0));
#4414=VECTOR('',#4413,5.2E-2);
#4415=CARTESIAN_POINT('',(3.74E-1,-3.675E-2,-7.905381472151E-2));
#4416=LINE('',#4415,#4414);
#4417=DIRECTION('',(0.E0,0.E0,1.E0));
#4418=VECTOR('',#4417,2.092509708739E-2);
#4419=CARTESIAN_POINT('',(4.26E-1,-3.675E-2,-9.997891180890E-2));
#4420=LINE('',#4419,#4418);
#4421=DIRECTION('',(1.E0,0.E0,0.E0));
#4422=VECTOR('',#4421,5.2E-2);
#4423=CARTESIAN_POINT('',(3.74E-1,-3.675E-2,-9.997891180890E-2));
#4424=LINE('',#4423,#4422);
#4425=DIRECTION('',(0.E0,0.E0,1.E0));
#4426=VECTOR('',#4425,2.092509708739E-2);
#4427=CARTESIAN_POINT('',(4.74E-1,-3.675E-2,-2.009461852785E-1));
#4428=LINE('',#4427,#4426);
#4429=DIRECTION('',(1.E0,0.E0,0.E0));
#4430=VECTOR('',#4429,5.2E-2);
#4431=CARTESIAN_POINT('',(4.74E-1,-3.675E-2,-1.800210881911E-1));
#4432=LINE('',#4431,#4430);
#4433=DIRECTION('',(0.E0,0.E0,1.E0));
#4434=VECTOR('',#4433,2.092509708739E-2);
#4435=CARTESIAN_POINT('',(5.26E-1,-3.675E-2,-2.009461852785E-1));
#4436=LINE('',#4435,#4434);
#4437=DIRECTION('',(1.E0,0.E0,0.E0));
#4438=VECTOR('',#4437,5.2E-2);
#4439=CARTESIAN_POINT('',(4.74E-1,-3.675E-2,-2.009461852785E-1));
#4440=LINE('',#4439,#4438);
#4441=DIRECTION('',(0.E0,0.E0,1.E0));
#4442=VECTOR('',#4441,2.092509708739E-2);
#4443=CARTESIAN_POINT('',(4.74E-1,-3.675E-2,-9.997891180890E-2));
#4444=LINE('',#4443,#4442);
#4445=DIRECTION('',(1.E0,0.E0,0.E0));
#4446=VECTOR('',#4445,5.2E-2);
#4447=CARTESIAN_POINT('',(4.74E-1,-3.675E-2,-7.905381472151E-2));
#4448=LINE('',#4447,#4446);
#4449=DIRECTION('',(0.E0,0.E0,1.E0));
#4450=VECTOR('',#4449,2.092509708739E-2);
#4451=CARTESIAN_POINT('',(5.26E-1,-3.675E-2,-9.997891180890E-2));
#4452=LINE('',#4451,#4450);
#4453=DIRECTION('',(1.E0,0.E0,0.E0));
#4454=VECTOR('',#4453,5.2E-2);
#4455=CARTESIAN_POINT('',(4.74E-1,-3.675E-2,-9.997891180890E-2));
#4456=LINE('',#4455,#4454);
#4457=DIRECTION('',(0.E0,0.E0,1.E0));
#4458=VECTOR('',#4457,2.092509708739E-2);
#4459=CARTESIAN_POINT('',(5.74E-1,-3.675E-2,-2.009461852785E-1));
#4460=LINE('',#4459,#4458);
#4461=DIRECTION('',(1.E0,0.E0,0.E0));
#4462=VECTOR('',#4461,5.2E-2);
#4463=CARTESIAN_POINT('',(5.74E-1,-3.675E-2,-1.800210881911E-1));
#4464=LINE('',#4463,#4462);
#4465=DIRECTION('',(0.E0,0.E0,1.E0));
#4466=VECTOR('',#4465,2.092509708739E-2);
#4467=CARTESIAN_POINT('',(6.26E-1,-3.675E-2,-2.009461852785E-1));
#4468=LINE('',#4467,#4466);
#4469=DIRECTION('',(1.E0,0.E0,0.E0));
#4470=VECTOR('',#4469,5.2E-2);
#4471=CARTESIAN_POINT('',(5.74E-1,-3.675E-2,-2.009461852785E-1));
#4472=LINE('',#4471,#4470);
#4473=DIRECTION('',(0.E0,0.E0,1.E0));
#4474=VECTOR('',#4473,2.092509708739E-2);
#4475=CARTESIAN_POINT('',(5.74E-1,-3.675E-2,-9.997891180890E-2));
#4476=LINE('',#4475,#4474);
#4477=DIRECTION('',(1.E0,0.E0,0.E0));
#4478=VECTOR('',#4477,5.2E-2);
#4479=CARTESIAN_POINT('',(5.74E-1,-3.675E-2,-7.905381472151E-2));
#4480=LINE('',#4479,#4478);
#4481=DIRECTION('',(0.E0,0.E0,1.E0));
#4482=VECTOR('',#4481,2.092509708739E-2);
#4483=CARTESIAN_POINT('',(6.26E-1,-3.675E-2,-9.997891180890E-2));
#4484=LINE('',#4483,#4482);
#4485=DIRECTION('',(1.E0,0.E0,0.E0));
#4486=VECTOR('',#4485,5.2E-2);
#4487=CARTESIAN_POINT('',(5.74E-1,-3.675E-2,-9.997891180890E-2));
#4488=LINE('',#4487,#4486);
#4489=DIRECTION('',(0.E0,0.E0,1.E0));
#4490=VECTOR('',#4489,2.092509708739E-2);
#4491=CARTESIAN_POINT('',(6.74E-1,-3.675E-2,-2.009461852785E-1));
#4492=LINE('',#4491,#4490);
#4493=DIRECTION('',(1.E0,0.E0,0.E0));
#4494=VECTOR('',#4493,5.2E-2);
#4495=CARTESIAN_POINT('',(6.74E-1,-3.675E-2,-1.800210881911E-1));
#4496=LINE('',#4495,#4494);
#4497=DIRECTION('',(0.E0,0.E0,1.E0));
#4498=VECTOR('',#4497,2.092509708739E-2);
#4499=CARTESIAN_POINT('',(7.26E-1,-3.675E-2,-2.009461852785E-1));
#4500=LINE('',#4499,#4498);
#4501=DIRECTION('',(1.E0,0.E0,0.E0));
#4502=VECTOR('',#4501,5.2E-2);
#4503=CARTESIAN_POINT('',(6.74E-1,-3.675E-2,-2.009461852785E-1));
#4504=LINE('',#4503,#4502);
#4505=DIRECTION('',(0.E0,0.E0,1.E0));
#4506=VECTOR('',#4505,2.092509708739E-2);
#4507=CARTESIAN_POINT('',(6.74E-1,-3.675E-2,-9.997891180890E-2));
#4508=LINE('',#4507,#4506);
#4509=DIRECTION('',(1.E0,0.E0,0.E0));
#4510=VECTOR('',#4509,5.2E-2);
#4511=CARTESIAN_POINT('',(6.74E-1,-3.675E-2,-7.905381472151E-2));
#4512=LINE('',#4511,#4510);
#4513=DIRECTION('',(0.E0,0.E0,1.E0));
#4514=VECTOR('',#4513,2.092509708739E-2);
#4515=CARTESIAN_POINT('',(7.26E-1,-3.675E-2,-9.997891180890E-2));
#4516=LINE('',#4515,#4514);
#4517=DIRECTION('',(1.E0,0.E0,0.E0));
#4518=VECTOR('',#4517,5.2E-2);
#4519=CARTESIAN_POINT('',(6.74E-1,-3.675E-2,-9.997891180890E-2));
#4520=LINE('',#4519,#4518);
#4521=DIRECTION('',(0.E0,-1.E0,0.E0));
#4522=VECTOR('',#4521,7.35E-2);
#4523=CARTESIAN_POINT('',(-8.E-1,3.675E-2,-2.95E-1));
#4524=LINE('',#4523,#4522);
#4525=DIRECTION('',(0.E0,-1.E0,0.E0));
#4526=VECTOR('',#4525,7.35E-2);
#4527=CARTESIAN_POINT('',(-8.E-1,3.675E-2,-6.E-2));
#4528=LINE('',#4527,#4526);
#4529=DIRECTION('',(0.E0,1.E0,0.E0));
#4530=VECTOR('',#4529,1.935E-1);
#4531=CARTESIAN_POINT('',(-8.6E-1,-9.675E-2,0.E0));
#4532=LINE('',#4531,#4530);
#4533=DIRECTION('',(1.E0,0.E0,0.E0));
#4534=VECTOR('',#4533,1.6E0);
#4535=CARTESIAN_POINT('',(-8.E-1,3.675E-2,-6.E-2));
#4536=LINE('',#4535,#4534);
#4537=DIRECTION('',(0.E0,0.E0,-1.E0));
#4538=VECTOR('',#4537,2.35E-1);
#4539=CARTESIAN_POINT('',(8.E-1,3.675E-2,-6.E-2));
#4540=LINE('',#4539,#4538);
#4541=DIRECTION('',(-1.E0,0.E0,0.E0));
#4542=VECTOR('',#4541,1.6E0);
#4543=CARTESIAN_POINT('',(8.E-1,3.675E-2,-2.95E-1));
#4544=LINE('',#4543,#4542);
#4545=DIRECTION('',(0.E0,0.E0,1.E0));
#4546=VECTOR('',#4545,2.35E-1);
#4547=CARTESIAN_POINT('',(-8.E-1,3.675E-2,-2.95E-1));
#4548=LINE('',#4547,#4546);
#4549=DIRECTION('',(0.E0,0.E0,1.E0));
#4550=VECTOR('',#4549,2.092509708739E-2);
#4551=CARTESIAN_POINT('',(-7.26E-1,3.675E-2,-2.009461852785E-1));
#4552=LINE('',#4551,#4550);
#4553=DIRECTION('',(1.E0,0.E0,0.E0));
#4554=VECTOR('',#4553,5.2E-2);
#4555=CARTESIAN_POINT('',(-7.26E-1,3.675E-2,-2.009461852785E-1));
#4556=LINE('',#4555,#4554);
#4557=DIRECTION('',(0.E0,0.E0,1.E0));
#4558=VECTOR('',#4557,2.092509708739E-2);
#4559=CARTESIAN_POINT('',(-6.74E-1,3.675E-2,-2.009461852785E-1));
#4560=LINE('',#4559,#4558);
#4561=DIRECTION('',(1.E0,0.E0,0.E0));
#4562=VECTOR('',#4561,5.2E-2);
#4563=CARTESIAN_POINT('',(-7.26E-1,3.675E-2,-1.800210881911E-1));
#4564=LINE('',#4563,#4562);
#4565=DIRECTION('',(1.E0,0.E0,0.E0));
#4566=VECTOR('',#4565,5.2E-2);
#4567=CARTESIAN_POINT('',(-7.26E-1,3.675E-2,-7.905381472151E-2));
#4568=LINE('',#4567,#4566);
#4569=DIRECTION('',(0.E0,0.E0,1.E0));
#4570=VECTOR('',#4569,2.092509708739E-2);
#4571=CARTESIAN_POINT('',(-7.26E-1,3.675E-2,-9.997891180890E-2));
#4572=LINE('',#4571,#4570);
#4573=DIRECTION('',(1.E0,0.E0,0.E0));
#4574=VECTOR('',#4573,5.2E-2);
#4575=CARTESIAN_POINT('',(-7.26E-1,3.675E-2,-9.997891180890E-2));
#4576=LINE('',#4575,#4574);
#4577=DIRECTION('',(0.E0,0.E0,1.E0));
#4578=VECTOR('',#4577,2.092509708739E-2);
#4579=CARTESIAN_POINT('',(-6.74E-1,3.675E-2,-9.997891180890E-2));
#4580=LINE('',#4579,#4578);
#4581=DIRECTION('',(0.E0,0.E0,1.E0));
#4582=VECTOR('',#4581,2.092509708739E-2);
#4583=CARTESIAN_POINT('',(-6.26E-1,3.675E-2,-2.009461852785E-1));
#4584=LINE('',#4583,#4582);
#4585=DIRECTION('',(1.E0,0.E0,0.E0));
#4586=VECTOR('',#4585,5.2E-2);
#4587=CARTESIAN_POINT('',(-6.26E-1,3.675E-2,-2.009461852785E-1));
#4588=LINE('',#4587,#4586);
#4589=DIRECTION('',(0.E0,0.E0,1.E0));
#4590=VECTOR('',#4589,2.092509708739E-2);
#4591=CARTESIAN_POINT('',(-5.74E-1,3.675E-2,-2.009461852785E-1));
#4592=LINE('',#4591,#4590);
#4593=DIRECTION('',(1.E0,0.E0,0.E0));
#4594=VECTOR('',#4593,5.2E-2);
#4595=CARTESIAN_POINT('',(-6.26E-1,3.675E-2,-1.800210881911E-1));
#4596=LINE('',#4595,#4594);
#4597=DIRECTION('',(0.E0,0.E0,1.E0));
#4598=VECTOR('',#4597,2.092509708739E-2);
#4599=CARTESIAN_POINT('',(-6.26E-1,3.675E-2,-9.997891180890E-2));
#4600=LINE('',#4599,#4598);
#4601=DIRECTION('',(1.E0,0.E0,0.E0));
#4602=VECTOR('',#4601,5.2E-2);
#4603=CARTESIAN_POINT('',(-6.26E-1,3.675E-2,-9.997891180890E-2));
#4604=LINE('',#4603,#4602);
#4605=DIRECTION('',(0.E0,0.E0,1.E0));
#4606=VECTOR('',#4605,2.092509708739E-2);
#4607=CARTESIAN_POINT('',(-5.74E-1,3.675E-2,-9.997891180890E-2));
#4608=LINE('',#4607,#4606);
#4609=DIRECTION('',(1.E0,0.E0,0.E0));
#4610=VECTOR('',#4609,5.2E-2);
#4611=CARTESIAN_POINT('',(-6.26E-1,3.675E-2,-7.905381472151E-2));
#4612=LINE('',#4611,#4610);
#4613=DIRECTION('',(0.E0,0.E0,1.E0));
#4614=VECTOR('',#4613,2.092509708739E-2);
#4615=CARTESIAN_POINT('',(-5.26E-1,3.675E-2,-2.009461852785E-1));
#4616=LINE('',#4615,#4614);
#4617=DIRECTION('',(1.E0,0.E0,0.E0));
#4618=VECTOR('',#4617,5.2E-2);
#4619=CARTESIAN_POINT('',(-5.26E-1,3.675E-2,-2.009461852785E-1));
#4620=LINE('',#4619,#4618);
#4621=DIRECTION('',(0.E0,0.E0,1.E0));
#4622=VECTOR('',#4621,2.092509708739E-2);
#4623=CARTESIAN_POINT('',(-4.74E-1,3.675E-2,-2.009461852785E-1));
#4624=LINE('',#4623,#4622);
#4625=DIRECTION('',(1.E0,0.E0,0.E0));
#4626=VECTOR('',#4625,5.2E-2);
#4627=CARTESIAN_POINT('',(-5.26E-1,3.675E-2,-1.800210881911E-1));
#4628=LINE('',#4627,#4626);
#4629=DIRECTION('',(0.E0,0.E0,1.E0));
#4630=VECTOR('',#4629,2.092509708739E-2);
#4631=CARTESIAN_POINT('',(-5.26E-1,3.675E-2,-9.997891180890E-2));
#4632=LINE('',#4631,#4630);
#4633=DIRECTION('',(1.E0,0.E0,0.E0));
#4634=VECTOR('',#4633,5.2E-2);
#4635=CARTESIAN_POINT('',(-5.26E-1,3.675E-2,-9.997891180890E-2));
#4636=LINE('',#4635,#4634);
#4637=DIRECTION('',(0.E0,0.E0,1.E0));
#4638=VECTOR('',#4637,2.092509708739E-2);
#4639=CARTESIAN_POINT('',(-4.74E-1,3.675E-2,-9.997891180890E-2));
#4640=LINE('',#4639,#4638);
#4641=DIRECTION('',(1.E0,0.E0,0.E0));
#4642=VECTOR('',#4641,5.2E-2);
#4643=CARTESIAN_POINT('',(-5.26E-1,3.675E-2,-7.905381472151E-2));
#4644=LINE('',#4643,#4642);
#4645=DIRECTION('',(0.E0,0.E0,1.E0));
#4646=VECTOR('',#4645,2.092509708739E-2);
#4647=CARTESIAN_POINT('',(-4.26E-1,3.675E-2,-2.009461852785E-1));
#4648=LINE('',#4647,#4646);
#4649=DIRECTION('',(1.E0,0.E0,0.E0));
#4650=VECTOR('',#4649,5.2E-2);
#4651=CARTESIAN_POINT('',(-4.26E-1,3.675E-2,-2.009461852785E-1));
#4652=LINE('',#4651,#4650);
#4653=DIRECTION('',(0.E0,0.E0,1.E0));
#4654=VECTOR('',#4653,2.092509708739E-2);
#4655=CARTESIAN_POINT('',(-3.74E-1,3.675E-2,-2.009461852785E-1));
#4656=LINE('',#4655,#4654);
#4657=DIRECTION('',(1.E0,0.E0,0.E0));
#4658=VECTOR('',#4657,5.2E-2);
#4659=CARTESIAN_POINT('',(-4.26E-1,3.675E-2,-1.800210881911E-1));
#4660=LINE('',#4659,#4658);
#4661=DIRECTION('',(0.E0,0.E0,1.E0));
#4662=VECTOR('',#4661,2.092509708739E-2);
#4663=CARTESIAN_POINT('',(-4.26E-1,3.675E-2,-9.997891180890E-2));
#4664=LINE('',#4663,#4662);
#4665=DIRECTION('',(1.E0,0.E0,0.E0));
#4666=VECTOR('',#4665,5.2E-2);
#4667=CARTESIAN_POINT('',(-4.26E-1,3.675E-2,-9.997891180890E-2));
#4668=LINE('',#4667,#4666);
#4669=DIRECTION('',(0.E0,0.E0,1.E0));
#4670=VECTOR('',#4669,2.092509708739E-2);
#4671=CARTESIAN_POINT('',(-3.74E-1,3.675E-2,-9.997891180890E-2));
#4672=LINE('',#4671,#4670);
#4673=DIRECTION('',(1.E0,0.E0,0.E0));
#4674=VECTOR('',#4673,5.2E-2);
#4675=CARTESIAN_POINT('',(-4.26E-1,3.675E-2,-7.905381472151E-2));
#4676=LINE('',#4675,#4674);
#4677=DIRECTION('',(0.E0,0.E0,1.E0));
#4678=VECTOR('',#4677,2.092509708739E-2);
#4679=CARTESIAN_POINT('',(-3.26E-1,3.675E-2,-2.009461852785E-1));
#4680=LINE('',#4679,#4678);
#4681=DIRECTION('',(1.E0,0.E0,0.E0));
#4682=VECTOR('',#4681,5.2E-2);
#4683=CARTESIAN_POINT('',(-3.26E-1,3.675E-2,-2.009461852785E-1));
#4684=LINE('',#4683,#4682);
#4685=DIRECTION('',(0.E0,0.E0,1.E0));
#4686=VECTOR('',#4685,2.092509708739E-2);
#4687=CARTESIAN_POINT('',(-2.74E-1,3.675E-2,-2.009461852785E-1));
#4688=LINE('',#4687,#4686);
#4689=DIRECTION('',(1.E0,0.E0,0.E0));
#4690=VECTOR('',#4689,5.2E-2);
#4691=CARTESIAN_POINT('',(-3.26E-1,3.675E-2,-1.800210881911E-1));
#4692=LINE('',#4691,#4690);
#4693=DIRECTION('',(0.E0,0.E0,1.E0));
#4694=VECTOR('',#4693,2.092509708739E-2);
#4695=CARTESIAN_POINT('',(-3.26E-1,3.675E-2,-9.997891180890E-2));
#4696=LINE('',#4695,#4694);
#4697=DIRECTION('',(1.E0,0.E0,0.E0));
#4698=VECTOR('',#4697,5.2E-2);
#4699=CARTESIAN_POINT('',(-3.26E-1,3.675E-2,-9.997891180890E-2));
#4700=LINE('',#4699,#4698);
#4701=DIRECTION('',(0.E0,0.E0,1.E0));
#4702=VECTOR('',#4701,2.092509708739E-2);
#4703=CARTESIAN_POINT('',(-2.74E-1,3.675E-2,-9.997891180890E-2));
#4704=LINE('',#4703,#4702);
#4705=DIRECTION('',(1.E0,0.E0,0.E0));
#4706=VECTOR('',#4705,5.2E-2);
#4707=CARTESIAN_POINT('',(-3.26E-1,3.675E-2,-7.905381472151E-2));
#4708=LINE('',#4707,#4706);
#4709=DIRECTION('',(0.E0,0.E0,1.E0));
#4710=VECTOR('',#4709,2.092509708739E-2);
#4711=CARTESIAN_POINT('',(-2.26E-1,3.675E-2,-2.009461852785E-1));
#4712=LINE('',#4711,#4710);
#4713=DIRECTION('',(1.E0,0.E0,0.E0));
#4714=VECTOR('',#4713,5.2E-2);
#4715=CARTESIAN_POINT('',(-2.26E-1,3.675E-2,-2.009461852785E-1));
#4716=LINE('',#4715,#4714);
#4717=DIRECTION('',(0.E0,0.E0,1.E0));
#4718=VECTOR('',#4717,2.092509708739E-2);
#4719=CARTESIAN_POINT('',(-1.74E-1,3.675E-2,-2.009461852785E-1));
#4720=LINE('',#4719,#4718);
#4721=DIRECTION('',(1.E0,0.E0,0.E0));
#4722=VECTOR('',#4721,5.2E-2);
#4723=CARTESIAN_POINT('',(-2.26E-1,3.675E-2,-1.800210881911E-1));
#4724=LINE('',#4723,#4722);
#4725=DIRECTION('',(0.E0,0.E0,1.E0));
#4726=VECTOR('',#4725,2.092509708739E-2);
#4727=CARTESIAN_POINT('',(-2.26E-1,3.675E-2,-9.997891180890E-2));
#4728=LINE('',#4727,#4726);
#4729=DIRECTION('',(1.E0,0.E0,0.E0));
#4730=VECTOR('',#4729,5.2E-2);
#4731=CARTESIAN_POINT('',(-2.26E-1,3.675E-2,-9.997891180890E-2));
#4732=LINE('',#4731,#4730);
#4733=DIRECTION('',(0.E0,0.E0,1.E0));
#4734=VECTOR('',#4733,2.092509708739E-2);
#4735=CARTESIAN_POINT('',(-1.74E-1,3.675E-2,-9.997891180890E-2));
#4736=LINE('',#4735,#4734);
#4737=DIRECTION('',(1.E0,0.E0,0.E0));
#4738=VECTOR('',#4737,5.2E-2);
#4739=CARTESIAN_POINT('',(-2.26E-1,3.675E-2,-7.905381472151E-2));
#4740=LINE('',#4739,#4738);
#4741=DIRECTION('',(0.E0,0.E0,1.E0));
#4742=VECTOR('',#4741,2.092509708739E-2);
#4743=CARTESIAN_POINT('',(-1.26E-1,3.675E-2,-2.009461852785E-1));
#4744=LINE('',#4743,#4742);
#4745=DIRECTION('',(1.E0,0.E0,0.E0));
#4746=VECTOR('',#4745,5.2E-2);
#4747=CARTESIAN_POINT('',(-1.26E-1,3.675E-2,-2.009461852785E-1));
#4748=LINE('',#4747,#4746);
#4749=DIRECTION('',(0.E0,0.E0,1.E0));
#4750=VECTOR('',#4749,2.092509708739E-2);
#4751=CARTESIAN_POINT('',(-7.4E-2,3.675E-2,-2.009461852785E-1));
#4752=LINE('',#4751,#4750);
#4753=DIRECTION('',(1.E0,0.E0,0.E0));
#4754=VECTOR('',#4753,5.2E-2);
#4755=CARTESIAN_POINT('',(-1.26E-1,3.675E-2,-1.800210881911E-1));
#4756=LINE('',#4755,#4754);
#4757=DIRECTION('',(0.E0,0.E0,1.E0));
#4758=VECTOR('',#4757,2.092509708739E-2);
#4759=CARTESIAN_POINT('',(-1.26E-1,3.675E-2,-9.997891180890E-2));
#4760=LINE('',#4759,#4758);
#4761=DIRECTION('',(1.E0,0.E0,0.E0));
#4762=VECTOR('',#4761,5.2E-2);
#4763=CARTESIAN_POINT('',(-1.26E-1,3.675E-2,-9.997891180890E-2));
#4764=LINE('',#4763,#4762);
#4765=DIRECTION('',(0.E0,0.E0,1.E0));
#4766=VECTOR('',#4765,2.092509708739E-2);
#4767=CARTESIAN_POINT('',(-7.4E-2,3.675E-2,-9.997891180890E-2));
#4768=LINE('',#4767,#4766);
#4769=DIRECTION('',(1.E0,0.E0,0.E0));
#4770=VECTOR('',#4769,5.2E-2);
#4771=CARTESIAN_POINT('',(-1.26E-1,3.675E-2,-7.905381472151E-2));
#4772=LINE('',#4771,#4770);
#4773=DIRECTION('',(0.E0,0.E0,1.E0));
#4774=VECTOR('',#4773,2.092509708739E-2);
#4775=CARTESIAN_POINT('',(-2.6E-2,3.675E-2,-2.009461852785E-1));
#4776=LINE('',#4775,#4774);
#4777=DIRECTION('',(1.E0,0.E0,0.E0));
#4778=VECTOR('',#4777,5.2E-2);
#4779=CARTESIAN_POINT('',(-2.6E-2,3.675E-2,-2.009461852785E-1));
#4780=LINE('',#4779,#4778);
#4781=DIRECTION('',(0.E0,0.E0,1.E0));
#4782=VECTOR('',#4781,2.092509708739E-2);
#4783=CARTESIAN_POINT('',(2.6E-2,3.675E-2,-2.009461852785E-1));
#4784=LINE('',#4783,#4782);
#4785=DIRECTION('',(1.E0,0.E0,0.E0));
#4786=VECTOR('',#4785,5.2E-2);
#4787=CARTESIAN_POINT('',(-2.6E-2,3.675E-2,-1.800210881911E-1));
#4788=LINE('',#4787,#4786);
#4789=DIRECTION('',(0.E0,0.E0,1.E0));
#4790=VECTOR('',#4789,2.092509708739E-2);
#4791=CARTESIAN_POINT('',(-2.6E-2,3.675E-2,-9.997891180890E-2));
#4792=LINE('',#4791,#4790);
#4793=DIRECTION('',(1.E0,0.E0,0.E0));
#4794=VECTOR('',#4793,5.2E-2);
#4795=CARTESIAN_POINT('',(-2.6E-2,3.675E-2,-9.997891180890E-2));
#4796=LINE('',#4795,#4794);
#4797=DIRECTION('',(0.E0,0.E0,1.E0));
#4798=VECTOR('',#4797,2.092509708739E-2);
#4799=CARTESIAN_POINT('',(2.6E-2,3.675E-2,-9.997891180890E-2));
#4800=LINE('',#4799,#4798);
#4801=DIRECTION('',(1.E0,0.E0,0.E0));
#4802=VECTOR('',#4801,5.2E-2);
#4803=CARTESIAN_POINT('',(-2.6E-2,3.675E-2,-7.905381472151E-2));
#4804=LINE('',#4803,#4802);
#4805=DIRECTION('',(0.E0,0.E0,1.E0));
#4806=VECTOR('',#4805,2.092509708739E-2);
#4807=CARTESIAN_POINT('',(7.4E-2,3.675E-2,-2.009461852785E-1));
#4808=LINE('',#4807,#4806);
#4809=DIRECTION('',(1.E0,0.E0,0.E0));
#4810=VECTOR('',#4809,5.2E-2);
#4811=CARTESIAN_POINT('',(7.4E-2,3.675E-2,-2.009461852785E-1));
#4812=LINE('',#4811,#4810);
#4813=DIRECTION('',(0.E0,0.E0,1.E0));
#4814=VECTOR('',#4813,2.092509708739E-2);
#4815=CARTESIAN_POINT('',(1.26E-1,3.675E-2,-2.009461852785E-1));
#4816=LINE('',#4815,#4814);
#4817=DIRECTION('',(1.E0,0.E0,0.E0));
#4818=VECTOR('',#4817,5.2E-2);
#4819=CARTESIAN_POINT('',(7.4E-2,3.675E-2,-1.800210881911E-1));
#4820=LINE('',#4819,#4818);
#4821=DIRECTION('',(0.E0,0.E0,1.E0));
#4822=VECTOR('',#4821,2.092509708739E-2);
#4823=CARTESIAN_POINT('',(7.4E-2,3.675E-2,-9.997891180890E-2));
#4824=LINE('',#4823,#4822);
#4825=DIRECTION('',(1.E0,0.E0,0.E0));
#4826=VECTOR('',#4825,5.2E-2);
#4827=CARTESIAN_POINT('',(7.4E-2,3.675E-2,-9.997891180890E-2));
#4828=LINE('',#4827,#4826);
#4829=DIRECTION('',(0.E0,0.E0,1.E0));
#4830=VECTOR('',#4829,2.092509708739E-2);
#4831=CARTESIAN_POINT('',(1.26E-1,3.675E-2,-9.997891180890E-2));
#4832=LINE('',#4831,#4830);
#4833=DIRECTION('',(1.E0,0.E0,0.E0));
#4834=VECTOR('',#4833,5.2E-2);
#4835=CARTESIAN_POINT('',(7.4E-2,3.675E-2,-7.905381472151E-2));
#4836=LINE('',#4835,#4834);
#4837=DIRECTION('',(0.E0,0.E0,1.E0));
#4838=VECTOR('',#4837,2.092509708739E-2);
#4839=CARTESIAN_POINT('',(1.74E-1,3.675E-2,-2.009461852785E-1));
#4840=LINE('',#4839,#4838);
#4841=DIRECTION('',(1.E0,0.E0,0.E0));
#4842=VECTOR('',#4841,5.2E-2);
#4843=CARTESIAN_POINT('',(1.74E-1,3.675E-2,-2.009461852785E-1));
#4844=LINE('',#4843,#4842);
#4845=DIRECTION('',(0.E0,0.E0,1.E0));
#4846=VECTOR('',#4845,2.092509708739E-2);
#4847=CARTESIAN_POINT('',(2.26E-1,3.675E-2,-2.009461852785E-1));
#4848=LINE('',#4847,#4846);
#4849=DIRECTION('',(1.E0,0.E0,0.E0));
#4850=VECTOR('',#4849,5.2E-2);
#4851=CARTESIAN_POINT('',(1.74E-1,3.675E-2,-1.800210881911E-1));
#4852=LINE('',#4851,#4850);
#4853=DIRECTION('',(0.E0,0.E0,1.E0));
#4854=VECTOR('',#4853,2.092509708739E-2);
#4855=CARTESIAN_POINT('',(1.74E-1,3.675E-2,-9.997891180890E-2));
#4856=LINE('',#4855,#4854);
#4857=DIRECTION('',(1.E0,0.E0,0.E0));
#4858=VECTOR('',#4857,5.2E-2);
#4859=CARTESIAN_POINT('',(1.74E-1,3.675E-2,-9.997891180890E-2));
#4860=LINE('',#4859,#4858);
#4861=DIRECTION('',(0.E0,0.E0,1.E0));
#4862=VECTOR('',#4861,2.092509708739E-2);
#4863=CARTESIAN_POINT('',(2.26E-1,3.675E-2,-9.997891180890E-2));
#4864=LINE('',#4863,#4862);
#4865=DIRECTION('',(1.E0,0.E0,0.E0));
#4866=VECTOR('',#4865,5.2E-2);
#4867=CARTESIAN_POINT('',(1.74E-1,3.675E-2,-7.905381472151E-2));
#4868=LINE('',#4867,#4866);
#4869=DIRECTION('',(0.E0,0.E0,1.E0));
#4870=VECTOR('',#4869,2.092509708739E-2);
#4871=CARTESIAN_POINT('',(2.74E-1,3.675E-2,-2.009461852785E-1));
#4872=LINE('',#4871,#4870);
#4873=DIRECTION('',(1.E0,0.E0,0.E0));
#4874=VECTOR('',#4873,5.2E-2);
#4875=CARTESIAN_POINT('',(2.74E-1,3.675E-2,-2.009461852785E-1));
#4876=LINE('',#4875,#4874);
#4877=DIRECTION('',(0.E0,0.E0,1.E0));
#4878=VECTOR('',#4877,2.092509708739E-2);
#4879=CARTESIAN_POINT('',(3.26E-1,3.675E-2,-2.009461852785E-1));
#4880=LINE('',#4879,#4878);
#4881=DIRECTION('',(1.E0,0.E0,0.E0));
#4882=VECTOR('',#4881,5.2E-2);
#4883=CARTESIAN_POINT('',(2.74E-1,3.675E-2,-1.800210881911E-1));
#4884=LINE('',#4883,#4882);
#4885=DIRECTION('',(0.E0,0.E0,1.E0));
#4886=VECTOR('',#4885,2.092509708739E-2);
#4887=CARTESIAN_POINT('',(2.74E-1,3.675E-2,-9.997891180890E-2));
#4888=LINE('',#4887,#4886);
#4889=DIRECTION('',(1.E0,0.E0,0.E0));
#4890=VECTOR('',#4889,5.2E-2);
#4891=CARTESIAN_POINT('',(2.74E-1,3.675E-2,-9.997891180890E-2));
#4892=LINE('',#4891,#4890);
#4893=DIRECTION('',(0.E0,0.E0,1.E0));
#4894=VECTOR('',#4893,2.092509708739E-2);
#4895=CARTESIAN_POINT('',(3.26E-1,3.675E-2,-9.997891180890E-2));
#4896=LINE('',#4895,#4894);
#4897=DIRECTION('',(1.E0,0.E0,0.E0));
#4898=VECTOR('',#4897,5.2E-2);
#4899=CARTESIAN_POINT('',(2.74E-1,3.675E-2,-7.905381472151E-2));
#4900=LINE('',#4899,#4898);
#4901=DIRECTION('',(0.E0,0.E0,1.E0));
#4902=VECTOR('',#4901,2.092509708739E-2);
#4903=CARTESIAN_POINT('',(3.74E-1,3.675E-2,-2.009461852785E-1));
#4904=LINE('',#4903,#4902);
#4905=DIRECTION('',(1.E0,0.E0,0.E0));
#4906=VECTOR('',#4905,5.2E-2);
#4907=CARTESIAN_POINT('',(3.74E-1,3.675E-2,-2.009461852785E-1));
#4908=LINE('',#4907,#4906);
#4909=DIRECTION('',(0.E0,0.E0,1.E0));
#4910=VECTOR('',#4909,2.092509708739E-2);
#4911=CARTESIAN_POINT('',(4.26E-1,3.675E-2,-2.009461852785E-1));
#4912=LINE('',#4911,#4910);
#4913=DIRECTION('',(1.E0,0.E0,0.E0));
#4914=VECTOR('',#4913,5.2E-2);
#4915=CARTESIAN_POINT('',(3.74E-1,3.675E-2,-1.800210881911E-1));
#4916=LINE('',#4915,#4914);
#4917=DIRECTION('',(0.E0,0.E0,1.E0));
#4918=VECTOR('',#4917,2.092509708739E-2);
#4919=CARTESIAN_POINT('',(3.74E-1,3.675E-2,-9.997891180890E-2));
#4920=LINE('',#4919,#4918);
#4921=DIRECTION('',(1.E0,0.E0,0.E0));
#4922=VECTOR('',#4921,5.2E-2);
#4923=CARTESIAN_POINT('',(3.74E-1,3.675E-2,-9.997891180890E-2));
#4924=LINE('',#4923,#4922);
#4925=DIRECTION('',(0.E0,0.E0,1.E0));
#4926=VECTOR('',#4925,2.092509708739E-2);
#4927=CARTESIAN_POINT('',(4.26E-1,3.675E-2,-9.997891180890E-2));
#4928=LINE('',#4927,#4926);
#4929=DIRECTION('',(1.E0,0.E0,0.E0));
#4930=VECTOR('',#4929,5.2E-2);
#4931=CARTESIAN_POINT('',(3.74E-1,3.675E-2,-7.905381472151E-2));
#4932=LINE('',#4931,#4930);
#4933=DIRECTION('',(0.E0,0.E0,1.E0));
#4934=VECTOR('',#4933,2.092509708739E-2);
#4935=CARTESIAN_POINT('',(4.74E-1,3.675E-2,-2.009461852785E-1));
#4936=LINE('',#4935,#4934);
#4937=DIRECTION('',(1.E0,0.E0,0.E0));
#4938=VECTOR('',#4937,5.2E-2);
#4939=CARTESIAN_POINT('',(4.74E-1,3.675E-2,-2.009461852785E-1));
#4940=LINE('',#4939,#4938);
#4941=DIRECTION('',(0.E0,0.E0,1.E0));
#4942=VECTOR('',#4941,2.092509708739E-2);
#4943=CARTESIAN_POINT('',(5.26E-1,3.675E-2,-2.009461852785E-1));
#4944=LINE('',#4943,#4942);
#4945=DIRECTION('',(1.E0,0.E0,0.E0));
#4946=VECTOR('',#4945,5.2E-2);
#4947=CARTESIAN_POINT('',(4.74E-1,3.675E-2,-1.800210881911E-1));
#4948=LINE('',#4947,#4946);
#4949=DIRECTION('',(0.E0,0.E0,1.E0));
#4950=VECTOR('',#4949,2.092509708739E-2);
#4951=CARTESIAN_POINT('',(4.74E-1,3.675E-2,-9.997891180890E-2));
#4952=LINE('',#4951,#4950);
#4953=DIRECTION('',(1.E0,0.E0,0.E0));
#4954=VECTOR('',#4953,5.2E-2);
#4955=CARTESIAN_POINT('',(4.74E-1,3.675E-2,-9.997891180890E-2));
#4956=LINE('',#4955,#4954);
#4957=DIRECTION('',(0.E0,0.E0,1.E0));
#4958=VECTOR('',#4957,2.092509708739E-2);
#4959=CARTESIAN_POINT('',(5.26E-1,3.675E-2,-9.997891180890E-2));
#4960=LINE('',#4959,#4958);
#4961=DIRECTION('',(1.E0,0.E0,0.E0));
#4962=VECTOR('',#4961,5.2E-2);
#4963=CARTESIAN_POINT('',(4.74E-1,3.675E-2,-7.905381472151E-2));
#4964=LINE('',#4963,#4962);
#4965=DIRECTION('',(0.E0,0.E0,1.E0));
#4966=VECTOR('',#4965,2.092509708739E-2);
#4967=CARTESIAN_POINT('',(5.74E-1,3.675E-2,-2.009461852785E-1));
#4968=LINE('',#4967,#4966);
#4969=DIRECTION('',(1.E0,0.E0,0.E0));
#4970=VECTOR('',#4969,5.2E-2);
#4971=CARTESIAN_POINT('',(5.74E-1,3.675E-2,-2.009461852785E-1));
#4972=LINE('',#4971,#4970);
#4973=DIRECTION('',(0.E0,0.E0,1.E0));
#4974=VECTOR('',#4973,2.092509708739E-2);
#4975=CARTESIAN_POINT('',(6.26E-1,3.675E-2,-2.009461852785E-1));
#4976=LINE('',#4975,#4974);
#4977=DIRECTION('',(1.E0,0.E0,0.E0));
#4978=VECTOR('',#4977,5.2E-2);
#4979=CARTESIAN_POINT('',(5.74E-1,3.675E-2,-1.800210881911E-1));
#4980=LINE('',#4979,#4978);
#4981=DIRECTION('',(0.E0,0.E0,1.E0));
#4982=VECTOR('',#4981,2.092509708739E-2);
#4983=CARTESIAN_POINT('',(5.74E-1,3.675E-2,-9.997891180890E-2));
#4984=LINE('',#4983,#4982);
#4985=DIRECTION('',(1.E0,0.E0,0.E0));
#4986=VECTOR('',#4985,5.2E-2);
#4987=CARTESIAN_POINT('',(5.74E-1,3.675E-2,-9.997891180890E-2));
#4988=LINE('',#4987,#4986);
#4989=DIRECTION('',(0.E0,0.E0,1.E0));
#4990=VECTOR('',#4989,2.092509708739E-2);
#4991=CARTESIAN_POINT('',(6.26E-1,3.675E-2,-9.997891180890E-2));
#4992=LINE('',#4991,#4990);
#4993=DIRECTION('',(1.E0,0.E0,0.E0));
#4994=VECTOR('',#4993,5.2E-2);
#4995=CARTESIAN_POINT('',(5.74E-1,3.675E-2,-7.905381472151E-2));
#4996=LINE('',#4995,#4994);
#4997=DIRECTION('',(0.E0,0.E0,1.E0));
#4998=VECTOR('',#4997,2.092509708739E-2);
#4999=CARTESIAN_POINT('',(6.74E-1,3.675E-2,-2.009461852785E-1));
#5000=LINE('',#4999,#4998);
#5001=DIRECTION('',(1.E0,0.E0,0.E0));
#5002=VECTOR('',#5001,5.2E-2);
#5003=CARTESIAN_POINT('',(6.74E-1,3.675E-2,-2.009461852785E-1));
#5004=LINE('',#5003,#5002);
#5005=DIRECTION('',(0.E0,0.E0,1.E0));
#5006=VECTOR('',#5005,2.092509708739E-2);
#5007=CARTESIAN_POINT('',(7.26E-1,3.675E-2,-2.009461852785E-1));
#5008=LINE('',#5007,#5006);
#5009=DIRECTION('',(1.E0,0.E0,0.E0));
#5010=VECTOR('',#5009,5.2E-2);
#5011=CARTESIAN_POINT('',(6.74E-1,3.675E-2,-1.800210881911E-1));
#5012=LINE('',#5011,#5010);
#5013=DIRECTION('',(0.E0,0.E0,1.E0));
#5014=VECTOR('',#5013,2.092509708739E-2);
#5015=CARTESIAN_POINT('',(6.74E-1,3.675E-2,-9.997891180890E-2));
#5016=LINE('',#5015,#5014);
#5017=DIRECTION('',(1.E0,0.E0,0.E0));
#5018=VECTOR('',#5017,5.2E-2);
#5019=CARTESIAN_POINT('',(6.74E-1,3.675E-2,-9.997891180890E-2));
#5020=LINE('',#5019,#5018);
#5021=DIRECTION('',(0.E0,0.E0,1.E0));
#5022=VECTOR('',#5021,2.092509708739E-2);
#5023=CARTESIAN_POINT('',(7.26E-1,3.675E-2,-9.997891180890E-2));
#5024=LINE('',#5023,#5022);
#5025=DIRECTION('',(1.E0,0.E0,0.E0));
#5026=VECTOR('',#5025,5.2E-2);
#5027=CARTESIAN_POINT('',(6.74E-1,3.675E-2,-7.905381472151E-2));
#5028=LINE('',#5027,#5026);
#5029=DIRECTION('',(0.E0,-1.E0,0.E0));
#5030=VECTOR('',#5029,7.35E-2);
#5031=CARTESIAN_POINT('',(8.E-1,3.675E-2,-6.E-2));
#5032=LINE('',#5031,#5030);
#5033=DIRECTION('',(0.E0,-1.E0,0.E0));
#5034=VECTOR('',#5033,7.35E-2);
#5035=CARTESIAN_POINT('',(8.E-1,3.675E-2,-2.95E-1));
#5036=LINE('',#5035,#5034);
#5037=CARTESIAN_POINT('',(-7.26E-1,9.6E-2,-1.4E-1));
#5038=DIRECTION('',(1.E0,0.E0,0.E0));
#5039=DIRECTION('',(0.E0,-6.970588235294E-1,7.170139444528E-1));
#5040=AXIS2_PLACEMENT_3D('',#5037,#5038,#5039);
#5042=CARTESIAN_POINT('',(-7.26E-1,9.6E-2,-1.4E-1));
#5043=DIRECTION('',(-1.E0,0.E0,0.E0));
#5044=DIRECTION('',(0.E0,-8.286713286713E-1,-5.597354991763E-1));
#5045=AXIS2_PLACEMENT_3D('',#5042,#5043,#5044);
#5047=CARTESIAN_POINT('',(-7.26E-1,-9.6E-2,-1.4E-1));
#5048=DIRECTION('',(1.E0,0.E0,0.E0));
#5049=DIRECTION('',(0.E0,6.970588235294E-1,-7.170139444528E-1));
#5050=AXIS2_PLACEMENT_3D('',#5047,#5048,#5049);
#5052=CARTESIAN_POINT('',(-7.26E-1,-9.6E-2,-1.4E-1));
#5053=DIRECTION('',(-1.E0,0.E0,0.E0));
#5054=DIRECTION('',(0.E0,8.286713286713E-1,5.597354991763E-1));
#5055=AXIS2_PLACEMENT_3D('',#5052,#5053,#5054);
#5057=CARTESIAN_POINT('',(-6.74E-1,9.6E-2,-1.4E-1));
#5058=DIRECTION('',(1.E0,0.E0,0.E0));
#5059=DIRECTION('',(0.E0,-6.970588235294E-1,7.170139444528E-1));
#5060=AXIS2_PLACEMENT_3D('',#5057,#5058,#5059);
#5062=CARTESIAN_POINT('',(-6.74E-1,9.6E-2,-1.4E-1));
#5063=DIRECTION('',(-1.E0,0.E0,0.E0));
#5064=DIRECTION('',(0.E0,-8.286713286713E-1,-5.597354991763E-1));
#5065=AXIS2_PLACEMENT_3D('',#5062,#5063,#5064);
#5067=CARTESIAN_POINT('',(-6.74E-1,-9.6E-2,-1.4E-1));
#5068=DIRECTION('',(1.E0,0.E0,0.E0));
#5069=DIRECTION('',(0.E0,6.970588235294E-1,-7.170139444528E-1));
#5070=AXIS2_PLACEMENT_3D('',#5067,#5068,#5069);
#5072=CARTESIAN_POINT('',(-6.74E-1,-9.6E-2,-1.4E-1));
#5073=DIRECTION('',(-1.E0,0.E0,0.E0));
#5074=DIRECTION('',(0.E0,8.286713286713E-1,5.597354991763E-1));
#5075=AXIS2_PLACEMENT_3D('',#5072,#5073,#5074);
#5077=CARTESIAN_POINT('',(-6.26E-1,9.6E-2,-1.4E-1));
#5078=DIRECTION('',(1.E0,0.E0,0.E0));
#5079=DIRECTION('',(0.E0,-6.970588235294E-1,7.170139444528E-1));
#5080=AXIS2_PLACEMENT_3D('',#5077,#5078,#5079);
#5082=CARTESIAN_POINT('',(-6.26E-1,9.6E-2,-1.4E-1));
#5083=DIRECTION('',(-1.E0,0.E0,0.E0));
#5084=DIRECTION('',(0.E0,-8.286713286713E-1,-5.597354991763E-1));
#5085=AXIS2_PLACEMENT_3D('',#5082,#5083,#5084);
#5087=CARTESIAN_POINT('',(-6.26E-1,-9.6E-2,-1.4E-1));
#5088=DIRECTION('',(1.E0,0.E0,0.E0));
#5089=DIRECTION('',(0.E0,6.970588235294E-1,-7.170139444528E-1));
#5090=AXIS2_PLACEMENT_3D('',#5087,#5088,#5089);
#5092=CARTESIAN_POINT('',(-6.26E-1,-9.6E-2,-1.4E-1));
#5093=DIRECTION('',(-1.E0,0.E0,0.E0));
#5094=DIRECTION('',(0.E0,8.286713286713E-1,5.597354991763E-1));
#5095=AXIS2_PLACEMENT_3D('',#5092,#5093,#5094);
#5097=CARTESIAN_POINT('',(-5.74E-1,9.6E-2,-1.4E-1));
#5098=DIRECTION('',(1.E0,0.E0,0.E0));
#5099=DIRECTION('',(0.E0,-6.970588235294E-1,7.170139444528E-1));
#5100=AXIS2_PLACEMENT_3D('',#5097,#5098,#5099);
#5102=CARTESIAN_POINT('',(-5.74E-1,9.6E-2,-1.4E-1));
#5103=DIRECTION('',(-1.E0,0.E0,0.E0));
#5104=DIRECTION('',(0.E0,-8.286713286713E-1,-5.597354991763E-1));
#5105=AXIS2_PLACEMENT_3D('',#5102,#5103,#5104);
#5107=CARTESIAN_POINT('',(-5.74E-1,-9.6E-2,-1.4E-1));
#5108=DIRECTION('',(1.E0,0.E0,0.E0));
#5109=DIRECTION('',(0.E0,6.970588235294E-1,-7.170139444528E-1));
#5110=AXIS2_PLACEMENT_3D('',#5107,#5108,#5109);
#5112=CARTESIAN_POINT('',(-5.74E-1,-9.6E-2,-1.4E-1));
#5113=DIRECTION('',(-1.E0,0.E0,0.E0));
#5114=DIRECTION('',(0.E0,8.286713286713E-1,5.597354991763E-1));
#5115=AXIS2_PLACEMENT_3D('',#5112,#5113,#5114);
#5117=CARTESIAN_POINT('',(-5.26E-1,9.6E-2,-1.4E-1));
#5118=DIRECTION('',(1.E0,0.E0,0.E0));
#5119=DIRECTION('',(0.E0,-6.970588235294E-1,7.170139444528E-1));
#5120=AXIS2_PLACEMENT_3D('',#5117,#5118,#5119);
#5122=CARTESIAN_POINT('',(-5.26E-1,9.6E-2,-1.4E-1));
#5123=DIRECTION('',(-1.E0,0.E0,0.E0));
#5124=DIRECTION('',(0.E0,-8.286713286713E-1,-5.597354991763E-1));
#5125=AXIS2_PLACEMENT_3D('',#5122,#5123,#5124);
#5127=CARTESIAN_POINT('',(-5.26E-1,-9.6E-2,-1.4E-1));
#5128=DIRECTION('',(1.E0,0.E0,0.E0));
#5129=DIRECTION('',(0.E0,6.970588235294E-1,-7.170139444528E-1));
#5130=AXIS2_PLACEMENT_3D('',#5127,#5128,#5129);
#5132=CARTESIAN_POINT('',(-5.26E-1,-9.6E-2,-1.4E-1));
#5133=DIRECTION('',(-1.E0,0.E0,0.E0));
#5134=DIRECTION('',(0.E0,8.286713286713E-1,5.597354991763E-1));
#5135=AXIS2_PLACEMENT_3D('',#5132,#5133,#5134);
#5137=CARTESIAN_POINT('',(-4.74E-1,9.6E-2,-1.4E-1));
#5138=DIRECTION('',(1.E0,0.E0,0.E0));
#5139=DIRECTION('',(0.E0,-6.970588235294E-1,7.170139444528E-1));
#5140=AXIS2_PLACEMENT_3D('',#5137,#5138,#5139);
#5142=CARTESIAN_POINT('',(-4.74E-1,9.6E-2,-1.4E-1));
#5143=DIRECTION('',(-1.E0,0.E0,0.E0));
#5144=DIRECTION('',(0.E0,-8.286713286713E-1,-5.597354991763E-1));
#5145=AXIS2_PLACEMENT_3D('',#5142,#5143,#5144);
#5147=CARTESIAN_POINT('',(-4.74E-1,-9.6E-2,-1.4E-1));
#5148=DIRECTION('',(1.E0,0.E0,0.E0));
#5149=DIRECTION('',(0.E0,6.970588235294E-1,-7.170139444528E-1));
#5150=AXIS2_PLACEMENT_3D('',#5147,#5148,#5149);
#5152=CARTESIAN_POINT('',(-4.74E-1,-9.6E-2,-1.4E-1));
#5153=DIRECTION('',(-1.E0,0.E0,0.E0));
#5154=DIRECTION('',(0.E0,8.286713286713E-1,5.597354991763E-1));
#5155=AXIS2_PLACEMENT_3D('',#5152,#5153,#5154);
#5157=CARTESIAN_POINT('',(-4.26E-1,9.6E-2,-1.4E-1));
#5158=DIRECTION('',(1.E0,0.E0,0.E0));
#5159=DIRECTION('',(0.E0,-6.970588235294E-1,7.170139444528E-1));
#5160=AXIS2_PLACEMENT_3D('',#5157,#5158,#5159);
#5162=CARTESIAN_POINT('',(-4.26E-1,9.6E-2,-1.4E-1));
#5163=DIRECTION('',(-1.E0,0.E0,0.E0));
#5164=DIRECTION('',(0.E0,-8.286713286713E-1,-5.597354991763E-1));
#5165=AXIS2_PLACEMENT_3D('',#5162,#5163,#5164);
#5167=CARTESIAN_POINT('',(-4.26E-1,-9.6E-2,-1.4E-1));
#5168=DIRECTION('',(1.E0,0.E0,0.E0));
#5169=DIRECTION('',(0.E0,6.970588235294E-1,-7.170139444528E-1));
#5170=AXIS2_PLACEMENT_3D('',#5167,#5168,#5169);
#5172=CARTESIAN_POINT('',(-4.26E-1,-9.6E-2,-1.4E-1));
#5173=DIRECTION('',(-1.E0,0.E0,0.E0));
#5174=DIRECTION('',(0.E0,8.286713286713E-1,5.597354991763E-1));
#5175=AXIS2_PLACEMENT_3D('',#5172,#5173,#5174);
#5177=CARTESIAN_POINT('',(-3.74E-1,9.6E-2,-1.4E-1));
#5178=DIRECTION('',(1.E0,0.E0,0.E0));
#5179=DIRECTION('',(0.E0,-6.970588235294E-1,7.170139444528E-1));
#5180=AXIS2_PLACEMENT_3D('',#5177,#5178,#5179);
#5182=CARTESIAN_POINT('',(-3.74E-1,9.6E-2,-1.4E-1));
#5183=DIRECTION('',(-1.E0,0.E0,0.E0));
#5184=DIRECTION('',(0.E0,-8.286713286713E-1,-5.597354991763E-1));
#5185=AXIS2_PLACEMENT_3D('',#5182,#5183,#5184);
#5187=CARTESIAN_POINT('',(-3.74E-1,-9.6E-2,-1.4E-1));
#5188=DIRECTION('',(1.E0,0.E0,0.E0));
#5189=DIRECTION('',(0.E0,6.970588235294E-1,-7.170139444528E-1));
#5190=AXIS2_PLACEMENT_3D('',#5187,#5188,#5189);
#5192=CARTESIAN_POINT('',(-3.74E-1,-9.6E-2,-1.4E-1));
#5193=DIRECTION('',(-1.E0,0.E0,0.E0));
#5194=DIRECTION('',(0.E0,8.286713286713E-1,5.597354991763E-1));
#5195=AXIS2_PLACEMENT_3D('',#5192,#5193,#5194);
#5197=CARTESIAN_POINT('',(-3.26E-1,9.6E-2,-1.4E-1));
#5198=DIRECTION('',(1.E0,0.E0,0.E0));
#5199=DIRECTION('',(0.E0,-6.970588235294E-1,7.170139444528E-1));
#5200=AXIS2_PLACEMENT_3D('',#5197,#5198,#5199);
#5202=CARTESIAN_POINT('',(-3.26E-1,9.6E-2,-1.4E-1));
#5203=DIRECTION('',(-1.E0,0.E0,0.E0));
#5204=DIRECTION('',(0.E0,-8.286713286713E-1,-5.597354991763E-1));
#5205=AXIS2_PLACEMENT_3D('',#5202,#5203,#5204);
#5207=CARTESIAN_POINT('',(-3.26E-1,-9.6E-2,-1.4E-1));
#5208=DIRECTION('',(1.E0,0.E0,0.E0));
#5209=DIRECTION('',(0.E0,6.970588235294E-1,-7.170139444528E-1));
#5210=AXIS2_PLACEMENT_3D('',#5207,#5208,#5209);
#5212=CARTESIAN_POINT('',(-3.26E-1,-9.6E-2,-1.4E-1));
#5213=DIRECTION('',(-1.E0,0.E0,0.E0));
#5214=DIRECTION('',(0.E0,8.286713286713E-1,5.597354991763E-1));
#5215=AXIS2_PLACEMENT_3D('',#5212,#5213,#5214);
#5217=CARTESIAN_POINT('',(-2.74E-1,9.6E-2,-1.4E-1));
#5218=DIRECTION('',(1.E0,0.E0,0.E0));
#5219=DIRECTION('',(0.E0,-6.970588235294E-1,7.170139444528E-1));
#5220=AXIS2_PLACEMENT_3D('',#5217,#5218,#5219);
#5222=CARTESIAN_POINT('',(-2.74E-1,9.6E-2,-1.4E-1));
#5223=DIRECTION('',(-1.E0,0.E0,0.E0));
#5224=DIRECTION('',(0.E0,-8.286713286713E-1,-5.597354991763E-1));
#5225=AXIS2_PLACEMENT_3D('',#5222,#5223,#5224);
#5227=CARTESIAN_POINT('',(-2.74E-1,-9.6E-2,-1.4E-1));
#5228=DIRECTION('',(1.E0,0.E0,0.E0));
#5229=DIRECTION('',(0.E0,6.970588235294E-1,-7.170139444528E-1));
#5230=AXIS2_PLACEMENT_3D('',#5227,#5228,#5229);
#5232=CARTESIAN_POINT('',(-2.74E-1,-9.6E-2,-1.4E-1));
#5233=DIRECTION('',(-1.E0,0.E0,0.E0));
#5234=DIRECTION('',(0.E0,8.286713286713E-1,5.597354991763E-1));
#5235=AXIS2_PLACEMENT_3D('',#5232,#5233,#5234);
#5237=CARTESIAN_POINT('',(-2.26E-1,9.6E-2,-1.4E-1));
#5238=DIRECTION('',(1.E0,0.E0,0.E0));
#5239=DIRECTION('',(0.E0,-6.970588235294E-1,7.170139444528E-1));
#5240=AXIS2_PLACEMENT_3D('',#5237,#5238,#5239);
#5242=CARTESIAN_POINT('',(-2.26E-1,9.6E-2,-1.4E-1));
#5243=DIRECTION('',(-1.E0,0.E0,0.E0));
#5244=DIRECTION('',(0.E0,-8.286713286713E-1,-5.597354991763E-1));
#5245=AXIS2_PLACEMENT_3D('',#5242,#5243,#5244);
#5247=CARTESIAN_POINT('',(-2.26E-1,-9.6E-2,-1.4E-1));
#5248=DIRECTION('',(1.E0,0.E0,0.E0));
#5249=DIRECTION('',(0.E0,6.970588235294E-1,-7.170139444528E-1));
#5250=AXIS2_PLACEMENT_3D('',#5247,#5248,#5249);
#5252=CARTESIAN_POINT('',(-2.26E-1,-9.6E-2,-1.4E-1));
#5253=DIRECTION('',(-1.E0,0.E0,0.E0));
#5254=DIRECTION('',(0.E0,8.286713286713E-1,5.597354991763E-1));
#5255=AXIS2_PLACEMENT_3D('',#5252,#5253,#5254);
#5257=CARTESIAN_POINT('',(-1.74E-1,9.6E-2,-1.4E-1));
#5258=DIRECTION('',(1.E0,0.E0,0.E0));
#5259=DIRECTION('',(0.E0,-6.970588235294E-1,7.170139444528E-1));
#5260=AXIS2_PLACEMENT_3D('',#5257,#5258,#5259);
#5262=CARTESIAN_POINT('',(-1.74E-1,9.6E-2,-1.4E-1));
#5263=DIRECTION('',(-1.E0,0.E0,0.E0));
#5264=DIRECTION('',(0.E0,-8.286713286713E-1,-5.597354991763E-1));
#5265=AXIS2_PLACEMENT_3D('',#5262,#5263,#5264);
#5267=CARTESIAN_POINT('',(-1.74E-1,-9.6E-2,-1.4E-1));
#5268=DIRECTION('',(1.E0,0.E0,0.E0));
#5269=DIRECTION('',(0.E0,6.970588235294E-1,-7.170139444528E-1));
#5270=AXIS2_PLACEMENT_3D('',#5267,#5268,#5269);
#5272=CARTESIAN_POINT('',(-1.74E-1,-9.6E-2,-1.4E-1));
#5273=DIRECTION('',(-1.E0,0.E0,0.E0));
#5274=DIRECTION('',(0.E0,8.286713286713E-1,5.597354991763E-1));
#5275=AXIS2_PLACEMENT_3D('',#5272,#5273,#5274);
#5277=CARTESIAN_POINT('',(-1.26E-1,9.6E-2,-1.4E-1));
#5278=DIRECTION('',(1.E0,0.E0,0.E0));
#5279=DIRECTION('',(0.E0,-6.970588235294E-1,7.170139444528E-1));
#5280=AXIS2_PLACEMENT_3D('',#5277,#5278,#5279);
#5282=CARTESIAN_POINT('',(-1.26E-1,9.6E-2,-1.4E-1));
#5283=DIRECTION('',(-1.E0,0.E0,0.E0));
#5284=DIRECTION('',(0.E0,-8.286713286713E-1,-5.597354991763E-1));
#5285=AXIS2_PLACEMENT_3D('',#5282,#5283,#5284);
#5287=CARTESIAN_POINT('',(-1.26E-1,-9.6E-2,-1.4E-1));
#5288=DIRECTION('',(1.E0,0.E0,0.E0));
#5289=DIRECTION('',(0.E0,6.970588235294E-1,-7.170139444528E-1));
#5290=AXIS2_PLACEMENT_3D('',#5287,#5288,#5289);
#5292=CARTESIAN_POINT('',(-1.26E-1,-9.6E-2,-1.4E-1));
#5293=DIRECTION('',(-1.E0,0.E0,0.E0));
#5294=DIRECTION('',(0.E0,8.286713286713E-1,5.597354991763E-1));
#5295=AXIS2_PLACEMENT_3D('',#5292,#5293,#5294);
#5297=CARTESIAN_POINT('',(-7.4E-2,9.6E-2,-1.4E-1));
#5298=DIRECTION('',(1.E0,0.E0,0.E0));
#5299=DIRECTION('',(0.E0,-6.970588235294E-1,7.170139444528E-1));
#5300=AXIS2_PLACEMENT_3D('',#5297,#5298,#5299);
#5302=CARTESIAN_POINT('',(-7.4E-2,9.6E-2,-1.4E-1));
#5303=DIRECTION('',(-1.E0,0.E0,0.E0));
#5304=DIRECTION('',(0.E0,-8.286713286713E-1,-5.597354991763E-1));
#5305=AXIS2_PLACEMENT_3D('',#5302,#5303,#5304);
#5307=CARTESIAN_POINT('',(-7.4E-2,-9.6E-2,-1.4E-1));
#5308=DIRECTION('',(1.E0,0.E0,0.E0));
#5309=DIRECTION('',(0.E0,6.970588235294E-1,-7.170139444528E-1));
#5310=AXIS2_PLACEMENT_3D('',#5307,#5308,#5309);
#5312=CARTESIAN_POINT('',(-7.4E-2,-9.6E-2,-1.4E-1));
#5313=DIRECTION('',(-1.E0,0.E0,0.E0));
#5314=DIRECTION('',(0.E0,8.286713286713E-1,5.597354991763E-1));
#5315=AXIS2_PLACEMENT_3D('',#5312,#5313,#5314);
#5317=CARTESIAN_POINT('',(-2.6E-2,9.6E-2,-1.4E-1));
#5318=DIRECTION('',(1.E0,0.E0,0.E0));
#5319=DIRECTION('',(0.E0,-6.970588235294E-1,7.170139444528E-1));
#5320=AXIS2_PLACEMENT_3D('',#5317,#5318,#5319);
#5322=CARTESIAN_POINT('',(-2.6E-2,9.6E-2,-1.4E-1));
#5323=DIRECTION('',(-1.E0,0.E0,0.E0));
#5324=DIRECTION('',(0.E0,-8.286713286713E-1,-5.597354991763E-1));
#5325=AXIS2_PLACEMENT_3D('',#5322,#5323,#5324);
#5327=CARTESIAN_POINT('',(-2.6E-2,-9.6E-2,-1.4E-1));
#5328=DIRECTION('',(1.E0,0.E0,0.E0));
#5329=DIRECTION('',(0.E0,6.970588235294E-1,-7.170139444528E-1));
#5330=AXIS2_PLACEMENT_3D('',#5327,#5328,#5329);
#5332=CARTESIAN_POINT('',(-2.6E-2,-9.6E-2,-1.4E-1));
#5333=DIRECTION('',(-1.E0,0.E0,0.E0));
#5334=DIRECTION('',(0.E0,8.286713286713E-1,5.597354991763E-1));
#5335=AXIS2_PLACEMENT_3D('',#5332,#5333,#5334);
#5337=CARTESIAN_POINT('',(2.6E-2,9.6E-2,-1.4E-1));
#5338=DIRECTION('',(1.E0,0.E0,0.E0));
#5339=DIRECTION('',(0.E0,-6.970588235294E-1,7.170139444528E-1));
#5340=AXIS2_PLACEMENT_3D('',#5337,#5338,#5339);
#5342=CARTESIAN_POINT('',(2.6E-2,9.6E-2,-1.4E-1));
#5343=DIRECTION('',(-1.E0,0.E0,0.E0));
#5344=DIRECTION('',(0.E0,-8.286713286713E-1,-5.597354991763E-1));
#5345=AXIS2_PLACEMENT_3D('',#5342,#5343,#5344);
#5347=CARTESIAN_POINT('',(2.6E-2,-9.6E-2,-1.4E-1));
#5348=DIRECTION('',(1.E0,0.E0,0.E0));
#5349=DIRECTION('',(0.E0,6.970588235294E-1,-7.170139444528E-1));
#5350=AXIS2_PLACEMENT_3D('',#5347,#5348,#5349);
#5352=CARTESIAN_POINT('',(2.6E-2,-9.6E-2,-1.4E-1));
#5353=DIRECTION('',(-1.E0,0.E0,0.E0));
#5354=DIRECTION('',(0.E0,8.286713286713E-1,5.597354991763E-1));
#5355=AXIS2_PLACEMENT_3D('',#5352,#5353,#5354);
#5357=CARTESIAN_POINT('',(7.4E-2,9.6E-2,-1.4E-1));
#5358=DIRECTION('',(1.E0,0.E0,0.E0));
#5359=DIRECTION('',(0.E0,-6.970588235294E-1,7.170139444528E-1));
#5360=AXIS2_PLACEMENT_3D('',#5357,#5358,#5359);
#5362=CARTESIAN_POINT('',(7.4E-2,9.6E-2,-1.4E-1));
#5363=DIRECTION('',(-1.E0,0.E0,0.E0));
#5364=DIRECTION('',(0.E0,-8.286713286713E-1,-5.597354991763E-1));
#5365=AXIS2_PLACEMENT_3D('',#5362,#5363,#5364);
#5367=CARTESIAN_POINT('',(7.4E-2,-9.6E-2,-1.4E-1));
#5368=DIRECTION('',(1.E0,0.E0,0.E0));
#5369=DIRECTION('',(0.E0,6.970588235294E-1,-7.170139444528E-1));
#5370=AXIS2_PLACEMENT_3D('',#5367,#5368,#5369);
#5372=CARTESIAN_POINT('',(7.4E-2,-9.6E-2,-1.4E-1));
#5373=DIRECTION('',(-1.E0,0.E0,0.E0));
#5374=DIRECTION('',(0.E0,8.286713286713E-1,5.597354991763E-1));
#5375=AXIS2_PLACEMENT_3D('',#5372,#5373,#5374);
#5377=CARTESIAN_POINT('',(1.26E-1,9.6E-2,-1.4E-1));
#5378=DIRECTION('',(1.E0,0.E0,0.E0));
#5379=DIRECTION('',(0.E0,-6.970588235294E-1,7.170139444528E-1));
#5380=AXIS2_PLACEMENT_3D('',#5377,#5378,#5379);
#5382=CARTESIAN_POINT('',(1.26E-1,9.6E-2,-1.4E-1));
#5383=DIRECTION('',(-1.E0,0.E0,0.E0));
#5384=DIRECTION('',(0.E0,-8.286713286713E-1,-5.597354991763E-1));
#5385=AXIS2_PLACEMENT_3D('',#5382,#5383,#5384);
#5387=CARTESIAN_POINT('',(1.26E-1,-9.6E-2,-1.4E-1));
#5388=DIRECTION('',(1.E0,0.E0,0.E0));
#5389=DIRECTION('',(0.E0,6.970588235294E-1,-7.170139444528E-1));
#5390=AXIS2_PLACEMENT_3D('',#5387,#5388,#5389);
#5392=CARTESIAN_POINT('',(1.26E-1,-9.6E-2,-1.4E-1));
#5393=DIRECTION('',(-1.E0,0.E0,0.E0));
#5394=DIRECTION('',(0.E0,8.286713286713E-1,5.597354991763E-1));
#5395=AXIS2_PLACEMENT_3D('',#5392,#5393,#5394);
#5397=CARTESIAN_POINT('',(1.74E-1,9.6E-2,-1.4E-1));
#5398=DIRECTION('',(1.E0,0.E0,0.E0));
#5399=DIRECTION('',(0.E0,-6.970588235294E-1,7.170139444528E-1));
#5400=AXIS2_PLACEMENT_3D('',#5397,#5398,#5399);
#5402=CARTESIAN_POINT('',(1.74E-1,9.6E-2,-1.4E-1));
#5403=DIRECTION('',(-1.E0,0.E0,0.E0));
#5404=DIRECTION('',(0.E0,-8.286713286713E-1,-5.597354991763E-1));
#5405=AXIS2_PLACEMENT_3D('',#5402,#5403,#5404);
#5407=CARTESIAN_POINT('',(1.74E-1,-9.6E-2,-1.4E-1));
#5408=DIRECTION('',(1.E0,0.E0,0.E0));
#5409=DIRECTION('',(0.E0,6.970588235294E-1,-7.170139444528E-1));
#5410=AXIS2_PLACEMENT_3D('',#5407,#5408,#5409);
#5412=CARTESIAN_POINT('',(1.74E-1,-9.6E-2,-1.4E-1));
#5413=DIRECTION('',(-1.E0,0.E0,0.E0));
#5414=DIRECTION('',(0.E0,8.286713286713E-1,5.597354991763E-1));
#5415=AXIS2_PLACEMENT_3D('',#5412,#5413,#5414);
#5417=CARTESIAN_POINT('',(2.26E-1,9.6E-2,-1.4E-1));
#5418=DIRECTION('',(1.E0,0.E0,0.E0));
#5419=DIRECTION('',(0.E0,-6.970588235294E-1,7.170139444528E-1));
#5420=AXIS2_PLACEMENT_3D('',#5417,#5418,#5419);
#5422=CARTESIAN_POINT('',(2.26E-1,9.6E-2,-1.4E-1));
#5423=DIRECTION('',(-1.E0,0.E0,0.E0));
#5424=DIRECTION('',(0.E0,-8.286713286713E-1,-5.597354991763E-1));
#5425=AXIS2_PLACEMENT_3D('',#5422,#5423,#5424);
#5427=CARTESIAN_POINT('',(2.26E-1,-9.6E-2,-1.4E-1));
#5428=DIRECTION('',(1.E0,0.E0,0.E0));
#5429=DIRECTION('',(0.E0,6.970588235294E-1,-7.170139444528E-1));
#5430=AXIS2_PLACEMENT_3D('',#5427,#5428,#5429);
#5432=CARTESIAN_POINT('',(2.26E-1,-9.6E-2,-1.4E-1));
#5433=DIRECTION('',(-1.E0,0.E0,0.E0));
#5434=DIRECTION('',(0.E0,8.286713286713E-1,5.597354991763E-1));
#5435=AXIS2_PLACEMENT_3D('',#5432,#5433,#5434);
#5437=CARTESIAN_POINT('',(2.74E-1,9.6E-2,-1.4E-1));
#5438=DIRECTION('',(1.E0,0.E0,0.E0));
#5439=DIRECTION('',(0.E0,-6.970588235294E-1,7.170139444528E-1));
#5440=AXIS2_PLACEMENT_3D('',#5437,#5438,#5439);
#5442=CARTESIAN_POINT('',(2.74E-1,9.6E-2,-1.4E-1));
#5443=DIRECTION('',(-1.E0,0.E0,0.E0));
#5444=DIRECTION('',(0.E0,-8.286713286713E-1,-5.597354991763E-1));
#5445=AXIS2_PLACEMENT_3D('',#5442,#5443,#5444);
#5447=CARTESIAN_POINT('',(2.74E-1,-9.6E-2,-1.4E-1));
#5448=DIRECTION('',(1.E0,0.E0,0.E0));
#5449=DIRECTION('',(0.E0,6.970588235294E-1,-7.170139444528E-1));
#5450=AXIS2_PLACEMENT_3D('',#5447,#5448,#5449);
#5452=CARTESIAN_POINT('',(2.74E-1,-9.6E-2,-1.4E-1));
#5453=DIRECTION('',(-1.E0,0.E0,0.E0));
#5454=DIRECTION('',(0.E0,8.286713286713E-1,5.597354991763E-1));
#5455=AXIS2_PLACEMENT_3D('',#5452,#5453,#5454);
#5457=CARTESIAN_POINT('',(3.26E-1,9.6E-2,-1.4E-1));
#5458=DIRECTION('',(1.E0,0.E0,0.E0));
#5459=DIRECTION('',(0.E0,-6.970588235294E-1,7.170139444528E-1));
#5460=AXIS2_PLACEMENT_3D('',#5457,#5458,#5459);
#5462=CARTESIAN_POINT('',(3.26E-1,9.6E-2,-1.4E-1));
#5463=DIRECTION('',(-1.E0,0.E0,0.E0));
#5464=DIRECTION('',(0.E0,-8.286713286713E-1,-5.597354991763E-1));
#5465=AXIS2_PLACEMENT_3D('',#5462,#5463,#5464);
#5467=CARTESIAN_POINT('',(3.26E-1,-9.6E-2,-1.4E-1));
#5468=DIRECTION('',(1.E0,0.E0,0.E0));
#5469=DIRECTION('',(0.E0,6.970588235294E-1,-7.170139444528E-1));
#5470=AXIS2_PLACEMENT_3D('',#5467,#5468,#5469);
#5472=CARTESIAN_POINT('',(3.26E-1,-9.6E-2,-1.4E-1));
#5473=DIRECTION('',(-1.E0,0.E0,0.E0));
#5474=DIRECTION('',(0.E0,8.286713286713E-1,5.597354991763E-1));
#5475=AXIS2_PLACEMENT_3D('',#5472,#5473,#5474);
#5477=CARTESIAN_POINT('',(3.74E-1,9.6E-2,-1.4E-1));
#5478=DIRECTION('',(1.E0,0.E0,0.E0));
#5479=DIRECTION('',(0.E0,-6.970588235294E-1,7.170139444528E-1));
#5480=AXIS2_PLACEMENT_3D('',#5477,#5478,#5479);
#5482=CARTESIAN_POINT('',(3.74E-1,9.6E-2,-1.4E-1));
#5483=DIRECTION('',(-1.E0,0.E0,0.E0));
#5484=DIRECTION('',(0.E0,-8.286713286713E-1,-5.597354991763E-1));
#5485=AXIS2_PLACEMENT_3D('',#5482,#5483,#5484);
#5487=CARTESIAN_POINT('',(3.74E-1,-9.6E-2,-1.4E-1));
#5488=DIRECTION('',(1.E0,0.E0,0.E0));
#5489=DIRECTION('',(0.E0,6.970588235294E-1,-7.170139444528E-1));
#5490=AXIS2_PLACEMENT_3D('',#5487,#5488,#5489);
#5492=CARTESIAN_POINT('',(3.74E-1,-9.6E-2,-1.4E-1));
#5493=DIRECTION('',(-1.E0,0.E0,0.E0));
#5494=DIRECTION('',(0.E0,8.286713286713E-1,5.597354991763E-1));
#5495=AXIS2_PLACEMENT_3D('',#5492,#5493,#5494);
#5497=CARTESIAN_POINT('',(4.26E-1,9.6E-2,-1.4E-1));
#5498=DIRECTION('',(1.E0,0.E0,0.E0));
#5499=DIRECTION('',(0.E0,-6.970588235294E-1,7.170139444528E-1));
#5500=AXIS2_PLACEMENT_3D('',#5497,#5498,#5499);
#5502=CARTESIAN_POINT('',(4.26E-1,9.6E-2,-1.4E-1));
#5503=DIRECTION('',(-1.E0,0.E0,0.E0));
#5504=DIRECTION('',(0.E0,-8.286713286713E-1,-5.597354991763E-1));
#5505=AXIS2_PLACEMENT_3D('',#5502,#5503,#5504);
#5507=CARTESIAN_POINT('',(4.26E-1,-9.6E-2,-1.4E-1));
#5508=DIRECTION('',(1.E0,0.E0,0.E0));
#5509=DIRECTION('',(0.E0,6.970588235294E-1,-7.170139444528E-1));
#5510=AXIS2_PLACEMENT_3D('',#5507,#5508,#5509);
#5512=CARTESIAN_POINT('',(4.26E-1,-9.6E-2,-1.4E-1));
#5513=DIRECTION('',(-1.E0,0.E0,0.E0));
#5514=DIRECTION('',(0.E0,8.286713286713E-1,5.597354991763E-1));
#5515=AXIS2_PLACEMENT_3D('',#5512,#5513,#5514);
#5517=CARTESIAN_POINT('',(4.74E-1,9.6E-2,-1.4E-1));
#5518=DIRECTION('',(1.E0,0.E0,0.E0));
#5519=DIRECTION('',(0.E0,-6.970588235294E-1,7.170139444528E-1));
#5520=AXIS2_PLACEMENT_3D('',#5517,#5518,#5519);
#5522=CARTESIAN_POINT('',(4.74E-1,9.6E-2,-1.4E-1));
#5523=DIRECTION('',(-1.E0,0.E0,0.E0));
#5524=DIRECTION('',(0.E0,-8.286713286713E-1,-5.597354991763E-1));
#5525=AXIS2_PLACEMENT_3D('',#5522,#5523,#5524);
#5527=CARTESIAN_POINT('',(4.74E-1,-9.6E-2,-1.4E-1));
#5528=DIRECTION('',(1.E0,0.E0,0.E0));
#5529=DIRECTION('',(0.E0,6.970588235294E-1,-7.170139444528E-1));
#5530=AXIS2_PLACEMENT_3D('',#5527,#5528,#5529);
#5532=CARTESIAN_POINT('',(4.74E-1,-9.6E-2,-1.4E-1));
#5533=DIRECTION('',(-1.E0,0.E0,0.E0));
#5534=DIRECTION('',(0.E0,8.286713286713E-1,5.597354991763E-1));
#5535=AXIS2_PLACEMENT_3D('',#5532,#5533,#5534);
#5537=CARTESIAN_POINT('',(5.26E-1,9.6E-2,-1.4E-1));
#5538=DIRECTION('',(1.E0,0.E0,0.E0));
#5539=DIRECTION('',(0.E0,-6.970588235294E-1,7.170139444528E-1));
#5540=AXIS2_PLACEMENT_3D('',#5537,#5538,#5539);
#5542=CARTESIAN_POINT('',(5.26E-1,9.6E-2,-1.4E-1));
#5543=DIRECTION('',(-1.E0,0.E0,0.E0));
#5544=DIRECTION('',(0.E0,-8.286713286713E-1,-5.597354991763E-1));
#5545=AXIS2_PLACEMENT_3D('',#5542,#5543,#5544);
#5547=CARTESIAN_POINT('',(5.26E-1,-9.6E-2,-1.4E-1));
#5548=DIRECTION('',(1.E0,0.E0,0.E0));
#5549=DIRECTION('',(0.E0,6.970588235294E-1,-7.170139444528E-1));
#5550=AXIS2_PLACEMENT_3D('',#5547,#5548,#5549);
#5552=CARTESIAN_POINT('',(5.26E-1,-9.6E-2,-1.4E-1));
#5553=DIRECTION('',(-1.E0,0.E0,0.E0));
#5554=DIRECTION('',(0.E0,8.286713286713E-1,5.597354991763E-1));
#5555=AXIS2_PLACEMENT_3D('',#5552,#5553,#5554);
#5557=CARTESIAN_POINT('',(5.74E-1,9.6E-2,-1.4E-1));
#5558=DIRECTION('',(1.E0,0.E0,0.E0));
#5559=DIRECTION('',(0.E0,-6.970588235294E-1,7.170139444528E-1));
#5560=AXIS2_PLACEMENT_3D('',#5557,#5558,#5559);
#5562=CARTESIAN_POINT('',(5.74E-1,9.6E-2,-1.4E-1));
#5563=DIRECTION('',(-1.E0,0.E0,0.E0));
#5564=DIRECTION('',(0.E0,-8.286713286713E-1,-5.597354991763E-1));
#5565=AXIS2_PLACEMENT_3D('',#5562,#5563,#5564);
#5567=CARTESIAN_POINT('',(5.74E-1,-9.6E-2,-1.4E-1));
#5568=DIRECTION('',(1.E0,0.E0,0.E0));
#5569=DIRECTION('',(0.E0,6.970588235294E-1,-7.170139444528E-1));
#5570=AXIS2_PLACEMENT_3D('',#5567,#5568,#5569);
#5572=CARTESIAN_POINT('',(5.74E-1,-9.6E-2,-1.4E-1));
#5573=DIRECTION('',(-1.E0,0.E0,0.E0));
#5574=DIRECTION('',(0.E0,8.286713286713E-1,5.597354991763E-1));
#5575=AXIS2_PLACEMENT_3D('',#5572,#5573,#5574);
#5577=CARTESIAN_POINT('',(6.26E-1,9.6E-2,-1.4E-1));
#5578=DIRECTION('',(1.E0,0.E0,0.E0));
#5579=DIRECTION('',(0.E0,-6.970588235294E-1,7.170139444528E-1));
#5580=AXIS2_PLACEMENT_3D('',#5577,#5578,#5579);
#5582=CARTESIAN_POINT('',(6.26E-1,9.6E-2,-1.4E-1));
#5583=DIRECTION('',(-1.E0,0.E0,0.E0));
#5584=DIRECTION('',(0.E0,-8.286713286713E-1,-5.597354991763E-1));
#5585=AXIS2_PLACEMENT_3D('',#5582,#5583,#5584);
#5587=CARTESIAN_POINT('',(6.26E-1,-9.6E-2,-1.4E-1));
#5588=DIRECTION('',(1.E0,0.E0,0.E0));
#5589=DIRECTION('',(0.E0,6.970588235294E-1,-7.170139444528E-1));
#5590=AXIS2_PLACEMENT_3D('',#5587,#5588,#5589);
#5592=CARTESIAN_POINT('',(6.26E-1,-9.6E-2,-1.4E-1));
#5593=DIRECTION('',(-1.E0,0.E0,0.E0));
#5594=DIRECTION('',(0.E0,8.286713286713E-1,5.597354991763E-1));
#5595=AXIS2_PLACEMENT_3D('',#5592,#5593,#5594);
#5597=CARTESIAN_POINT('',(6.74E-1,9.6E-2,-1.4E-1));
#5598=DIRECTION('',(1.E0,0.E0,0.E0));
#5599=DIRECTION('',(0.E0,-6.970588235294E-1,7.170139444528E-1));
#5600=AXIS2_PLACEMENT_3D('',#5597,#5598,#5599);
#5602=CARTESIAN_POINT('',(6.74E-1,9.6E-2,-1.4E-1));
#5603=DIRECTION('',(-1.E0,0.E0,0.E0));
#5604=DIRECTION('',(0.E0,-8.286713286713E-1,-5.597354991763E-1));
#5605=AXIS2_PLACEMENT_3D('',#5602,#5603,#5604);
#5607=CARTESIAN_POINT('',(6.74E-1,-9.6E-2,-1.4E-1));
#5608=DIRECTION('',(1.E0,0.E0,0.E0));
#5609=DIRECTION('',(0.E0,6.970588235294E-1,-7.170139444528E-1));
#5610=AXIS2_PLACEMENT_3D('',#5607,#5608,#5609);
#5612=CARTESIAN_POINT('',(6.74E-1,-9.6E-2,-1.4E-1));
#5613=DIRECTION('',(-1.E0,0.E0,0.E0));
#5614=DIRECTION('',(0.E0,8.286713286713E-1,5.597354991763E-1));
#5615=AXIS2_PLACEMENT_3D('',#5612,#5613,#5614);
#5617=CARTESIAN_POINT('',(7.26E-1,9.6E-2,-1.4E-1));
#5618=DIRECTION('',(1.E0,0.E0,0.E0));
#5619=DIRECTION('',(0.E0,-6.970588235294E-1,7.170139444528E-1));
#5620=AXIS2_PLACEMENT_3D('',#5617,#5618,#5619);
#5622=CARTESIAN_POINT('',(7.26E-1,9.6E-2,-1.4E-1));
#5623=DIRECTION('',(-1.E0,0.E0,0.E0));
#5624=DIRECTION('',(0.E0,-8.286713286713E-1,-5.597354991763E-1));
#5625=AXIS2_PLACEMENT_3D('',#5622,#5623,#5624);
#5627=CARTESIAN_POINT('',(7.26E-1,-9.6E-2,-1.4E-1));
#5628=DIRECTION('',(1.E0,0.E0,0.E0));
#5629=DIRECTION('',(0.E0,6.970588235294E-1,-7.170139444528E-1));
#5630=AXIS2_PLACEMENT_3D('',#5627,#5628,#5629);
#5632=CARTESIAN_POINT('',(7.26E-1,-9.6E-2,-1.4E-1));
#5633=DIRECTION('',(-1.E0,0.E0,0.E0));
#5634=DIRECTION('',(0.E0,8.286713286713E-1,5.597354991763E-1));
#5635=AXIS2_PLACEMENT_3D('',#5632,#5633,#5634);
#5637=DIRECTION('',(0.E0,0.E0,-1.E0));
#5638=VECTOR('',#5637,1.262977575042E-1);
#5639=CARTESIAN_POINT('',(-8.32E-1,7.6E-2,-3.702242495815E-3));
#5640=LINE('',#5639,#5638);
#5641=DIRECTION('',(0.E0,0.E0,1.E0));
#5642=VECTOR('',#5641,3.5E-1);
#5643=CARTESIAN_POINT('',(8.5E-1,1.84E-1,-3.5E-1));
#5644=LINE('',#5643,#5642);
#5645=DIRECTION('',(0.E0,0.E0,-1.E0));
#5646=VECTOR('',#5645,3.5E-1);
#5647=CARTESIAN_POINT('',(-8.5E-1,1.84E-1,0.E0));
#5648=LINE('',#5647,#5646);
#5649=DIRECTION('',(1.E0,0.E0,0.E0));
#5650=VECTOR('',#5649,1.7E0);
#5651=CARTESIAN_POINT('',(-8.5E-1,1.84E-1,-3.5E-1));
#5652=LINE('',#5651,#5650);
#5653=DIRECTION('',(0.E0,0.E0,-1.E0));
#5654=VECTOR('',#5653,3.5E-1);
#5655=CARTESIAN_POINT('',(8.5E-1,-1.84E-1,0.E0));
#5656=LINE('',#5655,#5654);
#5657=DIRECTION('',(0.E0,0.E0,1.E0));
#5658=VECTOR('',#5657,3.5E-1);
#5659=CARTESIAN_POINT('',(-8.5E-1,-1.84E-1,-3.5E-1));
#5660=LINE('',#5659,#5658);
#5661=DIRECTION('',(1.E0,0.E0,0.E0));
#5662=VECTOR('',#5661,1.7E0);
#5663=CARTESIAN_POINT('',(-8.5E-1,-1.84E-1,0.E0));
#5664=LINE('',#5663,#5662);
#5665=DIRECTION('',(1.E0,0.E0,0.E0));
#5666=VECTOR('',#5665,5.0899995E-2);
#5667=CARTESIAN_POINT('',(2.8E-1,-1.84E-1,-2.5E-1));
#5668=LINE('',#5667,#5666);
#5669=DIRECTION('',(4.226182617407E-1,0.E0,9.063077870366E-1));
#5670=VECTOR('',#5669,9.489064446990E-3);
#5671=CARTESIAN_POINT('',(3.30899995E-1,-1.84E-1,-2.5E-1));
#5672=LINE('',#5671,#5670);
#5673=DIRECTION('',(1.E0,0.E0,0.E0));
#5674=VECTOR('',#5673,4.110591184673E-2);
#5675=CARTESIAN_POINT('',(3.349102469221E-1,-1.84E-1,-2.41399987E-1));
#5676=LINE('',#5675,#5674);
#5677=DIRECTION('',(4.289606603064E-1,0.E0,-9.033231713564E-1));
#5678=VECTOR('',#5677,9.520416693270E-3);
#5679=CARTESIAN_POINT('',(3.760161587689E-1,-1.84E-1,-2.41399987E-1));
#5680=LINE('',#5679,#5678);
#5681=DIRECTION('',(1.E0,0.E0,0.E0));
#5682=VECTOR('',#5681,5.0899995E-2);
#5683=CARTESIAN_POINT('',(3.80100043E-1,-1.84E-1,-2.5E-1));
#5684=LINE('',#5683,#5682);
#5685=DIRECTION('',(-4.848096202463E-1,0.E0,8.746197071394E-1));
#5686=VECTOR('',#5685,9.261167949774E-2);
#5687=CARTESIAN_POINT('',(4.31000038E-1,-1.84E-1,-2.5E-1));
#5688=LINE('',#5687,#5686);
#5689=DIRECTION('',(-1.E0,0.E0,0.E0));
#5690=VECTOR('',#5689,6.120197166465E-2);
#5691=CARTESIAN_POINT('',(3.861010048323E-1,-1.84E-1,-1.69E-1));
#5692=LINE('',#5691,#5690);
#5693=DIRECTION('',(-4.848096202463E-1,0.E0,-8.746197071394E-1));
#5694=VECTOR('',#5693,9.261167949774E-2);
#5695=CARTESIAN_POINT('',(3.248990331677E-1,-1.84E-1,-1.69E-1));
#5696=LINE('',#5695,#5694);
#5697=DIRECTION('',(4.289606603064E-1,0.E0,-9.033231713565E-1));
#5698=VECTOR('',#5697,2.576604612616E-2);
#5699=CARTESIAN_POINT('',(3.552762327263E-1,-1.84E-1,-1.977249895E-1));
#5700=LINE('',#5699,#5698);
#5701=DIRECTION('',(-1.E0,0.E0,0.E0));
#5702=VECTOR('',#5701,2.190596191278E-2);
#5703=CARTESIAN_POINT('',(3.663288528860E-1,-1.84E-1,-2.21000056E-1));
#5704=LINE('',#5703,#5702);
#5705=DIRECTION('',(4.226182617407E-1,0.E0,9.063077870366E-1));
#5706=VECTOR('',#5705,2.568119443848E-2);
#5707=CARTESIAN_POINT('',(3.444228909733E-1,-1.84E-1,-2.21000056E-1));
#5708=LINE('',#5707,#5706);
#5709=DIRECTION('',(-1.E0,0.E0,0.E0));
#5710=VECTOR('',#5709,7.0400016E-2);
#5711=CARTESIAN_POINT('',(5.03950096E-1,-1.84E-1,-1.69E-1));
#5712=LINE('',#5711,#5710);
#5713=DIRECTION('',(0.E0,0.E0,-1.E0));
#5714=VECTOR('',#5713,8.1E-2);
#5715=CARTESIAN_POINT('',(4.3355008E-1,-1.84E-1,-1.69E-1));
#5716=LINE('',#5715,#5714);
#5717=DIRECTION('',(1.E0,0.E0,0.E0));
#5718=VECTOR('',#5717,4.455E-2);
#5719=CARTESIAN_POINT('',(4.3355008E-1,-1.84E-1,-2.5E-1));
#5720=LINE('',#5719,#5718);
#5721=DIRECTION('',(0.E0,0.E0,1.E0));
#5722=VECTOR('',#5721,5.22750105E-2);
#5723=CARTESIAN_POINT('',(4.7810008E-1,-1.84E-1,-2.5E-1));
#5724=LINE('',#5723,#5722);
#5725=DIRECTION('',(-3.893962203096E-1,0.E0,9.210703467209E-1));
#5726=VECTOR('',#5725,5.675463409077E-2);
#5727=CARTESIAN_POINT('',(5.0020012E-1,-1.84E-1,-2.5E-1));
#5728=LINE('',#5727,#5726);
#5729=DIRECTION('',(1.E0,0.E0,0.E0));
#5730=VECTOR('',#5729,4.1350014E-2);
#5731=CARTESIAN_POINT('',(5.0020012E-1,-1.84E-1,-2.5E-1));
#5732=LINE('',#5731,#5730);
#5733=DIRECTION('',(3.893950095173E-1,0.E0,9.210708586005E-1));
#5734=VECTOR('',#5733,5.675460254972E-2);
#5735=CARTESIAN_POINT('',(5.41550134E-1,-1.84E-1,-2.5E-1));
#5736=LINE('',#5735,#5734);
#5737=DIRECTION('',(0.E0,0.E0,-1.E0));
#5738=VECTOR('',#5737,5.22750105E-2);
#5739=CARTESIAN_POINT('',(5.63650093E-1,-1.84E-1,-1.977249895E-1));
#5740=LINE('',#5739,#5738);
#5741=DIRECTION('',(1.E0,0.E0,0.E0));
#5742=VECTOR('',#5741,4.455E-2);
#5743=CARTESIAN_POINT('',(5.63650093E-1,-1.84E-1,-2.5E-1));
#5744=LINE('',#5743,#5742);
#5745=DIRECTION('',(0.E0,0.E0,1.E0));
#5746=VECTOR('',#5745,8.1E-2);
#5747=CARTESIAN_POINT('',(6.08200093E-1,-1.84E-1,-2.5E-1));
#5748=LINE('',#5747,#5746);
#5749=DIRECTION('',(-1.E0,0.E0,0.E0));
#5750=VECTOR('',#5749,7.0400016E-2);
#5751=CARTESIAN_POINT('',(6.08200093E-1,-1.84E-1,-1.69E-1));
#5752=LINE('',#5751,#5750);
#5753=DIRECTION('',(-3.746065934159E-1,0.E0,-9.271838545668E-1));
#5754=VECTOR('',#5753,4.518070636629E-2);
#5755=CARTESIAN_POINT('',(5.37800077E-1,-1.84E-1,-1.69E-1));
#5756=LINE('',#5755,#5754);
#5757=DIRECTION('',(-3.746065934159E-1,0.E0,9.271838545668E-1));
#5758=VECTOR('',#5757,4.518070636629E-2);
#5759=CARTESIAN_POINT('',(5.208750865E-1,-1.84E-1,-2.108908214807E-1));
#5760=LINE('',#5759,#5758);
#5761=DIRECTION('',(1.E0,0.E0,0.E0));
#5762=VECTOR('',#5761,4.4749989E-2);
#5763=CARTESIAN_POINT('',(6.20349769E-1,-1.84E-1,-2.5E-1));
#5764=LINE('',#5763,#5762);
#5765=DIRECTION('',(0.E0,0.E0,1.E0));
#5766=VECTOR('',#5765,2.3649975E-2);
#5767=CARTESIAN_POINT('',(6.65099758E-1,-1.84E-1,-2.5E-1));
#5768=LINE('',#5767,#5766);
#5769=DIRECTION('',(1.E0,0.E0,0.E0));
#5770=VECTOR('',#5769,3.754998E-2);
#5771=CARTESIAN_POINT('',(6.65099758E-1,-1.84E-1,-2.26350025E-1));
#5772=LINE('',#5771,#5770);
#5773=CARTESIAN_POINT('',(7.5654973E-1,-1.84E-1,-1.977249895E-1));
#5774=CARTESIAN_POINT('',(7.5654973E-1,-1.84E-1,-2.011635323125E-1));
#5775=CARTESIAN_POINT('',(7.554116446129E-1,-1.84E-1,-2.069025325504E-1));
#5776=CARTESIAN_POINT('',(7.501046447164E-1,-1.84E-1,-2.153497039039E-1));
#5777=CARTESIAN_POINT('',(7.393980369282E-1,-1.84E-1,-2.218358101781E-1));
#5778=CARTESIAN_POINT('',(7.225913445995E-1,-1.84E-1,-2.256603747245E-1));
#5779=CARTESIAN_POINT('',(7.095268236250E-1,-1.84E-1,-2.26350025E-1));
#5780=CARTESIAN_POINT('',(7.02649738E-1,-1.84E-1,-2.26350025E-1));
#5782=CARTESIAN_POINT('',(7.02649738E-1,-1.84E-1,-1.69E-1));
#5783=CARTESIAN_POINT('',(7.095351531250E-1,-1.84E-1,-1.69E-1));
#5784=CARTESIAN_POINT('',(7.226121769645E-1,-1.84E-1,-1.696938064105E-1));
#5785=CARTESIAN_POINT('',(7.394235084756E-1,-1.84E-1,-1.735387202744E-1));
#5786=CARTESIAN_POINT('',(7.501210436705E-1,-1.84E-1,-1.800547228920E-1));
#5787=CARTESIAN_POINT('',(7.554163635969E-1,-1.84E-1,-1.885302332156E-1));
#5788=CARTESIAN_POINT('',(7.5654973E-1,-1.84E-1,-1.942822819375E-1));
#5789=CARTESIAN_POINT('',(7.5654973E-1,-1.84E-1,-1.977249895E-1));
#5791=DIRECTION('',(-1.E0,0.E0,0.E0));
#5792=VECTOR('',#5791,8.2299969E-2);
#5793=CARTESIAN_POINT('',(7.02649738E-1,-1.84E-1,-1.69E-1));
#5794=LINE('',#5793,#5792);
#5795=DIRECTION('',(0.E0,0.E0,-1.E0));
#5796=VECTOR('',#5795,8.1E-2);
#5797=CARTESIAN_POINT('',(6.20349769E-1,-1.84E-1,-1.69E-1));
#5798=LINE('',#5797,#5796);
#5799=DIRECTION('',(0.E0,0.E0,1.E0));
#5800=VECTOR('',#5799,1.2049965E-2);
#5801=CARTESIAN_POINT('',(6.65099758E-1,-1.84E-1,-2.03749972E-1));
#5802=LINE('',#5801,#5800);
#5803=DIRECTION('',(1.E0,0.E0,0.E0));
#5804=VECTOR('',#5803,3.754998E-2);
#5805=CARTESIAN_POINT('',(6.65099758E-1,-1.84E-1,-1.91700007E-1));
#5806=LINE('',#5805,#5804);
#5807=CARTESIAN_POINT('',(7.02649738E-1,-1.84E-1,-1.977249895E-1));
#5808=DIRECTION('',(0.E0,-1.E0,0.E0));
#5809=DIRECTION('',(0.E0,0.E0,-1.E0));
#5810=AXIS2_PLACEMENT_3D('',#5807,#5808,#5809);
#5812=DIRECTION('',(-1.E0,0.E0,0.E0));
#5813=VECTOR('',#5812,3.754998E-2);
#5814=CARTESIAN_POINT('',(7.02649738E-1,-1.84E-1,-2.03749972E-1));
#5815=LINE('',#5814,#5813);
#5816=DIRECTION('',(0.E0,1.E0,0.E0));
#5817=VECTOR('',#5816,5.E-3);
#5818=CARTESIAN_POINT('',(2.8E-1,-1.84E-1,-2.5E-1));
#5819=LINE('',#5818,#5817);
#5820=DIRECTION('',(0.E0,1.E0,0.E0));
#5821=VECTOR('',#5820,5.E-3);
#5822=CARTESIAN_POINT('',(3.248990331677E-1,-1.84E-1,-1.69E-1));
#5823=LINE('',#5822,#5821);
#5824=DIRECTION('',(0.E0,1.E0,0.E0));
#5825=VECTOR('',#5824,5.E-3);
#5826=CARTESIAN_POINT('',(3.861010048323E-1,-1.84E-1,-1.69E-1));
#5827=LINE('',#5826,#5825);
#5828=DIRECTION('',(0.E0,1.E0,0.E0));
#5829=VECTOR('',#5828,5.E-3);
#5830=CARTESIAN_POINT('',(4.31000038E-1,-1.84E-1,-2.5E-1));
#5831=LINE('',#5830,#5829);
#5832=DIRECTION('',(0.E0,1.E0,0.E0));
#5833=VECTOR('',#5832,5.E-3);
#5834=CARTESIAN_POINT('',(3.80100043E-1,-1.84E-1,-2.5E-1));
#5835=LINE('',#5834,#5833);
#5836=DIRECTION('',(0.E0,1.E0,0.E0));
#5837=VECTOR('',#5836,5.E-3);
#5838=CARTESIAN_POINT('',(3.760161587689E-1,-1.84E-1,-2.41399987E-1));
#5839=LINE('',#5838,#5837);
#5840=DIRECTION('',(0.E0,1.E0,0.E0));
#5841=VECTOR('',#5840,5.E-3);
#5842=CARTESIAN_POINT('',(3.349102469221E-1,-1.84E-1,-2.41399987E-1));
#5843=LINE('',#5842,#5841);
#5844=DIRECTION('',(0.E0,1.E0,0.E0));
#5845=VECTOR('',#5844,5.E-3);
#5846=CARTESIAN_POINT('',(3.30899995E-1,-1.84E-1,-2.5E-1));
#5847=LINE('',#5846,#5845);
#5848=DIRECTION('',(1.E0,0.E0,0.E0));
#5849=VECTOR('',#5848,5.0899995E-2);
#5850=CARTESIAN_POINT('',(2.8E-1,-1.79E-1,-2.5E-1));
#5851=LINE('',#5850,#5849);
#5852=DIRECTION('',(-4.848096202463E-1,0.E0,-8.746197071394E-1));
#5853=VECTOR('',#5852,9.261167949774E-2);
#5854=CARTESIAN_POINT('',(3.248990331677E-1,-1.79E-1,-1.69E-1));
#5855=LINE('',#5854,#5853);
#5856=DIRECTION('',(-1.E0,0.E0,0.E0));
#5857=VECTOR('',#5856,6.120197166465E-2);
#5858=CARTESIAN_POINT('',(3.861010048323E-1,-1.79E-1,-1.69E-1));
#5859=LINE('',#5858,#5857);
#5860=DIRECTION('',(-4.848096202463E-1,0.E0,8.746197071394E-1));
#5861=VECTOR('',#5860,9.261167949774E-2);
#5862=CARTESIAN_POINT('',(4.31000038E-1,-1.79E-1,-2.5E-1));
#5863=LINE('',#5862,#5861);
#5864=DIRECTION('',(1.E0,0.E0,0.E0));
#5865=VECTOR('',#5864,5.0899995E-2);
#5866=CARTESIAN_POINT('',(3.80100043E-1,-1.79E-1,-2.5E-1));
#5867=LINE('',#5866,#5865);
#5868=DIRECTION('',(4.289606603064E-1,0.E0,-9.033231713564E-1));
#5869=VECTOR('',#5868,9.520416693270E-3);
#5870=CARTESIAN_POINT('',(3.760161587689E-1,-1.79E-1,-2.41399987E-1));
#5871=LINE('',#5870,#5869);
#5872=DIRECTION('',(1.E0,0.E0,0.E0));
#5873=VECTOR('',#5872,4.110591184673E-2);
#5874=CARTESIAN_POINT('',(3.349102469221E-1,-1.79E-1,-2.41399987E-1));
#5875=LINE('',#5874,#5873);
#5876=DIRECTION('',(4.226182617407E-1,0.E0,9.063077870366E-1));
#5877=VECTOR('',#5876,9.489064446990E-3);
#5878=CARTESIAN_POINT('',(3.30899995E-1,-1.79E-1,-2.5E-1));
#5879=LINE('',#5878,#5877);
#5880=DIRECTION('',(4.289606603064E-1,0.E0,-9.033231713565E-1));
#5881=VECTOR('',#5880,2.576604612616E-2);
#5882=CARTESIAN_POINT('',(3.552762327263E-1,-1.79E-1,-1.977249895E-1));
#5883=LINE('',#5882,#5881);
#5884=DIRECTION('',(4.226182617407E-1,0.E0,9.063077870366E-1));
#5885=VECTOR('',#5884,2.568119443848E-2);
#5886=CARTESIAN_POINT('',(3.444228909733E-1,-1.79E-1,-2.21000056E-1));
#5887=LINE('',#5886,#5885);
#5888=DIRECTION('',(-1.E0,0.E0,0.E0));
#5889=VECTOR('',#5888,2.190596191278E-2);
#5890=CARTESIAN_POINT('',(3.663288528860E-1,-1.79E-1,-2.21000056E-1));
#5891=LINE('',#5890,#5889);
#5892=DIRECTION('',(-1.E0,0.E0,0.E0));
#5893=VECTOR('',#5892,7.0400016E-2);
#5894=CARTESIAN_POINT('',(6.08200093E-1,-1.79E-1,-1.69E-1));
#5895=LINE('',#5894,#5893);
#5896=DIRECTION('',(0.E0,0.E0,1.E0));
#5897=VECTOR('',#5896,8.1E-2);
#5898=CARTESIAN_POINT('',(6.08200093E-1,-1.79E-1,-2.5E-1));
#5899=LINE('',#5898,#5897);
#5900=DIRECTION('',(1.E0,0.E0,0.E0));
#5901=VECTOR('',#5900,4.455E-2);
#5902=CARTESIAN_POINT('',(5.63650093E-1,-1.79E-1,-2.5E-1));
#5903=LINE('',#5902,#5901);
#5904=DIRECTION('',(0.E0,0.E0,-1.E0));
#5905=VECTOR('',#5904,5.22750105E-2);
#5906=CARTESIAN_POINT('',(5.63650093E-1,-1.79E-1,-1.977249895E-1));
#5907=LINE('',#5906,#5905);
#5908=DIRECTION('',(3.893950095173E-1,0.E0,9.210708586005E-1));
#5909=VECTOR('',#5908,5.675460254972E-2);
#5910=CARTESIAN_POINT('',(5.41550134E-1,-1.79E-1,-2.5E-1));
#5911=LINE('',#5910,#5909);
#5912=DIRECTION('',(1.E0,0.E0,0.E0));
#5913=VECTOR('',#5912,4.1350014E-2);
#5914=CARTESIAN_POINT('',(5.0020012E-1,-1.79E-1,-2.5E-1));
#5915=LINE('',#5914,#5913);
#5916=DIRECTION('',(3.893962203096E-1,0.E0,-9.210703467209E-1));
#5917=VECTOR('',#5916,5.675463409077E-2);
#5918=CARTESIAN_POINT('',(4.7810008E-1,-1.79E-1,-1.977249895E-1));
#5919=LINE('',#5918,#5917);
#5920=DIRECTION('',(0.E0,0.E0,1.E0));
#5921=VECTOR('',#5920,5.22750105E-2);
#5922=CARTESIAN_POINT('',(4.7810008E-1,-1.79E-1,-2.5E-1));
#5923=LINE('',#5922,#5921);
#5924=DIRECTION('',(1.E0,0.E0,0.E0));
#5925=VECTOR('',#5924,4.455E-2);
#5926=CARTESIAN_POINT('',(4.3355008E-1,-1.79E-1,-2.5E-1));
#5927=LINE('',#5926,#5925);
#5928=DIRECTION('',(0.E0,0.E0,-1.E0));
#5929=VECTOR('',#5928,8.1E-2);
#5930=CARTESIAN_POINT('',(4.3355008E-1,-1.79E-1,-1.69E-1));
#5931=LINE('',#5930,#5929);
#5932=DIRECTION('',(-1.E0,0.E0,0.E0));
#5933=VECTOR('',#5932,7.0400016E-2);
#5934=CARTESIAN_POINT('',(5.03950096E-1,-1.79E-1,-1.69E-1));
#5935=LINE('',#5934,#5933);
#5936=DIRECTION('',(-3.746065934159E-1,0.E0,9.271838545668E-1));
#5937=VECTOR('',#5936,4.518070636629E-2);
#5938=CARTESIAN_POINT('',(5.208750865E-1,-1.79E-1,-2.108908214807E-1));
#5939=LINE('',#5938,#5937);
#5940=DIRECTION('',(-3.746065934159E-1,0.E0,-9.271838545668E-1));
#5941=VECTOR('',#5940,4.518070636629E-2);
#5942=CARTESIAN_POINT('',(5.37800077E-1,-1.79E-1,-1.69E-1));
#5943=LINE('',#5942,#5941);
#5944=DIRECTION('',(1.E0,0.E0,0.E0));
#5945=VECTOR('',#5944,4.4749989E-2);
#5946=CARTESIAN_POINT('',(6.20349769E-1,-1.79E-1,-2.5E-1));
#5947=LINE('',#5946,#5945);
#5948=DIRECTION('',(0.E0,0.E0,-1.E0));
#5949=VECTOR('',#5948,8.1E-2);
#5950=CARTESIAN_POINT('',(6.20349769E-1,-1.79E-1,-1.69E-1));
#5951=LINE('',#5950,#5949);
#5952=DIRECTION('',(-1.E0,0.E0,0.E0));
#5953=VECTOR('',#5952,8.2299969E-2);
#5954=CARTESIAN_POINT('',(7.02649738E-1,-1.79E-1,-1.69E-1));
#5955=LINE('',#5954,#5953);
#5956=CARTESIAN_POINT('',(7.5654973E-1,-1.79E-1,-1.977249895E-1));
#5957=CARTESIAN_POINT('',(7.5654973E-1,-1.79E-1,-1.949203023848E-1));
#5958=CARTESIAN_POINT('',(7.557408228308E-1,-1.79E-1,-1.898014064927E-1));
#5959=CARTESIAN_POINT('',(7.527855457377E-1,-1.79E-1,-1.839539059882E-1));
#5960=CARTESIAN_POINT('',(7.478641986588E-1,-1.79E-1,-1.788424339053E-1));
#5961=CARTESIAN_POINT('',(7.406519897128E-1,-1.79E-1,-1.746403079861E-1));
#5962=CARTESIAN_POINT('',(7.309376416101E-1,-1.79E-1,-1.714710016559E-1));
#5963=CARTESIAN_POINT('',(7.185255791795E-1,-1.79E-1,-1.694711534758E-1));
#5964=CARTESIAN_POINT('',(7.082625468312E-1,-1.79E-1,-1.69E-1));
#5965=CARTESIAN_POINT('',(7.02649738E-1,-1.79E-1,-1.69E-1));
#5967=CARTESIAN_POINT('',(7.02649738E-1,-1.79E-1,-2.26350025E-1));
#5968=CARTESIAN_POINT('',(7.082577743174E-1,-1.79E-1,-2.26350025E-1));
#5969=CARTESIAN_POINT('',(7.185136557541E-1,-1.79E-1,-2.258813367835E-1));
#5970=CARTESIAN_POINT('',(7.309230141586E-1,-1.79E-1,-2.238908980736E-1));
#5971=CARTESIAN_POINT('',(7.406401438931E-1,-1.79E-1,-2.207345477990E-1));
#5972=CARTESIAN_POINT('',(7.478578439109E-1,-1.79E-1,-2.165474203890E-1));
#5973=CARTESIAN_POINT('',(7.527860100801E-1,-1.79E-1,-2.114487251870E-1));
#5974=CARTESIAN_POINT('',(7.557417211340E-1,-1.79E-1,-2.056181607468E-1));
#5975=CARTESIAN_POINT('',(7.5654973E-1,-1.79E-1,-2.005184936691E-1));
#5976=CARTESIAN_POINT('',(7.5654973E-1,-1.79E-1,-1.977249895E-1));
#5978=DIRECTION('',(1.E0,0.E0,0.E0));
#5979=VECTOR('',#5978,3.754998E-2);
#5980=CARTESIAN_POINT('',(6.65099758E-1,-1.79E-1,-2.26350025E-1));
#5981=LINE('',#5980,#5979);
#5982=DIRECTION('',(0.E0,0.E0,1.E0));
#5983=VECTOR('',#5982,2.3649975E-2);
#5984=CARTESIAN_POINT('',(6.65099758E-1,-1.79E-1,-2.5E-1));
#5985=LINE('',#5984,#5983);
#5986=DIRECTION('',(0.E0,0.E0,1.E0));
#5987=VECTOR('',#5986,1.2049965E-2);
#5988=CARTESIAN_POINT('',(6.65099758E-1,-1.79E-1,-2.03749972E-1));
#5989=LINE('',#5988,#5987);
#5990=DIRECTION('',(-1.E0,0.E0,0.E0));
#5991=VECTOR('',#5990,3.754998E-2);
#5992=CARTESIAN_POINT('',(7.02649738E-1,-1.79E-1,-2.03749972E-1));
#5993=LINE('',#5992,#5991);
#5994=CARTESIAN_POINT('',(7.02649738E-1,-1.79E-1,-1.977249895E-1));
#5995=DIRECTION('',(0.E0,1.E0,0.E0));
#5996=DIRECTION('',(0.E0,0.E0,1.E0));
#5997=AXIS2_PLACEMENT_3D('',#5994,#5995,#5996);
#5999=DIRECTION('',(1.E0,0.E0,0.E0));
#6000=VECTOR('',#5999,3.754998E-2);
#6001=CARTESIAN_POINT('',(6.65099758E-1,-1.79E-1,-1.91700007E-1));
#6002=LINE('',#6001,#6000);
#6003=DIRECTION('',(0.E0,1.E0,0.E0));
#6004=VECTOR('',#6003,5.E-3);
#6005=CARTESIAN_POINT('',(3.552762327263E-1,-1.84E-1,-1.977249895E-1));
#6006=LINE('',#6005,#6004);
#6007=DIRECTION('',(0.E0,1.E0,0.E0));
#6008=VECTOR('',#6007,5.E-3);
#6009=CARTESIAN_POINT('',(3.444228909733E-1,-1.84E-1,-2.21000056E-1));
#6010=LINE('',#6009,#6008);
#6011=DIRECTION('',(0.E0,1.E0,0.E0));
#6012=VECTOR('',#6011,5.E-3);
#6013=CARTESIAN_POINT('',(3.663288528860E-1,-1.84E-1,-2.21000056E-1));
#6014=LINE('',#6013,#6012);
#6015=DIRECTION('',(0.E0,1.E0,0.E0));
#6016=VECTOR('',#6015,5.E-3);
#6017=CARTESIAN_POINT('',(6.08200093E-1,-1.84E-1,-1.69E-1));
#6018=LINE('',#6017,#6016);
#6019=DIRECTION('',(0.E0,1.E0,0.E0));
#6020=VECTOR('',#6019,5.E-3);
#6021=CARTESIAN_POINT('',(6.08200093E-1,-1.84E-1,-2.5E-1));
#6022=LINE('',#6021,#6020);
#6023=DIRECTION('',(0.E0,1.E0,0.E0));
#6024=VECTOR('',#6023,5.E-3);
#6025=CARTESIAN_POINT('',(5.63650093E-1,-1.84E-1,-2.5E-1));
#6026=LINE('',#6025,#6024);
#6027=DIRECTION('',(0.E0,1.E0,0.E0));
#6028=VECTOR('',#6027,5.E-3);
#6029=CARTESIAN_POINT('',(5.63650093E-1,-1.84E-1,-1.977249895E-1));
#6030=LINE('',#6029,#6028);
#6031=DIRECTION('',(0.E0,1.E0,0.E0));
#6032=VECTOR('',#6031,5.E-3);
#6033=CARTESIAN_POINT('',(5.41550134E-1,-1.84E-1,-2.5E-1));
#6034=LINE('',#6033,#6032);
#6035=DIRECTION('',(0.E0,1.E0,0.E0));
#6036=VECTOR('',#6035,5.E-3);
#6037=CARTESIAN_POINT('',(5.0020012E-1,-1.84E-1,-2.5E-1));
#6038=LINE('',#6037,#6036);
#6039=DIRECTION('',(0.E0,1.E0,0.E0));
#6040=VECTOR('',#6039,5.E-3);
#6041=CARTESIAN_POINT('',(4.7810008E-1,-1.84E-1,-1.977249895E-1));
#6042=LINE('',#6041,#6040);
#6043=DIRECTION('',(0.E0,1.E0,0.E0));
#6044=VECTOR('',#6043,5.E-3);
#6045=CARTESIAN_POINT('',(4.7810008E-1,-1.84E-1,-2.5E-1));
#6046=LINE('',#6045,#6044);
#6047=DIRECTION('',(0.E0,1.E0,0.E0));
#6048=VECTOR('',#6047,5.E-3);
#6049=CARTESIAN_POINT('',(4.3355008E-1,-1.84E-1,-2.5E-1));
#6050=LINE('',#6049,#6048);
#6051=DIRECTION('',(0.E0,1.E0,0.E0));
#6052=VECTOR('',#6051,5.E-3);
#6053=CARTESIAN_POINT('',(4.3355008E-1,-1.84E-1,-1.69E-1));
#6054=LINE('',#6053,#6052);
#6055=DIRECTION('',(0.E0,1.E0,0.E0));
#6056=VECTOR('',#6055,5.E-3);
#6057=CARTESIAN_POINT('',(5.03950096E-1,-1.84E-1,-1.69E-1));
#6058=LINE('',#6057,#6056);
#6059=DIRECTION('',(0.E0,1.E0,0.E0));
#6060=VECTOR('',#6059,5.E-3);
#6061=CARTESIAN_POINT('',(5.208750865E-1,-1.84E-1,-2.108908214807E-1));
#6062=LINE('',#6061,#6060);
#6063=DIRECTION('',(0.E0,1.E0,0.E0));
#6064=VECTOR('',#6063,5.E-3);
#6065=CARTESIAN_POINT('',(5.37800077E-1,-1.84E-1,-1.69E-1));
#6066=LINE('',#6065,#6064);
#6067=DIRECTION('',(0.E0,1.E0,0.E0));
#6068=VECTOR('',#6067,5.E-3);
#6069=CARTESIAN_POINT('',(6.20349769E-1,-1.84E-1,-2.5E-1));
#6070=LINE('',#6069,#6068);
#6071=DIRECTION('',(0.E0,1.E0,0.E0));
#6072=VECTOR('',#6071,5.E-3);
#6073=CARTESIAN_POINT('',(6.20349769E-1,-1.84E-1,-1.69E-1));
#6074=LINE('',#6073,#6072);
#6075=DIRECTION('',(0.E0,1.E0,0.E0));
#6076=VECTOR('',#6075,5.E-3);
#6077=CARTESIAN_POINT('',(7.02649738E-1,-1.84E-1,-1.69E-1));
#6078=LINE('',#6077,#6076);
#6079=DIRECTION('',(0.E0,1.E0,0.E0));
#6080=VECTOR('',#6079,5.E-3);
#6081=CARTESIAN_POINT('',(7.5654973E-1,-1.84E-1,-1.977249895E-1));
#6082=LINE('',#6081,#6080);
#6083=DIRECTION('',(0.E0,1.E0,0.E0));
#6084=VECTOR('',#6083,5.E-3);
#6085=CARTESIAN_POINT('',(7.02649738E-1,-1.84E-1,-2.26350025E-1));
#6086=LINE('',#6085,#6084);
#6087=DIRECTION('',(0.E0,1.E0,0.E0));
#6088=VECTOR('',#6087,5.E-3);
#6089=CARTESIAN_POINT('',(6.65099758E-1,-1.84E-1,-2.26350025E-1));
#6090=LINE('',#6089,#6088);
#6091=DIRECTION('',(0.E0,1.E0,0.E0));
#6092=VECTOR('',#6091,5.E-3);
#6093=CARTESIAN_POINT('',(6.65099758E-1,-1.84E-1,-2.5E-1));
#6094=LINE('',#6093,#6092);
#6095=DIRECTION('',(0.E0,1.E0,0.E0));
#6096=VECTOR('',#6095,5.E-3);
#6097=CARTESIAN_POINT('',(6.65099758E-1,-1.84E-1,-2.03749972E-1));
#6098=LINE('',#6097,#6096);
#6099=DIRECTION('',(0.E0,1.E0,0.E0));
#6100=VECTOR('',#6099,5.E-3);
#6101=CARTESIAN_POINT('',(7.02649738E-1,-1.84E-1,-2.03749972E-1));
#6102=LINE('',#6101,#6100);
#6103=DIRECTION('',(0.E0,1.E0,0.E0));
#6104=VECTOR('',#6103,5.E-3);
#6105=CARTESIAN_POINT('',(7.02649738E-1,-1.84E-1,-1.91700007E-1));
#6106=LINE('',#6105,#6104);
#6107=DIRECTION('',(0.E0,1.E0,0.E0));
#6108=VECTOR('',#6107,5.E-3);
#6109=CARTESIAN_POINT('',(6.65099758E-1,-1.84E-1,-1.91700007E-1));
#6110=LINE('',#6109,#6108);
#6111=CARTESIAN_POINT('',(8.32E-1,1.08E-1,-1.3E-1));
#6112=CARTESIAN_POINT('',(7.68E-1,1.08E-1,-1.3E-1));
#6113=VERTEX_POINT('',#6111);
#6114=VERTEX_POINT('',#6112);
#6115=CARTESIAN_POINT('',(-8.32E-1,1.4E-1,-1.3E-1));
#6116=CARTESIAN_POINT('',(-8.32E-1,7.6E-2,-1.3E-1));
#6117=VERTEX_POINT('',#6115);
#6118=VERTEX_POINT('',#6116);
#6119=CARTESIAN_POINT('',(-7.68E-1,7.6E-2,-1.3E-1));
#6120=VERTEX_POINT('',#6119);
#6121=CARTESIAN_POINT('',(-7.68E-1,1.4E-1,-1.3E-1));
#6122=VERTEX_POINT('',#6121);
#6123=CARTESIAN_POINT('',(8.32E-1,1.08E-1,0.E0));
#6124=CARTESIAN_POINT('',(7.68E-1,1.08E-1,0.E0));
#6125=VERTEX_POINT('',#6123);
#6126=VERTEX_POINT('',#6124);
#6127=CARTESIAN_POINT('',(7.700427387767E-1,9.675E-2,0.E0));
#6128=VERTEX_POINT('',#6127);
#6129=CARTESIAN_POINT('',(-8.32E-1,1.4E-1,0.E0));
#6130=CARTESIAN_POINT('',(-8.32E-1,9.675E-2,0.E0));
#6131=VERTEX_POINT('',#6129);
#6132=VERTEX_POINT('',#6130);
#6133=CARTESIAN_POINT('',(-7.68E-1,9.675E-2,0.E0));
#6134=CARTESIAN_POINT('',(-7.68E-1,1.4E-1,0.E0));
#6135=VERTEX_POINT('',#6133);
#6136=VERTEX_POINT('',#6134);
#6137=CARTESIAN_POINT('',(-8.32E-1,7.6E-2,-3.702242495815E-3));
#6138=VERTEX_POINT('',#6137);
#6139=CARTESIAN_POINT('',(-7.68E-1,7.6E-2,-3.702242495815E-3));
#6140=VERTEX_POINT('',#6139);
#6141=CARTESIAN_POINT('',(8.E-1,3.675E-2,-2.95E-1));
#6142=CARTESIAN_POINT('',(-8.E-1,3.675E-2,-2.95E-1));
#6143=VERTEX_POINT('',#6141);
#6144=VERTEX_POINT('',#6142);
#6145=CARTESIAN_POINT('',(8.E-1,-3.675E-2,-2.95E-1));
#6146=CARTESIAN_POINT('',(-8.E-1,-3.675E-2,-2.95E-1));
#6147=VERTEX_POINT('',#6145);
#6148=VERTEX_POINT('',#6146);
#6149=CARTESIAN_POINT('',(7.5E-1,1.09E-1,-6.1E-1));
#6150=CARTESIAN_POINT('',(7.5E-1,1.59E-1,-6.1E-1));
#6151=VERTEX_POINT('',#6149);
#6152=VERTEX_POINT('',#6150);
#6153=CARTESIAN_POINT('',(7.5E-1,-1.59E-1,-6.1E-1));
#6154=CARTESIAN_POINT('',(7.5E-1,-1.09E-1,-6.1E-1));
#6155=VERTEX_POINT('',#6153);
#6156=VERTEX_POINT('',#6154);
#6157=CARTESIAN_POINT('',(8.25E-1,1.09E-1,-6.1E-1));
#6158=VERTEX_POINT('',#6157);
#6159=CARTESIAN_POINT('',(8.25E-1,-1.09E-1,-6.1E-1));
#6160=VERTEX_POINT('',#6159);
#6161=CARTESIAN_POINT('',(7.5E-1,1.59E-1,-5.5E-1));
#6162=VERTEX_POINT('',#6161);
#6163=CARTESIAN_POINT('',(7.5E-1,-1.59E-1,-5.5E-1));
#6164=VERTEX_POINT('',#6163);
#6165=CARTESIAN_POINT('',(-7.5E-1,1.59E-1,-6.1E-1));
#6166=CARTESIAN_POINT('',(-7.5E-1,1.09E-1,-6.1E-1));
#6167=VERTEX_POINT('',#6165);
#6168=VERTEX_POINT('',#6166);
#6169=CARTESIAN_POINT('',(-7.5E-1,-1.09E-1,-6.1E-1));
#6170=CARTESIAN_POINT('',(-7.5E-1,-1.59E-1,-6.1E-1));
#6171=VERTEX_POINT('',#6169);
#6172=VERTEX_POINT('',#6170);
#6173=CARTESIAN_POINT('',(-8.25E-1,1.09E-1,-6.1E-1));
#6174=VERTEX_POINT('',#6173);
#6175=CARTESIAN_POINT('',(-8.25E-1,-1.09E-1,-6.1E-1));
#6176=VERTEX_POINT('',#6175);
#6177=CARTESIAN_POINT('',(-7.5E-1,-1.59E-1,-5.5E-1));
#6178=VERTEX_POINT('',#6177);
#6179=CARTESIAN_POINT('',(-7.5E-1,1.59E-1,-5.5E-1));
#6180=VERTEX_POINT('',#6179);
#6181=CARTESIAN_POINT('',(-6.875E-1,-1.375E-1,-6.345E-1));
#6182=CARTESIAN_POINT('',(-6.875E-1,-2.74E-1,-6.345E-1));
#6183=VERTEX_POINT('',#6181);
#6184=VERTEX_POINT('',#6182);
#6185=CARTESIAN_POINT('',(-6.875E-1,-2.74E-1,-6.095E-1));
#6186=VERTEX_POINT('',#6185);
#6187=CARTESIAN_POINT('',(-6.875E-1,-1.375E-1,-6.095E-1));
#6188=VERTEX_POINT('',#6187);
#6189=CARTESIAN_POINT('',(-6.875E-1,6.25E-2,-7.845E-1));
#6190=CARTESIAN_POINT('',(-6.875E-1,-2.74E-1,-7.845E-1));
#6191=VERTEX_POINT('',#6189);
#6192=VERTEX_POINT('',#6190);
#6193=CARTESIAN_POINT('',(-6.875E-1,-2.74E-1,-7.595E-1));
#6194=VERTEX_POINT('',#6193);
#6195=CARTESIAN_POINT('',(-6.875E-1,6.25E-2,-7.595E-1));
#6196=VERTEX_POINT('',#6195);
#6197=CARTESIAN_POINT('',(-7.125E-1,-1.375E-1,-6.345E-1));
#6198=CARTESIAN_POINT('',(-7.125E-1,-2.74E-1,-6.345E-1));
#6199=VERTEX_POINT('',#6197);
#6200=VERTEX_POINT('',#6198);
#6201=CARTESIAN_POINT('',(-7.125E-1,-2.74E-1,-6.095E-1));
#6202=VERTEX_POINT('',#6201);
#6203=CARTESIAN_POINT('',(-7.125E-1,-1.375E-1,-6.095E-1));
#6204=VERTEX_POINT('',#6203);
#6205=CARTESIAN_POINT('',(-7.125E-1,6.25E-2,-7.845E-1));
#6206=CARTESIAN_POINT('',(-7.125E-1,-2.74E-1,-7.845E-1));
#6207=VERTEX_POINT('',#6205);
#6208=VERTEX_POINT('',#6206);
#6209=CARTESIAN_POINT('',(-7.125E-1,-2.74E-1,-7.595E-1));
#6210=VERTEX_POINT('',#6209);
#6211=CARTESIAN_POINT('',(-7.125E-1,6.25E-2,-7.595E-1));
#6212=VERTEX_POINT('',#6211);
#6213=CARTESIAN_POINT('',(-6.875E-1,-1.125E-1,-5.5E-1));
#6214=CARTESIAN_POINT('',(-6.875E-1,-8.75E-2,-5.5E-1));
#6215=VERTEX_POINT('',#6213);
#6216=VERTEX_POINT('',#6214);
#6217=CARTESIAN_POINT('',(-6.875E-1,8.75E-2,-5.5E-1));
#6218=CARTESIAN_POINT('',(-6.875E-1,1.125E-1,-5.5E-1));
#6219=VERTEX_POINT('',#6217);
#6220=VERTEX_POINT('',#6218);
#6221=CARTESIAN_POINT('',(-7.125E-1,-1.125E-1,-5.5E-1));
#6222=CARTESIAN_POINT('',(-7.125E-1,-8.75E-2,-5.5E-1));
#6223=VERTEX_POINT('',#6221);
#6224=VERTEX_POINT('',#6222);
#6225=CARTESIAN_POINT('',(-7.125E-1,8.75E-2,-5.5E-1));
#6226=CARTESIAN_POINT('',(-7.125E-1,1.125E-1,-5.5E-1));
#6227=VERTEX_POINT('',#6225);
#6228=VERTEX_POINT('',#6226);
#6229=CARTESIAN_POINT('',(-6.875E-1,-8.75E-2,-5.845E-1));
#6230=VERTEX_POINT('',#6229);
#6231=CARTESIAN_POINT('',(-6.875E-1,-1.125E-1,-5.845E-1));
#6232=VERTEX_POINT('',#6231);
#6233=CARTESIAN_POINT('',(-6.875E-1,1.125E-1,-7.345E-1));
#6234=VERTEX_POINT('',#6233);
#6235=CARTESIAN_POINT('',(-6.875E-1,8.75E-2,-7.345E-1));
#6236=VERTEX_POINT('',#6235);
#6237=CARTESIAN_POINT('',(-7.125E-1,-8.75E-2,-5.845E-1));
#6238=VERTEX_POINT('',#6237);
#6239=CARTESIAN_POINT('',(-7.125E-1,-1.125E-1,-5.845E-1));
#6240=VERTEX_POINT('',#6239);
#6241=CARTESIAN_POINT('',(-7.125E-1,1.125E-1,-7.345E-1));
#6242=VERTEX_POINT('',#6241);
#6243=CARTESIAN_POINT('',(-7.125E-1,8.75E-2,-7.345E-1));
#6244=VERTEX_POINT('',#6243);
#6245=CARTESIAN_POINT('',(-7.3E-1,-4.5E-2,-5.55E-1));
#6246=CARTESIAN_POINT('',(-7.3E-1,-8.5E-2,-5.55E-1));
#6247=VERTEX_POINT('',#6245);
#6248=VERTEX_POINT('',#6246);
#6249=CARTESIAN_POINT('',(-7.35E-1,-8.5E-2,-5.55E-1));
#6250=VERTEX_POINT('',#6249);
#6251=CARTESIAN_POINT('',(-7.4E-1,-7.904255390167E-2,-5.55E-1));
#6252=VERTEX_POINT('',#6251);
#6253=CARTESIAN_POINT('',(-7.4E-1,-7.223404169083E-2,-5.55E-1));
#6254=VERTEX_POINT('',#6253);
#6255=CARTESIAN_POINT('',(-7.35E-1,-7.819149017334E-2,-5.55E-1));
#6256=VERTEX_POINT('',#6255);
#6257=CARTESIAN_POINT('',(-7.35E-1,-4.5E-2,-5.55E-1));
#6258=VERTEX_POINT('',#6257);
#6259=CARTESIAN_POINT('',(-7.3E-1,-4.5E-2,-5.5E-1));
#6260=CARTESIAN_POINT('',(-7.3E-1,-8.5E-2,-5.5E-1));
#6261=VERTEX_POINT('',#6259);
#6262=VERTEX_POINT('',#6260);
#6263=CARTESIAN_POINT('',(-7.35E-1,-8.5E-2,-5.5E-1));
#6264=VERTEX_POINT('',#6263);
#6265=CARTESIAN_POINT('',(-7.4E-1,-7.904255390167E-2,-5.5E-1));
#6266=VERTEX_POINT('',#6265);
#6267=CARTESIAN_POINT('',(-7.4E-1,-7.223404169083E-2,-5.5E-1));
#6268=VERTEX_POINT('',#6267);
#6269=CARTESIAN_POINT('',(-7.35E-1,-7.819149017334E-2,-5.5E-1));
#6270=VERTEX_POINT('',#6269);
#6271=CARTESIAN_POINT('',(-7.35E-1,-4.5E-2,-5.5E-1));
#6272=VERTEX_POINT('',#6271);
#6273=CARTESIAN_POINT('',(-7.26E-1,3.675E-2,-7.905381472151E-2));
#6274=CARTESIAN_POINT('',(-7.26E-1,3.675E-2,-2.009461852785E-1));
#6275=VERTEX_POINT('',#6273);
#6276=VERTEX_POINT('',#6274);
#6277=CARTESIAN_POINT('',(-6.74E-1,3.675E-2,-7.905381472151E-2));
#6278=CARTESIAN_POINT('',(-6.74E-1,3.675E-2,-2.009461852785E-1));
#6279=VERTEX_POINT('',#6277);
#6280=VERTEX_POINT('',#6278);
#6281=CARTESIAN_POINT('',(-7.26E-1,-3.675E-2,-2.009461852785E-1));
#6282=CARTESIAN_POINT('',(-7.26E-1,-3.675E-2,-7.905381472151E-2));
#6283=VERTEX_POINT('',#6281);
#6284=VERTEX_POINT('',#6282);
#6285=CARTESIAN_POINT('',(-6.74E-1,-3.675E-2,-2.009461852785E-1));
#6286=CARTESIAN_POINT('',(-6.74E-1,-3.675E-2,-7.905381472151E-2));
#6287=VERTEX_POINT('',#6285);
#6288=VERTEX_POINT('',#6286);
#6289=CARTESIAN_POINT('',(-7.26E-1,3.675E-2,-1.800210881911E-1));
#6290=VERTEX_POINT('',#6289);
#6291=CARTESIAN_POINT('',(-6.74E-1,3.675E-2,-1.800210881911E-1));
#6292=VERTEX_POINT('',#6291);
#6293=CARTESIAN_POINT('',(-7.26E-1,-3.675E-2,-1.800210881911E-1));
#6294=VERTEX_POINT('',#6293);
#6295=CARTESIAN_POINT('',(-6.74E-1,-3.675E-2,-1.800210881911E-1));
#6296=VERTEX_POINT('',#6295);
#6297=CARTESIAN_POINT('',(8.299572612233E-1,9.675E-2,0.E0));
#6298=VERTEX_POINT('',#6297);
#6299=CARTESIAN_POINT('',(-7.26E-1,3.675E-2,-9.997891180890E-2));
#6300=VERTEX_POINT('',#6299);
#6301=CARTESIAN_POINT('',(-6.74E-1,3.675E-2,-9.997891180890E-2));
#6302=VERTEX_POINT('',#6301);
#6303=CARTESIAN_POINT('',(-7.26E-1,-3.675E-2,-9.997891180890E-2));
#6304=VERTEX_POINT('',#6303);
#6305=CARTESIAN_POINT('',(-6.74E-1,-3.675E-2,-9.997891180890E-2));
#6306=VERTEX_POINT('',#6305);
#6307=CARTESIAN_POINT('',(2.8E-1,-1.79E-1,-2.5E-1));
#6308=CARTESIAN_POINT('',(3.30899995E-1,-1.79E-1,-2.5E-1));
#6309=VERTEX_POINT('',#6307);
#6310=VERTEX_POINT('',#6308);
#6311=CARTESIAN_POINT('',(3.349102469221E-1,-1.79E-1,-2.41399987E-1));
#6312=VERTEX_POINT('',#6311);
#6313=CARTESIAN_POINT('',(3.760161587689E-1,-1.79E-1,-2.41399987E-1));
#6314=VERTEX_POINT('',#6313);
#6315=CARTESIAN_POINT('',(3.80100043E-1,-1.79E-1,-2.5E-1));
#6316=VERTEX_POINT('',#6315);
#6317=CARTESIAN_POINT('',(4.31000038E-1,-1.79E-1,-2.5E-1));
#6318=VERTEX_POINT('',#6317);
#6319=CARTESIAN_POINT('',(3.861010048323E-1,-1.79E-1,-1.69E-1));
#6320=VERTEX_POINT('',#6319);
#6321=CARTESIAN_POINT('',(3.248990331677E-1,-1.79E-1,-1.69E-1));
#6322=VERTEX_POINT('',#6321);
#6323=CARTESIAN_POINT('',(3.552762327263E-1,-1.79E-1,-1.977249895E-1));
#6324=CARTESIAN_POINT('',(3.663288528860E-1,-1.79E-1,-2.21000056E-1));
#6325=VERTEX_POINT('',#6323);
#6326=VERTEX_POINT('',#6324);
#6327=CARTESIAN_POINT('',(3.444228909733E-1,-1.79E-1,-2.21000056E-1));
#6328=VERTEX_POINT('',#6327);
#6329=CARTESIAN_POINT('',(6.08200093E-1,-1.79E-1,-1.69E-1));
#6330=CARTESIAN_POINT('',(5.37800077E-1,-1.79E-1,-1.69E-1));
#6331=VERTEX_POINT('',#6329);
#6332=VERTEX_POINT('',#6330);
#6333=CARTESIAN_POINT('',(5.208750865E-1,-1.79E-1,-2.108908214807E-1));
#6334=VERTEX_POINT('',#6333);
#6335=CARTESIAN_POINT('',(5.03950096E-1,-1.79E-1,-1.69E-1));
#6336=VERTEX_POINT('',#6335);
#6337=CARTESIAN_POINT('',(4.3355008E-1,-1.79E-1,-1.69E-1));
#6338=VERTEX_POINT('',#6337);
#6339=CARTESIAN_POINT('',(4.3355008E-1,-1.79E-1,-2.5E-1));
#6340=VERTEX_POINT('',#6339);
#6341=CARTESIAN_POINT('',(4.7810008E-1,-1.79E-1,-2.5E-1));
#6342=VERTEX_POINT('',#6341);
#6343=CARTESIAN_POINT('',(4.7810008E-1,-1.79E-1,-1.977249895E-1));
#6344=VERTEX_POINT('',#6343);
#6345=CARTESIAN_POINT('',(5.0020012E-1,-1.79E-1,-2.5E-1));
#6346=VERTEX_POINT('',#6345);
#6347=CARTESIAN_POINT('',(5.41550134E-1,-1.79E-1,-2.5E-1));
#6348=VERTEX_POINT('',#6347);
#6349=CARTESIAN_POINT('',(5.63650093E-1,-1.79E-1,-1.977249895E-1));
#6350=VERTEX_POINT('',#6349);
#6351=CARTESIAN_POINT('',(5.63650093E-1,-1.79E-1,-2.5E-1));
#6352=VERTEX_POINT('',#6351);
#6353=CARTESIAN_POINT('',(6.08200093E-1,-1.79E-1,-2.5E-1));
#6354=VERTEX_POINT('',#6353);
#6355=CARTESIAN_POINT('',(6.20349769E-1,-1.79E-1,-2.5E-1));
#6356=CARTESIAN_POINT('',(6.65099758E-1,-1.79E-1,-2.5E-1));
#6357=VERTEX_POINT('',#6355);
#6358=VERTEX_POINT('',#6356);
#6359=CARTESIAN_POINT('',(6.65099758E-1,-1.79E-1,-2.26350025E-1));
#6360=VERTEX_POINT('',#6359);
#6361=CARTESIAN_POINT('',(7.02649738E-1,-1.79E-1,-2.26350025E-1));
#6362=VERTEX_POINT('',#6361);
#6363=VERTEX_POINT('',#5976);
#6364=VERTEX_POINT('',#5965);
#6365=CARTESIAN_POINT('',(6.20349769E-1,-1.79E-1,-1.69E-1));
#6366=VERTEX_POINT('',#6365);
#6367=CARTESIAN_POINT('',(6.65099758E-1,-1.79E-1,-2.03749972E-1));
#6368=CARTESIAN_POINT('',(6.65099758E-1,-1.79E-1,-1.91700007E-1));
#6369=VERTEX_POINT('',#6367);
#6370=VERTEX_POINT('',#6368);
#6371=CARTESIAN_POINT('',(7.02649738E-1,-1.79E-1,-1.91700007E-1));
#6372=VERTEX_POINT('',#6371);
#6373=CARTESIAN_POINT('',(7.02649738E-1,-1.79E-1,-2.03749972E-1));
#6374=VERTEX_POINT('',#6373);
#6375=CARTESIAN_POINT('',(2.8E-1,-1.84E-1,-2.5E-1));
#6376=CARTESIAN_POINT('',(3.30899995E-1,-1.84E-1,-2.5E-1));
#6377=VERTEX_POINT('',#6375);
#6378=VERTEX_POINT('',#6376);
#6379=CARTESIAN_POINT('',(3.349102469221E-1,-1.84E-1,-2.41399987E-1));
#6380=VERTEX_POINT('',#6379);
#6381=CARTESIAN_POINT('',(3.760161587689E-1,-1.84E-1,-2.41399987E-1));
#6382=VERTEX_POINT('',#6381);
#6383=CARTESIAN_POINT('',(3.80100043E-1,-1.84E-1,-2.5E-1));
#6384=VERTEX_POINT('',#6383);
#6385=CARTESIAN_POINT('',(4.31000038E-1,-1.84E-1,-2.5E-1));
#6386=VERTEX_POINT('',#6385);
#6387=CARTESIAN_POINT('',(3.861010048323E-1,-1.84E-1,-1.69E-1));
#6388=VERTEX_POINT('',#6387);
#6389=CARTESIAN_POINT('',(3.248990331677E-1,-1.84E-1,-1.69E-1));
#6390=VERTEX_POINT('',#6389);
#6391=CARTESIAN_POINT('',(3.552762327263E-1,-1.84E-1,-1.977249895E-1));
#6392=CARTESIAN_POINT('',(3.663288528860E-1,-1.84E-1,-2.21000056E-1));
#6393=VERTEX_POINT('',#6391);
#6394=VERTEX_POINT('',#6392);
#6395=CARTESIAN_POINT('',(3.444228909733E-1,-1.84E-1,-2.21000056E-1));
#6396=VERTEX_POINT('',#6395);
#6397=CARTESIAN_POINT('',(5.03950096E-1,-1.84E-1,-1.69E-1));
#6398=CARTESIAN_POINT('',(4.3355008E-1,-1.84E-1,-1.69E-1));
#6399=VERTEX_POINT('',#6397);
#6400=VERTEX_POINT('',#6398);
#6401=CARTESIAN_POINT('',(4.3355008E-1,-1.84E-1,-2.5E-1));
#6402=VERTEX_POINT('',#6401);
#6403=CARTESIAN_POINT('',(4.7810008E-1,-1.84E-1,-2.5E-1));
#6404=VERTEX_POINT('',#6403);
#6405=CARTESIAN_POINT('',(4.7810008E-1,-1.84E-1,-1.977249895E-1));
#6406=VERTEX_POINT('',#6405);
#6407=CARTESIAN_POINT('',(5.0020012E-1,-1.84E-1,-2.5E-1));
#6408=VERTEX_POINT('',#6407);
#6409=CARTESIAN_POINT('',(6.08200093E-1,-1.84E-1,-1.69E-1));
#6410=CARTESIAN_POINT('',(5.37800077E-1,-1.84E-1,-1.69E-1));
#6411=VERTEX_POINT('',#6409);
#6412=VERTEX_POINT('',#6410);
#6413=CARTESIAN_POINT('',(5.208750865E-1,-1.84E-1,-2.108908214807E-1));
#6414=VERTEX_POINT('',#6413);
#6415=CARTESIAN_POINT('',(5.41550134E-1,-1.84E-1,-2.5E-1));
#6416=VERTEX_POINT('',#6415);
#6417=CARTESIAN_POINT('',(5.63650093E-1,-1.84E-1,-1.977249895E-1));
#6418=VERTEX_POINT('',#6417);
#6419=CARTESIAN_POINT('',(5.63650093E-1,-1.84E-1,-2.5E-1));
#6420=VERTEX_POINT('',#6419);
#6421=CARTESIAN_POINT('',(6.08200093E-1,-1.84E-1,-2.5E-1));
#6422=VERTEX_POINT('',#6421);
#6423=CARTESIAN_POINT('',(6.20349769E-1,-1.84E-1,-2.5E-1));
#6424=CARTESIAN_POINT('',(6.65099758E-1,-1.84E-1,-2.5E-1));
#6425=VERTEX_POINT('',#6423);
#6426=VERTEX_POINT('',#6424);
#6427=CARTESIAN_POINT('',(6.65099758E-1,-1.84E-1,-2.26350025E-1));
#6428=VERTEX_POINT('',#6427);
#6429=CARTESIAN_POINT('',(7.02649738E-1,-1.84E-1,-2.26350025E-1));
#6430=VERTEX_POINT('',#6429);
#6431=VERTEX_POINT('',#5773);
#6432=VERTEX_POINT('',#5782);
#6433=CARTESIAN_POINT('',(6.20349769E-1,-1.84E-1,-1.69E-1));
#6434=VERTEX_POINT('',#6433);
#6435=CARTESIAN_POINT('',(6.65099758E-1,-1.84E-1,-2.03749972E-1));
#6436=CARTESIAN_POINT('',(6.65099758E-1,-1.84E-1,-1.91700007E-1));
#6437=VERTEX_POINT('',#6435);
#6438=VERTEX_POINT('',#6436);
#6439=CARTESIAN_POINT('',(7.02649738E-1,-1.84E-1,-1.91700007E-1));
#6440=VERTEX_POINT('',#6439);
#6441=CARTESIAN_POINT('',(7.02649738E-1,-1.84E-1,-2.03749972E-1));
#6442=VERTEX_POINT('',#6441);
#6443=CARTESIAN_POINT('',(8.25E-1,6.965659748879E-2,-5.5E-1));
#6444=CARTESIAN_POINT('',(7.5E-1,6.965659748879E-2,-5.5E-1));
#6445=VERTEX_POINT('',#6443);
#6446=VERTEX_POINT('',#6444);
#6447=CARTESIAN_POINT('',(8.25E-1,9.314891300843E-2,-5.664494964169E-1));
#6448=CARTESIAN_POINT('',(7.5E-1,9.314891300843E-2,-5.664494964169E-1));
#6449=VERTEX_POINT('',#6447);
#6450=VERTEX_POINT('',#6448);
#6451=CARTESIAN_POINT('',(-7.5E-1,6.965659748879E-2,-5.5E-1));
#6452=CARTESIAN_POINT('',(-8.25E-1,6.965659748879E-2,-5.5E-1));
#6453=VERTEX_POINT('',#6451);
#6454=VERTEX_POINT('',#6452);
#6455=CARTESIAN_POINT('',(-7.5E-1,9.314891300843E-2,-5.664494964169E-1));
#6456=CARTESIAN_POINT('',(-8.25E-1,9.314891300843E-2,-5.664494964169E-1));
#6457=VERTEX_POINT('',#6455);
#6458=VERTEX_POINT('',#6456);
#6459=CARTESIAN_POINT('',(-8.25E-1,-6.965659748879E-2,-5.5E-1));
#6460=CARTESIAN_POINT('',(-7.5E-1,-6.965659748879E-2,-5.5E-1));
#6461=VERTEX_POINT('',#6459);
#6462=VERTEX_POINT('',#6460);
#6463=CARTESIAN_POINT('',(-8.25E-1,-9.314891300843E-2,-5.664494964169E-1));
#6464=CARTESIAN_POINT('',(-7.5E-1,-9.314891300843E-2,-5.664494964169E-1));
#6465=VERTEX_POINT('',#6463);
#6466=VERTEX_POINT('',#6464);
#6467=CARTESIAN_POINT('',(8.25E-1,-6.965659748879E-2,-5.5E-1));
#6468=VERTEX_POINT('',#6467);
#6469=CARTESIAN_POINT('',(7.5E-1,-6.965659748879E-2,-5.5E-1));
#6470=CARTESIAN_POINT('',(7.5E-1,-9.314891300843E-2,-5.664494964169E-1));
#6471=VERTEX_POINT('',#6469);
#6472=VERTEX_POINT('',#6470);
#6473=CARTESIAN_POINT('',(8.25E-1,-9.314891300843E-2,-5.664494964169E-1));
#6474=VERTEX_POINT('',#6473);
#6475=CARTESIAN_POINT('',(8.8E-1,1.54E-1,0.E0));
#6476=CARTESIAN_POINT('',(8.5E-1,1.84E-1,0.E0));
#6477=VERTEX_POINT('',#6475);
#6478=VERTEX_POINT('',#6476);
#6479=CARTESIAN_POINT('',(8.5E-1,1.84E-1,-3.5E-1));
#6480=VERTEX_POINT('',#6479);
#6481=CARTESIAN_POINT('',(8.8E-1,1.54E-1,-3.5E-1));
#6482=VERTEX_POINT('',#6481);
#6483=CARTESIAN_POINT('',(8.5E-1,-1.84E-1,0.E0));
#6484=CARTESIAN_POINT('',(8.8E-1,-1.54E-1,0.E0));
#6485=VERTEX_POINT('',#6483);
#6486=VERTEX_POINT('',#6484);
#6487=CARTESIAN_POINT('',(8.8E-1,-1.54E-1,-3.5E-1));
#6488=VERTEX_POINT('',#6487);
#6489=CARTESIAN_POINT('',(8.5E-1,-1.84E-1,-3.5E-1));
#6490=VERTEX_POINT('',#6489);
#6491=CARTESIAN_POINT('',(7.95E-1,1.59E-1,-6.1E-1));
#6492=CARTESIAN_POINT('',(8.25E-1,1.29E-1,-6.1E-1));
#6493=VERTEX_POINT('',#6491);
#6494=VERTEX_POINT('',#6492);
#6495=CARTESIAN_POINT('',(8.25E-1,1.29E-1,-4.3E-1));
#6496=VERTEX_POINT('',#6495);
#6497=CARTESIAN_POINT('',(8.25E-1,-1.29E-1,-6.1E-1));
#6498=CARTESIAN_POINT('',(8.25E-1,-1.29E-1,-4.3E-1));
#6499=VERTEX_POINT('',#6497);
#6500=VERTEX_POINT('',#6498);
#6501=CARTESIAN_POINT('',(7.95E-1,-1.59E-1,-6.1E-1));
#6502=VERTEX_POINT('',#6501);
#6503=CARTESIAN_POINT('',(-8.25E-1,1.29E-1,-6.1E-1));
#6504=CARTESIAN_POINT('',(-8.25E-1,1.29E-1,-4.3E-1));
#6505=VERTEX_POINT('',#6503);
#6506=VERTEX_POINT('',#6504);
#6507=CARTESIAN_POINT('',(-7.95E-1,1.59E-1,-6.1E-1));
#6508=VERTEX_POINT('',#6507);
#6509=CARTESIAN_POINT('',(-7.95E-1,-1.59E-1,-6.1E-1));
#6510=CARTESIAN_POINT('',(-8.25E-1,-1.29E-1,-6.1E-1));
#6511=VERTEX_POINT('',#6509);
#6512=VERTEX_POINT('',#6510);
#6513=CARTESIAN_POINT('',(-8.25E-1,-1.29E-1,-4.3E-1));
#6514=VERTEX_POINT('',#6513);
#6515=CARTESIAN_POINT('',(-8.5E-1,1.84E-1,0.E0));
#6516=CARTESIAN_POINT('',(-8.8E-1,1.54E-1,0.E0));
#6517=VERTEX_POINT('',#6515);
#6518=VERTEX_POINT('',#6516);
#6519=CARTESIAN_POINT('',(-8.8E-1,1.54E-1,-3.5E-1));
#6520=VERTEX_POINT('',#6519);
#6521=CARTESIAN_POINT('',(-8.5E-1,1.84E-1,-3.5E-1));
#6522=VERTEX_POINT('',#6521);
#6523=CARTESIAN_POINT('',(-8.8E-1,-1.54E-1,0.E0));
#6524=CARTESIAN_POINT('',(-8.5E-1,-1.84E-1,0.E0));
#6525=VERTEX_POINT('',#6523);
#6526=VERTEX_POINT('',#6524);
#6527=CARTESIAN_POINT('',(-8.5E-1,-1.84E-1,-3.5E-1));
#6528=VERTEX_POINT('',#6527);
#6529=CARTESIAN_POINT('',(-8.8E-1,-1.54E-1,-3.5E-1));
#6530=VERTEX_POINT('',#6529);
#6531=CARTESIAN_POINT('',(8.164242852856E-1,1.5E-1,-4.3E-1));
#6532=VERTEX_POINT('',#6531);
#6533=CARTESIAN_POINT('',(-8.164242852856E-1,-1.5E-1,-4.3E-1));
#6534=VERTEX_POINT('',#6533);
#6535=CARTESIAN_POINT('',(-8.164242852856E-1,1.5E-1,-4.3E-1));
#6536=VERTEX_POINT('',#6535);
#6537=CARTESIAN_POINT('',(-6.26E-1,3.675E-2,-7.905381472151E-2));
#6538=CARTESIAN_POINT('',(-6.26E-1,3.675E-2,-2.009461852785E-1));
#6539=VERTEX_POINT('',#6537);
#6540=VERTEX_POINT('',#6538);
#6541=CARTESIAN_POINT('',(-5.74E-1,3.675E-2,-7.905381472151E-2));
#6542=CARTESIAN_POINT('',(-5.74E-1,3.675E-2,-2.009461852785E-1));
#6543=VERTEX_POINT('',#6541);
#6544=VERTEX_POINT('',#6542);
#6545=CARTESIAN_POINT('',(-6.26E-1,-3.675E-2,-2.009461852785E-1));
#6546=CARTESIAN_POINT('',(-6.26E-1,-3.675E-2,-7.905381472151E-2));
#6547=VERTEX_POINT('',#6545);
#6548=VERTEX_POINT('',#6546);
#6549=CARTESIAN_POINT('',(-5.74E-1,-3.675E-2,-2.009461852785E-1));
#6550=CARTESIAN_POINT('',(-5.74E-1,-3.675E-2,-7.905381472151E-2));
#6551=VERTEX_POINT('',#6549);
#6552=VERTEX_POINT('',#6550);
#6553=CARTESIAN_POINT('',(-6.26E-1,3.675E-2,-1.800210881911E-1));
#6554=CARTESIAN_POINT('',(-6.26E-1,3.675E-2,-9.997891180890E-2));
#6555=VERTEX_POINT('',#6553);
#6556=VERTEX_POINT('',#6554);
#6557=CARTESIAN_POINT('',(-5.74E-1,3.675E-2,-1.800210881911E-1));
#6558=CARTESIAN_POINT('',(-5.74E-1,3.675E-2,-9.997891180890E-2));
#6559=VERTEX_POINT('',#6557);
#6560=VERTEX_POINT('',#6558);
#6561=CARTESIAN_POINT('',(-6.26E-1,-3.675E-2,-9.997891180890E-2));
#6562=CARTESIAN_POINT('',(-6.26E-1,-3.675E-2,-1.800210881911E-1));
#6563=VERTEX_POINT('',#6561);
#6564=VERTEX_POINT('',#6562);
#6565=CARTESIAN_POINT('',(-5.74E-1,-3.675E-2,-9.997891180890E-2));
#6566=CARTESIAN_POINT('',(-5.74E-1,-3.675E-2,-1.800210881911E-1));
#6567=VERTEX_POINT('',#6565);
#6568=VERTEX_POINT('',#6566);
#6569=CARTESIAN_POINT('',(-5.875E-1,-1.375E-1,-6.345E-1));
#6570=CARTESIAN_POINT('',(-5.875E-1,-2.74E-1,-6.345E-1));
#6571=VERTEX_POINT('',#6569);
#6572=VERTEX_POINT('',#6570);
#6573=CARTESIAN_POINT('',(-5.875E-1,-2.74E-1,-6.095E-1));
#6574=VERTEX_POINT('',#6573);
#6575=CARTESIAN_POINT('',(-5.875E-1,-1.375E-1,-6.095E-1));
#6576=VERTEX_POINT('',#6575);
#6577=CARTESIAN_POINT('',(-5.875E-1,6.25E-2,-7.845E-1));
#6578=CARTESIAN_POINT('',(-5.875E-1,-2.74E-1,-7.845E-1));
#6579=VERTEX_POINT('',#6577);
#6580=VERTEX_POINT('',#6578);
#6581=CARTESIAN_POINT('',(-5.875E-1,-2.74E-1,-7.595E-1));
#6582=VERTEX_POINT('',#6581);
#6583=CARTESIAN_POINT('',(-5.875E-1,6.25E-2,-7.595E-1));
#6584=VERTEX_POINT('',#6583);
#6585=CARTESIAN_POINT('',(-6.125E-1,-1.375E-1,-6.345E-1));
#6586=CARTESIAN_POINT('',(-6.125E-1,-2.74E-1,-6.345E-1));
#6587=VERTEX_POINT('',#6585);
#6588=VERTEX_POINT('',#6586);
#6589=CARTESIAN_POINT('',(-6.125E-1,-2.74E-1,-6.095E-1));
#6590=VERTEX_POINT('',#6589);
#6591=CARTESIAN_POINT('',(-6.125E-1,-1.375E-1,-6.095E-1));
#6592=VERTEX_POINT('',#6591);
#6593=CARTESIAN_POINT('',(-6.125E-1,6.25E-2,-7.845E-1));
#6594=CARTESIAN_POINT('',(-6.125E-1,-2.74E-1,-7.845E-1));
#6595=VERTEX_POINT('',#6593);
#6596=VERTEX_POINT('',#6594);
#6597=CARTESIAN_POINT('',(-6.125E-1,-2.74E-1,-7.595E-1));
#6598=VERTEX_POINT('',#6597);
#6599=CARTESIAN_POINT('',(-6.125E-1,6.25E-2,-7.595E-1));
#6600=VERTEX_POINT('',#6599);
#6601=CARTESIAN_POINT('',(-5.875E-1,-8.75E-2,-5.5E-1));
#6602=CARTESIAN_POINT('',(-5.875E-1,-8.75E-2,-5.845E-1));
#6603=VERTEX_POINT('',#6601);
#6604=VERTEX_POINT('',#6602);
#6605=CARTESIAN_POINT('',(-5.875E-1,-1.125E-1,-5.845E-1));
#6606=CARTESIAN_POINT('',(-5.875E-1,-1.125E-1,-5.5E-1));
#6607=VERTEX_POINT('',#6605);
#6608=VERTEX_POINT('',#6606);
#6609=CARTESIAN_POINT('',(-5.875E-1,1.125E-1,-5.5E-1));
#6610=CARTESIAN_POINT('',(-5.875E-1,1.125E-1,-7.345E-1));
#6611=VERTEX_POINT('',#6609);
#6612=VERTEX_POINT('',#6610);
#6613=CARTESIAN_POINT('',(-5.875E-1,8.75E-2,-7.345E-1));
#6614=CARTESIAN_POINT('',(-5.875E-1,8.75E-2,-5.5E-1));
#6615=VERTEX_POINT('',#6613);
#6616=VERTEX_POINT('',#6614);
#6617=CARTESIAN_POINT('',(-6.125E-1,-8.75E-2,-5.5E-1));
#6618=CARTESIAN_POINT('',(-6.125E-1,-8.75E-2,-5.845E-1));
#6619=VERTEX_POINT('',#6617);
#6620=VERTEX_POINT('',#6618);
#6621=CARTESIAN_POINT('',(-6.125E-1,-1.125E-1,-5.845E-1));
#6622=CARTESIAN_POINT('',(-6.125E-1,-1.125E-1,-5.5E-1));
#6623=VERTEX_POINT('',#6621);
#6624=VERTEX_POINT('',#6622);
#6625=CARTESIAN_POINT('',(-6.125E-1,1.125E-1,-5.5E-1));
#6626=CARTESIAN_POINT('',(-6.125E-1,1.125E-1,-7.345E-1));
#6627=VERTEX_POINT('',#6625);
#6628=VERTEX_POINT('',#6626);
#6629=CARTESIAN_POINT('',(-6.125E-1,8.75E-2,-7.345E-1));
#6630=CARTESIAN_POINT('',(-6.125E-1,8.75E-2,-5.5E-1));
#6631=VERTEX_POINT('',#6629);
#6632=VERTEX_POINT('',#6630);
#6633=CARTESIAN_POINT('',(-5.26E-1,3.675E-2,-7.905381472151E-2));
#6634=CARTESIAN_POINT('',(-5.26E-1,3.675E-2,-2.009461852785E-1));
#6635=VERTEX_POINT('',#6633);
#6636=VERTEX_POINT('',#6634);
#6637=CARTESIAN_POINT('',(-4.74E-1,3.675E-2,-7.905381472151E-2));
#6638=CARTESIAN_POINT('',(-4.74E-1,3.675E-2,-2.009461852785E-1));
#6639=VERTEX_POINT('',#6637);
#6640=VERTEX_POINT('',#6638);
#6641=CARTESIAN_POINT('',(-5.26E-1,-3.675E-2,-2.009461852785E-1));
#6642=CARTESIAN_POINT('',(-5.26E-1,-3.675E-2,-7.905381472151E-2));
#6643=VERTEX_POINT('',#6641);
#6644=VERTEX_POINT('',#6642);
#6645=CARTESIAN_POINT('',(-4.74E-1,-3.675E-2,-2.009461852785E-1));
#6646=CARTESIAN_POINT('',(-4.74E-1,-3.675E-2,-7.905381472151E-2));
#6647=VERTEX_POINT('',#6645);
#6648=VERTEX_POINT('',#6646);
#6649=CARTESIAN_POINT('',(-5.26E-1,3.675E-2,-1.800210881911E-1));
#6650=CARTESIAN_POINT('',(-5.26E-1,3.675E-2,-9.997891180890E-2));
#6651=VERTEX_POINT('',#6649);
#6652=VERTEX_POINT('',#6650);
#6653=CARTESIAN_POINT('',(-4.74E-1,3.675E-2,-1.800210881911E-1));
#6654=CARTESIAN_POINT('',(-4.74E-1,3.675E-2,-9.997891180890E-2));
#6655=VERTEX_POINT('',#6653);
#6656=VERTEX_POINT('',#6654);
#6657=CARTESIAN_POINT('',(-5.26E-1,-3.675E-2,-9.997891180890E-2));
#6658=CARTESIAN_POINT('',(-5.26E-1,-3.675E-2,-1.800210881911E-1));
#6659=VERTEX_POINT('',#6657);
#6660=VERTEX_POINT('',#6658);
#6661=CARTESIAN_POINT('',(-4.74E-1,-3.675E-2,-9.997891180890E-2));
#6662=CARTESIAN_POINT('',(-4.74E-1,-3.675E-2,-1.800210881911E-1));
#6663=VERTEX_POINT('',#6661);
#6664=VERTEX_POINT('',#6662);
#6665=CARTESIAN_POINT('',(-4.875E-1,-1.375E-1,-6.345E-1));
#6666=CARTESIAN_POINT('',(-4.875E-1,-2.74E-1,-6.345E-1));
#6667=VERTEX_POINT('',#6665);
#6668=VERTEX_POINT('',#6666);
#6669=CARTESIAN_POINT('',(-4.875E-1,-2.74E-1,-6.095E-1));
#6670=VERTEX_POINT('',#6669);
#6671=CARTESIAN_POINT('',(-4.875E-1,-1.375E-1,-6.095E-1));
#6672=VERTEX_POINT('',#6671);
#6673=CARTESIAN_POINT('',(-4.875E-1,6.25E-2,-7.845E-1));
#6674=CARTESIAN_POINT('',(-4.875E-1,-2.74E-1,-7.845E-1));
#6675=VERTEX_POINT('',#6673);
#6676=VERTEX_POINT('',#6674);
#6677=CARTESIAN_POINT('',(-4.875E-1,-2.74E-1,-7.595E-1));
#6678=VERTEX_POINT('',#6677);
#6679=CARTESIAN_POINT('',(-4.875E-1,6.25E-2,-7.595E-1));
#6680=VERTEX_POINT('',#6679);
#6681=CARTESIAN_POINT('',(-5.125E-1,-1.375E-1,-6.345E-1));
#6682=CARTESIAN_POINT('',(-5.125E-1,-2.74E-1,-6.345E-1));
#6683=VERTEX_POINT('',#6681);
#6684=VERTEX_POINT('',#6682);
#6685=CARTESIAN_POINT('',(-5.125E-1,-2.74E-1,-6.095E-1));
#6686=VERTEX_POINT('',#6685);
#6687=CARTESIAN_POINT('',(-5.125E-1,-1.375E-1,-6.095E-1));
#6688=VERTEX_POINT('',#6687);
#6689=CARTESIAN_POINT('',(-5.125E-1,6.25E-2,-7.845E-1));
#6690=CARTESIAN_POINT('',(-5.125E-1,-2.74E-1,-7.845E-1));
#6691=VERTEX_POINT('',#6689);
#6692=VERTEX_POINT('',#6690);
#6693=CARTESIAN_POINT('',(-5.125E-1,-2.74E-1,-7.595E-1));
#6694=VERTEX_POINT('',#6693);
#6695=CARTESIAN_POINT('',(-5.125E-1,6.25E-2,-7.595E-1));
#6696=VERTEX_POINT('',#6695);
#6697=CARTESIAN_POINT('',(-4.875E-1,-8.75E-2,-5.5E-1));
#6698=CARTESIAN_POINT('',(-4.875E-1,-8.75E-2,-5.845E-1));
#6699=VERTEX_POINT('',#6697);
#6700=VERTEX_POINT('',#6698);
#6701=CARTESIAN_POINT('',(-4.875E-1,-1.125E-1,-5.845E-1));
#6702=CARTESIAN_POINT('',(-4.875E-1,-1.125E-1,-5.5E-1));
#6703=VERTEX_POINT('',#6701);
#6704=VERTEX_POINT('',#6702);
#6705=CARTESIAN_POINT('',(-4.875E-1,1.125E-1,-5.5E-1));
#6706=CARTESIAN_POINT('',(-4.875E-1,1.125E-1,-7.345E-1));
#6707=VERTEX_POINT('',#6705);
#6708=VERTEX_POINT('',#6706);
#6709=CARTESIAN_POINT('',(-4.875E-1,8.75E-2,-7.345E-1));
#6710=CARTESIAN_POINT('',(-4.875E-1,8.75E-2,-5.5E-1));
#6711=VERTEX_POINT('',#6709);
#6712=VERTEX_POINT('',#6710);
#6713=CARTESIAN_POINT('',(-5.125E-1,-8.75E-2,-5.5E-1));
#6714=CARTESIAN_POINT('',(-5.125E-1,-8.75E-2,-5.845E-1));
#6715=VERTEX_POINT('',#6713);
#6716=VERTEX_POINT('',#6714);
#6717=CARTESIAN_POINT('',(-5.125E-1,-1.125E-1,-5.845E-1));
#6718=CARTESIAN_POINT('',(-5.125E-1,-1.125E-1,-5.5E-1));
#6719=VERTEX_POINT('',#6717);
#6720=VERTEX_POINT('',#6718);
#6721=CARTESIAN_POINT('',(-5.125E-1,1.125E-1,-5.5E-1));
#6722=CARTESIAN_POINT('',(-5.125E-1,1.125E-1,-7.345E-1));
#6723=VERTEX_POINT('',#6721);
#6724=VERTEX_POINT('',#6722);
#6725=CARTESIAN_POINT('',(-5.125E-1,8.75E-2,-7.345E-1));
#6726=CARTESIAN_POINT('',(-5.125E-1,8.75E-2,-5.5E-1));
#6727=VERTEX_POINT('',#6725);
#6728=VERTEX_POINT('',#6726);
#6729=CARTESIAN_POINT('',(-4.26E-1,3.675E-2,-7.905381472151E-2));
#6730=CARTESIAN_POINT('',(-4.26E-1,3.675E-2,-2.009461852785E-1));
#6731=VERTEX_POINT('',#6729);
#6732=VERTEX_POINT('',#6730);
#6733=CARTESIAN_POINT('',(-3.74E-1,3.675E-2,-7.905381472151E-2));
#6734=CARTESIAN_POINT('',(-3.74E-1,3.675E-2,-2.009461852785E-1));
#6735=VERTEX_POINT('',#6733);
#6736=VERTEX_POINT('',#6734);
#6737=CARTESIAN_POINT('',(-4.26E-1,-3.675E-2,-2.009461852785E-1));
#6738=CARTESIAN_POINT('',(-4.26E-1,-3.675E-2,-7.905381472151E-2));
#6739=VERTEX_POINT('',#6737);
#6740=VERTEX_POINT('',#6738);
#6741=CARTESIAN_POINT('',(-3.74E-1,-3.675E-2,-2.009461852785E-1));
#6742=CARTESIAN_POINT('',(-3.74E-1,-3.675E-2,-7.905381472151E-2));
#6743=VERTEX_POINT('',#6741);
#6744=VERTEX_POINT('',#6742);
#6745=CARTESIAN_POINT('',(-4.26E-1,3.675E-2,-1.800210881911E-1));
#6746=CARTESIAN_POINT('',(-4.26E-1,3.675E-2,-9.997891180890E-2));
#6747=VERTEX_POINT('',#6745);
#6748=VERTEX_POINT('',#6746);
#6749=CARTESIAN_POINT('',(-3.74E-1,3.675E-2,-1.800210881911E-1));
#6750=CARTESIAN_POINT('',(-3.74E-1,3.675E-2,-9.997891180890E-2));
#6751=VERTEX_POINT('',#6749);
#6752=VERTEX_POINT('',#6750);
#6753=CARTESIAN_POINT('',(-4.26E-1,-3.675E-2,-9.997891180890E-2));
#6754=CARTESIAN_POINT('',(-4.26E-1,-3.675E-2,-1.800210881911E-1));
#6755=VERTEX_POINT('',#6753);
#6756=VERTEX_POINT('',#6754);
#6757=CARTESIAN_POINT('',(-3.74E-1,-3.675E-2,-9.997891180890E-2));
#6758=CARTESIAN_POINT('',(-3.74E-1,-3.675E-2,-1.800210881911E-1));
#6759=VERTEX_POINT('',#6757);
#6760=VERTEX_POINT('',#6758);
#6761=CARTESIAN_POINT('',(-3.875E-1,-1.375E-1,-6.345E-1));
#6762=CARTESIAN_POINT('',(-3.875E-1,-2.74E-1,-6.345E-1));
#6763=VERTEX_POINT('',#6761);
#6764=VERTEX_POINT('',#6762);
#6765=CARTESIAN_POINT('',(-3.875E-1,-2.74E-1,-6.095E-1));
#6766=VERTEX_POINT('',#6765);
#6767=CARTESIAN_POINT('',(-3.875E-1,-1.375E-1,-6.095E-1));
#6768=VERTEX_POINT('',#6767);
#6769=CARTESIAN_POINT('',(-3.875E-1,6.25E-2,-7.845E-1));
#6770=CARTESIAN_POINT('',(-3.875E-1,-2.74E-1,-7.845E-1));
#6771=VERTEX_POINT('',#6769);
#6772=VERTEX_POINT('',#6770);
#6773=CARTESIAN_POINT('',(-3.875E-1,-2.74E-1,-7.595E-1));
#6774=VERTEX_POINT('',#6773);
#6775=CARTESIAN_POINT('',(-3.875E-1,6.25E-2,-7.595E-1));
#6776=VERTEX_POINT('',#6775);
#6777=CARTESIAN_POINT('',(-4.125E-1,-1.375E-1,-6.345E-1));
#6778=CARTESIAN_POINT('',(-4.125E-1,-2.74E-1,-6.345E-1));
#6779=VERTEX_POINT('',#6777);
#6780=VERTEX_POINT('',#6778);
#6781=CARTESIAN_POINT('',(-4.125E-1,-2.74E-1,-6.095E-1));
#6782=VERTEX_POINT('',#6781);
#6783=CARTESIAN_POINT('',(-4.125E-1,-1.375E-1,-6.095E-1));
#6784=VERTEX_POINT('',#6783);
#6785=CARTESIAN_POINT('',(-4.125E-1,6.25E-2,-7.845E-1));
#6786=CARTESIAN_POINT('',(-4.125E-1,-2.74E-1,-7.845E-1));
#6787=VERTEX_POINT('',#6785);
#6788=VERTEX_POINT('',#6786);
#6789=CARTESIAN_POINT('',(-4.125E-1,-2.74E-1,-7.595E-1));
#6790=VERTEX_POINT('',#6789);
#6791=CARTESIAN_POINT('',(-4.125E-1,6.25E-2,-7.595E-1));
#6792=VERTEX_POINT('',#6791);
#6793=CARTESIAN_POINT('',(-3.875E-1,-8.75E-2,-5.5E-1));
#6794=CARTESIAN_POINT('',(-3.875E-1,-8.75E-2,-5.845E-1));
#6795=VERTEX_POINT('',#6793);
#6796=VERTEX_POINT('',#6794);
#6797=CARTESIAN_POINT('',(-3.875E-1,-1.125E-1,-5.845E-1));
#6798=CARTESIAN_POINT('',(-3.875E-1,-1.125E-1,-5.5E-1));
#6799=VERTEX_POINT('',#6797);
#6800=VERTEX_POINT('',#6798);
#6801=CARTESIAN_POINT('',(-3.875E-1,1.125E-1,-5.5E-1));
#6802=CARTESIAN_POINT('',(-3.875E-1,1.125E-1,-7.345E-1));
#6803=VERTEX_POINT('',#6801);
#6804=VERTEX_POINT('',#6802);
#6805=CARTESIAN_POINT('',(-3.875E-1,8.75E-2,-7.345E-1));
#6806=CARTESIAN_POINT('',(-3.875E-1,8.75E-2,-5.5E-1));
#6807=VERTEX_POINT('',#6805);
#6808=VERTEX_POINT('',#6806);
#6809=CARTESIAN_POINT('',(-4.125E-1,-8.75E-2,-5.5E-1));
#6810=CARTESIAN_POINT('',(-4.125E-1,-8.75E-2,-5.845E-1));
#6811=VERTEX_POINT('',#6809);
#6812=VERTEX_POINT('',#6810);
#6813=CARTESIAN_POINT('',(-4.125E-1,-1.125E-1,-5.845E-1));
#6814=CARTESIAN_POINT('',(-4.125E-1,-1.125E-1,-5.5E-1));
#6815=VERTEX_POINT('',#6813);
#6816=VERTEX_POINT('',#6814);
#6817=CARTESIAN_POINT('',(-4.125E-1,1.125E-1,-5.5E-1));
#6818=CARTESIAN_POINT('',(-4.125E-1,1.125E-1,-7.345E-1));
#6819=VERTEX_POINT('',#6817);
#6820=VERTEX_POINT('',#6818);
#6821=CARTESIAN_POINT('',(-4.125E-1,8.75E-2,-7.345E-1));
#6822=CARTESIAN_POINT('',(-4.125E-1,8.75E-2,-5.5E-1));
#6823=VERTEX_POINT('',#6821);
#6824=VERTEX_POINT('',#6822);
#6825=CARTESIAN_POINT('',(-3.26E-1,3.675E-2,-7.905381472151E-2));
#6826=CARTESIAN_POINT('',(-3.26E-1,3.675E-2,-2.009461852785E-1));
#6827=VERTEX_POINT('',#6825);
#6828=VERTEX_POINT('',#6826);
#6829=CARTESIAN_POINT('',(-2.74E-1,3.675E-2,-7.905381472151E-2));
#6830=CARTESIAN_POINT('',(-2.74E-1,3.675E-2,-2.009461852785E-1));
#6831=VERTEX_POINT('',#6829);
#6832=VERTEX_POINT('',#6830);
#6833=CARTESIAN_POINT('',(-3.26E-1,-3.675E-2,-2.009461852785E-1));
#6834=CARTESIAN_POINT('',(-3.26E-1,-3.675E-2,-7.905381472151E-2));
#6835=VERTEX_POINT('',#6833);
#6836=VERTEX_POINT('',#6834);
#6837=CARTESIAN_POINT('',(-2.74E-1,-3.675E-2,-2.009461852785E-1));
#6838=CARTESIAN_POINT('',(-2.74E-1,-3.675E-2,-7.905381472151E-2));
#6839=VERTEX_POINT('',#6837);
#6840=VERTEX_POINT('',#6838);
#6841=CARTESIAN_POINT('',(-3.26E-1,3.675E-2,-1.800210881911E-1));
#6842=CARTESIAN_POINT('',(-3.26E-1,3.675E-2,-9.997891180890E-2));
#6843=VERTEX_POINT('',#6841);
#6844=VERTEX_POINT('',#6842);
#6845=CARTESIAN_POINT('',(-2.74E-1,3.675E-2,-1.800210881911E-1));
#6846=CARTESIAN_POINT('',(-2.74E-1,3.675E-2,-9.997891180890E-2));
#6847=VERTEX_POINT('',#6845);
#6848=VERTEX_POINT('',#6846);
#6849=CARTESIAN_POINT('',(-3.26E-1,-3.675E-2,-9.997891180890E-2));
#6850=CARTESIAN_POINT('',(-3.26E-1,-3.675E-2,-1.800210881911E-1));
#6851=VERTEX_POINT('',#6849);
#6852=VERTEX_POINT('',#6850);
#6853=CARTESIAN_POINT('',(-2.74E-1,-3.675E-2,-9.997891180890E-2));
#6854=CARTESIAN_POINT('',(-2.74E-1,-3.675E-2,-1.800210881911E-1));
#6855=VERTEX_POINT('',#6853);
#6856=VERTEX_POINT('',#6854);
#6857=CARTESIAN_POINT('',(-2.875E-1,-1.375E-1,-6.345E-1));
#6858=CARTESIAN_POINT('',(-2.875E-1,-2.74E-1,-6.345E-1));
#6859=VERTEX_POINT('',#6857);
#6860=VERTEX_POINT('',#6858);
#6861=CARTESIAN_POINT('',(-2.875E-1,-2.74E-1,-6.095E-1));
#6862=VERTEX_POINT('',#6861);
#6863=CARTESIAN_POINT('',(-2.875E-1,-1.375E-1,-6.095E-1));
#6864=VERTEX_POINT('',#6863);
#6865=CARTESIAN_POINT('',(-2.875E-1,6.25E-2,-7.845E-1));
#6866=CARTESIAN_POINT('',(-2.875E-1,-2.74E-1,-7.845E-1));
#6867=VERTEX_POINT('',#6865);
#6868=VERTEX_POINT('',#6866);
#6869=CARTESIAN_POINT('',(-2.875E-1,-2.74E-1,-7.595E-1));
#6870=VERTEX_POINT('',#6869);
#6871=CARTESIAN_POINT('',(-2.875E-1,6.25E-2,-7.595E-1));
#6872=VERTEX_POINT('',#6871);
#6873=CARTESIAN_POINT('',(-3.125E-1,-1.375E-1,-6.345E-1));
#6874=CARTESIAN_POINT('',(-3.125E-1,-2.74E-1,-6.345E-1));
#6875=VERTEX_POINT('',#6873);
#6876=VERTEX_POINT('',#6874);
#6877=CARTESIAN_POINT('',(-3.125E-1,-2.74E-1,-6.095E-1));
#6878=VERTEX_POINT('',#6877);
#6879=CARTESIAN_POINT('',(-3.125E-1,-1.375E-1,-6.095E-1));
#6880=VERTEX_POINT('',#6879);
#6881=CARTESIAN_POINT('',(-3.125E-1,6.25E-2,-7.845E-1));
#6882=CARTESIAN_POINT('',(-3.125E-1,-2.74E-1,-7.845E-1));
#6883=VERTEX_POINT('',#6881);
#6884=VERTEX_POINT('',#6882);
#6885=CARTESIAN_POINT('',(-3.125E-1,-2.74E-1,-7.595E-1));
#6886=VERTEX_POINT('',#6885);
#6887=CARTESIAN_POINT('',(-3.125E-1,6.25E-2,-7.595E-1));
#6888=VERTEX_POINT('',#6887);
#6889=CARTESIAN_POINT('',(-2.875E-1,-8.75E-2,-5.5E-1));
#6890=CARTESIAN_POINT('',(-2.875E-1,-8.75E-2,-5.845E-1));
#6891=VERTEX_POINT('',#6889);
#6892=VERTEX_POINT('',#6890);
#6893=CARTESIAN_POINT('',(-2.875E-1,-1.125E-1,-5.845E-1));
#6894=CARTESIAN_POINT('',(-2.875E-1,-1.125E-1,-5.5E-1));
#6895=VERTEX_POINT('',#6893);
#6896=VERTEX_POINT('',#6894);
#6897=CARTESIAN_POINT('',(-2.875E-1,1.125E-1,-5.5E-1));
#6898=CARTESIAN_POINT('',(-2.875E-1,1.125E-1,-7.345E-1));
#6899=VERTEX_POINT('',#6897);
#6900=VERTEX_POINT('',#6898);
#6901=CARTESIAN_POINT('',(-2.875E-1,8.75E-2,-7.345E-1));
#6902=CARTESIAN_POINT('',(-2.875E-1,8.75E-2,-5.5E-1));
#6903=VERTEX_POINT('',#6901);
#6904=VERTEX_POINT('',#6902);
#6905=CARTESIAN_POINT('',(-3.125E-1,-8.75E-2,-5.5E-1));
#6906=CARTESIAN_POINT('',(-3.125E-1,-8.75E-2,-5.845E-1));
#6907=VERTEX_POINT('',#6905);
#6908=VERTEX_POINT('',#6906);
#6909=CARTESIAN_POINT('',(-3.125E-1,-1.125E-1,-5.845E-1));
#6910=CARTESIAN_POINT('',(-3.125E-1,-1.125E-1,-5.5E-1));
#6911=VERTEX_POINT('',#6909);
#6912=VERTEX_POINT('',#6910);
#6913=CARTESIAN_POINT('',(-3.125E-1,1.125E-1,-5.5E-1));
#6914=CARTESIAN_POINT('',(-3.125E-1,1.125E-1,-7.345E-1));
#6915=VERTEX_POINT('',#6913);
#6916=VERTEX_POINT('',#6914);
#6917=CARTESIAN_POINT('',(-3.125E-1,8.75E-2,-7.345E-1));
#6918=CARTESIAN_POINT('',(-3.125E-1,8.75E-2,-5.5E-1));
#6919=VERTEX_POINT('',#6917);
#6920=VERTEX_POINT('',#6918);
#6921=CARTESIAN_POINT('',(-2.26E-1,3.675E-2,-7.905381472151E-2));
#6922=CARTESIAN_POINT('',(-2.26E-1,3.675E-2,-2.009461852785E-1));
#6923=VERTEX_POINT('',#6921);
#6924=VERTEX_POINT('',#6922);
#6925=CARTESIAN_POINT('',(-1.74E-1,3.675E-2,-7.905381472151E-2));
#6926=CARTESIAN_POINT('',(-1.74E-1,3.675E-2,-2.009461852785E-1));
#6927=VERTEX_POINT('',#6925);
#6928=VERTEX_POINT('',#6926);
#6929=CARTESIAN_POINT('',(-2.26E-1,-3.675E-2,-2.009461852785E-1));
#6930=CARTESIAN_POINT('',(-2.26E-1,-3.675E-2,-7.905381472151E-2));
#6931=VERTEX_POINT('',#6929);
#6932=VERTEX_POINT('',#6930);
#6933=CARTESIAN_POINT('',(-1.74E-1,-3.675E-2,-2.009461852785E-1));
#6934=CARTESIAN_POINT('',(-1.74E-1,-3.675E-2,-7.905381472151E-2));
#6935=VERTEX_POINT('',#6933);
#6936=VERTEX_POINT('',#6934);
#6937=CARTESIAN_POINT('',(-2.26E-1,3.675E-2,-1.800210881911E-1));
#6938=CARTESIAN_POINT('',(-2.26E-1,3.675E-2,-9.997891180890E-2));
#6939=VERTEX_POINT('',#6937);
#6940=VERTEX_POINT('',#6938);
#6941=CARTESIAN_POINT('',(-1.74E-1,3.675E-2,-1.800210881911E-1));
#6942=CARTESIAN_POINT('',(-1.74E-1,3.675E-2,-9.997891180890E-2));
#6943=VERTEX_POINT('',#6941);
#6944=VERTEX_POINT('',#6942);
#6945=CARTESIAN_POINT('',(-2.26E-1,-3.675E-2,-9.997891180890E-2));
#6946=CARTESIAN_POINT('',(-2.26E-1,-3.675E-2,-1.800210881911E-1));
#6947=VERTEX_POINT('',#6945);
#6948=VERTEX_POINT('',#6946);
#6949=CARTESIAN_POINT('',(-1.74E-1,-3.675E-2,-9.997891180890E-2));
#6950=CARTESIAN_POINT('',(-1.74E-1,-3.675E-2,-1.800210881911E-1));
#6951=VERTEX_POINT('',#6949);
#6952=VERTEX_POINT('',#6950);
#6953=CARTESIAN_POINT('',(-1.875E-1,-1.375E-1,-6.345E-1));
#6954=CARTESIAN_POINT('',(-1.875E-1,-2.74E-1,-6.345E-1));
#6955=VERTEX_POINT('',#6953);
#6956=VERTEX_POINT('',#6954);
#6957=CARTESIAN_POINT('',(-1.875E-1,-2.74E-1,-6.095E-1));
#6958=VERTEX_POINT('',#6957);
#6959=CARTESIAN_POINT('',(-1.875E-1,-1.375E-1,-6.095E-1));
#6960=VERTEX_POINT('',#6959);
#6961=CARTESIAN_POINT('',(-1.875E-1,6.25E-2,-7.845E-1));
#6962=CARTESIAN_POINT('',(-1.875E-1,-2.74E-1,-7.845E-1));
#6963=VERTEX_POINT('',#6961);
#6964=VERTEX_POINT('',#6962);
#6965=CARTESIAN_POINT('',(-1.875E-1,-2.74E-1,-7.595E-1));
#6966=VERTEX_POINT('',#6965);
#6967=CARTESIAN_POINT('',(-1.875E-1,6.25E-2,-7.595E-1));
#6968=VERTEX_POINT('',#6967);
#6969=CARTESIAN_POINT('',(-2.125E-1,-1.375E-1,-6.345E-1));
#6970=CARTESIAN_POINT('',(-2.125E-1,-2.74E-1,-6.345E-1));
#6971=VERTEX_POINT('',#6969);
#6972=VERTEX_POINT('',#6970);
#6973=CARTESIAN_POINT('',(-2.125E-1,-2.74E-1,-6.095E-1));
#6974=VERTEX_POINT('',#6973);
#6975=CARTESIAN_POINT('',(-2.125E-1,-1.375E-1,-6.095E-1));
#6976=VERTEX_POINT('',#6975);
#6977=CARTESIAN_POINT('',(-2.125E-1,6.25E-2,-7.845E-1));
#6978=CARTESIAN_POINT('',(-2.125E-1,-2.74E-1,-7.845E-1));
#6979=VERTEX_POINT('',#6977);
#6980=VERTEX_POINT('',#6978);
#6981=CARTESIAN_POINT('',(-2.125E-1,-2.74E-1,-7.595E-1));
#6982=VERTEX_POINT('',#6981);
#6983=CARTESIAN_POINT('',(-2.125E-1,6.25E-2,-7.595E-1));
#6984=VERTEX_POINT('',#6983);
#6985=CARTESIAN_POINT('',(-1.875E-1,-8.75E-2,-5.5E-1));
#6986=CARTESIAN_POINT('',(-1.875E-1,-8.75E-2,-5.845E-1));
#6987=VERTEX_POINT('',#6985);
#6988=VERTEX_POINT('',#6986);
#6989=CARTESIAN_POINT('',(-1.875E-1,-1.125E-1,-5.845E-1));
#6990=CARTESIAN_POINT('',(-1.875E-1,-1.125E-1,-5.5E-1));
#6991=VERTEX_POINT('',#6989);
#6992=VERTEX_POINT('',#6990);
#6993=CARTESIAN_POINT('',(-1.875E-1,1.125E-1,-5.5E-1));
#6994=CARTESIAN_POINT('',(-1.875E-1,1.125E-1,-7.345E-1));
#6995=VERTEX_POINT('',#6993);
#6996=VERTEX_POINT('',#6994);
#6997=CARTESIAN_POINT('',(-1.875E-1,8.75E-2,-7.345E-1));
#6998=CARTESIAN_POINT('',(-1.875E-1,8.75E-2,-5.5E-1));
#6999=VERTEX_POINT('',#6997);
#7000=VERTEX_POINT('',#6998);
#7001=CARTESIAN_POINT('',(-2.125E-1,-8.75E-2,-5.5E-1));
#7002=CARTESIAN_POINT('',(-2.125E-1,-8.75E-2,-5.845E-1));
#7003=VERTEX_POINT('',#7001);
#7004=VERTEX_POINT('',#7002);
#7005=CARTESIAN_POINT('',(-2.125E-1,-1.125E-1,-5.845E-1));
#7006=CARTESIAN_POINT('',(-2.125E-1,-1.125E-1,-5.5E-1));
#7007=VERTEX_POINT('',#7005);
#7008=VERTEX_POINT('',#7006);
#7009=CARTESIAN_POINT('',(-2.125E-1,1.125E-1,-5.5E-1));
#7010=CARTESIAN_POINT('',(-2.125E-1,1.125E-1,-7.345E-1));
#7011=VERTEX_POINT('',#7009);
#7012=VERTEX_POINT('',#7010);
#7013=CARTESIAN_POINT('',(-2.125E-1,8.75E-2,-7.345E-1));
#7014=CARTESIAN_POINT('',(-2.125E-1,8.75E-2,-5.5E-1));
#7015=VERTEX_POINT('',#7013);
#7016=VERTEX_POINT('',#7014);
#7017=CARTESIAN_POINT('',(-1.26E-1,3.675E-2,-7.905381472151E-2));
#7018=CARTESIAN_POINT('',(-1.26E-1,3.675E-2,-2.009461852785E-1));
#7019=VERTEX_POINT('',#7017);
#7020=VERTEX_POINT('',#7018);
#7021=CARTESIAN_POINT('',(-7.4E-2,3.675E-2,-7.905381472151E-2));
#7022=CARTESIAN_POINT('',(-7.4E-2,3.675E-2,-2.009461852785E-1));
#7023=VERTEX_POINT('',#7021);
#7024=VERTEX_POINT('',#7022);
#7025=CARTESIAN_POINT('',(-1.26E-1,-3.675E-2,-2.009461852785E-1));
#7026=CARTESIAN_POINT('',(-1.26E-1,-3.675E-2,-7.905381472151E-2));
#7027=VERTEX_POINT('',#7025);
#7028=VERTEX_POINT('',#7026);
#7029=CARTESIAN_POINT('',(-7.4E-2,-3.675E-2,-2.009461852785E-1));
#7030=CARTESIAN_POINT('',(-7.4E-2,-3.675E-2,-7.905381472151E-2));
#7031=VERTEX_POINT('',#7029);
#7032=VERTEX_POINT('',#7030);
#7033=CARTESIAN_POINT('',(-1.26E-1,3.675E-2,-1.800210881911E-1));
#7034=CARTESIAN_POINT('',(-1.26E-1,3.675E-2,-9.997891180890E-2));
#7035=VERTEX_POINT('',#7033);
#7036=VERTEX_POINT('',#7034);
#7037=CARTESIAN_POINT('',(-7.4E-2,3.675E-2,-1.800210881911E-1));
#7038=CARTESIAN_POINT('',(-7.4E-2,3.675E-2,-9.997891180890E-2));
#7039=VERTEX_POINT('',#7037);
#7040=VERTEX_POINT('',#7038);
#7041=CARTESIAN_POINT('',(-1.26E-1,-3.675E-2,-9.997891180890E-2));
#7042=CARTESIAN_POINT('',(-1.26E-1,-3.675E-2,-1.800210881911E-1));
#7043=VERTEX_POINT('',#7041);
#7044=VERTEX_POINT('',#7042);
#7045=CARTESIAN_POINT('',(-7.4E-2,-3.675E-2,-9.997891180890E-2));
#7046=CARTESIAN_POINT('',(-7.4E-2,-3.675E-2,-1.800210881911E-1));
#7047=VERTEX_POINT('',#7045);
#7048=VERTEX_POINT('',#7046);
#7049=CARTESIAN_POINT('',(-8.75E-2,-1.375E-1,-6.345E-1));
#7050=CARTESIAN_POINT('',(-8.75E-2,-2.74E-1,-6.345E-1));
#7051=VERTEX_POINT('',#7049);
#7052=VERTEX_POINT('',#7050);
#7053=CARTESIAN_POINT('',(-8.75E-2,-2.74E-1,-6.095E-1));
#7054=VERTEX_POINT('',#7053);
#7055=CARTESIAN_POINT('',(-8.75E-2,-1.375E-1,-6.095E-1));
#7056=VERTEX_POINT('',#7055);
#7057=CARTESIAN_POINT('',(-8.75E-2,6.25E-2,-7.845E-1));
#7058=CARTESIAN_POINT('',(-8.75E-2,-2.74E-1,-7.845E-1));
#7059=VERTEX_POINT('',#7057);
#7060=VERTEX_POINT('',#7058);
#7061=CARTESIAN_POINT('',(-8.75E-2,-2.74E-1,-7.595E-1));
#7062=VERTEX_POINT('',#7061);
#7063=CARTESIAN_POINT('',(-8.75E-2,6.25E-2,-7.595E-1));
#7064=VERTEX_POINT('',#7063);
#7065=CARTESIAN_POINT('',(-1.125E-1,-1.375E-1,-6.345E-1));
#7066=CARTESIAN_POINT('',(-1.125E-1,-2.74E-1,-6.345E-1));
#7067=VERTEX_POINT('',#7065);
#7068=VERTEX_POINT('',#7066);
#7069=CARTESIAN_POINT('',(-1.125E-1,-2.74E-1,-6.095E-1));
#7070=VERTEX_POINT('',#7069);
#7071=CARTESIAN_POINT('',(-1.125E-1,-1.375E-1,-6.095E-1));
#7072=VERTEX_POINT('',#7071);
#7073=CARTESIAN_POINT('',(-1.125E-1,6.25E-2,-7.845E-1));
#7074=CARTESIAN_POINT('',(-1.125E-1,-2.74E-1,-7.845E-1));
#7075=VERTEX_POINT('',#7073);
#7076=VERTEX_POINT('',#7074);
#7077=CARTESIAN_POINT('',(-1.125E-1,-2.74E-1,-7.595E-1));
#7078=VERTEX_POINT('',#7077);
#7079=CARTESIAN_POINT('',(-1.125E-1,6.25E-2,-7.595E-1));
#7080=VERTEX_POINT('',#7079);
#7081=CARTESIAN_POINT('',(-8.75E-2,-8.75E-2,-5.5E-1));
#7082=CARTESIAN_POINT('',(-8.75E-2,-8.75E-2,-5.845E-1));
#7083=VERTEX_POINT('',#7081);
#7084=VERTEX_POINT('',#7082);
#7085=CARTESIAN_POINT('',(-8.75E-2,-1.125E-1,-5.845E-1));
#7086=CARTESIAN_POINT('',(-8.75E-2,-1.125E-1,-5.5E-1));
#7087=VERTEX_POINT('',#7085);
#7088=VERTEX_POINT('',#7086);
#7089=CARTESIAN_POINT('',(-8.75E-2,1.125E-1,-5.5E-1));
#7090=CARTESIAN_POINT('',(-8.75E-2,1.125E-1,-7.345E-1));
#7091=VERTEX_POINT('',#7089);
#7092=VERTEX_POINT('',#7090);
#7093=CARTESIAN_POINT('',(-8.75E-2,8.75E-2,-7.345E-1));
#7094=CARTESIAN_POINT('',(-8.75E-2,8.75E-2,-5.5E-1));
#7095=VERTEX_POINT('',#7093);
#7096=VERTEX_POINT('',#7094);
#7097=CARTESIAN_POINT('',(-1.125E-1,-8.75E-2,-5.5E-1));
#7098=CARTESIAN_POINT('',(-1.125E-1,-8.75E-2,-5.845E-1));
#7099=VERTEX_POINT('',#7097);
#7100=VERTEX_POINT('',#7098);
#7101=CARTESIAN_POINT('',(-1.125E-1,-1.125E-1,-5.845E-1));
#7102=CARTESIAN_POINT('',(-1.125E-1,-1.125E-1,-5.5E-1));
#7103=VERTEX_POINT('',#7101);
#7104=VERTEX_POINT('',#7102);
#7105=CARTESIAN_POINT('',(-1.125E-1,1.125E-1,-5.5E-1));
#7106=CARTESIAN_POINT('',(-1.125E-1,1.125E-1,-7.345E-1));
#7107=VERTEX_POINT('',#7105);
#7108=VERTEX_POINT('',#7106);
#7109=CARTESIAN_POINT('',(-1.125E-1,8.75E-2,-7.345E-1));
#7110=CARTESIAN_POINT('',(-1.125E-1,8.75E-2,-5.5E-1));
#7111=VERTEX_POINT('',#7109);
#7112=VERTEX_POINT('',#7110);
#7113=CARTESIAN_POINT('',(-2.6E-2,3.675E-2,-7.905381472151E-2));
#7114=CARTESIAN_POINT('',(-2.6E-2,3.675E-2,-2.009461852785E-1));
#7115=VERTEX_POINT('',#7113);
#7116=VERTEX_POINT('',#7114);
#7117=CARTESIAN_POINT('',(2.6E-2,3.675E-2,-7.905381472151E-2));
#7118=CARTESIAN_POINT('',(2.6E-2,3.675E-2,-2.009461852785E-1));
#7119=VERTEX_POINT('',#7117);
#7120=VERTEX_POINT('',#7118);
#7121=CARTESIAN_POINT('',(-2.6E-2,-3.675E-2,-2.009461852785E-1));
#7122=CARTESIAN_POINT('',(-2.6E-2,-3.675E-2,-7.905381472151E-2));
#7123=VERTEX_POINT('',#7121);
#7124=VERTEX_POINT('',#7122);
#7125=CARTESIAN_POINT('',(2.6E-2,-3.675E-2,-2.009461852785E-1));
#7126=CARTESIAN_POINT('',(2.6E-2,-3.675E-2,-7.905381472151E-2));
#7127=VERTEX_POINT('',#7125);
#7128=VERTEX_POINT('',#7126);
#7129=CARTESIAN_POINT('',(-2.6E-2,3.675E-2,-1.800210881911E-1));
#7130=CARTESIAN_POINT('',(-2.6E-2,3.675E-2,-9.997891180890E-2));
#7131=VERTEX_POINT('',#7129);
#7132=VERTEX_POINT('',#7130);
#7133=CARTESIAN_POINT('',(2.6E-2,3.675E-2,-1.800210881911E-1));
#7134=CARTESIAN_POINT('',(2.6E-2,3.675E-2,-9.997891180890E-2));
#7135=VERTEX_POINT('',#7133);
#7136=VERTEX_POINT('',#7134);
#7137=CARTESIAN_POINT('',(-2.6E-2,-3.675E-2,-9.997891180890E-2));
#7138=CARTESIAN_POINT('',(-2.6E-2,-3.675E-2,-1.800210881911E-1));
#7139=VERTEX_POINT('',#7137);
#7140=VERTEX_POINT('',#7138);
#7141=CARTESIAN_POINT('',(2.6E-2,-3.675E-2,-9.997891180890E-2));
#7142=CARTESIAN_POINT('',(2.6E-2,-3.675E-2,-1.800210881911E-1));
#7143=VERTEX_POINT('',#7141);
#7144=VERTEX_POINT('',#7142);
#7145=CARTESIAN_POINT('',(1.25E-2,-1.375E-1,-6.345E-1));
#7146=CARTESIAN_POINT('',(1.25E-2,-2.74E-1,-6.345E-1));
#7147=VERTEX_POINT('',#7145);
#7148=VERTEX_POINT('',#7146);
#7149=CARTESIAN_POINT('',(1.25E-2,-2.74E-1,-6.095E-1));
#7150=VERTEX_POINT('',#7149);
#7151=CARTESIAN_POINT('',(1.25E-2,-1.375E-1,-6.095E-1));
#7152=VERTEX_POINT('',#7151);
#7153=CARTESIAN_POINT('',(1.25E-2,6.25E-2,-7.845E-1));
#7154=CARTESIAN_POINT('',(1.25E-2,-2.74E-1,-7.845E-1));
#7155=VERTEX_POINT('',#7153);
#7156=VERTEX_POINT('',#7154);
#7157=CARTESIAN_POINT('',(1.25E-2,-2.74E-1,-7.595E-1));
#7158=VERTEX_POINT('',#7157);
#7159=CARTESIAN_POINT('',(1.25E-2,6.25E-2,-7.595E-1));
#7160=VERTEX_POINT('',#7159);
#7161=CARTESIAN_POINT('',(-1.25E-2,-1.375E-1,-6.345E-1));
#7162=CARTESIAN_POINT('',(-1.25E-2,-2.74E-1,-6.345E-1));
#7163=VERTEX_POINT('',#7161);
#7164=VERTEX_POINT('',#7162);
#7165=CARTESIAN_POINT('',(-1.25E-2,-2.74E-1,-6.095E-1));
#7166=VERTEX_POINT('',#7165);
#7167=CARTESIAN_POINT('',(-1.25E-2,-1.375E-1,-6.095E-1));
#7168=VERTEX_POINT('',#7167);
#7169=CARTESIAN_POINT('',(-1.25E-2,6.25E-2,-7.845E-1));
#7170=CARTESIAN_POINT('',(-1.25E-2,-2.74E-1,-7.845E-1));
#7171=VERTEX_POINT('',#7169);
#7172=VERTEX_POINT('',#7170);
#7173=CARTESIAN_POINT('',(-1.25E-2,-2.74E-1,-7.595E-1));
#7174=VERTEX_POINT('',#7173);
#7175=CARTESIAN_POINT('',(-1.25E-2,6.25E-2,-7.595E-1));
#7176=VERTEX_POINT('',#7175);
#7177=CARTESIAN_POINT('',(1.25E-2,-8.75E-2,-5.5E-1));
#7178=CARTESIAN_POINT('',(1.25E-2,-8.75E-2,-5.845E-1));
#7179=VERTEX_POINT('',#7177);
#7180=VERTEX_POINT('',#7178);
#7181=CARTESIAN_POINT('',(1.25E-2,-1.125E-1,-5.845E-1));
#7182=CARTESIAN_POINT('',(1.25E-2,-1.125E-1,-5.5E-1));
#7183=VERTEX_POINT('',#7181);
#7184=VERTEX_POINT('',#7182);
#7185=CARTESIAN_POINT('',(1.25E-2,1.125E-1,-5.5E-1));
#7186=CARTESIAN_POINT('',(1.25E-2,1.125E-1,-7.345E-1));
#7187=VERTEX_POINT('',#7185);
#7188=VERTEX_POINT('',#7186);
#7189=CARTESIAN_POINT('',(1.25E-2,8.75E-2,-7.345E-1));
#7190=CARTESIAN_POINT('',(1.25E-2,8.75E-2,-5.5E-1));
#7191=VERTEX_POINT('',#7189);
#7192=VERTEX_POINT('',#7190);
#7193=CARTESIAN_POINT('',(-1.25E-2,-8.75E-2,-5.5E-1));
#7194=CARTESIAN_POINT('',(-1.25E-2,-8.75E-2,-5.845E-1));
#7195=VERTEX_POINT('',#7193);
#7196=VERTEX_POINT('',#7194);
#7197=CARTESIAN_POINT('',(-1.25E-2,-1.125E-1,-5.845E-1));
#7198=CARTESIAN_POINT('',(-1.25E-2,-1.125E-1,-5.5E-1));
#7199=VERTEX_POINT('',#7197);
#7200=VERTEX_POINT('',#7198);
#7201=CARTESIAN_POINT('',(-1.25E-2,1.125E-1,-5.5E-1));
#7202=CARTESIAN_POINT('',(-1.25E-2,1.125E-1,-7.345E-1));
#7203=VERTEX_POINT('',#7201);
#7204=VERTEX_POINT('',#7202);
#7205=CARTESIAN_POINT('',(-1.25E-2,8.75E-2,-7.345E-1));
#7206=CARTESIAN_POINT('',(-1.25E-2,8.75E-2,-5.5E-1));
#7207=VERTEX_POINT('',#7205);
#7208=VERTEX_POINT('',#7206);
#7209=CARTESIAN_POINT('',(7.4E-2,3.675E-2,-7.905381472151E-2));
#7210=CARTESIAN_POINT('',(7.4E-2,3.675E-2,-2.009461852785E-1));
#7211=VERTEX_POINT('',#7209);
#7212=VERTEX_POINT('',#7210);
#7213=CARTESIAN_POINT('',(1.26E-1,3.675E-2,-7.905381472151E-2));
#7214=CARTESIAN_POINT('',(1.26E-1,3.675E-2,-2.009461852785E-1));
#7215=VERTEX_POINT('',#7213);
#7216=VERTEX_POINT('',#7214);
#7217=CARTESIAN_POINT('',(7.4E-2,-3.675E-2,-2.009461852785E-1));
#7218=CARTESIAN_POINT('',(7.4E-2,-3.675E-2,-7.905381472151E-2));
#7219=VERTEX_POINT('',#7217);
#7220=VERTEX_POINT('',#7218);
#7221=CARTESIAN_POINT('',(1.26E-1,-3.675E-2,-2.009461852785E-1));
#7222=CARTESIAN_POINT('',(1.26E-1,-3.675E-2,-7.905381472151E-2));
#7223=VERTEX_POINT('',#7221);
#7224=VERTEX_POINT('',#7222);
#7225=CARTESIAN_POINT('',(7.4E-2,3.675E-2,-1.800210881911E-1));
#7226=CARTESIAN_POINT('',(7.4E-2,3.675E-2,-9.997891180890E-2));
#7227=VERTEX_POINT('',#7225);
#7228=VERTEX_POINT('',#7226);
#7229=CARTESIAN_POINT('',(1.26E-1,3.675E-2,-1.800210881911E-1));
#7230=CARTESIAN_POINT('',(1.26E-1,3.675E-2,-9.997891180890E-2));
#7231=VERTEX_POINT('',#7229);
#7232=VERTEX_POINT('',#7230);
#7233=CARTESIAN_POINT('',(7.4E-2,-3.675E-2,-9.997891180890E-2));
#7234=CARTESIAN_POINT('',(7.4E-2,-3.675E-2,-1.800210881911E-1));
#7235=VERTEX_POINT('',#7233);
#7236=VERTEX_POINT('',#7234);
#7237=CARTESIAN_POINT('',(1.26E-1,-3.675E-2,-9.997891180890E-2));
#7238=CARTESIAN_POINT('',(1.26E-1,-3.675E-2,-1.800210881911E-1));
#7239=VERTEX_POINT('',#7237);
#7240=VERTEX_POINT('',#7238);
#7241=CARTESIAN_POINT('',(1.125E-1,-1.375E-1,-6.345E-1));
#7242=CARTESIAN_POINT('',(1.125E-1,-2.74E-1,-6.345E-1));
#7243=VERTEX_POINT('',#7241);
#7244=VERTEX_POINT('',#7242);
#7245=CARTESIAN_POINT('',(1.125E-1,-2.74E-1,-6.095E-1));
#7246=VERTEX_POINT('',#7245);
#7247=CARTESIAN_POINT('',(1.125E-1,-1.375E-1,-6.095E-1));
#7248=VERTEX_POINT('',#7247);
#7249=CARTESIAN_POINT('',(1.125E-1,6.25E-2,-7.845E-1));
#7250=CARTESIAN_POINT('',(1.125E-1,-2.74E-1,-7.845E-1));
#7251=VERTEX_POINT('',#7249);
#7252=VERTEX_POINT('',#7250);
#7253=CARTESIAN_POINT('',(1.125E-1,-2.74E-1,-7.595E-1));
#7254=VERTEX_POINT('',#7253);
#7255=CARTESIAN_POINT('',(1.125E-1,6.25E-2,-7.595E-1));
#7256=VERTEX_POINT('',#7255);
#7257=CARTESIAN_POINT('',(8.75E-2,-1.375E-1,-6.345E-1));
#7258=CARTESIAN_POINT('',(8.75E-2,-2.74E-1,-6.345E-1));
#7259=VERTEX_POINT('',#7257);
#7260=VERTEX_POINT('',#7258);
#7261=CARTESIAN_POINT('',(8.75E-2,-2.74E-1,-6.095E-1));
#7262=VERTEX_POINT('',#7261);
#7263=CARTESIAN_POINT('',(8.75E-2,-1.375E-1,-6.095E-1));
#7264=VERTEX_POINT('',#7263);
#7265=CARTESIAN_POINT('',(8.75E-2,6.25E-2,-7.845E-1));
#7266=CARTESIAN_POINT('',(8.75E-2,-2.74E-1,-7.845E-1));
#7267=VERTEX_POINT('',#7265);
#7268=VERTEX_POINT('',#7266);
#7269=CARTESIAN_POINT('',(8.75E-2,-2.74E-1,-7.595E-1));
#7270=VERTEX_POINT('',#7269);
#7271=CARTESIAN_POINT('',(8.75E-2,6.25E-2,-7.595E-1));
#7272=VERTEX_POINT('',#7271);
#7273=CARTESIAN_POINT('',(1.125E-1,-8.75E-2,-5.5E-1));
#7274=CARTESIAN_POINT('',(1.125E-1,-8.75E-2,-5.845E-1));
#7275=VERTEX_POINT('',#7273);
#7276=VERTEX_POINT('',#7274);
#7277=CARTESIAN_POINT('',(1.125E-1,-1.125E-1,-5.845E-1));
#7278=CARTESIAN_POINT('',(1.125E-1,-1.125E-1,-5.5E-1));
#7279=VERTEX_POINT('',#7277);
#7280=VERTEX_POINT('',#7278);
#7281=CARTESIAN_POINT('',(1.125E-1,1.125E-1,-5.5E-1));
#7282=CARTESIAN_POINT('',(1.125E-1,1.125E-1,-7.345E-1));
#7283=VERTEX_POINT('',#7281);
#7284=VERTEX_POINT('',#7282);
#7285=CARTESIAN_POINT('',(1.125E-1,8.75E-2,-7.345E-1));
#7286=CARTESIAN_POINT('',(1.125E-1,8.75E-2,-5.5E-1));
#7287=VERTEX_POINT('',#7285);
#7288=VERTEX_POINT('',#7286);
#7289=CARTESIAN_POINT('',(8.75E-2,-8.75E-2,-5.5E-1));
#7290=CARTESIAN_POINT('',(8.75E-2,-8.75E-2,-5.845E-1));
#7291=VERTEX_POINT('',#7289);
#7292=VERTEX_POINT('',#7290);
#7293=CARTESIAN_POINT('',(8.75E-2,-1.125E-1,-5.845E-1));
#7294=CARTESIAN_POINT('',(8.75E-2,-1.125E-1,-5.5E-1));
#7295=VERTEX_POINT('',#7293);
#7296=VERTEX_POINT('',#7294);
#7297=CARTESIAN_POINT('',(8.75E-2,1.125E-1,-5.5E-1));
#7298=CARTESIAN_POINT('',(8.75E-2,1.125E-1,-7.345E-1));
#7299=VERTEX_POINT('',#7297);
#7300=VERTEX_POINT('',#7298);
#7301=CARTESIAN_POINT('',(8.75E-2,8.75E-2,-7.345E-1));
#7302=CARTESIAN_POINT('',(8.75E-2,8.75E-2,-5.5E-1));
#7303=VERTEX_POINT('',#7301);
#7304=VERTEX_POINT('',#7302);
#7305=CARTESIAN_POINT('',(1.74E-1,3.675E-2,-7.905381472151E-2));
#7306=CARTESIAN_POINT('',(1.74E-1,3.675E-2,-2.009461852785E-1));
#7307=VERTEX_POINT('',#7305);
#7308=VERTEX_POINT('',#7306);
#7309=CARTESIAN_POINT('',(2.26E-1,3.675E-2,-7.905381472151E-2));
#7310=CARTESIAN_POINT('',(2.26E-1,3.675E-2,-2.009461852785E-1));
#7311=VERTEX_POINT('',#7309);
#7312=VERTEX_POINT('',#7310);
#7313=CARTESIAN_POINT('',(1.74E-1,-3.675E-2,-2.009461852785E-1));
#7314=CARTESIAN_POINT('',(1.74E-1,-3.675E-2,-7.905381472151E-2));
#7315=VERTEX_POINT('',#7313);
#7316=VERTEX_POINT('',#7314);
#7317=CARTESIAN_POINT('',(2.26E-1,-3.675E-2,-2.009461852785E-1));
#7318=CARTESIAN_POINT('',(2.26E-1,-3.675E-2,-7.905381472151E-2));
#7319=VERTEX_POINT('',#7317);
#7320=VERTEX_POINT('',#7318);
#7321=CARTESIAN_POINT('',(1.74E-1,3.675E-2,-1.800210881911E-1));
#7322=CARTESIAN_POINT('',(1.74E-1,3.675E-2,-9.997891180890E-2));
#7323=VERTEX_POINT('',#7321);
#7324=VERTEX_POINT('',#7322);
#7325=CARTESIAN_POINT('',(2.26E-1,3.675E-2,-1.800210881911E-1));
#7326=CARTESIAN_POINT('',(2.26E-1,3.675E-2,-9.997891180890E-2));
#7327=VERTEX_POINT('',#7325);
#7328=VERTEX_POINT('',#7326);
#7329=CARTESIAN_POINT('',(1.74E-1,-3.675E-2,-9.997891180890E-2));
#7330=CARTESIAN_POINT('',(1.74E-1,-3.675E-2,-1.800210881911E-1));
#7331=VERTEX_POINT('',#7329);
#7332=VERTEX_POINT('',#7330);
#7333=CARTESIAN_POINT('',(2.26E-1,-3.675E-2,-9.997891180890E-2));
#7334=CARTESIAN_POINT('',(2.26E-1,-3.675E-2,-1.800210881911E-1));
#7335=VERTEX_POINT('',#7333);
#7336=VERTEX_POINT('',#7334);
#7337=CARTESIAN_POINT('',(2.125E-1,-1.375E-1,-6.345E-1));
#7338=CARTESIAN_POINT('',(2.125E-1,-2.74E-1,-6.345E-1));
#7339=VERTEX_POINT('',#7337);
#7340=VERTEX_POINT('',#7338);
#7341=CARTESIAN_POINT('',(2.125E-1,-2.74E-1,-6.095E-1));
#7342=VERTEX_POINT('',#7341);
#7343=CARTESIAN_POINT('',(2.125E-1,-1.375E-1,-6.095E-1));
#7344=VERTEX_POINT('',#7343);
#7345=CARTESIAN_POINT('',(2.125E-1,6.25E-2,-7.845E-1));
#7346=CARTESIAN_POINT('',(2.125E-1,-2.74E-1,-7.845E-1));
#7347=VERTEX_POINT('',#7345);
#7348=VERTEX_POINT('',#7346);
#7349=CARTESIAN_POINT('',(2.125E-1,-2.74E-1,-7.595E-1));
#7350=VERTEX_POINT('',#7349);
#7351=CARTESIAN_POINT('',(2.125E-1,6.25E-2,-7.595E-1));
#7352=VERTEX_POINT('',#7351);
#7353=CARTESIAN_POINT('',(1.875E-1,-1.375E-1,-6.345E-1));
#7354=CARTESIAN_POINT('',(1.875E-1,-2.74E-1,-6.345E-1));
#7355=VERTEX_POINT('',#7353);
#7356=VERTEX_POINT('',#7354);
#7357=CARTESIAN_POINT('',(1.875E-1,-2.74E-1,-6.095E-1));
#7358=VERTEX_POINT('',#7357);
#7359=CARTESIAN_POINT('',(1.875E-1,-1.375E-1,-6.095E-1));
#7360=VERTEX_POINT('',#7359);
#7361=CARTESIAN_POINT('',(1.875E-1,6.25E-2,-7.845E-1));
#7362=CARTESIAN_POINT('',(1.875E-1,-2.74E-1,-7.845E-1));
#7363=VERTEX_POINT('',#7361);
#7364=VERTEX_POINT('',#7362);
#7365=CARTESIAN_POINT('',(1.875E-1,-2.74E-1,-7.595E-1));
#7366=VERTEX_POINT('',#7365);
#7367=CARTESIAN_POINT('',(1.875E-1,6.25E-2,-7.595E-1));
#7368=VERTEX_POINT('',#7367);
#7369=CARTESIAN_POINT('',(2.125E-1,-8.75E-2,-5.5E-1));
#7370=CARTESIAN_POINT('',(2.125E-1,-8.75E-2,-5.845E-1));
#7371=VERTEX_POINT('',#7369);
#7372=VERTEX_POINT('',#7370);
#7373=CARTESIAN_POINT('',(2.125E-1,-1.125E-1,-5.845E-1));
#7374=CARTESIAN_POINT('',(2.125E-1,-1.125E-1,-5.5E-1));
#7375=VERTEX_POINT('',#7373);
#7376=VERTEX_POINT('',#7374);
#7377=CARTESIAN_POINT('',(2.125E-1,1.125E-1,-5.5E-1));
#7378=CARTESIAN_POINT('',(2.125E-1,1.125E-1,-7.345E-1));
#7379=VERTEX_POINT('',#7377);
#7380=VERTEX_POINT('',#7378);
#7381=CARTESIAN_POINT('',(2.125E-1,8.75E-2,-7.345E-1));
#7382=CARTESIAN_POINT('',(2.125E-1,8.75E-2,-5.5E-1));
#7383=VERTEX_POINT('',#7381);
#7384=VERTEX_POINT('',#7382);
#7385=CARTESIAN_POINT('',(1.875E-1,-8.75E-2,-5.5E-1));
#7386=CARTESIAN_POINT('',(1.875E-1,-8.75E-2,-5.845E-1));
#7387=VERTEX_POINT('',#7385);
#7388=VERTEX_POINT('',#7386);
#7389=CARTESIAN_POINT('',(1.875E-1,-1.125E-1,-5.845E-1));
#7390=CARTESIAN_POINT('',(1.875E-1,-1.125E-1,-5.5E-1));
#7391=VERTEX_POINT('',#7389);
#7392=VERTEX_POINT('',#7390);
#7393=CARTESIAN_POINT('',(1.875E-1,1.125E-1,-5.5E-1));
#7394=CARTESIAN_POINT('',(1.875E-1,1.125E-1,-7.345E-1));
#7395=VERTEX_POINT('',#7393);
#7396=VERTEX_POINT('',#7394);
#7397=CARTESIAN_POINT('',(1.875E-1,8.75E-2,-7.345E-1));
#7398=CARTESIAN_POINT('',(1.875E-1,8.75E-2,-5.5E-1));
#7399=VERTEX_POINT('',#7397);
#7400=VERTEX_POINT('',#7398);
#7401=CARTESIAN_POINT('',(2.74E-1,3.675E-2,-7.905381472151E-2));
#7402=CARTESIAN_POINT('',(2.74E-1,3.675E-2,-2.009461852785E-1));
#7403=VERTEX_POINT('',#7401);
#7404=VERTEX_POINT('',#7402);
#7405=CARTESIAN_POINT('',(3.26E-1,3.675E-2,-7.905381472151E-2));
#7406=CARTESIAN_POINT('',(3.26E-1,3.675E-2,-2.009461852785E-1));
#7407=VERTEX_POINT('',#7405);
#7408=VERTEX_POINT('',#7406);
#7409=CARTESIAN_POINT('',(2.74E-1,-3.675E-2,-2.009461852785E-1));
#7410=CARTESIAN_POINT('',(2.74E-1,-3.675E-2,-7.905381472151E-2));
#7411=VERTEX_POINT('',#7409);
#7412=VERTEX_POINT('',#7410);
#7413=CARTESIAN_POINT('',(3.26E-1,-3.675E-2,-2.009461852785E-1));
#7414=CARTESIAN_POINT('',(3.26E-1,-3.675E-2,-7.905381472151E-2));
#7415=VERTEX_POINT('',#7413);
#7416=VERTEX_POINT('',#7414);
#7417=CARTESIAN_POINT('',(2.74E-1,3.675E-2,-1.800210881911E-1));
#7418=CARTESIAN_POINT('',(2.74E-1,3.675E-2,-9.997891180890E-2));
#7419=VERTEX_POINT('',#7417);
#7420=VERTEX_POINT('',#7418);
#7421=CARTESIAN_POINT('',(3.26E-1,3.675E-2,-1.800210881911E-1));
#7422=CARTESIAN_POINT('',(3.26E-1,3.675E-2,-9.997891180890E-2));
#7423=VERTEX_POINT('',#7421);
#7424=VERTEX_POINT('',#7422);
#7425=CARTESIAN_POINT('',(2.74E-1,-3.675E-2,-9.997891180890E-2));
#7426=CARTESIAN_POINT('',(2.74E-1,-3.675E-2,-1.800210881911E-1));
#7427=VERTEX_POINT('',#7425);
#7428=VERTEX_POINT('',#7426);
#7429=CARTESIAN_POINT('',(3.26E-1,-3.675E-2,-9.997891180890E-2));
#7430=CARTESIAN_POINT('',(3.26E-1,-3.675E-2,-1.800210881911E-1));
#7431=VERTEX_POINT('',#7429);
#7432=VERTEX_POINT('',#7430);
#7433=CARTESIAN_POINT('',(3.125E-1,-1.375E-1,-6.345E-1));
#7434=CARTESIAN_POINT('',(3.125E-1,-2.74E-1,-6.345E-1));
#7435=VERTEX_POINT('',#7433);
#7436=VERTEX_POINT('',#7434);
#7437=CARTESIAN_POINT('',(3.125E-1,-2.74E-1,-6.095E-1));
#7438=VERTEX_POINT('',#7437);
#7439=CARTESIAN_POINT('',(3.125E-1,-1.375E-1,-6.095E-1));
#7440=VERTEX_POINT('',#7439);
#7441=CARTESIAN_POINT('',(3.125E-1,6.25E-2,-7.845E-1));
#7442=CARTESIAN_POINT('',(3.125E-1,-2.74E-1,-7.845E-1));
#7443=VERTEX_POINT('',#7441);
#7444=VERTEX_POINT('',#7442);
#7445=CARTESIAN_POINT('',(3.125E-1,-2.74E-1,-7.595E-1));
#7446=VERTEX_POINT('',#7445);
#7447=CARTESIAN_POINT('',(3.125E-1,6.25E-2,-7.595E-1));
#7448=VERTEX_POINT('',#7447);
#7449=CARTESIAN_POINT('',(2.875E-1,-1.375E-1,-6.345E-1));
#7450=CARTESIAN_POINT('',(2.875E-1,-2.74E-1,-6.345E-1));
#7451=VERTEX_POINT('',#7449);
#7452=VERTEX_POINT('',#7450);
#7453=CARTESIAN_POINT('',(2.875E-1,-2.74E-1,-6.095E-1));
#7454=VERTEX_POINT('',#7453);
#7455=CARTESIAN_POINT('',(2.875E-1,-1.375E-1,-6.095E-1));
#7456=VERTEX_POINT('',#7455);
#7457=CARTESIAN_POINT('',(2.875E-1,6.25E-2,-7.845E-1));
#7458=CARTESIAN_POINT('',(2.875E-1,-2.74E-1,-7.845E-1));
#7459=VERTEX_POINT('',#7457);
#7460=VERTEX_POINT('',#7458);
#7461=CARTESIAN_POINT('',(2.875E-1,-2.74E-1,-7.595E-1));
#7462=VERTEX_POINT('',#7461);
#7463=CARTESIAN_POINT('',(2.875E-1,6.25E-2,-7.595E-1));
#7464=VERTEX_POINT('',#7463);
#7465=CARTESIAN_POINT('',(3.125E-1,-8.75E-2,-5.5E-1));
#7466=CARTESIAN_POINT('',(3.125E-1,-8.75E-2,-5.845E-1));
#7467=VERTEX_POINT('',#7465);
#7468=VERTEX_POINT('',#7466);
#7469=CARTESIAN_POINT('',(3.125E-1,-1.125E-1,-5.845E-1));
#7470=CARTESIAN_POINT('',(3.125E-1,-1.125E-1,-5.5E-1));
#7471=VERTEX_POINT('',#7469);
#7472=VERTEX_POINT('',#7470);
#7473=CARTESIAN_POINT('',(3.125E-1,1.125E-1,-5.5E-1));
#7474=CARTESIAN_POINT('',(3.125E-1,1.125E-1,-7.345E-1));
#7475=VERTEX_POINT('',#7473);
#7476=VERTEX_POINT('',#7474);
#7477=CARTESIAN_POINT('',(3.125E-1,8.75E-2,-7.345E-1));
#7478=CARTESIAN_POINT('',(3.125E-1,8.75E-2,-5.5E-1));
#7479=VERTEX_POINT('',#7477);
#7480=VERTEX_POINT('',#7478);
#7481=CARTESIAN_POINT('',(2.875E-1,-8.75E-2,-5.5E-1));
#7482=CARTESIAN_POINT('',(2.875E-1,-8.75E-2,-5.845E-1));
#7483=VERTEX_POINT('',#7481);
#7484=VERTEX_POINT('',#7482);
#7485=CARTESIAN_POINT('',(2.875E-1,-1.125E-1,-5.845E-1));
#7486=CARTESIAN_POINT('',(2.875E-1,-1.125E-1,-5.5E-1));
#7487=VERTEX_POINT('',#7485);
#7488=VERTEX_POINT('',#7486);
#7489=CARTESIAN_POINT('',(2.875E-1,1.125E-1,-5.5E-1));
#7490=CARTESIAN_POINT('',(2.875E-1,1.125E-1,-7.345E-1));
#7491=VERTEX_POINT('',#7489);
#7492=VERTEX_POINT('',#7490);
#7493=CARTESIAN_POINT('',(2.875E-1,8.75E-2,-7.345E-1));
#7494=CARTESIAN_POINT('',(2.875E-1,8.75E-2,-5.5E-1));
#7495=VERTEX_POINT('',#7493);
#7496=VERTEX_POINT('',#7494);
#7497=CARTESIAN_POINT('',(3.74E-1,3.675E-2,-7.905381472151E-2));
#7498=CARTESIAN_POINT('',(3.74E-1,3.675E-2,-2.009461852785E-1));
#7499=VERTEX_POINT('',#7497);
#7500=VERTEX_POINT('',#7498);
#7501=CARTESIAN_POINT('',(4.26E-1,3.675E-2,-7.905381472151E-2));
#7502=CARTESIAN_POINT('',(4.26E-1,3.675E-2,-2.009461852785E-1));
#7503=VERTEX_POINT('',#7501);
#7504=VERTEX_POINT('',#7502);
#7505=CARTESIAN_POINT('',(3.74E-1,-3.675E-2,-2.009461852785E-1));
#7506=CARTESIAN_POINT('',(3.74E-1,-3.675E-2,-7.905381472151E-2));
#7507=VERTEX_POINT('',#7505);
#7508=VERTEX_POINT('',#7506);
#7509=CARTESIAN_POINT('',(4.26E-1,-3.675E-2,-2.009461852785E-1));
#7510=CARTESIAN_POINT('',(4.26E-1,-3.675E-2,-7.905381472151E-2));
#7511=VERTEX_POINT('',#7509);
#7512=VERTEX_POINT('',#7510);
#7513=CARTESIAN_POINT('',(3.74E-1,3.675E-2,-1.800210881911E-1));
#7514=CARTESIAN_POINT('',(3.74E-1,3.675E-2,-9.997891180890E-2));
#7515=VERTEX_POINT('',#7513);
#7516=VERTEX_POINT('',#7514);
#7517=CARTESIAN_POINT('',(4.26E-1,3.675E-2,-1.800210881911E-1));
#7518=CARTESIAN_POINT('',(4.26E-1,3.675E-2,-9.997891180890E-2));
#7519=VERTEX_POINT('',#7517);
#7520=VERTEX_POINT('',#7518);
#7521=CARTESIAN_POINT('',(3.74E-1,-3.675E-2,-9.997891180890E-2));
#7522=CARTESIAN_POINT('',(3.74E-1,-3.675E-2,-1.800210881911E-1));
#7523=VERTEX_POINT('',#7521);
#7524=VERTEX_POINT('',#7522);
#7525=CARTESIAN_POINT('',(4.26E-1,-3.675E-2,-9.997891180890E-2));
#7526=CARTESIAN_POINT('',(4.26E-1,-3.675E-2,-1.800210881911E-1));
#7527=VERTEX_POINT('',#7525);
#7528=VERTEX_POINT('',#7526);
#7529=CARTESIAN_POINT('',(4.125E-1,-1.375E-1,-6.345E-1));
#7530=CARTESIAN_POINT('',(4.125E-1,-2.74E-1,-6.345E-1));
#7531=VERTEX_POINT('',#7529);
#7532=VERTEX_POINT('',#7530);
#7533=CARTESIAN_POINT('',(4.125E-1,-2.74E-1,-6.095E-1));
#7534=VERTEX_POINT('',#7533);
#7535=CARTESIAN_POINT('',(4.125E-1,-1.375E-1,-6.095E-1));
#7536=VERTEX_POINT('',#7535);
#7537=CARTESIAN_POINT('',(4.125E-1,6.25E-2,-7.845E-1));
#7538=CARTESIAN_POINT('',(4.125E-1,-2.74E-1,-7.845E-1));
#7539=VERTEX_POINT('',#7537);
#7540=VERTEX_POINT('',#7538);
#7541=CARTESIAN_POINT('',(4.125E-1,-2.74E-1,-7.595E-1));
#7542=VERTEX_POINT('',#7541);
#7543=CARTESIAN_POINT('',(4.125E-1,6.25E-2,-7.595E-1));
#7544=VERTEX_POINT('',#7543);
#7545=CARTESIAN_POINT('',(3.875E-1,-1.375E-1,-6.345E-1));
#7546=CARTESIAN_POINT('',(3.875E-1,-2.74E-1,-6.345E-1));
#7547=VERTEX_POINT('',#7545);
#7548=VERTEX_POINT('',#7546);
#7549=CARTESIAN_POINT('',(3.875E-1,-2.74E-1,-6.095E-1));
#7550=VERTEX_POINT('',#7549);
#7551=CARTESIAN_POINT('',(3.875E-1,-1.375E-1,-6.095E-1));
#7552=VERTEX_POINT('',#7551);
#7553=CARTESIAN_POINT('',(3.875E-1,6.25E-2,-7.845E-1));
#7554=CARTESIAN_POINT('',(3.875E-1,-2.74E-1,-7.845E-1));
#7555=VERTEX_POINT('',#7553);
#7556=VERTEX_POINT('',#7554);
#7557=CARTESIAN_POINT('',(3.875E-1,-2.74E-1,-7.595E-1));
#7558=VERTEX_POINT('',#7557);
#7559=CARTESIAN_POINT('',(3.875E-1,6.25E-2,-7.595E-1));
#7560=VERTEX_POINT('',#7559);
#7561=CARTESIAN_POINT('',(4.125E-1,-8.75E-2,-5.5E-1));
#7562=CARTESIAN_POINT('',(4.125E-1,-8.75E-2,-5.845E-1));
#7563=VERTEX_POINT('',#7561);
#7564=VERTEX_POINT('',#7562);
#7565=CARTESIAN_POINT('',(4.125E-1,-1.125E-1,-5.845E-1));
#7566=CARTESIAN_POINT('',(4.125E-1,-1.125E-1,-5.5E-1));
#7567=VERTEX_POINT('',#7565);
#7568=VERTEX_POINT('',#7566);
#7569=CARTESIAN_POINT('',(4.125E-1,1.125E-1,-5.5E-1));
#7570=CARTESIAN_POINT('',(4.125E-1,1.125E-1,-7.345E-1));
#7571=VERTEX_POINT('',#7569);
#7572=VERTEX_POINT('',#7570);
#7573=CARTESIAN_POINT('',(4.125E-1,8.75E-2,-7.345E-1));
#7574=CARTESIAN_POINT('',(4.125E-1,8.75E-2,-5.5E-1));
#7575=VERTEX_POINT('',#7573);
#7576=VERTEX_POINT('',#7574);
#7577=CARTESIAN_POINT('',(3.875E-1,-8.75E-2,-5.5E-1));
#7578=CARTESIAN_POINT('',(3.875E-1,-8.75E-2,-5.845E-1));
#7579=VERTEX_POINT('',#7577);
#7580=VERTEX_POINT('',#7578);
#7581=CARTESIAN_POINT('',(3.875E-1,-1.125E-1,-5.845E-1));
#7582=CARTESIAN_POINT('',(3.875E-1,-1.125E-1,-5.5E-1));
#7583=VERTEX_POINT('',#7581);
#7584=VERTEX_POINT('',#7582);
#7585=CARTESIAN_POINT('',(3.875E-1,1.125E-1,-5.5E-1));
#7586=CARTESIAN_POINT('',(3.875E-1,1.125E-1,-7.345E-1));
#7587=VERTEX_POINT('',#7585);
#7588=VERTEX_POINT('',#7586);
#7589=CARTESIAN_POINT('',(3.875E-1,8.75E-2,-7.345E-1));
#7590=CARTESIAN_POINT('',(3.875E-1,8.75E-2,-5.5E-1));
#7591=VERTEX_POINT('',#7589);
#7592=VERTEX_POINT('',#7590);
#7593=CARTESIAN_POINT('',(4.74E-1,3.675E-2,-7.905381472151E-2));
#7594=CARTESIAN_POINT('',(4.74E-1,3.675E-2,-2.009461852785E-1));
#7595=VERTEX_POINT('',#7593);
#7596=VERTEX_POINT('',#7594);
#7597=CARTESIAN_POINT('',(5.26E-1,3.675E-2,-7.905381472151E-2));
#7598=CARTESIAN_POINT('',(5.26E-1,3.675E-2,-2.009461852785E-1));
#7599=VERTEX_POINT('',#7597);
#7600=VERTEX_POINT('',#7598);
#7601=CARTESIAN_POINT('',(4.74E-1,-3.675E-2,-2.009461852785E-1));
#7602=CARTESIAN_POINT('',(4.74E-1,-3.675E-2,-7.905381472151E-2));
#7603=VERTEX_POINT('',#7601);
#7604=VERTEX_POINT('',#7602);
#7605=CARTESIAN_POINT('',(5.26E-1,-3.675E-2,-2.009461852785E-1));
#7606=CARTESIAN_POINT('',(5.26E-1,-3.675E-2,-7.905381472151E-2));
#7607=VERTEX_POINT('',#7605);
#7608=VERTEX_POINT('',#7606);
#7609=CARTESIAN_POINT('',(4.74E-1,3.675E-2,-1.800210881911E-1));
#7610=CARTESIAN_POINT('',(4.74E-1,3.675E-2,-9.997891180890E-2));
#7611=VERTEX_POINT('',#7609);
#7612=VERTEX_POINT('',#7610);
#7613=CARTESIAN_POINT('',(5.26E-1,3.675E-2,-1.800210881911E-1));
#7614=CARTESIAN_POINT('',(5.26E-1,3.675E-2,-9.997891180890E-2));
#7615=VERTEX_POINT('',#7613);
#7616=VERTEX_POINT('',#7614);
#7617=CARTESIAN_POINT('',(4.74E-1,-3.675E-2,-9.997891180890E-2));
#7618=CARTESIAN_POINT('',(4.74E-1,-3.675E-2,-1.800210881911E-1));
#7619=VERTEX_POINT('',#7617);
#7620=VERTEX_POINT('',#7618);
#7621=CARTESIAN_POINT('',(5.26E-1,-3.675E-2,-9.997891180890E-2));
#7622=CARTESIAN_POINT('',(5.26E-1,-3.675E-2,-1.800210881911E-1));
#7623=VERTEX_POINT('',#7621);
#7624=VERTEX_POINT('',#7622);
#7625=CARTESIAN_POINT('',(5.125E-1,-1.375E-1,-6.345E-1));
#7626=CARTESIAN_POINT('',(5.125E-1,-2.74E-1,-6.345E-1));
#7627=VERTEX_POINT('',#7625);
#7628=VERTEX_POINT('',#7626);
#7629=CARTESIAN_POINT('',(5.125E-1,-2.74E-1,-6.095E-1));
#7630=VERTEX_POINT('',#7629);
#7631=CARTESIAN_POINT('',(5.125E-1,-1.375E-1,-6.095E-1));
#7632=VERTEX_POINT('',#7631);
#7633=CARTESIAN_POINT('',(5.125E-1,6.25E-2,-7.845E-1));
#7634=CARTESIAN_POINT('',(5.125E-1,-2.74E-1,-7.845E-1));
#7635=VERTEX_POINT('',#7633);
#7636=VERTEX_POINT('',#7634);
#7637=CARTESIAN_POINT('',(5.125E-1,-2.74E-1,-7.595E-1));
#7638=VERTEX_POINT('',#7637);
#7639=CARTESIAN_POINT('',(5.125E-1,6.25E-2,-7.595E-1));
#7640=VERTEX_POINT('',#7639);
#7641=CARTESIAN_POINT('',(4.875E-1,-1.375E-1,-6.345E-1));
#7642=CARTESIAN_POINT('',(4.875E-1,-2.74E-1,-6.345E-1));
#7643=VERTEX_POINT('',#7641);
#7644=VERTEX_POINT('',#7642);
#7645=CARTESIAN_POINT('',(4.875E-1,-2.74E-1,-6.095E-1));
#7646=VERTEX_POINT('',#7645);
#7647=CARTESIAN_POINT('',(4.875E-1,-1.375E-1,-6.095E-1));
#7648=VERTEX_POINT('',#7647);
#7649=CARTESIAN_POINT('',(4.875E-1,6.25E-2,-7.845E-1));
#7650=CARTESIAN_POINT('',(4.875E-1,-2.74E-1,-7.845E-1));
#7651=VERTEX_POINT('',#7649);
#7652=VERTEX_POINT('',#7650);
#7653=CARTESIAN_POINT('',(4.875E-1,-2.74E-1,-7.595E-1));
#7654=VERTEX_POINT('',#7653);
#7655=CARTESIAN_POINT('',(4.875E-1,6.25E-2,-7.595E-1));
#7656=VERTEX_POINT('',#7655);
#7657=CARTESIAN_POINT('',(5.125E-1,-8.75E-2,-5.5E-1));
#7658=CARTESIAN_POINT('',(5.125E-1,-8.75E-2,-5.845E-1));
#7659=VERTEX_POINT('',#7657);
#7660=VERTEX_POINT('',#7658);
#7661=CARTESIAN_POINT('',(5.125E-1,-1.125E-1,-5.845E-1));
#7662=CARTESIAN_POINT('',(5.125E-1,-1.125E-1,-5.5E-1));
#7663=VERTEX_POINT('',#7661);
#7664=VERTEX_POINT('',#7662);
#7665=CARTESIAN_POINT('',(5.125E-1,1.125E-1,-5.5E-1));
#7666=CARTESIAN_POINT('',(5.125E-1,1.125E-1,-7.345E-1));
#7667=VERTEX_POINT('',#7665);
#7668=VERTEX_POINT('',#7666);
#7669=CARTESIAN_POINT('',(5.125E-1,8.75E-2,-7.345E-1));
#7670=CARTESIAN_POINT('',(5.125E-1,8.75E-2,-5.5E-1));
#7671=VERTEX_POINT('',#7669);
#7672=VERTEX_POINT('',#7670);
#7673=CARTESIAN_POINT('',(4.875E-1,-8.75E-2,-5.5E-1));
#7674=CARTESIAN_POINT('',(4.875E-1,-8.75E-2,-5.845E-1));
#7675=VERTEX_POINT('',#7673);
#7676=VERTEX_POINT('',#7674);
#7677=CARTESIAN_POINT('',(4.875E-1,-1.125E-1,-5.845E-1));
#7678=CARTESIAN_POINT('',(4.875E-1,-1.125E-1,-5.5E-1));
#7679=VERTEX_POINT('',#7677);
#7680=VERTEX_POINT('',#7678);
#7681=CARTESIAN_POINT('',(4.875E-1,1.125E-1,-5.5E-1));
#7682=CARTESIAN_POINT('',(4.875E-1,1.125E-1,-7.345E-1));
#7683=VERTEX_POINT('',#7681);
#7684=VERTEX_POINT('',#7682);
#7685=CARTESIAN_POINT('',(4.875E-1,8.75E-2,-7.345E-1));
#7686=CARTESIAN_POINT('',(4.875E-1,8.75E-2,-5.5E-1));
#7687=VERTEX_POINT('',#7685);
#7688=VERTEX_POINT('',#7686);
#7689=CARTESIAN_POINT('',(5.74E-1,3.675E-2,-7.905381472151E-2));
#7690=CARTESIAN_POINT('',(5.74E-1,3.675E-2,-2.009461852785E-1));
#7691=VERTEX_POINT('',#7689);
#7692=VERTEX_POINT('',#7690);
#7693=CARTESIAN_POINT('',(6.26E-1,3.675E-2,-7.905381472151E-2));
#7694=CARTESIAN_POINT('',(6.26E-1,3.675E-2,-2.009461852785E-1));
#7695=VERTEX_POINT('',#7693);
#7696=VERTEX_POINT('',#7694);
#7697=CARTESIAN_POINT('',(5.74E-1,-3.675E-2,-2.009461852785E-1));
#7698=CARTESIAN_POINT('',(5.74E-1,-3.675E-2,-7.905381472151E-2));
#7699=VERTEX_POINT('',#7697);
#7700=VERTEX_POINT('',#7698);
#7701=CARTESIAN_POINT('',(6.26E-1,-3.675E-2,-2.009461852785E-1));
#7702=CARTESIAN_POINT('',(6.26E-1,-3.675E-2,-7.905381472151E-2));
#7703=VERTEX_POINT('',#7701);
#7704=VERTEX_POINT('',#7702);
#7705=CARTESIAN_POINT('',(5.74E-1,3.675E-2,-1.800210881911E-1));
#7706=CARTESIAN_POINT('',(5.74E-1,3.675E-2,-9.997891180890E-2));
#7707=VERTEX_POINT('',#7705);
#7708=VERTEX_POINT('',#7706);
#7709=CARTESIAN_POINT('',(6.26E-1,3.675E-2,-1.800210881911E-1));
#7710=CARTESIAN_POINT('',(6.26E-1,3.675E-2,-9.997891180890E-2));
#7711=VERTEX_POINT('',#7709);
#7712=VERTEX_POINT('',#7710);
#7713=CARTESIAN_POINT('',(5.74E-1,-3.675E-2,-9.997891180890E-2));
#7714=CARTESIAN_POINT('',(5.74E-1,-3.675E-2,-1.800210881911E-1));
#7715=VERTEX_POINT('',#7713);
#7716=VERTEX_POINT('',#7714);
#7717=CARTESIAN_POINT('',(6.26E-1,-3.675E-2,-9.997891180890E-2));
#7718=CARTESIAN_POINT('',(6.26E-1,-3.675E-2,-1.800210881911E-1));
#7719=VERTEX_POINT('',#7717);
#7720=VERTEX_POINT('',#7718);
#7721=CARTESIAN_POINT('',(6.125E-1,-1.375E-1,-6.345E-1));
#7722=CARTESIAN_POINT('',(6.125E-1,-2.74E-1,-6.345E-1));
#7723=VERTEX_POINT('',#7721);
#7724=VERTEX_POINT('',#7722);
#7725=CARTESIAN_POINT('',(6.125E-1,-2.74E-1,-6.095E-1));
#7726=VERTEX_POINT('',#7725);
#7727=CARTESIAN_POINT('',(6.125E-1,-1.375E-1,-6.095E-1));
#7728=VERTEX_POINT('',#7727);
#7729=CARTESIAN_POINT('',(6.125E-1,6.25E-2,-7.845E-1));
#7730=CARTESIAN_POINT('',(6.125E-1,-2.74E-1,-7.845E-1));
#7731=VERTEX_POINT('',#7729);
#7732=VERTEX_POINT('',#7730);
#7733=CARTESIAN_POINT('',(6.125E-1,-2.74E-1,-7.595E-1));
#7734=VERTEX_POINT('',#7733);
#7735=CARTESIAN_POINT('',(6.125E-1,6.25E-2,-7.595E-1));
#7736=VERTEX_POINT('',#7735);
#7737=CARTESIAN_POINT('',(5.875E-1,-1.375E-1,-6.345E-1));
#7738=CARTESIAN_POINT('',(5.875E-1,-2.74E-1,-6.345E-1));
#7739=VERTEX_POINT('',#7737);
#7740=VERTEX_POINT('',#7738);
#7741=CARTESIAN_POINT('',(5.875E-1,-2.74E-1,-6.095E-1));
#7742=VERTEX_POINT('',#7741);
#7743=CARTESIAN_POINT('',(5.875E-1,-1.375E-1,-6.095E-1));
#7744=VERTEX_POINT('',#7743);
#7745=CARTESIAN_POINT('',(5.875E-1,6.25E-2,-7.845E-1));
#7746=CARTESIAN_POINT('',(5.875E-1,-2.74E-1,-7.845E-1));
#7747=VERTEX_POINT('',#7745);
#7748=VERTEX_POINT('',#7746);
#7749=CARTESIAN_POINT('',(5.875E-1,-2.74E-1,-7.595E-1));
#7750=VERTEX_POINT('',#7749);
#7751=CARTESIAN_POINT('',(5.875E-1,6.25E-2,-7.595E-1));
#7752=VERTEX_POINT('',#7751);
#7753=CARTESIAN_POINT('',(6.125E-1,-8.75E-2,-5.5E-1));
#7754=CARTESIAN_POINT('',(6.125E-1,-8.75E-2,-5.845E-1));
#7755=VERTEX_POINT('',#7753);
#7756=VERTEX_POINT('',#7754);
#7757=CARTESIAN_POINT('',(6.125E-1,-1.125E-1,-5.845E-1));
#7758=CARTESIAN_POINT('',(6.125E-1,-1.125E-1,-5.5E-1));
#7759=VERTEX_POINT('',#7757);
#7760=VERTEX_POINT('',#7758);
#7761=CARTESIAN_POINT('',(6.125E-1,1.125E-1,-5.5E-1));
#7762=CARTESIAN_POINT('',(6.125E-1,1.125E-1,-7.345E-1));
#7763=VERTEX_POINT('',#7761);
#7764=VERTEX_POINT('',#7762);
#7765=CARTESIAN_POINT('',(6.125E-1,8.75E-2,-7.345E-1));
#7766=CARTESIAN_POINT('',(6.125E-1,8.75E-2,-5.5E-1));
#7767=VERTEX_POINT('',#7765);
#7768=VERTEX_POINT('',#7766);
#7769=CARTESIAN_POINT('',(5.875E-1,-8.75E-2,-5.5E-1));
#7770=CARTESIAN_POINT('',(5.875E-1,-8.75E-2,-5.845E-1));
#7771=VERTEX_POINT('',#7769);
#7772=VERTEX_POINT('',#7770);
#7773=CARTESIAN_POINT('',(5.875E-1,-1.125E-1,-5.845E-1));
#7774=CARTESIAN_POINT('',(5.875E-1,-1.125E-1,-5.5E-1));
#7775=VERTEX_POINT('',#7773);
#7776=VERTEX_POINT('',#7774);
#7777=CARTESIAN_POINT('',(5.875E-1,1.125E-1,-5.5E-1));
#7778=CARTESIAN_POINT('',(5.875E-1,1.125E-1,-7.345E-1));
#7779=VERTEX_POINT('',#7777);
#7780=VERTEX_POINT('',#7778);
#7781=CARTESIAN_POINT('',(5.875E-1,8.75E-2,-7.345E-1));
#7782=CARTESIAN_POINT('',(5.875E-1,8.75E-2,-5.5E-1));
#7783=VERTEX_POINT('',#7781);
#7784=VERTEX_POINT('',#7782);
#7785=CARTESIAN_POINT('',(6.74E-1,3.675E-2,-7.905381472151E-2));
#7786=CARTESIAN_POINT('',(6.74E-1,3.675E-2,-2.009461852785E-1));
#7787=VERTEX_POINT('',#7785);
#7788=VERTEX_POINT('',#7786);
#7789=CARTESIAN_POINT('',(7.26E-1,3.675E-2,-7.905381472151E-2));
#7790=CARTESIAN_POINT('',(7.26E-1,3.675E-2,-2.009461852785E-1));
#7791=VERTEX_POINT('',#7789);
#7792=VERTEX_POINT('',#7790);
#7793=CARTESIAN_POINT('',(6.74E-1,-3.675E-2,-2.009461852785E-1));
#7794=CARTESIAN_POINT('',(6.74E-1,-3.675E-2,-7.905381472151E-2));
#7795=VERTEX_POINT('',#7793);
#7796=VERTEX_POINT('',#7794);
#7797=CARTESIAN_POINT('',(7.26E-1,-3.675E-2,-2.009461852785E-1));
#7798=CARTESIAN_POINT('',(7.26E-1,-3.675E-2,-7.905381472151E-2));
#7799=VERTEX_POINT('',#7797);
#7800=VERTEX_POINT('',#7798);
#7801=CARTESIAN_POINT('',(6.74E-1,3.675E-2,-1.800210881911E-1));
#7802=CARTESIAN_POINT('',(6.74E-1,3.675E-2,-9.997891180890E-2));
#7803=VERTEX_POINT('',#7801);
#7804=VERTEX_POINT('',#7802);
#7805=CARTESIAN_POINT('',(7.26E-1,3.675E-2,-1.800210881911E-1));
#7806=CARTESIAN_POINT('',(7.26E-1,3.675E-2,-9.997891180890E-2));
#7807=VERTEX_POINT('',#7805);
#7808=VERTEX_POINT('',#7806);
#7809=CARTESIAN_POINT('',(6.74E-1,-3.675E-2,-9.997891180890E-2));
#7810=CARTESIAN_POINT('',(6.74E-1,-3.675E-2,-1.800210881911E-1));
#7811=VERTEX_POINT('',#7809);
#7812=VERTEX_POINT('',#7810);
#7813=CARTESIAN_POINT('',(7.26E-1,-3.675E-2,-9.997891180890E-2));
#7814=CARTESIAN_POINT('',(7.26E-1,-3.675E-2,-1.800210881911E-1));
#7815=VERTEX_POINT('',#7813);
#7816=VERTEX_POINT('',#7814);
#7817=CARTESIAN_POINT('',(7.125E-1,-1.375E-1,-6.345E-1));
#7818=CARTESIAN_POINT('',(7.125E-1,-2.74E-1,-6.345E-1));
#7819=VERTEX_POINT('',#7817);
#7820=VERTEX_POINT('',#7818);
#7821=CARTESIAN_POINT('',(7.125E-1,-2.74E-1,-6.095E-1));
#7822=VERTEX_POINT('',#7821);
#7823=CARTESIAN_POINT('',(7.125E-1,-1.375E-1,-6.095E-1));
#7824=VERTEX_POINT('',#7823);
#7825=CARTESIAN_POINT('',(7.125E-1,6.25E-2,-7.845E-1));
#7826=CARTESIAN_POINT('',(7.125E-1,-2.74E-1,-7.845E-1));
#7827=VERTEX_POINT('',#7825);
#7828=VERTEX_POINT('',#7826);
#7829=CARTESIAN_POINT('',(7.125E-1,-2.74E-1,-7.595E-1));
#7830=VERTEX_POINT('',#7829);
#7831=CARTESIAN_POINT('',(7.125E-1,6.25E-2,-7.595E-1));
#7832=VERTEX_POINT('',#7831);
#7833=CARTESIAN_POINT('',(6.875E-1,-1.375E-1,-6.345E-1));
#7834=CARTESIAN_POINT('',(6.875E-1,-2.74E-1,-6.345E-1));
#7835=VERTEX_POINT('',#7833);
#7836=VERTEX_POINT('',#7834);
#7837=CARTESIAN_POINT('',(6.875E-1,-2.74E-1,-6.095E-1));
#7838=VERTEX_POINT('',#7837);
#7839=CARTESIAN_POINT('',(6.875E-1,-1.375E-1,-6.095E-1));
#7840=VERTEX_POINT('',#7839);
#7841=CARTESIAN_POINT('',(6.875E-1,6.25E-2,-7.845E-1));
#7842=CARTESIAN_POINT('',(6.875E-1,-2.74E-1,-7.845E-1));
#7843=VERTEX_POINT('',#7841);
#7844=VERTEX_POINT('',#7842);
#7845=CARTESIAN_POINT('',(6.875E-1,-2.74E-1,-7.595E-1));
#7846=VERTEX_POINT('',#7845);
#7847=CARTESIAN_POINT('',(6.875E-1,6.25E-2,-7.595E-1));
#7848=VERTEX_POINT('',#7847);
#7849=CARTESIAN_POINT('',(7.125E-1,-8.75E-2,-5.5E-1));
#7850=CARTESIAN_POINT('',(7.125E-1,-8.75E-2,-5.845E-1));
#7851=VERTEX_POINT('',#7849);
#7852=VERTEX_POINT('',#7850);
#7853=CARTESIAN_POINT('',(7.125E-1,-1.125E-1,-5.845E-1));
#7854=CARTESIAN_POINT('',(7.125E-1,-1.125E-1,-5.5E-1));
#7855=VERTEX_POINT('',#7853);
#7856=VERTEX_POINT('',#7854);
#7857=CARTESIAN_POINT('',(7.125E-1,1.125E-1,-5.5E-1));
#7858=CARTESIAN_POINT('',(7.125E-1,1.125E-1,-7.345E-1));
#7859=VERTEX_POINT('',#7857);
#7860=VERTEX_POINT('',#7858);
#7861=CARTESIAN_POINT('',(7.125E-1,8.75E-2,-7.345E-1));
#7862=CARTESIAN_POINT('',(7.125E-1,8.75E-2,-5.5E-1));
#7863=VERTEX_POINT('',#7861);
#7864=VERTEX_POINT('',#7862);
#7865=CARTESIAN_POINT('',(6.875E-1,-8.75E-2,-5.5E-1));
#7866=CARTESIAN_POINT('',(6.875E-1,-8.75E-2,-5.845E-1));
#7867=VERTEX_POINT('',#7865);
#7868=VERTEX_POINT('',#7866);
#7869=CARTESIAN_POINT('',(6.875E-1,-1.125E-1,-5.845E-1));
#7870=CARTESIAN_POINT('',(6.875E-1,-1.125E-1,-5.5E-1));
#7871=VERTEX_POINT('',#7869);
#7872=VERTEX_POINT('',#7870);
#7873=CARTESIAN_POINT('',(6.875E-1,1.125E-1,-5.5E-1));
#7874=CARTESIAN_POINT('',(6.875E-1,1.125E-1,-7.345E-1));
#7875=VERTEX_POINT('',#7873);
#7876=VERTEX_POINT('',#7874);
#7877=CARTESIAN_POINT('',(6.875E-1,8.75E-2,-7.345E-1));
#7878=CARTESIAN_POINT('',(6.875E-1,8.75E-2,-5.5E-1));
#7879=VERTEX_POINT('',#7877);
#7880=VERTEX_POINT('',#7878);
#7881=CARTESIAN_POINT('',(-8.E-1,3.675E-2,-6.E-2));
#7882=CARTESIAN_POINT('',(8.E-1,3.675E-2,-6.E-2));
#7883=VERTEX_POINT('',#7881);
#7884=VERTEX_POINT('',#7882);
#7885=CARTESIAN_POINT('',(8.E-1,-3.675E-2,-6.E-2));
#7886=CARTESIAN_POINT('',(-8.E-1,-3.675E-2,-6.E-2));
#7887=VERTEX_POINT('',#7885);
#7888=VERTEX_POINT('',#7886);
#7889=CARTESIAN_POINT('',(8.6E-1,-9.675E-2,0.E0));
#7890=CARTESIAN_POINT('',(-8.6E-1,-9.675E-2,0.E0));
#7891=VERTEX_POINT('',#7889);
#7892=VERTEX_POINT('',#7890);
#7893=VERTEX_POINT('',#3987);
#7894=VERTEX_POINT('',#3971);
#7895=CARTESIAN_POINT('',(7.949999999339E-1,1.59E-1,-3.55E-1));
#7896=CARTESIAN_POINT('',(-7.949999999621E-1,1.59E-1,-3.55E-1));
#7897=VERTEX_POINT('',#7895);
#7898=VERTEX_POINT('',#7896);
#7899=CARTESIAN_POINT('',(7.949999999928E-1,1.639999999769E-1,-3.5E-1));
#7900=CARTESIAN_POINT('',(-7.949999999932E-1,1.639999999745E-1,-3.5E-1));
#7901=VERTEX_POINT('',#7899);
#7902=VERTEX_POINT('',#7900);
#7903=VERTEX_POINT('',#319);
#7904=VERTEX_POINT('',#325);
#7905=VERTEX_POINT('',#332);
#7906=VERTEX_POINT('',#339);
#7907=CARTESIAN_POINT('',(8.5E-1,1.5E-1,-4.3E-1));
#7908=CARTESIAN_POINT('',(8.8E-1,1.2E-1,-4.3E-1));
#7909=VERTEX_POINT('',#7907);
#7910=VERTEX_POINT('',#7908);
#7911=CARTESIAN_POINT('',(8.8E-1,-1.2E-1,-4.3E-1));
#7912=CARTESIAN_POINT('',(8.5E-1,-1.5E-1,-4.3E-1));
#7913=VERTEX_POINT('',#7911);
#7914=VERTEX_POINT('',#7912);
#7915=CARTESIAN_POINT('',(8.164242852856E-1,-1.5E-1,-4.3E-1));
#7916=VERTEX_POINT('',#7915);
#7917=CARTESIAN_POINT('',(-8.8E-1,1.2E-1,-4.3E-1));
#7918=CARTESIAN_POINT('',(-8.5E-1,1.5E-1,-4.3E-1));
#7919=VERTEX_POINT('',#7917);
#7920=VERTEX_POINT('',#7918);
#7921=CARTESIAN_POINT('',(-8.5E-1,-1.5E-1,-4.3E-1));
#7922=CARTESIAN_POINT('',(-8.8E-1,-1.2E-1,-4.3E-1));
#7923=VERTEX_POINT('',#7921);
#7924=VERTEX_POINT('',#7922);
#7925=CARTESIAN_POINT('',(7.95E-1,-1.59E-1,-3.55E-1));
#7926=CARTESIAN_POINT('',(8.164242852856E-1,-1.5E-1,-3.55E-1));
#7927=VERTEX_POINT('',#7925);
#7928=VERTEX_POINT('',#7926);
#7929=CARTESIAN_POINT('',(7.95E-1,-1.64E-1,-3.5E-1));
#7930=CARTESIAN_POINT('',(8.184307490277E-1,-1.55E-1,-3.5E-1));
#7931=VERTEX_POINT('',#7929);
#7932=VERTEX_POINT('',#7930);
#7933=CARTESIAN_POINT('',(-7.949999999339E-1,-1.59E-1,-3.55E-1));
#7934=VERTEX_POINT('',#7933);
#7935=CARTESIAN_POINT('',(-7.949999999928E-1,-1.639999999769E-1,-3.5E-1));
#7936=VERTEX_POINT('',#7935);
#7937=CARTESIAN_POINT('',(-8.164242852856E-1,1.5E-1,-3.55E-1));
#7938=VERTEX_POINT('',#7937);
#7939=CARTESIAN_POINT('',(-8.184307490277E-1,1.55E-1,-3.5E-1));
#7940=VERTEX_POINT('',#7939);
#7941=CARTESIAN_POINT('',(8.184307490277E-1,1.55E-1,-3.5E-1));
#7942=VERTEX_POINT('',#7941);
#7943=CARTESIAN_POINT('',(8.164242852856E-1,1.5E-1,-3.55E-1));
#7944=VERTEX_POINT('',#7943);
#7945=CARTESIAN_POINT('',(8.5E-1,-1.5E-1,-3.55E-1));
#7946=CARTESIAN_POINT('',(8.8E-1,-1.2E-1,-3.55E-1));
#7947=VERTEX_POINT('',#7945);
#7948=VERTEX_POINT('',#7946);
#7949=CARTESIAN_POINT('',(8.5E-1,-1.55E-1,-3.5E-1));
#7950=CARTESIAN_POINT('',(8.8E-1,-1.380277563773E-1,-3.5E-1));
#7951=VERTEX_POINT('',#7949);
#7952=VERTEX_POINT('',#7950);
#7953=CARTESIAN_POINT('',(-8.5E-1,-1.55E-1,-3.5E-1));
#7954=VERTEX_POINT('',#7953);
#7955=CARTESIAN_POINT('',(-8.5E-1,-1.5E-1,-3.55E-1));
#7956=VERTEX_POINT('',#7955);
#7957=CARTESIAN_POINT('',(-8.5E-1,1.5E-1,-3.55E-1));
#7958=CARTESIAN_POINT('',(-8.8E-1,1.2E-1,-3.55E-1));
#7959=VERTEX_POINT('',#7957);
#7960=VERTEX_POINT('',#7958);
#7961=CARTESIAN_POINT('',(-8.5E-1,1.55E-1,-3.5E-1));
#7962=CARTESIAN_POINT('',(-8.8E-1,1.380277563773E-1,-3.5E-1));
#7963=VERTEX_POINT('',#7961);
#7964=VERTEX_POINT('',#7962);
#7965=CARTESIAN_POINT('',(8.8E-1,1.380277563773E-1,-3.5E-1));
#7966=CARTESIAN_POINT('',(8.5E-1,1.55E-1,-3.5E-1));
#7967=VERTEX_POINT('',#7965);
#7968=VERTEX_POINT('',#7966);
#7969=CARTESIAN_POINT('',(8.8E-1,1.2E-1,-3.55E-1));
#7970=CARTESIAN_POINT('',(8.5E-1,1.5E-1,-3.55E-1));
#7971=VERTEX_POINT('',#7969);
#7972=VERTEX_POINT('',#7970);
#7973=CARTESIAN_POINT('',(-8.8E-1,0.E0,0.E0));
#7974=DIRECTION('',(1.E0,0.E0,0.E0));
#7975=DIRECTION('',(0.E0,0.E0,-1.E0));
#7976=AXIS2_PLACEMENT_3D('',#7973,#7974,#7975);
#7977=PLANE('',#7976);
#7979=ORIENTED_EDGE('',*,*,#7978,.F.);
#7981=ORIENTED_EDGE('',*,*,#7980,.F.);
#7983=ORIENTED_EDGE('',*,*,#7982,.F.);
#7985=ORIENTED_EDGE('',*,*,#7984,.F.);
#7987=ORIENTED_EDGE('',*,*,#7986,.T.);
#7989=ORIENTED_EDGE('',*,*,#7988,.F.);
#7991=ORIENTED_EDGE('',*,*,#7990,.F.);
#7993=ORIENTED_EDGE('',*,*,#7992,.F.);
#7995=ORIENTED_EDGE('',*,*,#7994,.F.);
#7997=ORIENTED_EDGE('',*,*,#7996,.F.);
#7998=EDGE_LOOP('',(#7979,#7981,#7983,#7985,#7987,#7989,#7991,#7993,#7995,
#7997));
#7999=FACE_OUTER_BOUND('',#7998,.F.);
#8000=ADVANCED_FACE('',(#7999),#7977,.F.);
#8001=CARTESIAN_POINT('',(-8.5E-1,1.2E-1,7.95196E-1));
#8002=DIRECTION('',(0.E0,0.E0,-1.E0));
#8003=DIRECTION('',(-1.E0,0.E0,0.E0));
#8004=AXIS2_PLACEMENT_3D('',#8001,#8002,#8003);
#8005=CYLINDRICAL_SURFACE('',#8004,3.E-2);
#8007=ORIENTED_EDGE('',*,*,#8006,.T.);
#8008=ORIENTED_EDGE('',*,*,#7978,.T.);
#8010=ORIENTED_EDGE('',*,*,#8009,.T.);
#8012=ORIENTED_EDGE('',*,*,#8011,.F.);
#8013=EDGE_LOOP('',(#8007,#8008,#8010,#8012));
#8014=FACE_OUTER_BOUND('',#8013,.F.);
#8015=ADVANCED_FACE('',(#8014),#8005,.T.);
#8016=CARTESIAN_POINT('',(-8.5E-1,1.2E-1,-3.55E-1));
#8017=DIRECTION('',(0.E0,0.E0,-1.E0));
#8018=DIRECTION('',(9.343610522222E-2,9.956252780243E-1,0.E0));
#8019=AXIS2_PLACEMENT_3D('',#8016,#8017,#8018);
#8020=TOROIDAL_SURFACE('',#8019,3.5E-2,5.E-3);
#8021=ORIENTED_EDGE('',*,*,#8006,.F.);
#8023=ORIENTED_EDGE('',*,*,#8022,.T.);
#8025=ORIENTED_EDGE('',*,*,#8024,.T.);
#8026=ORIENTED_EDGE('',*,*,#7980,.T.);
#8027=EDGE_LOOP('',(#8021,#8023,#8025,#8026));
#8028=FACE_OUTER_BOUND('',#8027,.F.);
#8029=ADVANCED_FACE('',(#8028),#8020,.F.);
#8030=CARTESIAN_POINT('',(2.760141482959E0,1.55E-1,-3.55E-1));
#8031=DIRECTION('',(-1.E0,0.E0,0.E0));
#8032=DIRECTION('',(0.E0,-1.E0,0.E0));
#8033=AXIS2_PLACEMENT_3D('',#8030,#8031,#8032);
#8034=CYLINDRICAL_SURFACE('',#8033,5.E-3);
#8036=ORIENTED_EDGE('',*,*,#8035,.T.);
#8037=ORIENTED_EDGE('',*,*,#8022,.F.);
#8039=ORIENTED_EDGE('',*,*,#8038,.F.);
#8041=ORIENTED_EDGE('',*,*,#8040,.T.);
#8042=EDGE_LOOP('',(#8036,#8037,#8039,#8041));
#8043=FACE_OUTER_BOUND('',#8042,.F.);
#8044=ADVANCED_FACE('',(#8043),#8034,.F.);
#8045=CARTESIAN_POINT('',(-8.8E-1,1.59E-1,-3.5E-1));
#8046=DIRECTION('',(0.E0,0.E0,-1.E0));
#8047=DIRECTION('',(0.E0,1.E0,0.E0));
#8048=AXIS2_PLACEMENT_3D('',#8045,#8046,#8047);
#8049=PLANE('',#8048);
#8051=ORIENTED_EDGE('',*,*,#8050,.F.);
#8053=ORIENTED_EDGE('',*,*,#8052,.F.);
#8055=ORIENTED_EDGE('',*,*,#8054,.F.);
#8057=ORIENTED_EDGE('',*,*,#8056,.F.);
#8059=ORIENTED_EDGE('',*,*,#8058,.T.);
#8061=ORIENTED_EDGE('',*,*,#8060,.F.);
#8063=ORIENTED_EDGE('',*,*,#8062,.F.);
#8065=ORIENTED_EDGE('',*,*,#8064,.F.);
#8066=ORIENTED_EDGE('',*,*,#7982,.T.);
#8067=ORIENTED_EDGE('',*,*,#8024,.F.);
#8068=ORIENTED_EDGE('',*,*,#8035,.F.);
#8070=ORIENTED_EDGE('',*,*,#8069,.F.);
#8071=EDGE_LOOP('',(#8051,#8053,#8055,#8057,#8059,#8061,#8063,#8065,#8066,#8067,
#8068,#8070));
#8072=FACE_OUTER_BOUND('',#8071,.F.);
#8073=ADVANCED_FACE('',(#8072),#8049,.T.);
#8074=CARTESIAN_POINT('',(-8.8E-1,1.59E-1,-3.5E-1));
#8075=DIRECTION('',(0.E0,0.E0,-1.E0));
#8076=DIRECTION('',(0.E0,1.E0,0.E0));
#8077=AXIS2_PLACEMENT_3D('',#8074,#8075,#8076);
#8078=PLANE('',#8077);
#8080=ORIENTED_EDGE('',*,*,#8079,.F.);
#8082=ORIENTED_EDGE('',*,*,#8081,.F.);
#8084=ORIENTED_EDGE('',*,*,#8083,.F.);
#8086=ORIENTED_EDGE('',*,*,#8085,.F.);
#8088=ORIENTED_EDGE('',*,*,#8087,.F.);
#8089=ORIENTED_EDGE('',*,*,#7990,.T.);
#8091=ORIENTED_EDGE('',*,*,#8090,.F.);
#8093=ORIENTED_EDGE('',*,*,#8092,.T.);
#8095=ORIENTED_EDGE('',*,*,#8094,.F.);
#8097=ORIENTED_EDGE('',*,*,#8096,.T.);
#8099=ORIENTED_EDGE('',*,*,#8098,.F.);
#8101=ORIENTED_EDGE('',*,*,#8100,.F.);
#8102=EDGE_LOOP('',(#8080,#8082,#8084,#8086,#8088,#8089,#8091,#8093,#8095,#8097,
#8099,#8101));
#8103=FACE_OUTER_BOUND('',#8102,.F.);
#8104=ADVANCED_FACE('',(#8103),#8078,.T.);
#8105=CARTESIAN_POINT('',(7.979709925916E-1,1.64E-1,-3.55E-1));
#8106=DIRECTION('',(-1.E0,0.E0,0.E0));
#8107=DIRECTION('',(0.E0,-1.E0,0.E0));
#8108=AXIS2_PLACEMENT_3D('',#8105,#8106,#8107);
#8109=CYLINDRICAL_SURFACE('',#8108,5.E-3);
#8111=ORIENTED_EDGE('',*,*,#8110,.F.);
#8113=ORIENTED_EDGE('',*,*,#8112,.T.);
#8114=ORIENTED_EDGE('',*,*,#8050,.T.);
#8116=ORIENTED_EDGE('',*,*,#8115,.F.);
#8117=EDGE_LOOP('',(#8111,#8113,#8114,#8116));
#8118=FACE_OUTER_BOUND('',#8117,.F.);
#8119=ADVANCED_FACE('',(#8118),#8109,.F.);
#8120=CARTESIAN_POINT('',(-8.8E-1,1.59E-1,-5.5E-1));
#8121=DIRECTION('',(0.E0,1.E0,0.E0));
#8122=DIRECTION('',(0.E0,0.E0,1.E0));
#8123=AXIS2_PLACEMENT_3D('',#8120,#8121,#8122);
#8124=PLANE('',#8123);
#8125=ORIENTED_EDGE('',*,*,#8110,.T.);
#8127=ORIENTED_EDGE('',*,*,#8126,.F.);
#8129=ORIENTED_EDGE('',*,*,#8128,.T.);
#8131=ORIENTED_EDGE('',*,*,#8130,.F.);
#8133=ORIENTED_EDGE('',*,*,#8132,.T.);
#8135=ORIENTED_EDGE('',*,*,#8134,.T.);
#8137=ORIENTED_EDGE('',*,*,#8136,.F.);
#8139=ORIENTED_EDGE('',*,*,#8138,.F.);
#8140=EDGE_LOOP('',(#8125,#8127,#8129,#8131,#8133,#8135,#8137,#8139));
#8141=FACE_OUTER_BOUND('',#8140,.F.);
#8142=ADVANCED_FACE('',(#8141),#8124,.T.);
#8143=CARTESIAN_POINT('',(-7.95E-1,1.29E-1,-1.405196E0));
#8144=DIRECTION('',(0.E0,0.E0,1.E0));
#8145=DIRECTION('',(0.E0,1.E0,0.E0));
#8146=AXIS2_PLACEMENT_3D('',#8143,#8144,#8145);
#8147=CYLINDRICAL_SURFACE('',#8146,3.E-2);
#8149=ORIENTED_EDGE('',*,*,#8148,.T.);
#8151=ORIENTED_EDGE('',*,*,#8150,.T.);
#8153=ORIENTED_EDGE('',*,*,#8152,.T.);
#8155=ORIENTED_EDGE('',*,*,#8154,.F.);
#8157=ORIENTED_EDGE('',*,*,#8156,.T.);
#8158=ORIENTED_EDGE('',*,*,#8126,.T.);
#8159=EDGE_LOOP('',(#8149,#8151,#8153,#8155,#8157,#8158));
#8160=FACE_OUTER_BOUND('',#8159,.F.);
#8161=ADVANCED_FACE('',(#8160),#8147,.T.);
#8162=CARTESIAN_POINT('',(-7.95E-1,1.29E-1,-3.55E-1));
#8163=DIRECTION('',(0.E0,0.E0,1.E0));
#8164=DIRECTION('',(1.018333258279E-1,9.948014745419E-1,0.E0));
#8165=AXIS2_PLACEMENT_3D('',#8162,#8163,#8164);
#8166=TOROIDAL_SURFACE('',#8165,3.5E-2,5.E-3);
#8167=ORIENTED_EDGE('',*,*,#8148,.F.);
#8168=ORIENTED_EDGE('',*,*,#8115,.T.);
#8169=ORIENTED_EDGE('',*,*,#8069,.T.);
#8170=ORIENTED_EDGE('',*,*,#8040,.F.);
#8171=EDGE_LOOP('',(#8167,#8168,#8169,#8170));
#8172=FACE_OUTER_BOUND('',#8171,.F.);
#8173=ADVANCED_FACE('',(#8172),#8166,.F.);
#8174=CARTESIAN_POINT('',(-8.25E-1,1.5E-1,-4.3E-1));
#8175=DIRECTION('',(0.E0,-1.E0,0.E0));
#8176=DIRECTION('',(-1.E0,0.E0,0.E0));
#8177=AXIS2_PLACEMENT_3D('',#8174,#8175,#8176);
#8178=PLANE('',#8177);
#8179=ORIENTED_EDGE('',*,*,#8150,.F.);
#8180=ORIENTED_EDGE('',*,*,#8038,.T.);
#8181=ORIENTED_EDGE('',*,*,#8011,.T.);
#8183=ORIENTED_EDGE('',*,*,#8182,.T.);
#8184=EDGE_LOOP('',(#8179,#8180,#8181,#8183));
#8185=FACE_OUTER_BOUND('',#8184,.F.);
#8186=ADVANCED_FACE('',(#8185),#8178,.F.);
#8187=CARTESIAN_POINT('',(-8.25E-1,-1.59E-1,-4.3E-1));
#8188=DIRECTION('',(0.E0,0.E0,1.E0));
#8189=DIRECTION('',(-1.E0,0.E0,0.E0));
#8190=AXIS2_PLACEMENT_3D('',#8187,#8188,#8189);
#8191=PLANE('',#8190);
#8193=ORIENTED_EDGE('',*,*,#8192,.F.);
#8195=ORIENTED_EDGE('',*,*,#8194,.F.);
#8197=ORIENTED_EDGE('',*,*,#8196,.T.);
#8198=ORIENTED_EDGE('',*,*,#8152,.F.);
#8199=ORIENTED_EDGE('',*,*,#8182,.F.);
#8200=ORIENTED_EDGE('',*,*,#8009,.F.);
#8201=ORIENTED_EDGE('',*,*,#7996,.T.);
#8203=ORIENTED_EDGE('',*,*,#8202,.F.);
#8204=EDGE_LOOP('',(#8193,#8195,#8197,#8198,#8199,#8200,#8201,#8203));
#8205=FACE_OUTER_BOUND('',#8204,.F.);
#8206=ADVANCED_FACE('',(#8205),#8191,.F.);
#8207=CARTESIAN_POINT('',(-8.8E-1,-1.5E-1,-4.3E-1));
#8208=DIRECTION('',(0.E0,1.E0,0.E0));
#8209=DIRECTION('',(1.E0,0.E0,0.E0));
#8210=AXIS2_PLACEMENT_3D('',#8207,#8208,#8209);
#8211=PLANE('',#8210);
#8213=ORIENTED_EDGE('',*,*,#8212,.F.);
#8214=ORIENTED_EDGE('',*,*,#8192,.T.);
#8216=ORIENTED_EDGE('',*,*,#8215,.T.);
#8218=ORIENTED_EDGE('',*,*,#8217,.T.);
#8219=EDGE_LOOP('',(#8213,#8214,#8216,#8218));
#8220=FACE_OUTER_BOUND('',#8219,.F.);
#8221=ADVANCED_FACE('',(#8220),#8211,.F.);
#8222=CARTESIAN_POINT('',(-7.95E-1,-1.29E-1,7.95196E-1));
#8223=DIRECTION('',(0.E0,0.E0,-1.E0));
#8224=DIRECTION('',(0.E0,-1.E0,0.E0));
#8225=AXIS2_PLACEMENT_3D('',#8222,#8223,#8224);
#8226=CYLINDRICAL_SURFACE('',#8225,3.E-2);
#8228=ORIENTED_EDGE('',*,*,#8227,.T.);
#8230=ORIENTED_EDGE('',*,*,#8229,.T.);
#8232=ORIENTED_EDGE('',*,*,#8231,.T.);
#8234=ORIENTED_EDGE('',*,*,#8233,.F.);
#8235=ORIENTED_EDGE('',*,*,#8194,.T.);
#8236=ORIENTED_EDGE('',*,*,#8212,.T.);
#8237=EDGE_LOOP('',(#8228,#8230,#8232,#8234,#8235,#8236));
#8238=FACE_OUTER_BOUND('',#8237,.F.);
#8239=ADVANCED_FACE('',(#8238),#8226,.T.);
#8240=CARTESIAN_POINT('',(-7.95E-1,-1.29E-1,-3.55E-1));
#8241=DIRECTION('',(0.E0,0.E0,-1.E0));
#8242=DIRECTION('',(7.063372212094E-1,7.078755045445E-1,0.E0));
#8243=AXIS2_PLACEMENT_3D('',#8240,#8241,#8242);
#8244=TOROIDAL_SURFACE('',#8243,3.5E-2,5.E-3);
#8246=ORIENTED_EDGE('',*,*,#8245,.T.);
#8247=ORIENTED_EDGE('',*,*,#8083,.T.);
#8249=ORIENTED_EDGE('',*,*,#8248,.F.);
#8250=ORIENTED_EDGE('',*,*,#8227,.F.);
#8251=EDGE_LOOP('',(#8246,#8247,#8249,#8250));
#8252=FACE_OUTER_BOUND('',#8251,.F.);
#8253=ADVANCED_FACE('',(#8252),#8244,.F.);
#8254=CARTESIAN_POINT('',(-8.530603046388E-1,-1.55E-1,-3.55E-1));
#8255=DIRECTION('',(1.E0,0.E0,0.E0));
#8256=DIRECTION('',(0.E0,1.E0,0.E0));
#8257=AXIS2_PLACEMENT_3D('',#8254,#8255,#8256);
#8258=CYLINDRICAL_SURFACE('',#8257,5.E-3);
#8259=ORIENTED_EDGE('',*,*,#8245,.F.);
#8260=ORIENTED_EDGE('',*,*,#8217,.F.);
#8262=ORIENTED_EDGE('',*,*,#8261,.T.);
#8263=ORIENTED_EDGE('',*,*,#8085,.T.);
#8264=EDGE_LOOP('',(#8259,#8260,#8262,#8263));
#8265=FACE_OUTER_BOUND('',#8264,.F.);
#8266=ADVANCED_FACE('',(#8265),#8258,.F.);
#8267=CARTESIAN_POINT('',(-8.5E-1,-1.2E-1,-3.55E-1));
#8268=DIRECTION('',(0.E0,0.E0,1.E0));
#8269=DIRECTION('',(7.064465069690E-1,7.077664394356E-1,0.E0));
#8270=AXIS2_PLACEMENT_3D('',#8267,#8268,#8269);
#8271=TOROIDAL_SURFACE('',#8270,3.5E-2,5.E-3);
#8272=ORIENTED_EDGE('',*,*,#7992,.T.);
#8273=ORIENTED_EDGE('',*,*,#8087,.T.);
#8274=ORIENTED_EDGE('',*,*,#8261,.F.);
#8276=ORIENTED_EDGE('',*,*,#8275,.F.);
#8277=EDGE_LOOP('',(#8272,#8273,#8274,#8276));
#8278=FACE_OUTER_BOUND('',#8277,.F.);
#8279=ADVANCED_FACE('',(#8278),#8271,.F.);
#8280=CARTESIAN_POINT('',(-8.5E-1,-1.2E-1,-1.405196E0));
#8281=DIRECTION('',(0.E0,0.E0,1.E0));
#8282=DIRECTION('',(-1.E0,0.E0,0.E0));
#8283=AXIS2_PLACEMENT_3D('',#8280,#8281,#8282);
#8284=CYLINDRICAL_SURFACE('',#8283,3.E-2);
#8285=ORIENTED_EDGE('',*,*,#8275,.T.);
#8286=ORIENTED_EDGE('',*,*,#8215,.F.);
#8287=ORIENTED_EDGE('',*,*,#8202,.T.);
#8288=ORIENTED_EDGE('',*,*,#7994,.T.);
#8289=EDGE_LOOP('',(#8285,#8286,#8287,#8288));
#8290=FACE_OUTER_BOUND('',#8289,.F.);
#8291=ADVANCED_FACE('',(#8290),#8284,.T.);
#8292=CARTESIAN_POINT('',(-7.978632257591E-1,-1.64E-1,-3.55E-1));
#8293=DIRECTION('',(1.E0,0.E0,0.E0));
#8294=DIRECTION('',(0.E0,1.E0,0.E0));
#8295=AXIS2_PLACEMENT_3D('',#8292,#8293,#8294);
#8296=CYLINDRICAL_SURFACE('',#8295,5.E-3);
#8298=ORIENTED_EDGE('',*,*,#8297,.F.);
#8299=ORIENTED_EDGE('',*,*,#8248,.T.);
#8300=ORIENTED_EDGE('',*,*,#8081,.T.);
#8302=ORIENTED_EDGE('',*,*,#8301,.F.);
#8303=EDGE_LOOP('',(#8298,#8299,#8300,#8302));
#8304=FACE_OUTER_BOUND('',#8303,.F.);
#8305=ADVANCED_FACE('',(#8304),#8296,.F.);
#8306=CARTESIAN_POINT('',(-8.8E-1,-1.59E-1,-3.5E-1));
#8307=DIRECTION('',(0.E0,-1.E0,0.E0));
#8308=DIRECTION('',(0.E0,0.E0,-1.E0));
#8309=AXIS2_PLACEMENT_3D('',#8306,#8307,#8308);
#8310=PLANE('',#8309);
#8311=ORIENTED_EDGE('',*,*,#8297,.T.);
#8313=ORIENTED_EDGE('',*,*,#8312,.F.);
#8315=ORIENTED_EDGE('',*,*,#8314,.F.);
#8317=ORIENTED_EDGE('',*,*,#8316,.T.);
#8319=ORIENTED_EDGE('',*,*,#8318,.F.);
#8321=ORIENTED_EDGE('',*,*,#8320,.F.);
#8323=ORIENTED_EDGE('',*,*,#8322,.F.);
#8324=ORIENTED_EDGE('',*,*,#8229,.F.);
#8325=EDGE_LOOP('',(#8311,#8313,#8315,#8317,#8319,#8321,#8323,#8324));
#8326=FACE_OUTER_BOUND('',#8325,.F.);
#8327=ADVANCED_FACE('',(#8326),#8310,.T.);
#8328=CARTESIAN_POINT('',(7.95E-1,-1.29E-1,-1.405196E0));
#8329=DIRECTION('',(0.E0,0.E0,1.E0));
#8330=DIRECTION('',(0.E0,-1.E0,0.E0));
#8331=AXIS2_PLACEMENT_3D('',#8328,#8329,#8330);
#8332=CYLINDRICAL_SURFACE('',#8331,3.E-2);
#8334=ORIENTED_EDGE('',*,*,#8333,.T.);
#8336=ORIENTED_EDGE('',*,*,#8335,.T.);
#8338=ORIENTED_EDGE('',*,*,#8337,.T.);
#8340=ORIENTED_EDGE('',*,*,#8339,.F.);
#8342=ORIENTED_EDGE('',*,*,#8341,.T.);
#8343=ORIENTED_EDGE('',*,*,#8312,.T.);
#8344=EDGE_LOOP('',(#8334,#8336,#8338,#8340,#8342,#8343));
#8345=FACE_OUTER_BOUND('',#8344,.F.);
#8346=ADVANCED_FACE('',(#8345),#8332,.T.);
#8347=CARTESIAN_POINT('',(7.95E-1,-1.29E-1,-3.55E-1));
#8348=DIRECTION('',(0.E0,0.E0,1.E0));
#8349=DIRECTION('',(-1.018333258279E-1,-9.948014745419E-1,0.E0));
#8350=AXIS2_PLACEMENT_3D('',#8347,#8348,#8349);
#8351=TOROIDAL_SURFACE('',#8350,3.5E-2,5.E-3);
#8352=ORIENTED_EDGE('',*,*,#8333,.F.);
#8353=ORIENTED_EDGE('',*,*,#8301,.T.);
#8354=ORIENTED_EDGE('',*,*,#8079,.T.);
#8356=ORIENTED_EDGE('',*,*,#8355,.F.);
#8357=EDGE_LOOP('',(#8352,#8353,#8354,#8356));
#8358=FACE_OUTER_BOUND('',#8357,.F.);
#8359=ADVANCED_FACE('',(#8358),#8351,.F.);
#8360=CARTESIAN_POINT('',(-2.693593372243E0,-1.55E-1,-3.55E-1));
#8361=DIRECTION('',(1.E0,0.E0,0.E0));
#8362=DIRECTION('',(0.E0,1.E0,0.E0));
#8363=AXIS2_PLACEMENT_3D('',#8360,#8361,#8362);
#8364=CYLINDRICAL_SURFACE('',#8363,5.E-3);
#8365=ORIENTED_EDGE('',*,*,#8100,.T.);
#8367=ORIENTED_EDGE('',*,*,#8366,.F.);
#8369=ORIENTED_EDGE('',*,*,#8368,.F.);
#8370=ORIENTED_EDGE('',*,*,#8355,.T.);
#8371=EDGE_LOOP('',(#8365,#8367,#8369,#8370));
#8372=FACE_OUTER_BOUND('',#8371,.F.);
#8373=ADVANCED_FACE('',(#8372),#8364,.F.);
#8374=CARTESIAN_POINT('',(8.5E-1,-1.2E-1,-3.55E-1));
#8375=DIRECTION('',(0.E0,0.E0,-1.E0));
#8376=DIRECTION('',(-9.343610522222E-2,-9.956252780243E-1,0.E0));
#8377=AXIS2_PLACEMENT_3D('',#8374,#8375,#8376);
#8378=TOROIDAL_SURFACE('',#8377,3.5E-2,5.E-3);
#8380=ORIENTED_EDGE('',*,*,#8379,.F.);
#8381=ORIENTED_EDGE('',*,*,#8366,.T.);
#8382=ORIENTED_EDGE('',*,*,#8098,.T.);
#8384=ORIENTED_EDGE('',*,*,#8383,.T.);
#8385=EDGE_LOOP('',(#8380,#8381,#8382,#8384));
#8386=FACE_OUTER_BOUND('',#8385,.F.);
#8387=ADVANCED_FACE('',(#8386),#8378,.F.);
#8388=CARTESIAN_POINT('',(8.5E-1,-1.2E-1,7.95196E-1));
#8389=DIRECTION('',(0.E0,0.E0,-1.E0));
#8390=DIRECTION('',(1.E0,0.E0,0.E0));
#8391=AXIS2_PLACEMENT_3D('',#8388,#8389,#8390);
#8392=CYLINDRICAL_SURFACE('',#8391,3.E-2);
#8393=ORIENTED_EDGE('',*,*,#8379,.T.);
#8395=ORIENTED_EDGE('',*,*,#8394,.T.);
#8397=ORIENTED_EDGE('',*,*,#8396,.T.);
#8399=ORIENTED_EDGE('',*,*,#8398,.F.);
#8400=EDGE_LOOP('',(#8393,#8395,#8397,#8399));
#8401=FACE_OUTER_BOUND('',#8400,.F.);
#8402=ADVANCED_FACE('',(#8401),#8392,.T.);
#8403=CARTESIAN_POINT('',(8.8E-1,0.E0,0.E0));
#8404=DIRECTION('',(1.E0,0.E0,0.E0));
#8405=DIRECTION('',(0.E0,0.E0,-1.E0));
#8406=AXIS2_PLACEMENT_3D('',#8403,#8404,#8405);
#8407=PLANE('',#8406);
#8408=ORIENTED_EDGE('',*,*,#8058,.F.);
#8410=ORIENTED_EDGE('',*,*,#8409,.F.);
#8412=ORIENTED_EDGE('',*,*,#8411,.F.);
#8414=ORIENTED_EDGE('',*,*,#8413,.T.);
#8415=ORIENTED_EDGE('',*,*,#8394,.F.);
#8416=ORIENTED_EDGE('',*,*,#8383,.F.);
#8417=ORIENTED_EDGE('',*,*,#8096,.F.);
#8419=ORIENTED_EDGE('',*,*,#8418,.F.);
#8421=ORIENTED_EDGE('',*,*,#8420,.F.);
#8423=ORIENTED_EDGE('',*,*,#8422,.F.);
#8424=EDGE_LOOP('',(#8408,#8410,#8412,#8414,#8415,#8416,#8417,#8419,#8421,
#8423));
#8425=FACE_OUTER_BOUND('',#8424,.F.);
#8426=ADVANCED_FACE('',(#8425),#8407,.T.);
#8427=CARTESIAN_POINT('',(8.5E-1,1.2E-1,-3.55E-1));
#8428=DIRECTION('',(0.E0,0.E0,1.E0));
#8429=DIRECTION('',(-7.064465069690E-1,-7.077664394356E-1,0.E0));
#8430=AXIS2_PLACEMENT_3D('',#8427,#8428,#8429);
#8431=TOROIDAL_SURFACE('',#8430,3.5E-2,5.E-3);
#8432=ORIENTED_EDGE('',*,*,#8056,.T.);
#8434=ORIENTED_EDGE('',*,*,#8433,.F.);
#8436=ORIENTED_EDGE('',*,*,#8435,.F.);
#8437=ORIENTED_EDGE('',*,*,#8409,.T.);
#8438=EDGE_LOOP('',(#8432,#8434,#8436,#8437));
#8439=FACE_OUTER_BOUND('',#8438,.F.);
#8440=ADVANCED_FACE('',(#8439),#8431,.F.);
#8441=CARTESIAN_POINT('',(8.530603046388E-1,1.55E-1,-3.55E-1));
#8442=DIRECTION('',(-1.E0,0.E0,0.E0));
#8443=DIRECTION('',(0.E0,-1.E0,0.E0));
#8444=AXIS2_PLACEMENT_3D('',#8441,#8442,#8443);
#8445=CYLINDRICAL_SURFACE('',#8444,5.E-3);
#8447=ORIENTED_EDGE('',*,*,#8446,.F.);
#8448=ORIENTED_EDGE('',*,*,#8433,.T.);
#8449=ORIENTED_EDGE('',*,*,#8054,.T.);
#8451=ORIENTED_EDGE('',*,*,#8450,.F.);
#8452=EDGE_LOOP('',(#8447,#8448,#8449,#8451));
#8453=FACE_OUTER_BOUND('',#8452,.F.);
#8454=ADVANCED_FACE('',(#8453),#8445,.F.);
#8455=CARTESIAN_POINT('',(8.8E-1,1.5E-1,-4.3E-1));
#8456=DIRECTION('',(0.E0,-1.E0,0.E0));
#8457=DIRECTION('',(-1.E0,0.E0,0.E0));
#8458=AXIS2_PLACEMENT_3D('',#8455,#8456,#8457);
#8459=PLANE('',#8458);
#8461=ORIENTED_EDGE('',*,*,#8460,.F.);
#8463=ORIENTED_EDGE('',*,*,#8462,.T.);
#8465=ORIENTED_EDGE('',*,*,#8464,.T.);
#8466=ORIENTED_EDGE('',*,*,#8446,.T.);
#8467=EDGE_LOOP('',(#8461,#8463,#8465,#8466));
#8468=FACE_OUTER_BOUND('',#8467,.F.);
#8469=ADVANCED_FACE('',(#8468),#8459,.F.);
#8470=CARTESIAN_POINT('',(7.95E-1,1.29E-1,7.95196E-1));
#8471=DIRECTION('',(0.E0,0.E0,-1.E0));
#8472=DIRECTION('',(0.E0,1.E0,0.E0));
#8473=AXIS2_PLACEMENT_3D('',#8470,#8471,#8472);
#8474=CYLINDRICAL_SURFACE('',#8473,3.E-2);
#8476=ORIENTED_EDGE('',*,*,#8475,.T.);
#8477=ORIENTED_EDGE('',*,*,#8138,.T.);
#8479=ORIENTED_EDGE('',*,*,#8478,.T.);
#8481=ORIENTED_EDGE('',*,*,#8480,.F.);
#8483=ORIENTED_EDGE('',*,*,#8482,.T.);
#8484=ORIENTED_EDGE('',*,*,#8460,.T.);
#8485=EDGE_LOOP('',(#8476,#8477,#8479,#8481,#8483,#8484));
#8486=FACE_OUTER_BOUND('',#8485,.F.);
#8487=ADVANCED_FACE('',(#8486),#8474,.T.);
#8488=CARTESIAN_POINT('',(7.95E-1,1.29E-1,-3.55E-1));
#8489=DIRECTION('',(0.E0,0.E0,-1.E0));
#8490=DIRECTION('',(-7.063372212094E-1,-7.078755045445E-1,0.E0));
#8491=AXIS2_PLACEMENT_3D('',#8488,#8489,#8490);
#8492=TOROIDAL_SURFACE('',#8491,3.5E-2,5.E-3);
#8493=ORIENTED_EDGE('',*,*,#8112,.F.);
#8494=ORIENTED_EDGE('',*,*,#8475,.F.);
#8495=ORIENTED_EDGE('',*,*,#8450,.T.);
#8496=ORIENTED_EDGE('',*,*,#8052,.T.);
#8497=EDGE_LOOP('',(#8493,#8494,#8495,#8496));
#8498=FACE_OUTER_BOUND('',#8497,.F.);
#8499=ADVANCED_FACE('',(#8498),#8492,.F.);
#8500=CARTESIAN_POINT('',(8.25E-1,1.59E-1,-6.1E-1));
#8501=DIRECTION('',(0.E0,0.E0,-1.E0));
#8502=DIRECTION('',(0.E0,-1.E0,0.E0));
#8503=AXIS2_PLACEMENT_3D('',#8500,#8501,#8502);
#8504=PLANE('',#8503);
#8505=ORIENTED_EDGE('',*,*,#8478,.F.);
#8506=ORIENTED_EDGE('',*,*,#8136,.T.);
#8508=ORIENTED_EDGE('',*,*,#8507,.F.);
#8510=ORIENTED_EDGE('',*,*,#8509,.T.);
#8512=ORIENTED_EDGE('',*,*,#8511,.T.);
#8513=EDGE_LOOP('',(#8505,#8506,#8508,#8510,#8512));
#8514=FACE_OUTER_BOUND('',#8513,.F.);
#8515=ADVANCED_FACE('',(#8514),#8504,.T.);
#8516=CARTESIAN_POINT('',(7.5E-1,-1.59E-1,0.E0));
#8517=DIRECTION('',(-1.E0,0.E0,0.E0));
#8518=DIRECTION('',(0.E0,-1.E0,0.E0));
#8519=AXIS2_PLACEMENT_3D('',#8516,#8517,#8518);
#8520=PLANE('',#8519);
#8522=ORIENTED_EDGE('',*,*,#8521,.T.);
#8524=ORIENTED_EDGE('',*,*,#8523,.F.);
#8526=ORIENTED_EDGE('',*,*,#8525,.F.);
#8527=ORIENTED_EDGE('',*,*,#8507,.T.);
#8528=ORIENTED_EDGE('',*,*,#8134,.F.);
#8529=EDGE_LOOP('',(#8522,#8524,#8526,#8527,#8528));
#8530=FACE_OUTER_BOUND('',#8529,.F.);
#8531=ADVANCED_FACE('',(#8530),#8520,.T.);
#8532=CARTESIAN_POINT('',(7.5E-1,-1.59E-1,0.E0));
#8533=DIRECTION('',(-1.E0,0.E0,0.E0));
#8534=DIRECTION('',(0.E0,-1.E0,0.E0));
#8535=AXIS2_PLACEMENT_3D('',#8532,#8533,#8534);
#8536=PLANE('',#8535);
#8538=ORIENTED_EDGE('',*,*,#8537,.F.);
#8540=ORIENTED_EDGE('',*,*,#8539,.F.);
#8542=ORIENTED_EDGE('',*,*,#8541,.T.);
#8543=ORIENTED_EDGE('',*,*,#8316,.F.);
#8545=ORIENTED_EDGE('',*,*,#8544,.T.);
#8546=EDGE_LOOP('',(#8538,#8540,#8542,#8543,#8545));
#8547=FACE_OUTER_BOUND('',#8546,.F.);
#8548=ADVANCED_FACE('',(#8547),#8536,.T.);
#8549=CARTESIAN_POINT('',(-8.8E-1,-1.59E-1,-5.5E-1));
#8550=DIRECTION('',(0.E0,0.E0,-1.E0));
#8551=DIRECTION('',(0.E0,1.E0,0.E0));
#8552=AXIS2_PLACEMENT_3D('',#8549,#8550,#8551);
#8553=PLANE('',#8552);
#8555=ORIENTED_EDGE('',*,*,#8554,.T.);
#8556=ORIENTED_EDGE('',*,*,#8521,.F.);
#8557=ORIENTED_EDGE('',*,*,#8132,.F.);
#8559=ORIENTED_EDGE('',*,*,#8558,.F.);
#8561=ORIENTED_EDGE('',*,*,#8560,.T.);
#8563=ORIENTED_EDGE('',*,*,#8562,.F.);
#8565=ORIENTED_EDGE('',*,*,#8564,.T.);
#8567=ORIENTED_EDGE('',*,*,#8566,.F.);
#8568=ORIENTED_EDGE('',*,*,#8318,.T.);
#8569=ORIENTED_EDGE('',*,*,#8541,.F.);
#8571=ORIENTED_EDGE('',*,*,#8570,.T.);
#8573=ORIENTED_EDGE('',*,*,#8572,.T.);
#8574=EDGE_LOOP('',(#8555,#8556,#8557,#8559,#8561,#8563,#8565,#8567,#8568,#8569,
#8571,#8573));
#8575=FACE_OUTER_BOUND('',#8574,.F.);
#8577=ORIENTED_EDGE('',*,*,#8576,.F.);
#8579=ORIENTED_EDGE('',*,*,#8578,.T.);
#8581=ORIENTED_EDGE('',*,*,#8580,.T.);
#8583=ORIENTED_EDGE('',*,*,#8582,.F.);
#8584=EDGE_LOOP('',(#8577,#8579,#8581,#8583));
#8585=FACE_BOUND('',#8584,.F.);
#8587=ORIENTED_EDGE('',*,*,#8586,.F.);
#8589=ORIENTED_EDGE('',*,*,#8588,.T.);
#8591=ORIENTED_EDGE('',*,*,#8590,.T.);
#8593=ORIENTED_EDGE('',*,*,#8592,.F.);
#8594=EDGE_LOOP('',(#8587,#8589,#8591,#8593));
#8595=FACE_BOUND('',#8594,.F.);
#8597=ORIENTED_EDGE('',*,*,#8596,.F.);
#8599=ORIENTED_EDGE('',*,*,#8598,.T.);
#8601=ORIENTED_EDGE('',*,*,#8600,.T.);
#8603=ORIENTED_EDGE('',*,*,#8602,.F.);
#8604=EDGE_LOOP('',(#8597,#8599,#8601,#8603));
#8605=FACE_BOUND('',#8604,.F.);
#8607=ORIENTED_EDGE('',*,*,#8606,.F.);
#8609=ORIENTED_EDGE('',*,*,#8608,.T.);
#8611=ORIENTED_EDGE('',*,*,#8610,.T.);
#8613=ORIENTED_EDGE('',*,*,#8612,.F.);
#8614=EDGE_LOOP('',(#8607,#8609,#8611,#8613));
#8615=FACE_BOUND('',#8614,.F.);
#8617=ORIENTED_EDGE('',*,*,#8616,.F.);
#8619=ORIENTED_EDGE('',*,*,#8618,.T.);
#8621=ORIENTED_EDGE('',*,*,#8620,.T.);
#8623=ORIENTED_EDGE('',*,*,#8622,.F.);
#8624=EDGE_LOOP('',(#8617,#8619,#8621,#8623));
#8625=FACE_BOUND('',#8624,.F.);
#8627=ORIENTED_EDGE('',*,*,#8626,.F.);
#8629=ORIENTED_EDGE('',*,*,#8628,.T.);
#8631=ORIENTED_EDGE('',*,*,#8630,.T.);
#8633=ORIENTED_EDGE('',*,*,#8632,.F.);
#8634=EDGE_LOOP('',(#8627,#8629,#8631,#8633));
#8635=FACE_BOUND('',#8634,.F.);
#8637=ORIENTED_EDGE('',*,*,#8636,.F.);
#8639=ORIENTED_EDGE('',*,*,#8638,.T.);
#8641=ORIENTED_EDGE('',*,*,#8640,.T.);
#8643=ORIENTED_EDGE('',*,*,#8642,.F.);
#8644=EDGE_LOOP('',(#8637,#8639,#8641,#8643));
#8645=FACE_BOUND('',#8644,.F.);
#8647=ORIENTED_EDGE('',*,*,#8646,.F.);
#8649=ORIENTED_EDGE('',*,*,#8648,.T.);
#8651=ORIENTED_EDGE('',*,*,#8650,.T.);
#8653=ORIENTED_EDGE('',*,*,#8652,.F.);
#8654=EDGE_LOOP('',(#8647,#8649,#8651,#8653));
#8655=FACE_BOUND('',#8654,.F.);
#8657=ORIENTED_EDGE('',*,*,#8656,.F.);
#8659=ORIENTED_EDGE('',*,*,#8658,.T.);
#8661=ORIENTED_EDGE('',*,*,#8660,.T.);
#8663=ORIENTED_EDGE('',*,*,#8662,.F.);
#8664=EDGE_LOOP('',(#8657,#8659,#8661,#8663));
#8665=FACE_BOUND('',#8664,.F.);
#8667=ORIENTED_EDGE('',*,*,#8666,.F.);
#8669=ORIENTED_EDGE('',*,*,#8668,.T.);
#8671=ORIENTED_EDGE('',*,*,#8670,.T.);
#8673=ORIENTED_EDGE('',*,*,#8672,.F.);
#8674=EDGE_LOOP('',(#8667,#8669,#8671,#8673));
#8675=FACE_BOUND('',#8674,.F.);
#8677=ORIENTED_EDGE('',*,*,#8676,.F.);
#8679=ORIENTED_EDGE('',*,*,#8678,.T.);
#8681=ORIENTED_EDGE('',*,*,#8680,.T.);
#8683=ORIENTED_EDGE('',*,*,#8682,.F.);
#8684=EDGE_LOOP('',(#8677,#8679,#8681,#8683));
#8685=FACE_BOUND('',#8684,.F.);
#8687=ORIENTED_EDGE('',*,*,#8686,.F.);
#8689=ORIENTED_EDGE('',*,*,#8688,.T.);
#8691=ORIENTED_EDGE('',*,*,#8690,.T.);
#8693=ORIENTED_EDGE('',*,*,#8692,.F.);
#8694=EDGE_LOOP('',(#8687,#8689,#8691,#8693));
#8695=FACE_BOUND('',#8694,.F.);
#8697=ORIENTED_EDGE('',*,*,#8696,.F.);
#8699=ORIENTED_EDGE('',*,*,#8698,.T.);
#8701=ORIENTED_EDGE('',*,*,#8700,.T.);
#8703=ORIENTED_EDGE('',*,*,#8702,.F.);
#8704=EDGE_LOOP('',(#8697,#8699,#8701,#8703));
#8705=FACE_BOUND('',#8704,.F.);
#8707=ORIENTED_EDGE('',*,*,#8706,.F.);
#8709=ORIENTED_EDGE('',*,*,#8708,.T.);
#8711=ORIENTED_EDGE('',*,*,#8710,.T.);
#8713=ORIENTED_EDGE('',*,*,#8712,.F.);
#8714=EDGE_LOOP('',(#8707,#8709,#8711,#8713));
#8715=FACE_BOUND('',#8714,.F.);
#8717=ORIENTED_EDGE('',*,*,#8716,.F.);
#8719=ORIENTED_EDGE('',*,*,#8718,.T.);
#8721=ORIENTED_EDGE('',*,*,#8720,.T.);
#8723=ORIENTED_EDGE('',*,*,#8722,.F.);
#8724=EDGE_LOOP('',(#8717,#8719,#8721,#8723));
#8725=FACE_BOUND('',#8724,.F.);
#8727=ORIENTED_EDGE('',*,*,#8726,.F.);
#8729=ORIENTED_EDGE('',*,*,#8728,.T.);
#8731=ORIENTED_EDGE('',*,*,#8730,.T.);
#8733=ORIENTED_EDGE('',*,*,#8732,.F.);
#8734=EDGE_LOOP('',(#8727,#8729,#8731,#8733));
#8735=FACE_BOUND('',#8734,.F.);
#8737=ORIENTED_EDGE('',*,*,#8736,.F.);
#8739=ORIENTED_EDGE('',*,*,#8738,.T.);
#8741=ORIENTED_EDGE('',*,*,#8740,.T.);
#8743=ORIENTED_EDGE('',*,*,#8742,.F.);
#8744=EDGE_LOOP('',(#8737,#8739,#8741,#8743));
#8745=FACE_BOUND('',#8744,.F.);
#8747=ORIENTED_EDGE('',*,*,#8746,.F.);
#8749=ORIENTED_EDGE('',*,*,#8748,.T.);
#8751=ORIENTED_EDGE('',*,*,#8750,.T.);
#8753=ORIENTED_EDGE('',*,*,#8752,.F.);
#8754=EDGE_LOOP('',(#8747,#8749,#8751,#8753));
#8755=FACE_BOUND('',#8754,.F.);
#8757=ORIENTED_EDGE('',*,*,#8756,.F.);
#8759=ORIENTED_EDGE('',*,*,#8758,.T.);
#8761=ORIENTED_EDGE('',*,*,#8760,.T.);
#8763=ORIENTED_EDGE('',*,*,#8762,.F.);
#8764=EDGE_LOOP('',(#8757,#8759,#8761,#8763));
#8765=FACE_BOUND('',#8764,.F.);
#8767=ORIENTED_EDGE('',*,*,#8766,.F.);
#8769=ORIENTED_EDGE('',*,*,#8768,.T.);
#8771=ORIENTED_EDGE('',*,*,#8770,.T.);
#8773=ORIENTED_EDGE('',*,*,#8772,.F.);
#8774=EDGE_LOOP('',(#8767,#8769,#8771,#8773));
#8775=FACE_BOUND('',#8774,.F.);
#8777=ORIENTED_EDGE('',*,*,#8776,.F.);
#8779=ORIENTED_EDGE('',*,*,#8778,.T.);
#8781=ORIENTED_EDGE('',*,*,#8780,.T.);
#8783=ORIENTED_EDGE('',*,*,#8782,.F.);
#8784=EDGE_LOOP('',(#8777,#8779,#8781,#8783));
#8785=FACE_BOUND('',#8784,.F.);
#8787=ORIENTED_EDGE('',*,*,#8786,.F.);
#8789=ORIENTED_EDGE('',*,*,#8788,.T.);
#8791=ORIENTED_EDGE('',*,*,#8790,.T.);
#8793=ORIENTED_EDGE('',*,*,#8792,.F.);
#8794=EDGE_LOOP('',(#8787,#8789,#8791,#8793));
#8795=FACE_BOUND('',#8794,.F.);
#8797=ORIENTED_EDGE('',*,*,#8796,.F.);
#8799=ORIENTED_EDGE('',*,*,#8798,.T.);
#8801=ORIENTED_EDGE('',*,*,#8800,.T.);
#8803=ORIENTED_EDGE('',*,*,#8802,.F.);
#8804=EDGE_LOOP('',(#8797,#8799,#8801,#8803));
#8805=FACE_BOUND('',#8804,.F.);
#8807=ORIENTED_EDGE('',*,*,#8806,.F.);
#8809=ORIENTED_EDGE('',*,*,#8808,.T.);
#8811=ORIENTED_EDGE('',*,*,#8810,.T.);
#8813=ORIENTED_EDGE('',*,*,#8812,.F.);
#8814=EDGE_LOOP('',(#8807,#8809,#8811,#8813));
#8815=FACE_BOUND('',#8814,.F.);
#8817=ORIENTED_EDGE('',*,*,#8816,.F.);
#8819=ORIENTED_EDGE('',*,*,#8818,.T.);
#8821=ORIENTED_EDGE('',*,*,#8820,.T.);
#8823=ORIENTED_EDGE('',*,*,#8822,.F.);
#8824=EDGE_LOOP('',(#8817,#8819,#8821,#8823));
#8825=FACE_BOUND('',#8824,.F.);
#8827=ORIENTED_EDGE('',*,*,#8826,.F.);
#8829=ORIENTED_EDGE('',*,*,#8828,.T.);
#8831=ORIENTED_EDGE('',*,*,#8830,.T.);
#8833=ORIENTED_EDGE('',*,*,#8832,.F.);
#8834=EDGE_LOOP('',(#8827,#8829,#8831,#8833));
#8835=FACE_BOUND('',#8834,.F.);
#8837=ORIENTED_EDGE('',*,*,#8836,.F.);
#8839=ORIENTED_EDGE('',*,*,#8838,.T.);
#8841=ORIENTED_EDGE('',*,*,#8840,.T.);
#8843=ORIENTED_EDGE('',*,*,#8842,.F.);
#8844=EDGE_LOOP('',(#8837,#8839,#8841,#8843));
#8845=FACE_BOUND('',#8844,.F.);
#8847=ORIENTED_EDGE('',*,*,#8846,.F.);
#8849=ORIENTED_EDGE('',*,*,#8848,.T.);
#8851=ORIENTED_EDGE('',*,*,#8850,.T.);
#8853=ORIENTED_EDGE('',*,*,#8852,.F.);
#8854=EDGE_LOOP('',(#8847,#8849,#8851,#8853));
#8855=FACE_BOUND('',#8854,.F.);
#8857=ORIENTED_EDGE('',*,*,#8856,.F.);
#8859=ORIENTED_EDGE('',*,*,#8858,.T.);
#8861=ORIENTED_EDGE('',*,*,#8860,.T.);
#8863=ORIENTED_EDGE('',*,*,#8862,.F.);
#8864=EDGE_LOOP('',(#8857,#8859,#8861,#8863));
#8865=FACE_BOUND('',#8864,.F.);
#8867=ORIENTED_EDGE('',*,*,#8866,.F.);
#8869=ORIENTED_EDGE('',*,*,#8868,.T.);
#8871=ORIENTED_EDGE('',*,*,#8870,.T.);
#8873=ORIENTED_EDGE('',*,*,#8872,.F.);
#8874=EDGE_LOOP('',(#8867,#8869,#8871,#8873));
#8875=FACE_BOUND('',#8874,.F.);
#8877=ORIENTED_EDGE('',*,*,#8876,.T.);
#8879=ORIENTED_EDGE('',*,*,#8878,.T.);
#8881=ORIENTED_EDGE('',*,*,#8880,.T.);
#8883=ORIENTED_EDGE('',*,*,#8882,.T.);
#8885=ORIENTED_EDGE('',*,*,#8884,.T.);
#8887=ORIENTED_EDGE('',*,*,#8886,.T.);
#8889=ORIENTED_EDGE('',*,*,#8888,.T.);
#8890=EDGE_LOOP('',(#8877,#8879,#8881,#8883,#8885,#8887,#8889));
#8891=FACE_BOUND('',#8890,.F.);
#8892=ADVANCED_FACE('',(#8575,#8585,#8595,#8605,#8615,#8625,#8635,#8645,#8655,
#8665,#8675,#8685,#8695,#8705,#8715,#8725,#8735,#8745,#8755,#8765,#8775,#8785,
#8795,#8805,#8815,#8825,#8835,#8845,#8855,#8865,#8875,#8891),#8553,.T.);
#8893=CARTESIAN_POINT('',(3.174336E0,6.965659748879E-2,-5.75E-1));
#8894=DIRECTION('',(-1.E0,0.E0,0.E0));
#8895=DIRECTION('',(0.E0,0.E0,1.E0));
#8896=AXIS2_PLACEMENT_3D('',#8893,#8894,#8895);
#8897=CYLINDRICAL_SURFACE('',#8896,2.5E-2);
#8898=ORIENTED_EDGE('',*,*,#8554,.F.);
#8900=ORIENTED_EDGE('',*,*,#8899,.T.);
#8902=ORIENTED_EDGE('',*,*,#8901,.T.);
#8903=ORIENTED_EDGE('',*,*,#8523,.T.);
#8904=EDGE_LOOP('',(#8898,#8900,#8902,#8903));
#8905=FACE_OUTER_BOUND('',#8904,.F.);
#8906=ADVANCED_FACE('',(#8905),#8897,.F.);
#8907=CARTESIAN_POINT('',(8.25E-1,-1.59E-1,-4.3E-1));
#8908=DIRECTION('',(-1.E0,0.E0,0.E0));
#8909=DIRECTION('',(0.E0,0.E0,-1.E0));
#8910=AXIS2_PLACEMENT_3D('',#8907,#8908,#8909);
#8911=PLANE('',#8910);
#8912=ORIENTED_EDGE('',*,*,#8480,.T.);
#8913=ORIENTED_EDGE('',*,*,#8511,.F.);
#8915=ORIENTED_EDGE('',*,*,#8914,.F.);
#8916=ORIENTED_EDGE('',*,*,#8899,.F.);
#8917=ORIENTED_EDGE('',*,*,#8572,.F.);
#8919=ORIENTED_EDGE('',*,*,#8918,.F.);
#8921=ORIENTED_EDGE('',*,*,#8920,.F.);
#8923=ORIENTED_EDGE('',*,*,#8922,.F.);
#8924=ORIENTED_EDGE('',*,*,#8339,.T.);
#8926=ORIENTED_EDGE('',*,*,#8925,.T.);
#8927=EDGE_LOOP('',(#8912,#8913,#8915,#8916,#8917,#8919,#8921,#8923,#8924,
#8926));
#8928=FACE_OUTER_BOUND('',#8927,.F.);
#8929=ADVANCED_FACE('',(#8928),#8911,.F.);
#8930=CARTESIAN_POINT('',(8.25E-1,1.09E-1,-6.1E-1));
#8931=DIRECTION('',(0.E0,-9.396926207859E-1,-3.420201433257E-1));
#8932=DIRECTION('',(0.E0,-3.420201433257E-1,9.396926207859E-1));
#8933=AXIS2_PLACEMENT_3D('',#8930,#8931,#8932);
#8934=PLANE('',#8933);
#8935=ORIENTED_EDGE('',*,*,#8901,.F.);
#8936=ORIENTED_EDGE('',*,*,#8914,.T.);
#8937=ORIENTED_EDGE('',*,*,#8509,.F.);
#8938=ORIENTED_EDGE('',*,*,#8525,.T.);
#8939=EDGE_LOOP('',(#8935,#8936,#8937,#8938));
#8940=FACE_OUTER_BOUND('',#8939,.F.);
#8941=ADVANCED_FACE('',(#8940),#8934,.T.);
#8942=CARTESIAN_POINT('',(-2.678777875542E0,-6.965659748879E-2,-5.75E-1));
#8943=DIRECTION('',(1.E0,0.E0,0.E0));
#8944=DIRECTION('',(0.E0,0.E0,1.E0));
#8945=AXIS2_PLACEMENT_3D('',#8942,#8943,#8944);
#8946=CYLINDRICAL_SURFACE('',#8945,2.5E-2);
#8947=ORIENTED_EDGE('',*,*,#8539,.T.);
#8949=ORIENTED_EDGE('',*,*,#8948,.T.);
#8950=ORIENTED_EDGE('',*,*,#8918,.T.);
#8951=ORIENTED_EDGE('',*,*,#8570,.F.);
#8952=EDGE_LOOP('',(#8947,#8949,#8950,#8951));
#8953=FACE_OUTER_BOUND('',#8952,.F.);
#8954=ADVANCED_FACE('',(#8953),#8946,.F.);
#8955=CARTESIAN_POINT('',(8.25E-1,-8.716178594403E-2,-5.5E-1));
#8956=DIRECTION('',(0.E0,9.396926207859E-1,-3.420201433257E-1));
#8957=DIRECTION('',(0.E0,-3.420201433257E-1,-9.396926207859E-1));
#8958=AXIS2_PLACEMENT_3D('',#8955,#8956,#8957);
#8959=PLANE('',#8958);
#8960=ORIENTED_EDGE('',*,*,#8948,.F.);
#8961=ORIENTED_EDGE('',*,*,#8537,.T.);
#8963=ORIENTED_EDGE('',*,*,#8962,.T.);
#8964=ORIENTED_EDGE('',*,*,#8920,.T.);
#8965=EDGE_LOOP('',(#8960,#8961,#8963,#8964));
#8966=FACE_OUTER_BOUND('',#8965,.F.);
#8967=ADVANCED_FACE('',(#8966),#8959,.T.);
#8968=CARTESIAN_POINT('',(8.25E-1,-1.09E-1,-6.1E-1));
#8969=DIRECTION('',(0.E0,0.E0,-1.E0));
#8970=DIRECTION('',(0.E0,-1.E0,0.E0));
#8971=AXIS2_PLACEMENT_3D('',#8968,#8969,#8970);
#8972=PLANE('',#8971);
#8973=ORIENTED_EDGE('',*,*,#8341,.F.);
#8974=ORIENTED_EDGE('',*,*,#8922,.T.);
#8975=ORIENTED_EDGE('',*,*,#8962,.F.);
#8976=ORIENTED_EDGE('',*,*,#8544,.F.);
#8977=ORIENTED_EDGE('',*,*,#8314,.T.);
#8978=EDGE_LOOP('',(#8973,#8974,#8975,#8976,#8977));
#8979=FACE_OUTER_BOUND('',#8978,.F.);
#8980=ADVANCED_FACE('',(#8979),#8972,.T.);
#8981=CARTESIAN_POINT('',(8.8E-1,-1.59E-1,-4.3E-1));
#8982=DIRECTION('',(0.E0,0.E0,1.E0));
#8983=DIRECTION('',(-1.E0,0.E0,0.E0));
#8984=AXIS2_PLACEMENT_3D('',#8981,#8982,#8983);
#8985=PLANE('',#8984);
#8986=ORIENTED_EDGE('',*,*,#8925,.F.);
#8987=ORIENTED_EDGE('',*,*,#8337,.F.);
#8989=ORIENTED_EDGE('',*,*,#8988,.F.);
#8990=ORIENTED_EDGE('',*,*,#8396,.F.);
#8991=ORIENTED_EDGE('',*,*,#8413,.F.);
#8993=ORIENTED_EDGE('',*,*,#8992,.F.);
#8994=ORIENTED_EDGE('',*,*,#8462,.F.);
#8995=ORIENTED_EDGE('',*,*,#8482,.F.);
#8996=EDGE_LOOP('',(#8986,#8987,#8989,#8990,#8991,#8993,#8994,#8995));
#8997=FACE_OUTER_BOUND('',#8996,.F.);
#8998=ADVANCED_FACE('',(#8997),#8985,.F.);
#8999=CARTESIAN_POINT('',(8.25E-1,-1.5E-1,-4.3E-1));
#9000=DIRECTION('',(0.E0,1.E0,0.E0));
#9001=DIRECTION('',(1.E0,0.E0,0.E0));
#9002=AXIS2_PLACEMENT_3D('',#8999,#9000,#9001);
#9003=PLANE('',#9002);
#9004=ORIENTED_EDGE('',*,*,#8335,.F.);
#9005=ORIENTED_EDGE('',*,*,#8368,.T.);
#9006=ORIENTED_EDGE('',*,*,#8398,.T.);
#9007=ORIENTED_EDGE('',*,*,#8988,.T.);
#9008=EDGE_LOOP('',(#9004,#9005,#9006,#9007));
#9009=FACE_OUTER_BOUND('',#9008,.F.);
#9010=ADVANCED_FACE('',(#9009),#9003,.F.);
#9011=CARTESIAN_POINT('',(8.5E-1,1.2E-1,-1.405196E0));
#9012=DIRECTION('',(0.E0,0.E0,1.E0));
#9013=DIRECTION('',(1.E0,0.E0,0.E0));
#9014=AXIS2_PLACEMENT_3D('',#9011,#9012,#9013);
#9015=CYLINDRICAL_SURFACE('',#9014,3.E-2);
#9016=ORIENTED_EDGE('',*,*,#8435,.T.);
#9017=ORIENTED_EDGE('',*,*,#8464,.F.);
#9018=ORIENTED_EDGE('',*,*,#8992,.T.);
#9019=ORIENTED_EDGE('',*,*,#8411,.T.);
#9020=EDGE_LOOP('',(#9016,#9017,#9018,#9019));
#9021=FACE_OUTER_BOUND('',#9020,.F.);
#9022=ADVANCED_FACE('',(#9021),#9015,.T.);
#9023=CARTESIAN_POINT('',(-7.5E-1,-1.59E-1,0.E0));
#9024=DIRECTION('',(-1.E0,0.E0,0.E0));
#9025=DIRECTION('',(0.E0,1.E0,0.E0));
#9026=AXIS2_PLACEMENT_3D('',#9023,#9024,#9025);
#9027=PLANE('',#9026);
#9029=ORIENTED_EDGE('',*,*,#9028,.T.);
#9031=ORIENTED_EDGE('',*,*,#9030,.F.);
#9032=ORIENTED_EDGE('',*,*,#8558,.T.);
#9033=ORIENTED_EDGE('',*,*,#8130,.T.);
#9035=ORIENTED_EDGE('',*,*,#9034,.T.);
#9036=EDGE_LOOP('',(#9029,#9031,#9032,#9033,#9035));
#9037=FACE_OUTER_BOUND('',#9036,.F.);
#9038=ADVANCED_FACE('',(#9037),#9027,.F.);
#9039=CARTESIAN_POINT('',(-7.5E-1,-1.59E-1,0.E0));
#9040=DIRECTION('',(-1.E0,0.E0,0.E0));
#9041=DIRECTION('',(0.E0,1.E0,0.E0));
#9042=AXIS2_PLACEMENT_3D('',#9039,#9040,#9041);
#9043=PLANE('',#9042);
#9044=ORIENTED_EDGE('',*,*,#8566,.T.);
#9046=ORIENTED_EDGE('',*,*,#9045,.F.);
#9048=ORIENTED_EDGE('',*,*,#9047,.T.);
#9050=ORIENTED_EDGE('',*,*,#9049,.T.);
#9051=ORIENTED_EDGE('',*,*,#8320,.T.);
#9052=EDGE_LOOP('',(#9044,#9046,#9048,#9050,#9051));
#9053=FACE_OUTER_BOUND('',#9052,.F.);
#9054=ADVANCED_FACE('',(#9053),#9043,.F.);
#9055=CARTESIAN_POINT('',(-8.25E-1,1.09E-1,-6.1E-1));
#9056=DIRECTION('',(0.E0,9.396926207859E-1,3.420201433257E-1));
#9057=DIRECTION('',(0.E0,-3.420201433257E-1,9.396926207859E-1));
#9058=AXIS2_PLACEMENT_3D('',#9055,#9056,#9057);
#9059=PLANE('',#9058);
#9061=ORIENTED_EDGE('',*,*,#9060,.F.);
#9062=ORIENTED_EDGE('',*,*,#9028,.F.);
#9064=ORIENTED_EDGE('',*,*,#9063,.F.);
#9066=ORIENTED_EDGE('',*,*,#9065,.T.);
#9067=EDGE_LOOP('',(#9061,#9062,#9064,#9066));
#9068=FACE_OUTER_BOUND('',#9067,.F.);
#9069=ADVANCED_FACE('',(#9068),#9059,.F.);
#9070=CARTESIAN_POINT('',(2.888431599488E0,6.965659748879E-2,-5.75E-1));
#9071=DIRECTION('',(-1.E0,0.E0,0.E0));
#9072=DIRECTION('',(0.E0,0.E0,1.E0));
#9073=AXIS2_PLACEMENT_3D('',#9070,#9071,#9072);
#9074=CYLINDRICAL_SURFACE('',#9073,2.5E-2);
#9075=ORIENTED_EDGE('',*,*,#8560,.F.);
#9076=ORIENTED_EDGE('',*,*,#9030,.T.);
#9077=ORIENTED_EDGE('',*,*,#9060,.T.);
#9079=ORIENTED_EDGE('',*,*,#9078,.T.);
#9080=EDGE_LOOP('',(#9075,#9076,#9077,#9079));
#9081=FACE_OUTER_BOUND('',#9080,.F.);
#9082=ADVANCED_FACE('',(#9081),#9074,.F.);
#9083=CARTESIAN_POINT('',(-8.25E-1,-1.59E-1,-5.5E-1));
#9084=DIRECTION('',(1.E0,0.E0,0.E0));
#9085=DIRECTION('',(0.E0,0.E0,1.E0));
#9086=AXIS2_PLACEMENT_3D('',#9083,#9084,#9085);
#9087=PLANE('',#9086);
#9088=ORIENTED_EDGE('',*,*,#8154,.T.);
#9089=ORIENTED_EDGE('',*,*,#8196,.F.);
#9090=ORIENTED_EDGE('',*,*,#8233,.T.);
#9092=ORIENTED_EDGE('',*,*,#9091,.F.);
#9094=ORIENTED_EDGE('',*,*,#9093,.F.);
#9096=ORIENTED_EDGE('',*,*,#9095,.F.);
#9097=ORIENTED_EDGE('',*,*,#8562,.T.);
#9098=ORIENTED_EDGE('',*,*,#9078,.F.);
#9099=ORIENTED_EDGE('',*,*,#9065,.F.);
#9101=ORIENTED_EDGE('',*,*,#9100,.F.);
#9102=EDGE_LOOP('',(#9088,#9089,#9090,#9092,#9094,#9096,#9097,#9098,#9099,
#9101));
#9103=FACE_OUTER_BOUND('',#9102,.F.);
#9104=ADVANCED_FACE('',(#9103),#9087,.F.);
#9105=CARTESIAN_POINT('',(-8.25E-1,-1.09E-1,-6.1E-1));
#9106=DIRECTION('',(0.E0,0.E0,1.E0));
#9107=DIRECTION('',(0.E0,-1.E0,0.E0));
#9108=AXIS2_PLACEMENT_3D('',#9105,#9106,#9107);
#9109=PLANE('',#9108);
#9110=ORIENTED_EDGE('',*,*,#8231,.F.);
#9111=ORIENTED_EDGE('',*,*,#8322,.T.);
#9112=ORIENTED_EDGE('',*,*,#9049,.F.);
#9114=ORIENTED_EDGE('',*,*,#9113,.F.);
#9115=ORIENTED_EDGE('',*,*,#9091,.T.);
#9116=EDGE_LOOP('',(#9110,#9111,#9112,#9114,#9115));
#9117=FACE_OUTER_BOUND('',#9116,.F.);
#9118=ADVANCED_FACE('',(#9117),#9109,.F.);
#9119=CARTESIAN_POINT('',(-8.25E-1,-8.716178594403E-2,-5.5E-1));
#9120=DIRECTION('',(0.E0,-9.396926207859E-1,3.420201433257E-1));
#9121=DIRECTION('',(0.E0,-3.420201433257E-1,-9.396926207859E-1));
#9122=AXIS2_PLACEMENT_3D('',#9119,#9120,#9121);
#9123=PLANE('',#9122);
#9125=ORIENTED_EDGE('',*,*,#9124,.F.);
#9126=ORIENTED_EDGE('',*,*,#9093,.T.);
#9127=ORIENTED_EDGE('',*,*,#9113,.T.);
#9128=ORIENTED_EDGE('',*,*,#9047,.F.);
#9129=EDGE_LOOP('',(#9125,#9126,#9127,#9128));
#9130=FACE_OUTER_BOUND('',#9129,.F.);
#9131=ADVANCED_FACE('',(#9130),#9123,.F.);
#9132=CARTESIAN_POINT('',(-3.174336E0,-6.965659748879E-2,-5.75E-1));
#9133=DIRECTION('',(1.E0,0.E0,0.E0));
#9134=DIRECTION('',(0.E0,0.E0,1.E0));
#9135=AXIS2_PLACEMENT_3D('',#9132,#9133,#9134);
#9136=CYLINDRICAL_SURFACE('',#9135,2.5E-2);
#9137=ORIENTED_EDGE('',*,*,#8564,.F.);
#9138=ORIENTED_EDGE('',*,*,#9095,.T.);
#9139=ORIENTED_EDGE('',*,*,#9124,.T.);
#9140=ORIENTED_EDGE('',*,*,#9045,.T.);
#9141=EDGE_LOOP('',(#9137,#9138,#9139,#9140));
#9142=FACE_OUTER_BOUND('',#9141,.F.);
#9143=ADVANCED_FACE('',(#9142),#9136,.F.);
#9144=CARTESIAN_POINT('',(-8.25E-1,1.59E-1,-6.1E-1));
#9145=DIRECTION('',(0.E0,0.E0,1.E0));
#9146=DIRECTION('',(0.E0,-1.E0,0.E0));
#9147=AXIS2_PLACEMENT_3D('',#9144,#9145,#9146);
#9148=PLANE('',#9147);
#9149=ORIENTED_EDGE('',*,*,#8156,.F.);
#9150=ORIENTED_EDGE('',*,*,#9100,.T.);
#9151=ORIENTED_EDGE('',*,*,#9063,.T.);
#9152=ORIENTED_EDGE('',*,*,#9034,.F.);
#9153=ORIENTED_EDGE('',*,*,#8128,.F.);
#9154=EDGE_LOOP('',(#9149,#9150,#9151,#9152,#9153));
#9155=FACE_OUTER_BOUND('',#9154,.F.);
#9156=ADVANCED_FACE('',(#9155),#9148,.F.);
#9157=CARTESIAN_POINT('',(-6.875E-1,0.E0,0.E0));
#9158=DIRECTION('',(-1.E0,0.E0,0.E0));
#9159=DIRECTION('',(0.E0,-1.E0,0.E0));
#9160=AXIS2_PLACEMENT_3D('',#9157,#9158,#9159);
#9161=PLANE('',#9160);
#9162=ORIENTED_EDGE('',*,*,#8576,.T.);
#9164=ORIENTED_EDGE('',*,*,#9163,.T.);
#9166=ORIENTED_EDGE('',*,*,#9165,.T.);
#9168=ORIENTED_EDGE('',*,*,#9167,.T.);
#9170=ORIENTED_EDGE('',*,*,#9169,.T.);
#9172=ORIENTED_EDGE('',*,*,#9171,.T.);
#9174=ORIENTED_EDGE('',*,*,#9173,.T.);
#9176=ORIENTED_EDGE('',*,*,#9175,.T.);
#9177=EDGE_LOOP('',(#9162,#9164,#9166,#9168,#9170,#9172,#9174,#9176));
#9178=FACE_OUTER_BOUND('',#9177,.F.);
#9179=ADVANCED_FACE('',(#9178),#9161,.F.);
#9180=CARTESIAN_POINT('',(-6.875E-1,0.E0,0.E0));
#9181=DIRECTION('',(-1.E0,0.E0,0.E0));
#9182=DIRECTION('',(0.E0,-1.E0,0.E0));
#9183=AXIS2_PLACEMENT_3D('',#9180,#9181,#9182);
#9184=PLANE('',#9183);
#9185=ORIENTED_EDGE('',*,*,#8586,.T.);
#9187=ORIENTED_EDGE('',*,*,#9186,.T.);
#9189=ORIENTED_EDGE('',*,*,#9188,.T.);
#9191=ORIENTED_EDGE('',*,*,#9190,.T.);
#9193=ORIENTED_EDGE('',*,*,#9192,.T.);
#9195=ORIENTED_EDGE('',*,*,#9194,.T.);
#9197=ORIENTED_EDGE('',*,*,#9196,.T.);
#9199=ORIENTED_EDGE('',*,*,#9198,.T.);
#9200=EDGE_LOOP('',(#9185,#9187,#9189,#9191,#9193,#9195,#9197,#9199));
#9201=FACE_OUTER_BOUND('',#9200,.F.);
#9202=ADVANCED_FACE('',(#9201),#9184,.F.);
#9203=CARTESIAN_POINT('',(-6.875E-1,-8.75E-2,-5.5E-1));
#9204=DIRECTION('',(0.E0,1.E0,0.E0));
#9205=DIRECTION('',(0.E0,0.E0,-1.E0));
#9206=AXIS2_PLACEMENT_3D('',#9203,#9204,#9205);
#9207=PLANE('',#9206);
#9208=ORIENTED_EDGE('',*,*,#8582,.T.);
#9210=ORIENTED_EDGE('',*,*,#9209,.T.);
#9212=ORIENTED_EDGE('',*,*,#9211,.F.);
#9213=ORIENTED_EDGE('',*,*,#9163,.F.);
#9214=EDGE_LOOP('',(#9208,#9210,#9212,#9213));
#9215=FACE_OUTER_BOUND('',#9214,.F.);
#9216=ADVANCED_FACE('',(#9215),#9207,.T.);
#9217=CARTESIAN_POINT('',(-7.125E-1,0.E0,0.E0));
#9218=DIRECTION('',(-1.E0,0.E0,0.E0));
#9219=DIRECTION('',(0.E0,-1.E0,0.E0));
#9220=AXIS2_PLACEMENT_3D('',#9217,#9218,#9219);
#9221=PLANE('',#9220);
#9222=ORIENTED_EDGE('',*,*,#8580,.F.);
#9224=ORIENTED_EDGE('',*,*,#9223,.F.);
#9226=ORIENTED_EDGE('',*,*,#9225,.F.);
#9228=ORIENTED_EDGE('',*,*,#9227,.F.);
#9230=ORIENTED_EDGE('',*,*,#9229,.F.);
#9232=ORIENTED_EDGE('',*,*,#9231,.F.);
#9234=ORIENTED_EDGE('',*,*,#9233,.F.);
#9235=ORIENTED_EDGE('',*,*,#9209,.F.);
#9236=EDGE_LOOP('',(#9222,#9224,#9226,#9228,#9230,#9232,#9234,#9235));
#9237=FACE_OUTER_BOUND('',#9236,.F.);
#9238=ADVANCED_FACE('',(#9237),#9221,.T.);
#9239=CARTESIAN_POINT('',(-7.125E-1,0.E0,0.E0));
#9240=DIRECTION('',(-1.E0,0.E0,0.E0));
#9241=DIRECTION('',(0.E0,-1.E0,0.E0));
#9242=AXIS2_PLACEMENT_3D('',#9239,#9240,#9241);
#9243=PLANE('',#9242);
#9244=ORIENTED_EDGE('',*,*,#8590,.F.);
#9246=ORIENTED_EDGE('',*,*,#9245,.F.);
#9248=ORIENTED_EDGE('',*,*,#9247,.F.);
#9250=ORIENTED_EDGE('',*,*,#9249,.F.);
#9252=ORIENTED_EDGE('',*,*,#9251,.F.);
#9254=ORIENTED_EDGE('',*,*,#9253,.F.);
#9256=ORIENTED_EDGE('',*,*,#9255,.F.);
#9258=ORIENTED_EDGE('',*,*,#9257,.F.);
#9259=EDGE_LOOP('',(#9244,#9246,#9248,#9250,#9252,#9254,#9256,#9258));
#9260=FACE_OUTER_BOUND('',#9259,.F.);
#9261=ADVANCED_FACE('',(#9260),#9243,.T.);
#9262=CARTESIAN_POINT('',(-6.875E-1,-1.125E-1,-5.845E-1));
#9263=DIRECTION('',(0.E0,-1.E0,0.E0));
#9264=DIRECTION('',(0.E0,0.E0,1.E0));
#9265=AXIS2_PLACEMENT_3D('',#9262,#9263,#9264);
#9266=PLANE('',#9265);
#9267=ORIENTED_EDGE('',*,*,#8578,.F.);
#9268=ORIENTED_EDGE('',*,*,#9175,.F.);
#9270=ORIENTED_EDGE('',*,*,#9269,.T.);
#9271=ORIENTED_EDGE('',*,*,#9223,.T.);
#9272=EDGE_LOOP('',(#9267,#9268,#9270,#9271));
#9273=FACE_OUTER_BOUND('',#9272,.F.);
#9274=ADVANCED_FACE('',(#9273),#9266,.T.);
#9275=CARTESIAN_POINT('',(-6.875E-1,-1.375E-1,-5.845E-1));
#9276=DIRECTION('',(-1.E0,0.E0,0.E0));
#9277=DIRECTION('',(0.E0,-1.E0,0.E0));
#9278=AXIS2_PLACEMENT_3D('',#9275,#9276,#9277);
#9279=CYLINDRICAL_SURFACE('',#9278,2.5E-2);
#9280=ORIENTED_EDGE('',*,*,#9173,.F.);
#9282=ORIENTED_EDGE('',*,*,#9281,.T.);
#9283=ORIENTED_EDGE('',*,*,#9225,.T.);
#9284=ORIENTED_EDGE('',*,*,#9269,.F.);
#9285=EDGE_LOOP('',(#9280,#9282,#9283,#9284));
#9286=FACE_OUTER_BOUND('',#9285,.F.);
#9287=ADVANCED_FACE('',(#9286),#9279,.F.);
#9288=CARTESIAN_POINT('',(-6.875E-1,-2.74E-1,-6.095E-1));
#9289=DIRECTION('',(0.E0,0.E0,1.E0));
#9290=DIRECTION('',(0.E0,1.E0,0.E0));
#9291=AXIS2_PLACEMENT_3D('',#9288,#9289,#9290);
#9292=PLANE('',#9291);
#9293=ORIENTED_EDGE('',*,*,#9171,.F.);
#9295=ORIENTED_EDGE('',*,*,#9294,.T.);
#9296=ORIENTED_EDGE('',*,*,#9227,.T.);
#9297=ORIENTED_EDGE('',*,*,#9281,.F.);
#9298=EDGE_LOOP('',(#9293,#9295,#9296,#9297));
#9299=FACE_OUTER_BOUND('',#9298,.F.);
#9300=ADVANCED_FACE('',(#9299),#9292,.T.);
#9301=CARTESIAN_POINT('',(-6.875E-1,-2.74E-1,-6.345E-1));
#9302=DIRECTION('',(0.E0,-1.E0,0.E0));
#9303=DIRECTION('',(0.E0,0.E0,1.E0));
#9304=AXIS2_PLACEMENT_3D('',#9301,#9302,#9303);
#9305=PLANE('',#9304);
#9306=ORIENTED_EDGE('',*,*,#9169,.F.);
#9308=ORIENTED_EDGE('',*,*,#9307,.T.);
#9309=ORIENTED_EDGE('',*,*,#9229,.T.);
#9310=ORIENTED_EDGE('',*,*,#9294,.F.);
#9311=EDGE_LOOP('',(#9306,#9308,#9309,#9310));
#9312=FACE_OUTER_BOUND('',#9311,.F.);
#9313=ADVANCED_FACE('',(#9312),#9305,.T.);
#9314=CARTESIAN_POINT('',(-6.875E-1,-1.375E-1,-6.345E-1));
#9315=DIRECTION('',(0.E0,0.E0,-1.E0));
#9316=DIRECTION('',(0.E0,-1.E0,0.E0));
#9317=AXIS2_PLACEMENT_3D('',#9314,#9315,#9316);
#9318=PLANE('',#9317);
#9319=ORIENTED_EDGE('',*,*,#9167,.F.);
#9321=ORIENTED_EDGE('',*,*,#9320,.T.);
#9322=ORIENTED_EDGE('',*,*,#9231,.T.);
#9323=ORIENTED_EDGE('',*,*,#9307,.F.);
#9324=EDGE_LOOP('',(#9319,#9321,#9322,#9323));
#9325=FACE_OUTER_BOUND('',#9324,.F.);
#9326=ADVANCED_FACE('',(#9325),#9318,.T.);
#9327=CARTESIAN_POINT('',(-6.875E-1,-1.375E-1,-5.845E-1));
#9328=DIRECTION('',(-1.E0,0.E0,0.E0));
#9329=DIRECTION('',(0.E0,-1.E0,0.E0));
#9330=AXIS2_PLACEMENT_3D('',#9327,#9328,#9329);
#9331=CYLINDRICAL_SURFACE('',#9330,5.E-2);
#9332=ORIENTED_EDGE('',*,*,#9165,.F.);
#9333=ORIENTED_EDGE('',*,*,#9211,.T.);
#9334=ORIENTED_EDGE('',*,*,#9233,.T.);
#9335=ORIENTED_EDGE('',*,*,#9320,.F.);
#9336=EDGE_LOOP('',(#9332,#9333,#9334,#9335));
#9337=FACE_OUTER_BOUND('',#9336,.F.);
#9338=ADVANCED_FACE('',(#9337),#9331,.T.);
#9339=CARTESIAN_POINT('',(-6.875E-1,8.75E-2,-7.345E-1));
#9340=DIRECTION('',(0.E0,-1.E0,0.E0));
#9341=DIRECTION('',(0.E0,0.E0,1.E0));
#9342=AXIS2_PLACEMENT_3D('',#9339,#9340,#9341);
#9343=PLANE('',#9342);
#9344=ORIENTED_EDGE('',*,*,#8588,.F.);
#9345=ORIENTED_EDGE('',*,*,#9198,.F.);
#9347=ORIENTED_EDGE('',*,*,#9346,.T.);
#9348=ORIENTED_EDGE('',*,*,#9245,.T.);
#9349=EDGE_LOOP('',(#9344,#9345,#9347,#9348));
#9350=FACE_OUTER_BOUND('',#9349,.F.);
#9351=ADVANCED_FACE('',(#9350),#9343,.T.);
#9352=CARTESIAN_POINT('',(-6.875E-1,6.25E-2,-7.345E-1));
#9353=DIRECTION('',(-1.E0,0.E0,0.E0));
#9354=DIRECTION('',(0.E0,-1.E0,0.E0));
#9355=AXIS2_PLACEMENT_3D('',#9352,#9353,#9354);
#9356=CYLINDRICAL_SURFACE('',#9355,2.5E-2);
#9357=ORIENTED_EDGE('',*,*,#9196,.F.);
#9359=ORIENTED_EDGE('',*,*,#9358,.T.);
#9360=ORIENTED_EDGE('',*,*,#9247,.T.);
#9361=ORIENTED_EDGE('',*,*,#9346,.F.);
#9362=EDGE_LOOP('',(#9357,#9359,#9360,#9361));
#9363=FACE_OUTER_BOUND('',#9362,.F.);
#9364=ADVANCED_FACE('',(#9363),#9356,.F.);
#9365=CARTESIAN_POINT('',(-6.875E-1,-2.74E-1,-7.595E-1));
#9366=DIRECTION('',(0.E0,0.E0,1.E0));
#9367=DIRECTION('',(0.E0,1.E0,0.E0));
#9368=AXIS2_PLACEMENT_3D('',#9365,#9366,#9367);
#9369=PLANE('',#9368);
#9370=ORIENTED_EDGE('',*,*,#9194,.F.);
#9372=ORIENTED_EDGE('',*,*,#9371,.T.);
#9373=ORIENTED_EDGE('',*,*,#9249,.T.);
#9374=ORIENTED_EDGE('',*,*,#9358,.F.);
#9375=EDGE_LOOP('',(#9370,#9372,#9373,#9374));
#9376=FACE_OUTER_BOUND('',#9375,.F.);
#9377=ADVANCED_FACE('',(#9376),#9369,.T.);
#9378=CARTESIAN_POINT('',(-6.875E-1,-2.74E-1,-7.845E-1));
#9379=DIRECTION('',(0.E0,-1.E0,0.E0));
#9380=DIRECTION('',(0.E0,0.E0,1.E0));
#9381=AXIS2_PLACEMENT_3D('',#9378,#9379,#9380);
#9382=PLANE('',#9381);
#9383=ORIENTED_EDGE('',*,*,#9192,.F.);
#9385=ORIENTED_EDGE('',*,*,#9384,.T.);
#9386=ORIENTED_EDGE('',*,*,#9251,.T.);
#9387=ORIENTED_EDGE('',*,*,#9371,.F.);
#9388=EDGE_LOOP('',(#9383,#9385,#9386,#9387));
#9389=FACE_OUTER_BOUND('',#9388,.F.);
#9390=ADVANCED_FACE('',(#9389),#9382,.T.);
#9391=CARTESIAN_POINT('',(-6.875E-1,6.25E-2,-7.845E-1));
#9392=DIRECTION('',(0.E0,0.E0,-1.E0));
#9393=DIRECTION('',(0.E0,-1.E0,0.E0));
#9394=AXIS2_PLACEMENT_3D('',#9391,#9392,#9393);
#9395=PLANE('',#9394);
#9396=ORIENTED_EDGE('',*,*,#9190,.F.);
#9398=ORIENTED_EDGE('',*,*,#9397,.T.);
#9399=ORIENTED_EDGE('',*,*,#9253,.T.);
#9400=ORIENTED_EDGE('',*,*,#9384,.F.);
#9401=EDGE_LOOP('',(#9396,#9398,#9399,#9400));
#9402=FACE_OUTER_BOUND('',#9401,.F.);
#9403=ADVANCED_FACE('',(#9402),#9395,.T.);
#9404=CARTESIAN_POINT('',(-6.875E-1,6.25E-2,-7.345E-1));
#9405=DIRECTION('',(-1.E0,0.E0,0.E0));
#9406=DIRECTION('',(0.E0,-1.E0,0.E0));
#9407=AXIS2_PLACEMENT_3D('',#9404,#9405,#9406);
#9408=CYLINDRICAL_SURFACE('',#9407,5.E-2);
#9409=ORIENTED_EDGE('',*,*,#9188,.F.);
#9411=ORIENTED_EDGE('',*,*,#9410,.T.);
#9412=ORIENTED_EDGE('',*,*,#9255,.T.);
#9413=ORIENTED_EDGE('',*,*,#9397,.F.);
#9414=EDGE_LOOP('',(#9409,#9411,#9412,#9413));
#9415=FACE_OUTER_BOUND('',#9414,.F.);
#9416=ADVANCED_FACE('',(#9415),#9408,.T.);
#9417=CARTESIAN_POINT('',(-6.875E-1,1.125E-1,-5.5E-1));
#9418=DIRECTION('',(0.E0,1.E0,0.E0));
#9419=DIRECTION('',(0.E0,0.E0,-1.E0));
#9420=AXIS2_PLACEMENT_3D('',#9417,#9418,#9419);
#9421=PLANE('',#9420);
#9422=ORIENTED_EDGE('',*,*,#8592,.T.);
#9423=ORIENTED_EDGE('',*,*,#9257,.T.);
#9424=ORIENTED_EDGE('',*,*,#9410,.F.);
#9425=ORIENTED_EDGE('',*,*,#9186,.F.);
#9426=EDGE_LOOP('',(#9422,#9423,#9424,#9425));
#9427=FACE_OUTER_BOUND('',#9426,.F.);
#9428=ADVANCED_FACE('',(#9427),#9421,.T.);
#9429=CARTESIAN_POINT('',(-5.875E-1,0.E0,0.E0));
#9430=DIRECTION('',(-1.E0,0.E0,0.E0));
#9431=DIRECTION('',(0.E0,-1.E0,0.E0));
#9432=AXIS2_PLACEMENT_3D('',#9429,#9430,#9431);
#9433=PLANE('',#9432);
#9435=ORIENTED_EDGE('',*,*,#9434,.T.);
#9437=ORIENTED_EDGE('',*,*,#9436,.T.);
#9439=ORIENTED_EDGE('',*,*,#9438,.T.);
#9441=ORIENTED_EDGE('',*,*,#9440,.T.);
#9443=ORIENTED_EDGE('',*,*,#9442,.T.);
#9445=ORIENTED_EDGE('',*,*,#9444,.T.);
#9447=ORIENTED_EDGE('',*,*,#9446,.T.);
#9448=ORIENTED_EDGE('',*,*,#8596,.T.);
#9449=EDGE_LOOP('',(#9435,#9437,#9439,#9441,#9443,#9445,#9447,#9448));
#9450=FACE_OUTER_BOUND('',#9449,.F.);
#9451=ADVANCED_FACE('',(#9450),#9433,.F.);
#9452=CARTESIAN_POINT('',(-5.875E-1,0.E0,0.E0));
#9453=DIRECTION('',(-1.E0,0.E0,0.E0));
#9454=DIRECTION('',(0.E0,-1.E0,0.E0));
#9455=AXIS2_PLACEMENT_3D('',#9452,#9453,#9454);
#9456=PLANE('',#9455);
#9458=ORIENTED_EDGE('',*,*,#9457,.T.);
#9460=ORIENTED_EDGE('',*,*,#9459,.T.);
#9462=ORIENTED_EDGE('',*,*,#9461,.T.);
#9464=ORIENTED_EDGE('',*,*,#9463,.T.);
#9466=ORIENTED_EDGE('',*,*,#9465,.T.);
#9468=ORIENTED_EDGE('',*,*,#9467,.T.);
#9470=ORIENTED_EDGE('',*,*,#9469,.T.);
#9471=ORIENTED_EDGE('',*,*,#8606,.T.);
#9472=EDGE_LOOP('',(#9458,#9460,#9462,#9464,#9466,#9468,#9470,#9471));
#9473=FACE_OUTER_BOUND('',#9472,.F.);
#9474=ADVANCED_FACE('',(#9473),#9456,.F.);
#9475=CARTESIAN_POINT('',(-5.875E-1,-8.75E-2,-5.5E-1));
#9476=DIRECTION('',(0.E0,1.E0,0.E0));
#9477=DIRECTION('',(0.E0,0.E0,-1.E0));
#9478=AXIS2_PLACEMENT_3D('',#9475,#9476,#9477);
#9479=PLANE('',#9478);
#9480=ORIENTED_EDGE('',*,*,#9434,.F.);
#9481=ORIENTED_EDGE('',*,*,#8602,.T.);
#9483=ORIENTED_EDGE('',*,*,#9482,.T.);
#9485=ORIENTED_EDGE('',*,*,#9484,.F.);
#9486=EDGE_LOOP('',(#9480,#9481,#9483,#9485));
#9487=FACE_OUTER_BOUND('',#9486,.F.);
#9488=ADVANCED_FACE('',(#9487),#9479,.T.);
#9489=CARTESIAN_POINT('',(-6.125E-1,0.E0,0.E0));
#9490=DIRECTION('',(-1.E0,0.E0,0.E0));
#9491=DIRECTION('',(0.E0,-1.E0,0.E0));
#9492=AXIS2_PLACEMENT_3D('',#9489,#9490,#9491);
#9493=PLANE('',#9492);
#9494=ORIENTED_EDGE('',*,*,#9482,.F.);
#9495=ORIENTED_EDGE('',*,*,#8600,.F.);
#9497=ORIENTED_EDGE('',*,*,#9496,.F.);
#9499=ORIENTED_EDGE('',*,*,#9498,.F.);
#9501=ORIENTED_EDGE('',*,*,#9500,.F.);
#9503=ORIENTED_EDGE('',*,*,#9502,.F.);
#9505=ORIENTED_EDGE('',*,*,#9504,.F.);
#9507=ORIENTED_EDGE('',*,*,#9506,.F.);
#9508=EDGE_LOOP('',(#9494,#9495,#9497,#9499,#9501,#9503,#9505,#9507));
#9509=FACE_OUTER_BOUND('',#9508,.F.);
#9510=ADVANCED_FACE('',(#9509),#9493,.T.);
#9511=CARTESIAN_POINT('',(-6.125E-1,0.E0,0.E0));
#9512=DIRECTION('',(-1.E0,0.E0,0.E0));
#9513=DIRECTION('',(0.E0,-1.E0,0.E0));
#9514=AXIS2_PLACEMENT_3D('',#9511,#9512,#9513);
#9515=PLANE('',#9514);
#9517=ORIENTED_EDGE('',*,*,#9516,.F.);
#9518=ORIENTED_EDGE('',*,*,#8610,.F.);
#9520=ORIENTED_EDGE('',*,*,#9519,.F.);
#9522=ORIENTED_EDGE('',*,*,#9521,.F.);
#9524=ORIENTED_EDGE('',*,*,#9523,.F.);
#9526=ORIENTED_EDGE('',*,*,#9525,.F.);
#9528=ORIENTED_EDGE('',*,*,#9527,.F.);
#9530=ORIENTED_EDGE('',*,*,#9529,.F.);
#9531=EDGE_LOOP('',(#9517,#9518,#9520,#9522,#9524,#9526,#9528,#9530));
#9532=FACE_OUTER_BOUND('',#9531,.F.);
#9533=ADVANCED_FACE('',(#9532),#9515,.T.);
#9534=CARTESIAN_POINT('',(-5.875E-1,-1.125E-1,-5.845E-1));
#9535=DIRECTION('',(0.E0,-1.E0,0.E0));
#9536=DIRECTION('',(0.E0,0.E0,1.E0));
#9537=AXIS2_PLACEMENT_3D('',#9534,#9535,#9536);
#9538=PLANE('',#9537);
#9539=ORIENTED_EDGE('',*,*,#9446,.F.);
#9541=ORIENTED_EDGE('',*,*,#9540,.T.);
#9542=ORIENTED_EDGE('',*,*,#9496,.T.);
#9543=ORIENTED_EDGE('',*,*,#8598,.F.);
#9544=EDGE_LOOP('',(#9539,#9541,#9542,#9543));
#9545=FACE_OUTER_BOUND('',#9544,.F.);
#9546=ADVANCED_FACE('',(#9545),#9538,.T.);
#9547=CARTESIAN_POINT('',(-5.875E-1,-1.375E-1,-5.845E-1));
#9548=DIRECTION('',(-1.E0,0.E0,0.E0));
#9549=DIRECTION('',(0.E0,-1.E0,0.E0));
#9550=AXIS2_PLACEMENT_3D('',#9547,#9548,#9549);
#9551=CYLINDRICAL_SURFACE('',#9550,2.5E-2);
#9552=ORIENTED_EDGE('',*,*,#9444,.F.);
#9554=ORIENTED_EDGE('',*,*,#9553,.T.);
#9555=ORIENTED_EDGE('',*,*,#9498,.T.);
#9556=ORIENTED_EDGE('',*,*,#9540,.F.);
#9557=EDGE_LOOP('',(#9552,#9554,#9555,#9556));
#9558=FACE_OUTER_BOUND('',#9557,.F.);
#9559=ADVANCED_FACE('',(#9558),#9551,.F.);
#9560=CARTESIAN_POINT('',(-5.875E-1,-2.74E-1,-6.095E-1));
#9561=DIRECTION('',(0.E0,0.E0,1.E0));
#9562=DIRECTION('',(0.E0,1.E0,0.E0));
#9563=AXIS2_PLACEMENT_3D('',#9560,#9561,#9562);
#9564=PLANE('',#9563);
#9565=ORIENTED_EDGE('',*,*,#9442,.F.);
#9567=ORIENTED_EDGE('',*,*,#9566,.T.);
#9568=ORIENTED_EDGE('',*,*,#9500,.T.);
#9569=ORIENTED_EDGE('',*,*,#9553,.F.);
#9570=EDGE_LOOP('',(#9565,#9567,#9568,#9569));
#9571=FACE_OUTER_BOUND('',#9570,.F.);
#9572=ADVANCED_FACE('',(#9571),#9564,.T.);
#9573=CARTESIAN_POINT('',(-5.875E-1,-2.74E-1,-6.345E-1));
#9574=DIRECTION('',(0.E0,-1.E0,0.E0));
#9575=DIRECTION('',(0.E0,0.E0,1.E0));
#9576=AXIS2_PLACEMENT_3D('',#9573,#9574,#9575);
#9577=PLANE('',#9576);
#9578=ORIENTED_EDGE('',*,*,#9440,.F.);
#9580=ORIENTED_EDGE('',*,*,#9579,.T.);
#9581=ORIENTED_EDGE('',*,*,#9502,.T.);
#9582=ORIENTED_EDGE('',*,*,#9566,.F.);
#9583=EDGE_LOOP('',(#9578,#9580,#9581,#9582));
#9584=FACE_OUTER_BOUND('',#9583,.F.);
#9585=ADVANCED_FACE('',(#9584),#9577,.T.);
#9586=CARTESIAN_POINT('',(-5.875E-1,-1.375E-1,-6.345E-1));
#9587=DIRECTION('',(0.E0,0.E0,-1.E0));
#9588=DIRECTION('',(0.E0,-1.E0,0.E0));
#9589=AXIS2_PLACEMENT_3D('',#9586,#9587,#9588);
#9590=PLANE('',#9589);
#9591=ORIENTED_EDGE('',*,*,#9438,.F.);
#9593=ORIENTED_EDGE('',*,*,#9592,.T.);
#9594=ORIENTED_EDGE('',*,*,#9504,.T.);
#9595=ORIENTED_EDGE('',*,*,#9579,.F.);
#9596=EDGE_LOOP('',(#9591,#9593,#9594,#9595));
#9597=FACE_OUTER_BOUND('',#9596,.F.);
#9598=ADVANCED_FACE('',(#9597),#9590,.T.);
#9599=CARTESIAN_POINT('',(-5.875E-1,-1.375E-1,-5.845E-1));
#9600=DIRECTION('',(-1.E0,0.E0,0.E0));
#9601=DIRECTION('',(0.E0,-1.E0,0.E0));
#9602=AXIS2_PLACEMENT_3D('',#9599,#9600,#9601);
#9603=CYLINDRICAL_SURFACE('',#9602,5.E-2);
#9604=ORIENTED_EDGE('',*,*,#9436,.F.);
#9605=ORIENTED_EDGE('',*,*,#9484,.T.);
#9606=ORIENTED_EDGE('',*,*,#9506,.T.);
#9607=ORIENTED_EDGE('',*,*,#9592,.F.);
#9608=EDGE_LOOP('',(#9604,#9605,#9606,#9607));
#9609=FACE_OUTER_BOUND('',#9608,.F.);
#9610=ADVANCED_FACE('',(#9609),#9603,.T.);
#9611=CARTESIAN_POINT('',(-5.875E-1,1.125E-1,-5.5E-1));
#9612=DIRECTION('',(0.E0,1.E0,0.E0));
#9613=DIRECTION('',(0.E0,0.E0,-1.E0));
#9614=AXIS2_PLACEMENT_3D('',#9611,#9612,#9613);
#9615=PLANE('',#9614);
#9616=ORIENTED_EDGE('',*,*,#9457,.F.);
#9617=ORIENTED_EDGE('',*,*,#8612,.T.);
#9618=ORIENTED_EDGE('',*,*,#9516,.T.);
#9620=ORIENTED_EDGE('',*,*,#9619,.F.);
#9621=EDGE_LOOP('',(#9616,#9617,#9618,#9620));
#9622=FACE_OUTER_BOUND('',#9621,.F.);
#9623=ADVANCED_FACE('',(#9622),#9615,.T.);
#9624=CARTESIAN_POINT('',(-5.875E-1,6.25E-2,-7.345E-1));
#9625=DIRECTION('',(-1.E0,0.E0,0.E0));
#9626=DIRECTION('',(0.E0,-1.E0,0.E0));
#9627=AXIS2_PLACEMENT_3D('',#9624,#9625,#9626);
#9628=CYLINDRICAL_SURFACE('',#9627,5.E-2);
#9629=ORIENTED_EDGE('',*,*,#9459,.F.);
#9630=ORIENTED_EDGE('',*,*,#9619,.T.);
#9631=ORIENTED_EDGE('',*,*,#9529,.T.);
#9633=ORIENTED_EDGE('',*,*,#9632,.F.);
#9634=EDGE_LOOP('',(#9629,#9630,#9631,#9633));
#9635=FACE_OUTER_BOUND('',#9634,.F.);
#9636=ADVANCED_FACE('',(#9635),#9628,.T.);
#9637=CARTESIAN_POINT('',(-5.875E-1,6.25E-2,-7.845E-1));
#9638=DIRECTION('',(0.E0,0.E0,-1.E0));
#9639=DIRECTION('',(0.E0,-1.E0,0.E0));
#9640=AXIS2_PLACEMENT_3D('',#9637,#9638,#9639);
#9641=PLANE('',#9640);
#9642=ORIENTED_EDGE('',*,*,#9461,.F.);
#9643=ORIENTED_EDGE('',*,*,#9632,.T.);
#9644=ORIENTED_EDGE('',*,*,#9527,.T.);
#9646=ORIENTED_EDGE('',*,*,#9645,.F.);
#9647=EDGE_LOOP('',(#9642,#9643,#9644,#9646));
#9648=FACE_OUTER_BOUND('',#9647,.F.);
#9649=ADVANCED_FACE('',(#9648),#9641,.T.);
#9650=CARTESIAN_POINT('',(-5.875E-1,-2.74E-1,-7.845E-1));
#9651=DIRECTION('',(0.E0,-1.E0,0.E0));
#9652=DIRECTION('',(0.E0,0.E0,1.E0));
#9653=AXIS2_PLACEMENT_3D('',#9650,#9651,#9652);
#9654=PLANE('',#9653);
#9655=ORIENTED_EDGE('',*,*,#9463,.F.);
#9656=ORIENTED_EDGE('',*,*,#9645,.T.);
#9657=ORIENTED_EDGE('',*,*,#9525,.T.);
#9659=ORIENTED_EDGE('',*,*,#9658,.F.);
#9660=EDGE_LOOP('',(#9655,#9656,#9657,#9659));
#9661=FACE_OUTER_BOUND('',#9660,.F.);
#9662=ADVANCED_FACE('',(#9661),#9654,.T.);
#9663=CARTESIAN_POINT('',(-5.875E-1,-2.74E-1,-7.595E-1));
#9664=DIRECTION('',(0.E0,0.E0,1.E0));
#9665=DIRECTION('',(0.E0,1.E0,0.E0));
#9666=AXIS2_PLACEMENT_3D('',#9663,#9664,#9665);
#9667=PLANE('',#9666);
#9668=ORIENTED_EDGE('',*,*,#9465,.F.);
#9669=ORIENTED_EDGE('',*,*,#9658,.T.);
#9670=ORIENTED_EDGE('',*,*,#9523,.T.);
#9672=ORIENTED_EDGE('',*,*,#9671,.F.);
#9673=EDGE_LOOP('',(#9668,#9669,#9670,#9672));
#9674=FACE_OUTER_BOUND('',#9673,.F.);
#9675=ADVANCED_FACE('',(#9674),#9667,.T.);
#9676=CARTESIAN_POINT('',(-5.875E-1,6.25E-2,-7.345E-1));
#9677=DIRECTION('',(-1.E0,0.E0,0.E0));
#9678=DIRECTION('',(0.E0,-1.E0,0.E0));
#9679=AXIS2_PLACEMENT_3D('',#9676,#9677,#9678);
#9680=CYLINDRICAL_SURFACE('',#9679,2.5E-2);
#9681=ORIENTED_EDGE('',*,*,#9467,.F.);
#9682=ORIENTED_EDGE('',*,*,#9671,.T.);
#9683=ORIENTED_EDGE('',*,*,#9521,.T.);
#9685=ORIENTED_EDGE('',*,*,#9684,.F.);
#9686=EDGE_LOOP('',(#9681,#9682,#9683,#9685));
#9687=FACE_OUTER_BOUND('',#9686,.F.);
#9688=ADVANCED_FACE('',(#9687),#9680,.F.);
#9689=CARTESIAN_POINT('',(-5.875E-1,8.75E-2,-7.345E-1));
#9690=DIRECTION('',(0.E0,-1.E0,0.E0));
#9691=DIRECTION('',(0.E0,0.E0,1.E0));
#9692=AXIS2_PLACEMENT_3D('',#9689,#9690,#9691);
#9693=PLANE('',#9692);
#9694=ORIENTED_EDGE('',*,*,#9469,.F.);
#9695=ORIENTED_EDGE('',*,*,#9684,.T.);
#9696=ORIENTED_EDGE('',*,*,#9519,.T.);
#9697=ORIENTED_EDGE('',*,*,#8608,.F.);
#9698=EDGE_LOOP('',(#9694,#9695,#9696,#9697));
#9699=FACE_OUTER_BOUND('',#9698,.F.);
#9700=ADVANCED_FACE('',(#9699),#9693,.T.);
#9701=CARTESIAN_POINT('',(-4.875E-1,0.E0,0.E0));
#9702=DIRECTION('',(-1.E0,0.E0,0.E0));
#9703=DIRECTION('',(0.E0,-1.E0,0.E0));
#9704=AXIS2_PLACEMENT_3D('',#9701,#9702,#9703);
#9705=PLANE('',#9704);
#9707=ORIENTED_EDGE('',*,*,#9706,.T.);
#9709=ORIENTED_EDGE('',*,*,#9708,.T.);
#9711=ORIENTED_EDGE('',*,*,#9710,.T.);
#9713=ORIENTED_EDGE('',*,*,#9712,.T.);
#9715=ORIENTED_EDGE('',*,*,#9714,.T.);
#9717=ORIENTED_EDGE('',*,*,#9716,.T.);
#9719=ORIENTED_EDGE('',*,*,#9718,.T.);
#9720=ORIENTED_EDGE('',*,*,#8616,.T.);
#9721=EDGE_LOOP('',(#9707,#9709,#9711,#9713,#9715,#9717,#9719,#9720));
#9722=FACE_OUTER_BOUND('',#9721,.F.);
#9723=ADVANCED_FACE('',(#9722),#9705,.F.);
#9724=CARTESIAN_POINT('',(-4.875E-1,0.E0,0.E0));
#9725=DIRECTION('',(-1.E0,0.E0,0.E0));
#9726=DIRECTION('',(0.E0,-1.E0,0.E0));
#9727=AXIS2_PLACEMENT_3D('',#9724,#9725,#9726);
#9728=PLANE('',#9727);
#9730=ORIENTED_EDGE('',*,*,#9729,.T.);
#9732=ORIENTED_EDGE('',*,*,#9731,.T.);
#9734=ORIENTED_EDGE('',*,*,#9733,.T.);
#9736=ORIENTED_EDGE('',*,*,#9735,.T.);
#9738=ORIENTED_EDGE('',*,*,#9737,.T.);
#9740=ORIENTED_EDGE('',*,*,#9739,.T.);
#9742=ORIENTED_EDGE('',*,*,#9741,.T.);
#9743=ORIENTED_EDGE('',*,*,#8626,.T.);
#9744=EDGE_LOOP('',(#9730,#9732,#9734,#9736,#9738,#9740,#9742,#9743));
#9745=FACE_OUTER_BOUND('',#9744,.F.);
#9746=ADVANCED_FACE('',(#9745),#9728,.F.);
#9747=CARTESIAN_POINT('',(-4.875E-1,-8.75E-2,-5.5E-1));
#9748=DIRECTION('',(0.E0,1.E0,0.E0));
#9749=DIRECTION('',(0.E0,0.E0,-1.E0));
#9750=AXIS2_PLACEMENT_3D('',#9747,#9748,#9749);
#9751=PLANE('',#9750);
#9752=ORIENTED_EDGE('',*,*,#9706,.F.);
#9753=ORIENTED_EDGE('',*,*,#8622,.T.);
#9755=ORIENTED_EDGE('',*,*,#9754,.T.);
#9757=ORIENTED_EDGE('',*,*,#9756,.F.);
#9758=EDGE_LOOP('',(#9752,#9753,#9755,#9757));
#9759=FACE_OUTER_BOUND('',#9758,.F.);
#9760=ADVANCED_FACE('',(#9759),#9751,.T.);
#9761=CARTESIAN_POINT('',(-5.125E-1,0.E0,0.E0));
#9762=DIRECTION('',(-1.E0,0.E0,0.E0));
#9763=DIRECTION('',(0.E0,-1.E0,0.E0));
#9764=AXIS2_PLACEMENT_3D('',#9761,#9762,#9763);
#9765=PLANE('',#9764);
#9766=ORIENTED_EDGE('',*,*,#9754,.F.);
#9767=ORIENTED_EDGE('',*,*,#8620,.F.);
#9769=ORIENTED_EDGE('',*,*,#9768,.F.);
#9771=ORIENTED_EDGE('',*,*,#9770,.F.);
#9773=ORIENTED_EDGE('',*,*,#9772,.F.);
#9775=ORIENTED_EDGE('',*,*,#9774,.F.);
#9777=ORIENTED_EDGE('',*,*,#9776,.F.);
#9779=ORIENTED_EDGE('',*,*,#9778,.F.);
#9780=EDGE_LOOP('',(#9766,#9767,#9769,#9771,#9773,#9775,#9777,#9779));
#9781=FACE_OUTER_BOUND('',#9780,.F.);
#9782=ADVANCED_FACE('',(#9781),#9765,.T.);
#9783=CARTESIAN_POINT('',(-5.125E-1,0.E0,0.E0));
#9784=DIRECTION('',(-1.E0,0.E0,0.E0));
#9785=DIRECTION('',(0.E0,-1.E0,0.E0));
#9786=AXIS2_PLACEMENT_3D('',#9783,#9784,#9785);
#9787=PLANE('',#9786);
#9789=ORIENTED_EDGE('',*,*,#9788,.F.);
#9790=ORIENTED_EDGE('',*,*,#8630,.F.);
#9792=ORIENTED_EDGE('',*,*,#9791,.F.);
#9794=ORIENTED_EDGE('',*,*,#9793,.F.);
#9796=ORIENTED_EDGE('',*,*,#9795,.F.);
#9798=ORIENTED_EDGE('',*,*,#9797,.F.);
#9800=ORIENTED_EDGE('',*,*,#9799,.F.);
#9802=ORIENTED_EDGE('',*,*,#9801,.F.);
#9803=EDGE_LOOP('',(#9789,#9790,#9792,#9794,#9796,#9798,#9800,#9802));
#9804=FACE_OUTER_BOUND('',#9803,.F.);
#9805=ADVANCED_FACE('',(#9804),#9787,.T.);
#9806=CARTESIAN_POINT('',(-4.875E-1,-1.125E-1,-5.845E-1));
#9807=DIRECTION('',(0.E0,-1.E0,0.E0));
#9808=DIRECTION('',(0.E0,0.E0,1.E0));
#9809=AXIS2_PLACEMENT_3D('',#9806,#9807,#9808);
#9810=PLANE('',#9809);
#9811=ORIENTED_EDGE('',*,*,#9718,.F.);
#9813=ORIENTED_EDGE('',*,*,#9812,.T.);
#9814=ORIENTED_EDGE('',*,*,#9768,.T.);
#9815=ORIENTED_EDGE('',*,*,#8618,.F.);
#9816=EDGE_LOOP('',(#9811,#9813,#9814,#9815));
#9817=FACE_OUTER_BOUND('',#9816,.F.);
#9818=ADVANCED_FACE('',(#9817),#9810,.T.);
#9819=CARTESIAN_POINT('',(-4.875E-1,-1.375E-1,-5.845E-1));
#9820=DIRECTION('',(-1.E0,0.E0,0.E0));
#9821=DIRECTION('',(0.E0,-1.E0,0.E0));
#9822=AXIS2_PLACEMENT_3D('',#9819,#9820,#9821);
#9823=CYLINDRICAL_SURFACE('',#9822,2.5E-2);
#9824=ORIENTED_EDGE('',*,*,#9716,.F.);
#9826=ORIENTED_EDGE('',*,*,#9825,.T.);
#9827=ORIENTED_EDGE('',*,*,#9770,.T.);
#9828=ORIENTED_EDGE('',*,*,#9812,.F.);
#9829=EDGE_LOOP('',(#9824,#9826,#9827,#9828));
#9830=FACE_OUTER_BOUND('',#9829,.F.);
#9831=ADVANCED_FACE('',(#9830),#9823,.F.);
#9832=CARTESIAN_POINT('',(-4.875E-1,-2.74E-1,-6.095E-1));
#9833=DIRECTION('',(0.E0,0.E0,1.E0));
#9834=DIRECTION('',(0.E0,1.E0,0.E0));
#9835=AXIS2_PLACEMENT_3D('',#9832,#9833,#9834);
#9836=PLANE('',#9835);
#9837=ORIENTED_EDGE('',*,*,#9714,.F.);
#9839=ORIENTED_EDGE('',*,*,#9838,.T.);
#9840=ORIENTED_EDGE('',*,*,#9772,.T.);
#9841=ORIENTED_EDGE('',*,*,#9825,.F.);
#9842=EDGE_LOOP('',(#9837,#9839,#9840,#9841));
#9843=FACE_OUTER_BOUND('',#9842,.F.);
#9844=ADVANCED_FACE('',(#9843),#9836,.T.);
#9845=CARTESIAN_POINT('',(-4.875E-1,-2.74E-1,-6.345E-1));
#9846=DIRECTION('',(0.E0,-1.E0,0.E0));
#9847=DIRECTION('',(0.E0,0.E0,1.E0));
#9848=AXIS2_PLACEMENT_3D('',#9845,#9846,#9847);
#9849=PLANE('',#9848);
#9850=ORIENTED_EDGE('',*,*,#9712,.F.);
#9852=ORIENTED_EDGE('',*,*,#9851,.T.);
#9853=ORIENTED_EDGE('',*,*,#9774,.T.);
#9854=ORIENTED_EDGE('',*,*,#9838,.F.);
#9855=EDGE_LOOP('',(#9850,#9852,#9853,#9854));
#9856=FACE_OUTER_BOUND('',#9855,.F.);
#9857=ADVANCED_FACE('',(#9856),#9849,.T.);
#9858=CARTESIAN_POINT('',(-4.875E-1,-1.375E-1,-6.345E-1));
#9859=DIRECTION('',(0.E0,0.E0,-1.E0));
#9860=DIRECTION('',(0.E0,-1.E0,0.E0));
#9861=AXIS2_PLACEMENT_3D('',#9858,#9859,#9860);
#9862=PLANE('',#9861);
#9863=ORIENTED_EDGE('',*,*,#9710,.F.);
#9865=ORIENTED_EDGE('',*,*,#9864,.T.);
#9866=ORIENTED_EDGE('',*,*,#9776,.T.);
#9867=ORIENTED_EDGE('',*,*,#9851,.F.);
#9868=EDGE_LOOP('',(#9863,#9865,#9866,#9867));
#9869=FACE_OUTER_BOUND('',#9868,.F.);
#9870=ADVANCED_FACE('',(#9869),#9862,.T.);
#9871=CARTESIAN_POINT('',(-4.875E-1,-1.375E-1,-5.845E-1));
#9872=DIRECTION('',(-1.E0,0.E0,0.E0));
#9873=DIRECTION('',(0.E0,-1.E0,0.E0));
#9874=AXIS2_PLACEMENT_3D('',#9871,#9872,#9873);
#9875=CYLINDRICAL_SURFACE('',#9874,5.E-2);
#9876=ORIENTED_EDGE('',*,*,#9708,.F.);
#9877=ORIENTED_EDGE('',*,*,#9756,.T.);
#9878=ORIENTED_EDGE('',*,*,#9778,.T.);
#9879=ORIENTED_EDGE('',*,*,#9864,.F.);
#9880=EDGE_LOOP('',(#9876,#9877,#9878,#9879));
#9881=FACE_OUTER_BOUND('',#9880,.F.);
#9882=ADVANCED_FACE('',(#9881),#9875,.T.);
#9883=CARTESIAN_POINT('',(-4.875E-1,1.125E-1,-5.5E-1));
#9884=DIRECTION('',(0.E0,1.E0,0.E0));
#9885=DIRECTION('',(0.E0,0.E0,-1.E0));
#9886=AXIS2_PLACEMENT_3D('',#9883,#9884,#9885);
#9887=PLANE('',#9886);
#9888=ORIENTED_EDGE('',*,*,#9729,.F.);
#9889=ORIENTED_EDGE('',*,*,#8632,.T.);
#9890=ORIENTED_EDGE('',*,*,#9788,.T.);
#9892=ORIENTED_EDGE('',*,*,#9891,.F.);
#9893=EDGE_LOOP('',(#9888,#9889,#9890,#9892));
#9894=FACE_OUTER_BOUND('',#9893,.F.);
#9895=ADVANCED_FACE('',(#9894),#9887,.T.);
#9896=CARTESIAN_POINT('',(-4.875E-1,6.25E-2,-7.345E-1));
#9897=DIRECTION('',(-1.E0,0.E0,0.E0));
#9898=DIRECTION('',(0.E0,-1.E0,0.E0));
#9899=AXIS2_PLACEMENT_3D('',#9896,#9897,#9898);
#9900=CYLINDRICAL_SURFACE('',#9899,5.E-2);
#9901=ORIENTED_EDGE('',*,*,#9731,.F.);
#9902=ORIENTED_EDGE('',*,*,#9891,.T.);
#9903=ORIENTED_EDGE('',*,*,#9801,.T.);
#9905=ORIENTED_EDGE('',*,*,#9904,.F.);
#9906=EDGE_LOOP('',(#9901,#9902,#9903,#9905));
#9907=FACE_OUTER_BOUND('',#9906,.F.);
#9908=ADVANCED_FACE('',(#9907),#9900,.T.);
#9909=CARTESIAN_POINT('',(-4.875E-1,6.25E-2,-7.845E-1));
#9910=DIRECTION('',(0.E0,0.E0,-1.E0));
#9911=DIRECTION('',(0.E0,-1.E0,0.E0));
#9912=AXIS2_PLACEMENT_3D('',#9909,#9910,#9911);
#9913=PLANE('',#9912);
#9914=ORIENTED_EDGE('',*,*,#9733,.F.);
#9915=ORIENTED_EDGE('',*,*,#9904,.T.);
#9916=ORIENTED_EDGE('',*,*,#9799,.T.);
#9918=ORIENTED_EDGE('',*,*,#9917,.F.);
#9919=EDGE_LOOP('',(#9914,#9915,#9916,#9918));
#9920=FACE_OUTER_BOUND('',#9919,.F.);
#9921=ADVANCED_FACE('',(#9920),#9913,.T.);
#9922=CARTESIAN_POINT('',(-4.875E-1,-2.74E-1,-7.845E-1));
#9923=DIRECTION('',(0.E0,-1.E0,0.E0));
#9924=DIRECTION('',(0.E0,0.E0,1.E0));
#9925=AXIS2_PLACEMENT_3D('',#9922,#9923,#9924);
#9926=PLANE('',#9925);
#9927=ORIENTED_EDGE('',*,*,#9735,.F.);
#9928=ORIENTED_EDGE('',*,*,#9917,.T.);
#9929=ORIENTED_EDGE('',*,*,#9797,.T.);
#9931=ORIENTED_EDGE('',*,*,#9930,.F.);
#9932=EDGE_LOOP('',(#9927,#9928,#9929,#9931));
#9933=FACE_OUTER_BOUND('',#9932,.F.);
#9934=ADVANCED_FACE('',(#9933),#9926,.T.);
#9935=CARTESIAN_POINT('',(-4.875E-1,-2.74E-1,-7.595E-1));
#9936=DIRECTION('',(0.E0,0.E0,1.E0));
#9937=DIRECTION('',(0.E0,1.E0,0.E0));
#9938=AXIS2_PLACEMENT_3D('',#9935,#9936,#9937);
#9939=PLANE('',#9938);
#9940=ORIENTED_EDGE('',*,*,#9737,.F.);
#9941=ORIENTED_EDGE('',*,*,#9930,.T.);
#9942=ORIENTED_EDGE('',*,*,#9795,.T.);
#9944=ORIENTED_EDGE('',*,*,#9943,.F.);
#9945=EDGE_LOOP('',(#9940,#9941,#9942,#9944));
#9946=FACE_OUTER_BOUND('',#9945,.F.);
#9947=ADVANCED_FACE('',(#9946),#9939,.T.);
#9948=CARTESIAN_POINT('',(-4.875E-1,6.25E-2,-7.345E-1));
#9949=DIRECTION('',(-1.E0,0.E0,0.E0));
#9950=DIRECTION('',(0.E0,-1.E0,0.E0));
#9951=AXIS2_PLACEMENT_3D('',#9948,#9949,#9950);
#9952=CYLINDRICAL_SURFACE('',#9951,2.5E-2);
#9953=ORIENTED_EDGE('',*,*,#9739,.F.);
#9954=ORIENTED_EDGE('',*,*,#9943,.T.);
#9955=ORIENTED_EDGE('',*,*,#9793,.T.);
#9957=ORIENTED_EDGE('',*,*,#9956,.F.);
#9958=EDGE_LOOP('',(#9953,#9954,#9955,#9957));
#9959=FACE_OUTER_BOUND('',#9958,.F.);
#9960=ADVANCED_FACE('',(#9959),#9952,.F.);
#9961=CARTESIAN_POINT('',(-4.875E-1,8.75E-2,-7.345E-1));
#9962=DIRECTION('',(0.E0,-1.E0,0.E0));
#9963=DIRECTION('',(0.E0,0.E0,1.E0));
#9964=AXIS2_PLACEMENT_3D('',#9961,#9962,#9963);
#9965=PLANE('',#9964);
#9966=ORIENTED_EDGE('',*,*,#9741,.F.);
#9967=ORIENTED_EDGE('',*,*,#9956,.T.);
#9968=ORIENTED_EDGE('',*,*,#9791,.T.);
#9969=ORIENTED_EDGE('',*,*,#8628,.F.);
#9970=EDGE_LOOP('',(#9966,#9967,#9968,#9969));
#9971=FACE_OUTER_BOUND('',#9970,.F.);
#9972=ADVANCED_FACE('',(#9971),#9965,.T.);
#9973=CARTESIAN_POINT('',(-3.875E-1,0.E0,0.E0));
#9974=DIRECTION('',(-1.E0,0.E0,0.E0));
#9975=DIRECTION('',(0.E0,-1.E0,0.E0));
#9976=AXIS2_PLACEMENT_3D('',#9973,#9974,#9975);
#9977=PLANE('',#9976);
#9979=ORIENTED_EDGE('',*,*,#9978,.T.);
#9981=ORIENTED_EDGE('',*,*,#9980,.T.);
#9983=ORIENTED_EDGE('',*,*,#9982,.T.);
#9985=ORIENTED_EDGE('',*,*,#9984,.T.);
#9987=ORIENTED_EDGE('',*,*,#9986,.T.);
#9989=ORIENTED_EDGE('',*,*,#9988,.T.);
#9991=ORIENTED_EDGE('',*,*,#9990,.T.);
#9992=ORIENTED_EDGE('',*,*,#8636,.T.);
#9993=EDGE_LOOP('',(#9979,#9981,#9983,#9985,#9987,#9989,#9991,#9992));
#9994=FACE_OUTER_BOUND('',#9993,.F.);
#9995=ADVANCED_FACE('',(#9994),#9977,.F.);
#9996=CARTESIAN_POINT('',(-3.875E-1,0.E0,0.E0));
#9997=DIRECTION('',(-1.E0,0.E0,0.E0));
#9998=DIRECTION('',(0.E0,-1.E0,0.E0));
#9999=AXIS2_PLACEMENT_3D('',#9996,#9997,#9998);
#10000=PLANE('',#9999);
#10002=ORIENTED_EDGE('',*,*,#10001,.T.);
#10004=ORIENTED_EDGE('',*,*,#10003,.T.);
#10006=ORIENTED_EDGE('',*,*,#10005,.T.);
#10008=ORIENTED_EDGE('',*,*,#10007,.T.);
#10010=ORIENTED_EDGE('',*,*,#10009,.T.);
#10012=ORIENTED_EDGE('',*,*,#10011,.T.);
#10014=ORIENTED_EDGE('',*,*,#10013,.T.);
#10015=ORIENTED_EDGE('',*,*,#8646,.T.);
#10016=EDGE_LOOP('',(#10002,#10004,#10006,#10008,#10010,#10012,#10014,#10015));
#10017=FACE_OUTER_BOUND('',#10016,.F.);
#10018=ADVANCED_FACE('',(#10017),#10000,.F.);
#10019=CARTESIAN_POINT('',(-3.875E-1,-8.75E-2,-5.5E-1));
#10020=DIRECTION('',(0.E0,1.E0,0.E0));
#10021=DIRECTION('',(0.E0,0.E0,-1.E0));
#10022=AXIS2_PLACEMENT_3D('',#10019,#10020,#10021);
#10023=PLANE('',#10022);
#10024=ORIENTED_EDGE('',*,*,#9978,.F.);
#10025=ORIENTED_EDGE('',*,*,#8642,.T.);
#10027=ORIENTED_EDGE('',*,*,#10026,.T.);
#10029=ORIENTED_EDGE('',*,*,#10028,.F.);
#10030=EDGE_LOOP('',(#10024,#10025,#10027,#10029));
#10031=FACE_OUTER_BOUND('',#10030,.F.);
#10032=ADVANCED_FACE('',(#10031),#10023,.T.);
#10033=CARTESIAN_POINT('',(-4.125E-1,0.E0,0.E0));
#10034=DIRECTION('',(-1.E0,0.E0,0.E0));
#10035=DIRECTION('',(0.E0,-1.E0,0.E0));
#10036=AXIS2_PLACEMENT_3D('',#10033,#10034,#10035);
#10037=PLANE('',#10036);
#10038=ORIENTED_EDGE('',*,*,#10026,.F.);
#10039=ORIENTED_EDGE('',*,*,#8640,.F.);
#10041=ORIENTED_EDGE('',*,*,#10040,.F.);
#10043=ORIENTED_EDGE('',*,*,#10042,.F.);
#10045=ORIENTED_EDGE('',*,*,#10044,.F.);
#10047=ORIENTED_EDGE('',*,*,#10046,.F.);
#10049=ORIENTED_EDGE('',*,*,#10048,.F.);
#10051=ORIENTED_EDGE('',*,*,#10050,.F.);
#10052=EDGE_LOOP('',(#10038,#10039,#10041,#10043,#10045,#10047,#10049,#10051));
#10053=FACE_OUTER_BOUND('',#10052,.F.);
#10054=ADVANCED_FACE('',(#10053),#10037,.T.);
#10055=CARTESIAN_POINT('',(-4.125E-1,0.E0,0.E0));
#10056=DIRECTION('',(-1.E0,0.E0,0.E0));
#10057=DIRECTION('',(0.E0,-1.E0,0.E0));
#10058=AXIS2_PLACEMENT_3D('',#10055,#10056,#10057);
#10059=PLANE('',#10058);
#10061=ORIENTED_EDGE('',*,*,#10060,.F.);
#10062=ORIENTED_EDGE('',*,*,#8650,.F.);
#10064=ORIENTED_EDGE('',*,*,#10063,.F.);
#10066=ORIENTED_EDGE('',*,*,#10065,.F.);
#10068=ORIENTED_EDGE('',*,*,#10067,.F.);
#10070=ORIENTED_EDGE('',*,*,#10069,.F.);
#10072=ORIENTED_EDGE('',*,*,#10071,.F.);
#10074=ORIENTED_EDGE('',*,*,#10073,.F.);
#10075=EDGE_LOOP('',(#10061,#10062,#10064,#10066,#10068,#10070,#10072,#10074));
#10076=FACE_OUTER_BOUND('',#10075,.F.);
#10077=ADVANCED_FACE('',(#10076),#10059,.T.);
#10078=CARTESIAN_POINT('',(-3.875E-1,-1.125E-1,-5.845E-1));
#10079=DIRECTION('',(0.E0,-1.E0,0.E0));
#10080=DIRECTION('',(0.E0,0.E0,1.E0));
#10081=AXIS2_PLACEMENT_3D('',#10078,#10079,#10080);
#10082=PLANE('',#10081);
#10083=ORIENTED_EDGE('',*,*,#9990,.F.);
#10085=ORIENTED_EDGE('',*,*,#10084,.T.);
#10086=ORIENTED_EDGE('',*,*,#10040,.T.);
#10087=ORIENTED_EDGE('',*,*,#8638,.F.);
#10088=EDGE_LOOP('',(#10083,#10085,#10086,#10087));
#10089=FACE_OUTER_BOUND('',#10088,.F.);
#10090=ADVANCED_FACE('',(#10089),#10082,.T.);
#10091=CARTESIAN_POINT('',(-3.875E-1,-1.375E-1,-5.845E-1));
#10092=DIRECTION('',(-1.E0,0.E0,0.E0));
#10093=DIRECTION('',(0.E0,-1.E0,0.E0));
#10094=AXIS2_PLACEMENT_3D('',#10091,#10092,#10093);
#10095=CYLINDRICAL_SURFACE('',#10094,2.5E-2);
#10096=ORIENTED_EDGE('',*,*,#9988,.F.);
#10098=ORIENTED_EDGE('',*,*,#10097,.T.);
#10099=ORIENTED_EDGE('',*,*,#10042,.T.);
#10100=ORIENTED_EDGE('',*,*,#10084,.F.);
#10101=EDGE_LOOP('',(#10096,#10098,#10099,#10100));
#10102=FACE_OUTER_BOUND('',#10101,.F.);
#10103=ADVANCED_FACE('',(#10102),#10095,.F.);
#10104=CARTESIAN_POINT('',(-3.875E-1,-2.74E-1,-6.095E-1));
#10105=DIRECTION('',(0.E0,0.E0,1.E0));
#10106=DIRECTION('',(0.E0,1.E0,0.E0));
#10107=AXIS2_PLACEMENT_3D('',#10104,#10105,#10106);
#10108=PLANE('',#10107);
#10109=ORIENTED_EDGE('',*,*,#9986,.F.);
#10111=ORIENTED_EDGE('',*,*,#10110,.T.);
#10112=ORIENTED_EDGE('',*,*,#10044,.T.);
#10113=ORIENTED_EDGE('',*,*,#10097,.F.);
#10114=EDGE_LOOP('',(#10109,#10111,#10112,#10113));
#10115=FACE_OUTER_BOUND('',#10114,.F.);
#10116=ADVANCED_FACE('',(#10115),#10108,.T.);
#10117=CARTESIAN_POINT('',(-3.875E-1,-2.74E-1,-6.345E-1));
#10118=DIRECTION('',(0.E0,-1.E0,0.E0));
#10119=DIRECTION('',(0.E0,0.E0,1.E0));
#10120=AXIS2_PLACEMENT_3D('',#10117,#10118,#10119);
#10121=PLANE('',#10120);
#10122=ORIENTED_EDGE('',*,*,#9984,.F.);
#10124=ORIENTED_EDGE('',*,*,#10123,.T.);
#10125=ORIENTED_EDGE('',*,*,#10046,.T.);
#10126=ORIENTED_EDGE('',*,*,#10110,.F.);
#10127=EDGE_LOOP('',(#10122,#10124,#10125,#10126));
#10128=FACE_OUTER_BOUND('',#10127,.F.);
#10129=ADVANCED_FACE('',(#10128),#10121,.T.);
#10130=CARTESIAN_POINT('',(-3.875E-1,-1.375E-1,-6.345E-1));
#10131=DIRECTION('',(0.E0,0.E0,-1.E0));
#10132=DIRECTION('',(0.E0,-1.E0,0.E0));
#10133=AXIS2_PLACEMENT_3D('',#10130,#10131,#10132);
#10134=PLANE('',#10133);
#10135=ORIENTED_EDGE('',*,*,#9982,.F.);
#10137=ORIENTED_EDGE('',*,*,#10136,.T.);
#10138=ORIENTED_EDGE('',*,*,#10048,.T.);
#10139=ORIENTED_EDGE('',*,*,#10123,.F.);
#10140=EDGE_LOOP('',(#10135,#10137,#10138,#10139));
#10141=FACE_OUTER_BOUND('',#10140,.F.);
#10142=ADVANCED_FACE('',(#10141),#10134,.T.);
#10143=CARTESIAN_POINT('',(-3.875E-1,-1.375E-1,-5.845E-1));
#10144=DIRECTION('',(-1.E0,0.E0,0.E0));
#10145=DIRECTION('',(0.E0,-1.E0,0.E0));
#10146=AXIS2_PLACEMENT_3D('',#10143,#10144,#10145);
#10147=CYLINDRICAL_SURFACE('',#10146,5.E-2);
#10148=ORIENTED_EDGE('',*,*,#9980,.F.);
#10149=ORIENTED_EDGE('',*,*,#10028,.T.);
#10150=ORIENTED_EDGE('',*,*,#10050,.T.);
#10151=ORIENTED_EDGE('',*,*,#10136,.F.);
#10152=EDGE_LOOP('',(#10148,#10149,#10150,#10151));
#10153=FACE_OUTER_BOUND('',#10152,.F.);
#10154=ADVANCED_FACE('',(#10153),#10147,.T.);
#10155=CARTESIAN_POINT('',(-3.875E-1,1.125E-1,-5.5E-1));
#10156=DIRECTION('',(0.E0,1.E0,0.E0));
#10157=DIRECTION('',(0.E0,0.E0,-1.E0));
#10158=AXIS2_PLACEMENT_3D('',#10155,#10156,#10157);
#10159=PLANE('',#10158);
#10160=ORIENTED_EDGE('',*,*,#10001,.F.);
#10161=ORIENTED_EDGE('',*,*,#8652,.T.);
#10162=ORIENTED_EDGE('',*,*,#10060,.T.);
#10164=ORIENTED_EDGE('',*,*,#10163,.F.);
#10165=EDGE_LOOP('',(#10160,#10161,#10162,#10164));
#10166=FACE_OUTER_BOUND('',#10165,.F.);
#10167=ADVANCED_FACE('',(#10166),#10159,.T.);
#10168=CARTESIAN_POINT('',(-3.875E-1,6.25E-2,-7.345E-1));
#10169=DIRECTION('',(-1.E0,0.E0,0.E0));
#10170=DIRECTION('',(0.E0,-1.E0,0.E0));
#10171=AXIS2_PLACEMENT_3D('',#10168,#10169,#10170);
#10172=CYLINDRICAL_SURFACE('',#10171,5.E-2);
#10173=ORIENTED_EDGE('',*,*,#10003,.F.);
#10174=ORIENTED_EDGE('',*,*,#10163,.T.);
#10175=ORIENTED_EDGE('',*,*,#10073,.T.);
#10177=ORIENTED_EDGE('',*,*,#10176,.F.);
#10178=EDGE_LOOP('',(#10173,#10174,#10175,#10177));
#10179=FACE_OUTER_BOUND('',#10178,.F.);
#10180=ADVANCED_FACE('',(#10179),#10172,.T.);
#10181=CARTESIAN_POINT('',(-3.875E-1,6.25E-2,-7.845E-1));
#10182=DIRECTION('',(0.E0,0.E0,-1.E0));
#10183=DIRECTION('',(0.E0,-1.E0,0.E0));
#10184=AXIS2_PLACEMENT_3D('',#10181,#10182,#10183);
#10185=PLANE('',#10184);
#10186=ORIENTED_EDGE('',*,*,#10005,.F.);
#10187=ORIENTED_EDGE('',*,*,#10176,.T.);
#10188=ORIENTED_EDGE('',*,*,#10071,.T.);
#10190=ORIENTED_EDGE('',*,*,#10189,.F.);
#10191=EDGE_LOOP('',(#10186,#10187,#10188,#10190));
#10192=FACE_OUTER_BOUND('',#10191,.F.);
#10193=ADVANCED_FACE('',(#10192),#10185,.T.);
#10194=CARTESIAN_POINT('',(-3.875E-1,-2.74E-1,-7.845E-1));
#10195=DIRECTION('',(0.E0,-1.E0,0.E0));
#10196=DIRECTION('',(0.E0,0.E0,1.E0));
#10197=AXIS2_PLACEMENT_3D('',#10194,#10195,#10196);
#10198=PLANE('',#10197);
#10199=ORIENTED_EDGE('',*,*,#10007,.F.);
#10200=ORIENTED_EDGE('',*,*,#10189,.T.);
#10201=ORIENTED_EDGE('',*,*,#10069,.T.);
#10203=ORIENTED_EDGE('',*,*,#10202,.F.);
#10204=EDGE_LOOP('',(#10199,#10200,#10201,#10203));
#10205=FACE_OUTER_BOUND('',#10204,.F.);
#10206=ADVANCED_FACE('',(#10205),#10198,.T.);
#10207=CARTESIAN_POINT('',(-3.875E-1,-2.74E-1,-7.595E-1));
#10208=DIRECTION('',(0.E0,0.E0,1.E0));
#10209=DIRECTION('',(0.E0,1.E0,0.E0));
#10210=AXIS2_PLACEMENT_3D('',#10207,#10208,#10209);
#10211=PLANE('',#10210);
#10212=ORIENTED_EDGE('',*,*,#10009,.F.);
#10213=ORIENTED_EDGE('',*,*,#10202,.T.);
#10214=ORIENTED_EDGE('',*,*,#10067,.T.);
#10216=ORIENTED_EDGE('',*,*,#10215,.F.);
#10217=EDGE_LOOP('',(#10212,#10213,#10214,#10216));
#10218=FACE_OUTER_BOUND('',#10217,.F.);
#10219=ADVANCED_FACE('',(#10218),#10211,.T.);
#10220=CARTESIAN_POINT('',(-3.875E-1,6.25E-2,-7.345E-1));
#10221=DIRECTION('',(-1.E0,0.E0,0.E0));
#10222=DIRECTION('',(0.E0,-1.E0,0.E0));
#10223=AXIS2_PLACEMENT_3D('',#10220,#10221,#10222);
#10224=CYLINDRICAL_SURFACE('',#10223,2.5E-2);
#10225=ORIENTED_EDGE('',*,*,#10011,.F.);
#10226=ORIENTED_EDGE('',*,*,#10215,.T.);
#10227=ORIENTED_EDGE('',*,*,#10065,.T.);
#10229=ORIENTED_EDGE('',*,*,#10228,.F.);
#10230=EDGE_LOOP('',(#10225,#10226,#10227,#10229));
#10231=FACE_OUTER_BOUND('',#10230,.F.);
#10232=ADVANCED_FACE('',(#10231),#10224,.F.);
#10233=CARTESIAN_POINT('',(-3.875E-1,8.75E-2,-7.345E-1));
#10234=DIRECTION('',(0.E0,-1.E0,0.E0));
#10235=DIRECTION('',(0.E0,0.E0,1.E0));
#10236=AXIS2_PLACEMENT_3D('',#10233,#10234,#10235);
#10237=PLANE('',#10236);
#10238=ORIENTED_EDGE('',*,*,#10013,.F.);
#10239=ORIENTED_EDGE('',*,*,#10228,.T.);
#10240=ORIENTED_EDGE('',*,*,#10063,.T.);
#10241=ORIENTED_EDGE('',*,*,#8648,.F.);
#10242=EDGE_LOOP('',(#10238,#10239,#10240,#10241));
#10243=FACE_OUTER_BOUND('',#10242,.F.);
#10244=ADVANCED_FACE('',(#10243),#10237,.T.);
#10245=CARTESIAN_POINT('',(-2.875E-1,0.E0,0.E0));
#10246=DIRECTION('',(-1.E0,0.E0,0.E0));
#10247=DIRECTION('',(0.E0,-1.E0,0.E0));
#10248=AXIS2_PLACEMENT_3D('',#10245,#10246,#10247);
#10249=PLANE('',#10248);
#10251=ORIENTED_EDGE('',*,*,#10250,.T.);
#10253=ORIENTED_EDGE('',*,*,#10252,.T.);
#10255=ORIENTED_EDGE('',*,*,#10254,.T.);
#10257=ORIENTED_EDGE('',*,*,#10256,.T.);
#10259=ORIENTED_EDGE('',*,*,#10258,.T.);
#10261=ORIENTED_EDGE('',*,*,#10260,.T.);
#10263=ORIENTED_EDGE('',*,*,#10262,.T.);
#10264=ORIENTED_EDGE('',*,*,#8656,.T.);
#10265=EDGE_LOOP('',(#10251,#10253,#10255,#10257,#10259,#10261,#10263,#10264));
#10266=FACE_OUTER_BOUND('',#10265,.F.);
#10267=ADVANCED_FACE('',(#10266),#10249,.F.);
#10268=CARTESIAN_POINT('',(-2.875E-1,0.E0,0.E0));
#10269=DIRECTION('',(-1.E0,0.E0,0.E0));
#10270=DIRECTION('',(0.E0,-1.E0,0.E0));
#10271=AXIS2_PLACEMENT_3D('',#10268,#10269,#10270);
#10272=PLANE('',#10271);
#10274=ORIENTED_EDGE('',*,*,#10273,.T.);
#10276=ORIENTED_EDGE('',*,*,#10275,.T.);
#10278=ORIENTED_EDGE('',*,*,#10277,.T.);
#10280=ORIENTED_EDGE('',*,*,#10279,.T.);
#10282=ORIENTED_EDGE('',*,*,#10281,.T.);
#10284=ORIENTED_EDGE('',*,*,#10283,.T.);
#10286=ORIENTED_EDGE('',*,*,#10285,.T.);
#10287=ORIENTED_EDGE('',*,*,#8666,.T.);
#10288=EDGE_LOOP('',(#10274,#10276,#10278,#10280,#10282,#10284,#10286,#10287));
#10289=FACE_OUTER_BOUND('',#10288,.F.);
#10290=ADVANCED_FACE('',(#10289),#10272,.F.);
#10291=CARTESIAN_POINT('',(-2.875E-1,-8.75E-2,-5.5E-1));
#10292=DIRECTION('',(0.E0,1.E0,0.E0));
#10293=DIRECTION('',(0.E0,0.E0,-1.E0));
#10294=AXIS2_PLACEMENT_3D('',#10291,#10292,#10293);
#10295=PLANE('',#10294);
#10296=ORIENTED_EDGE('',*,*,#10250,.F.);
#10297=ORIENTED_EDGE('',*,*,#8662,.T.);
#10299=ORIENTED_EDGE('',*,*,#10298,.T.);
#10301=ORIENTED_EDGE('',*,*,#10300,.F.);
#10302=EDGE_LOOP('',(#10296,#10297,#10299,#10301));
#10303=FACE_OUTER_BOUND('',#10302,.F.);
#10304=ADVANCED_FACE('',(#10303),#10295,.T.);
#10305=CARTESIAN_POINT('',(-3.125E-1,0.E0,0.E0));
#10306=DIRECTION('',(-1.E0,0.E0,0.E0));
#10307=DIRECTION('',(0.E0,-1.E0,0.E0));
#10308=AXIS2_PLACEMENT_3D('',#10305,#10306,#10307);
#10309=PLANE('',#10308);
#10310=ORIENTED_EDGE('',*,*,#10298,.F.);
#10311=ORIENTED_EDGE('',*,*,#8660,.F.);
#10313=ORIENTED_EDGE('',*,*,#10312,.F.);
#10315=ORIENTED_EDGE('',*,*,#10314,.F.);
#10317=ORIENTED_EDGE('',*,*,#10316,.F.);
#10319=ORIENTED_EDGE('',*,*,#10318,.F.);
#10321=ORIENTED_EDGE('',*,*,#10320,.F.);
#10323=ORIENTED_EDGE('',*,*,#10322,.F.);
#10324=EDGE_LOOP('',(#10310,#10311,#10313,#10315,#10317,#10319,#10321,#10323));
#10325=FACE_OUTER_BOUND('',#10324,.F.);
#10326=ADVANCED_FACE('',(#10325),#10309,.T.);
#10327=CARTESIAN_POINT('',(-3.125E-1,0.E0,0.E0));
#10328=DIRECTION('',(-1.E0,0.E0,0.E0));
#10329=DIRECTION('',(0.E0,-1.E0,0.E0));
#10330=AXIS2_PLACEMENT_3D('',#10327,#10328,#10329);
#10331=PLANE('',#10330);
#10333=ORIENTED_EDGE('',*,*,#10332,.F.);
#10334=ORIENTED_EDGE('',*,*,#8670,.F.);
#10336=ORIENTED_EDGE('',*,*,#10335,.F.);
#10338=ORIENTED_EDGE('',*,*,#10337,.F.);
#10340=ORIENTED_EDGE('',*,*,#10339,.F.);
#10342=ORIENTED_EDGE('',*,*,#10341,.F.);
#10344=ORIENTED_EDGE('',*,*,#10343,.F.);
#10346=ORIENTED_EDGE('',*,*,#10345,.F.);
#10347=EDGE_LOOP('',(#10333,#10334,#10336,#10338,#10340,#10342,#10344,#10346));
#10348=FACE_OUTER_BOUND('',#10347,.F.);
#10349=ADVANCED_FACE('',(#10348),#10331,.T.);
#10350=CARTESIAN_POINT('',(-2.875E-1,-1.125E-1,-5.845E-1));
#10351=DIRECTION('',(0.E0,-1.E0,0.E0));
#10352=DIRECTION('',(0.E0,0.E0,1.E0));
#10353=AXIS2_PLACEMENT_3D('',#10350,#10351,#10352);
#10354=PLANE('',#10353);
#10355=ORIENTED_EDGE('',*,*,#10262,.F.);
#10357=ORIENTED_EDGE('',*,*,#10356,.T.);
#10358=ORIENTED_EDGE('',*,*,#10312,.T.);
#10359=ORIENTED_EDGE('',*,*,#8658,.F.);
#10360=EDGE_LOOP('',(#10355,#10357,#10358,#10359));
#10361=FACE_OUTER_BOUND('',#10360,.F.);
#10362=ADVANCED_FACE('',(#10361),#10354,.T.);
#10363=CARTESIAN_POINT('',(-2.875E-1,-1.375E-1,-5.845E-1));
#10364=DIRECTION('',(-1.E0,0.E0,0.E0));
#10365=DIRECTION('',(0.E0,-1.E0,0.E0));
#10366=AXIS2_PLACEMENT_3D('',#10363,#10364,#10365);
#10367=CYLINDRICAL_SURFACE('',#10366,2.5E-2);
#10368=ORIENTED_EDGE('',*,*,#10260,.F.);
#10370=ORIENTED_EDGE('',*,*,#10369,.T.);
#10371=ORIENTED_EDGE('',*,*,#10314,.T.);
#10372=ORIENTED_EDGE('',*,*,#10356,.F.);
#10373=EDGE_LOOP('',(#10368,#10370,#10371,#10372));
#10374=FACE_OUTER_BOUND('',#10373,.F.);
#10375=ADVANCED_FACE('',(#10374),#10367,.F.);
#10376=CARTESIAN_POINT('',(-2.875E-1,-2.74E-1,-6.095E-1));
#10377=DIRECTION('',(0.E0,0.E0,1.E0));
#10378=DIRECTION('',(0.E0,1.E0,0.E0));
#10379=AXIS2_PLACEMENT_3D('',#10376,#10377,#10378);
#10380=PLANE('',#10379);
#10381=ORIENTED_EDGE('',*,*,#10258,.F.);
#10383=ORIENTED_EDGE('',*,*,#10382,.T.);
#10384=ORIENTED_EDGE('',*,*,#10316,.T.);
#10385=ORIENTED_EDGE('',*,*,#10369,.F.);
#10386=EDGE_LOOP('',(#10381,#10383,#10384,#10385));
#10387=FACE_OUTER_BOUND('',#10386,.F.);
#10388=ADVANCED_FACE('',(#10387),#10380,.T.);
#10389=CARTESIAN_POINT('',(-2.875E-1,-2.74E-1,-6.345E-1));
#10390=DIRECTION('',(0.E0,-1.E0,0.E0));
#10391=DIRECTION('',(0.E0,0.E0,1.E0));
#10392=AXIS2_PLACEMENT_3D('',#10389,#10390,#10391);
#10393=PLANE('',#10392);
#10394=ORIENTED_EDGE('',*,*,#10256,.F.);
#10396=ORIENTED_EDGE('',*,*,#10395,.T.);
#10397=ORIENTED_EDGE('',*,*,#10318,.T.);
#10398=ORIENTED_EDGE('',*,*,#10382,.F.);
#10399=EDGE_LOOP('',(#10394,#10396,#10397,#10398));
#10400=FACE_OUTER_BOUND('',#10399,.F.);
#10401=ADVANCED_FACE('',(#10400),#10393,.T.);
#10402=CARTESIAN_POINT('',(-2.875E-1,-1.375E-1,-6.345E-1));
#10403=DIRECTION('',(0.E0,0.E0,-1.E0));
#10404=DIRECTION('',(0.E0,-1.E0,0.E0));
#10405=AXIS2_PLACEMENT_3D('',#10402,#10403,#10404);
#10406=PLANE('',#10405);
#10407=ORIENTED_EDGE('',*,*,#10254,.F.);
#10409=ORIENTED_EDGE('',*,*,#10408,.T.);
#10410=ORIENTED_EDGE('',*,*,#10320,.T.);
#10411=ORIENTED_EDGE('',*,*,#10395,.F.);
#10412=EDGE_LOOP('',(#10407,#10409,#10410,#10411));
#10413=FACE_OUTER_BOUND('',#10412,.F.);
#10414=ADVANCED_FACE('',(#10413),#10406,.T.);
#10415=CARTESIAN_POINT('',(-2.875E-1,-1.375E-1,-5.845E-1));
#10416=DIRECTION('',(-1.E0,0.E0,0.E0));
#10417=DIRECTION('',(0.E0,-1.E0,0.E0));
#10418=AXIS2_PLACEMENT_3D('',#10415,#10416,#10417);
#10419=CYLINDRICAL_SURFACE('',#10418,5.E-2);
#10420=ORIENTED_EDGE('',*,*,#10252,.F.);
#10421=ORIENTED_EDGE('',*,*,#10300,.T.);
#10422=ORIENTED_EDGE('',*,*,#10322,.T.);
#10423=ORIENTED_EDGE('',*,*,#10408,.F.);
#10424=EDGE_LOOP('',(#10420,#10421,#10422,#10423));
#10425=FACE_OUTER_BOUND('',#10424,.F.);
#10426=ADVANCED_FACE('',(#10425),#10419,.T.);
#10427=CARTESIAN_POINT('',(-2.875E-1,1.125E-1,-5.5E-1));
#10428=DIRECTION('',(0.E0,1.E0,0.E0));
#10429=DIRECTION('',(0.E0,0.E0,-1.E0));
#10430=AXIS2_PLACEMENT_3D('',#10427,#10428,#10429);
#10431=PLANE('',#10430);
#10432=ORIENTED_EDGE('',*,*,#10273,.F.);
#10433=ORIENTED_EDGE('',*,*,#8672,.T.);
#10434=ORIENTED_EDGE('',*,*,#10332,.T.);
#10436=ORIENTED_EDGE('',*,*,#10435,.F.);
#10437=EDGE_LOOP('',(#10432,#10433,#10434,#10436));
#10438=FACE_OUTER_BOUND('',#10437,.F.);
#10439=ADVANCED_FACE('',(#10438),#10431,.T.);
#10440=CARTESIAN_POINT('',(-2.875E-1,6.25E-2,-7.345E-1));
#10441=DIRECTION('',(-1.E0,0.E0,0.E0));
#10442=DIRECTION('',(0.E0,-1.E0,0.E0));
#10443=AXIS2_PLACEMENT_3D('',#10440,#10441,#10442);
#10444=CYLINDRICAL_SURFACE('',#10443,5.E-2);
#10445=ORIENTED_EDGE('',*,*,#10275,.F.);
#10446=ORIENTED_EDGE('',*,*,#10435,.T.);
#10447=ORIENTED_EDGE('',*,*,#10345,.T.);
#10449=ORIENTED_EDGE('',*,*,#10448,.F.);
#10450=EDGE_LOOP('',(#10445,#10446,#10447,#10449));
#10451=FACE_OUTER_BOUND('',#10450,.F.);
#10452=ADVANCED_FACE('',(#10451),#10444,.T.);
#10453=CARTESIAN_POINT('',(-2.875E-1,6.25E-2,-7.845E-1));
#10454=DIRECTION('',(0.E0,0.E0,-1.E0));
#10455=DIRECTION('',(0.E0,-1.E0,0.E0));
#10456=AXIS2_PLACEMENT_3D('',#10453,#10454,#10455);
#10457=PLANE('',#10456);
#10458=ORIENTED_EDGE('',*,*,#10277,.F.);
#10459=ORIENTED_EDGE('',*,*,#10448,.T.);
#10460=ORIENTED_EDGE('',*,*,#10343,.T.);
#10462=ORIENTED_EDGE('',*,*,#10461,.F.);
#10463=EDGE_LOOP('',(#10458,#10459,#10460,#10462));
#10464=FACE_OUTER_BOUND('',#10463,.F.);
#10465=ADVANCED_FACE('',(#10464),#10457,.T.);
#10466=CARTESIAN_POINT('',(-2.875E-1,-2.74E-1,-7.845E-1));
#10467=DIRECTION('',(0.E0,-1.E0,0.E0));
#10468=DIRECTION('',(0.E0,0.E0,1.E0));
#10469=AXIS2_PLACEMENT_3D('',#10466,#10467,#10468);
#10470=PLANE('',#10469);
#10471=ORIENTED_EDGE('',*,*,#10279,.F.);
#10472=ORIENTED_EDGE('',*,*,#10461,.T.);
#10473=ORIENTED_EDGE('',*,*,#10341,.T.);
#10475=ORIENTED_EDGE('',*,*,#10474,.F.);
#10476=EDGE_LOOP('',(#10471,#10472,#10473,#10475));
#10477=FACE_OUTER_BOUND('',#10476,.F.);
#10478=ADVANCED_FACE('',(#10477),#10470,.T.);
#10479=CARTESIAN_POINT('',(-2.875E-1,-2.74E-1,-7.595E-1));
#10480=DIRECTION('',(0.E0,0.E0,1.E0));
#10481=DIRECTION('',(0.E0,1.E0,0.E0));
#10482=AXIS2_PLACEMENT_3D('',#10479,#10480,#10481);
#10483=PLANE('',#10482);
#10484=ORIENTED_EDGE('',*,*,#10281,.F.);
#10485=ORIENTED_EDGE('',*,*,#10474,.T.);
#10486=ORIENTED_EDGE('',*,*,#10339,.T.);
#10488=ORIENTED_EDGE('',*,*,#10487,.F.);
#10489=EDGE_LOOP('',(#10484,#10485,#10486,#10488));
#10490=FACE_OUTER_BOUND('',#10489,.F.);
#10491=ADVANCED_FACE('',(#10490),#10483,.T.);
#10492=CARTESIAN_POINT('',(-2.875E-1,6.25E-2,-7.345E-1));
#10493=DIRECTION('',(-1.E0,0.E0,0.E0));
#10494=DIRECTION('',(0.E0,-1.E0,0.E0));
#10495=AXIS2_PLACEMENT_3D('',#10492,#10493,#10494);
#10496=CYLINDRICAL_SURFACE('',#10495,2.5E-2);
#10497=ORIENTED_EDGE('',*,*,#10283,.F.);
#10498=ORIENTED_EDGE('',*,*,#10487,.T.);
#10499=ORIENTED_EDGE('',*,*,#10337,.T.);
#10501=ORIENTED_EDGE('',*,*,#10500,.F.);
#10502=EDGE_LOOP('',(#10497,#10498,#10499,#10501));
#10503=FACE_OUTER_BOUND('',#10502,.F.);
#10504=ADVANCED_FACE('',(#10503),#10496,.F.);
#10505=CARTESIAN_POINT('',(-2.875E-1,8.75E-2,-7.345E-1));
#10506=DIRECTION('',(0.E0,-1.E0,0.E0));
#10507=DIRECTION('',(0.E0,0.E0,1.E0));
#10508=AXIS2_PLACEMENT_3D('',#10505,#10506,#10507);
#10509=PLANE('',#10508);
#10510=ORIENTED_EDGE('',*,*,#10285,.F.);
#10511=ORIENTED_EDGE('',*,*,#10500,.T.);
#10512=ORIENTED_EDGE('',*,*,#10335,.T.);
#10513=ORIENTED_EDGE('',*,*,#8668,.F.);
#10514=EDGE_LOOP('',(#10510,#10511,#10512,#10513));
#10515=FACE_OUTER_BOUND('',#10514,.F.);
#10516=ADVANCED_FACE('',(#10515),#10509,.T.);
#10517=CARTESIAN_POINT('',(-1.875E-1,0.E0,0.E0));
#10518=DIRECTION('',(-1.E0,0.E0,0.E0));
#10519=DIRECTION('',(0.E0,-1.E0,0.E0));
#10520=AXIS2_PLACEMENT_3D('',#10517,#10518,#10519);
#10521=PLANE('',#10520);
#10523=ORIENTED_EDGE('',*,*,#10522,.T.);
#10525=ORIENTED_EDGE('',*,*,#10524,.T.);
#10527=ORIENTED_EDGE('',*,*,#10526,.T.);
#10529=ORIENTED_EDGE('',*,*,#10528,.T.);
#10531=ORIENTED_EDGE('',*,*,#10530,.T.);
#10533=ORIENTED_EDGE('',*,*,#10532,.T.);
#10535=ORIENTED_EDGE('',*,*,#10534,.T.);
#10536=ORIENTED_EDGE('',*,*,#8676,.T.);
#10537=EDGE_LOOP('',(#10523,#10525,#10527,#10529,#10531,#10533,#10535,#10536));
#10538=FACE_OUTER_BOUND('',#10537,.F.);
#10539=ADVANCED_FACE('',(#10538),#10521,.F.);
#10540=CARTESIAN_POINT('',(-1.875E-1,0.E0,0.E0));
#10541=DIRECTION('',(-1.E0,0.E0,0.E0));
#10542=DIRECTION('',(0.E0,-1.E0,0.E0));
#10543=AXIS2_PLACEMENT_3D('',#10540,#10541,#10542);
#10544=PLANE('',#10543);
#10546=ORIENTED_EDGE('',*,*,#10545,.T.);
#10548=ORIENTED_EDGE('',*,*,#10547,.T.);
#10550=ORIENTED_EDGE('',*,*,#10549,.T.);
#10552=ORIENTED_EDGE('',*,*,#10551,.T.);
#10554=ORIENTED_EDGE('',*,*,#10553,.T.);
#10556=ORIENTED_EDGE('',*,*,#10555,.T.);
#10558=ORIENTED_EDGE('',*,*,#10557,.T.);
#10559=ORIENTED_EDGE('',*,*,#8686,.T.);
#10560=EDGE_LOOP('',(#10546,#10548,#10550,#10552,#10554,#10556,#10558,#10559));
#10561=FACE_OUTER_BOUND('',#10560,.F.);
#10562=ADVANCED_FACE('',(#10561),#10544,.F.);
#10563=CARTESIAN_POINT('',(-1.875E-1,-8.75E-2,-5.5E-1));
#10564=DIRECTION('',(0.E0,1.E0,0.E0));
#10565=DIRECTION('',(0.E0,0.E0,-1.E0));
#10566=AXIS2_PLACEMENT_3D('',#10563,#10564,#10565);
#10567=PLANE('',#10566);
#10568=ORIENTED_EDGE('',*,*,#10522,.F.);
#10569=ORIENTED_EDGE('',*,*,#8682,.T.);
#10571=ORIENTED_EDGE('',*,*,#10570,.T.);
#10573=ORIENTED_EDGE('',*,*,#10572,.F.);
#10574=EDGE_LOOP('',(#10568,#10569,#10571,#10573));
#10575=FACE_OUTER_BOUND('',#10574,.F.);
#10576=ADVANCED_FACE('',(#10575),#10567,.T.);
#10577=CARTESIAN_POINT('',(-2.125E-1,0.E0,0.E0));
#10578=DIRECTION('',(-1.E0,0.E0,0.E0));
#10579=DIRECTION('',(0.E0,-1.E0,0.E0));
#10580=AXIS2_PLACEMENT_3D('',#10577,#10578,#10579);
#10581=PLANE('',#10580);
#10582=ORIENTED_EDGE('',*,*,#10570,.F.);
#10583=ORIENTED_EDGE('',*,*,#8680,.F.);
#10585=ORIENTED_EDGE('',*,*,#10584,.F.);
#10587=ORIENTED_EDGE('',*,*,#10586,.F.);
#10589=ORIENTED_EDGE('',*,*,#10588,.F.);
#10591=ORIENTED_EDGE('',*,*,#10590,.F.);
#10593=ORIENTED_EDGE('',*,*,#10592,.F.);
#10595=ORIENTED_EDGE('',*,*,#10594,.F.);
#10596=EDGE_LOOP('',(#10582,#10583,#10585,#10587,#10589,#10591,#10593,#10595));
#10597=FACE_OUTER_BOUND('',#10596,.F.);
#10598=ADVANCED_FACE('',(#10597),#10581,.T.);
#10599=CARTESIAN_POINT('',(-2.125E-1,0.E0,0.E0));
#10600=DIRECTION('',(-1.E0,0.E0,0.E0));
#10601=DIRECTION('',(0.E0,-1.E0,0.E0));
#10602=AXIS2_PLACEMENT_3D('',#10599,#10600,#10601);
#10603=PLANE('',#10602);
#10605=ORIENTED_EDGE('',*,*,#10604,.F.);
#10606=ORIENTED_EDGE('',*,*,#8690,.F.);
#10608=ORIENTED_EDGE('',*,*,#10607,.F.);
#10610=ORIENTED_EDGE('',*,*,#10609,.F.);
#10612=ORIENTED_EDGE('',*,*,#10611,.F.);
#10614=ORIENTED_EDGE('',*,*,#10613,.F.);
#10616=ORIENTED_EDGE('',*,*,#10615,.F.);
#10618=ORIENTED_EDGE('',*,*,#10617,.F.);
#10619=EDGE_LOOP('',(#10605,#10606,#10608,#10610,#10612,#10614,#10616,#10618));
#10620=FACE_OUTER_BOUND('',#10619,.F.);
#10621=ADVANCED_FACE('',(#10620),#10603,.T.);
#10622=CARTESIAN_POINT('',(-1.875E-1,-1.125E-1,-5.845E-1));
#10623=DIRECTION('',(0.E0,-1.E0,0.E0));
#10624=DIRECTION('',(0.E0,0.E0,1.E0));
#10625=AXIS2_PLACEMENT_3D('',#10622,#10623,#10624);
#10626=PLANE('',#10625);
#10627=ORIENTED_EDGE('',*,*,#10534,.F.);
#10629=ORIENTED_EDGE('',*,*,#10628,.T.);
#10630=ORIENTED_EDGE('',*,*,#10584,.T.);
#10631=ORIENTED_EDGE('',*,*,#8678,.F.);
#10632=EDGE_LOOP('',(#10627,#10629,#10630,#10631));
#10633=FACE_OUTER_BOUND('',#10632,.F.);
#10634=ADVANCED_FACE('',(#10633),#10626,.T.);
#10635=CARTESIAN_POINT('',(-1.875E-1,-1.375E-1,-5.845E-1));
#10636=DIRECTION('',(-1.E0,0.E0,0.E0));
#10637=DIRECTION('',(0.E0,-1.E0,0.E0));
#10638=AXIS2_PLACEMENT_3D('',#10635,#10636,#10637);
#10639=CYLINDRICAL_SURFACE('',#10638,2.5E-2);
#10640=ORIENTED_EDGE('',*,*,#10532,.F.);
#10642=ORIENTED_EDGE('',*,*,#10641,.T.);
#10643=ORIENTED_EDGE('',*,*,#10586,.T.);
#10644=ORIENTED_EDGE('',*,*,#10628,.F.);
#10645=EDGE_LOOP('',(#10640,#10642,#10643,#10644));
#10646=FACE_OUTER_BOUND('',#10645,.F.);
#10647=ADVANCED_FACE('',(#10646),#10639,.F.);
#10648=CARTESIAN_POINT('',(-1.875E-1,-2.74E-1,-6.095E-1));
#10649=DIRECTION('',(0.E0,0.E0,1.E0));
#10650=DIRECTION('',(0.E0,1.E0,0.E0));
#10651=AXIS2_PLACEMENT_3D('',#10648,#10649,#10650);
#10652=PLANE('',#10651);
#10653=ORIENTED_EDGE('',*,*,#10530,.F.);
#10655=ORIENTED_EDGE('',*,*,#10654,.T.);
#10656=ORIENTED_EDGE('',*,*,#10588,.T.);
#10657=ORIENTED_EDGE('',*,*,#10641,.F.);
#10658=EDGE_LOOP('',(#10653,#10655,#10656,#10657));
#10659=FACE_OUTER_BOUND('',#10658,.F.);
#10660=ADVANCED_FACE('',(#10659),#10652,.T.);
#10661=CARTESIAN_POINT('',(-1.875E-1,-2.74E-1,-6.345E-1));
#10662=DIRECTION('',(0.E0,-1.E0,0.E0));
#10663=DIRECTION('',(0.E0,0.E0,1.E0));
#10664=AXIS2_PLACEMENT_3D('',#10661,#10662,#10663);
#10665=PLANE('',#10664);
#10666=ORIENTED_EDGE('',*,*,#10528,.F.);
#10668=ORIENTED_EDGE('',*,*,#10667,.T.);
#10669=ORIENTED_EDGE('',*,*,#10590,.T.);
#10670=ORIENTED_EDGE('',*,*,#10654,.F.);
#10671=EDGE_LOOP('',(#10666,#10668,#10669,#10670));
#10672=FACE_OUTER_BOUND('',#10671,.F.);
#10673=ADVANCED_FACE('',(#10672),#10665,.T.);
#10674=CARTESIAN_POINT('',(-1.875E-1,-1.375E-1,-6.345E-1));
#10675=DIRECTION('',(0.E0,0.E0,-1.E0));
#10676=DIRECTION('',(0.E0,-1.E0,0.E0));
#10677=AXIS2_PLACEMENT_3D('',#10674,#10675,#10676);
#10678=PLANE('',#10677);
#10679=ORIENTED_EDGE('',*,*,#10526,.F.);
#10681=ORIENTED_EDGE('',*,*,#10680,.T.);
#10682=ORIENTED_EDGE('',*,*,#10592,.T.);
#10683=ORIENTED_EDGE('',*,*,#10667,.F.);
#10684=EDGE_LOOP('',(#10679,#10681,#10682,#10683));
#10685=FACE_OUTER_BOUND('',#10684,.F.);
#10686=ADVANCED_FACE('',(#10685),#10678,.T.);
#10687=CARTESIAN_POINT('',(-1.875E-1,-1.375E-1,-5.845E-1));
#10688=DIRECTION('',(-1.E0,0.E0,0.E0));
#10689=DIRECTION('',(0.E0,-1.E0,0.E0));
#10690=AXIS2_PLACEMENT_3D('',#10687,#10688,#10689);
#10691=CYLINDRICAL_SURFACE('',#10690,5.E-2);
#10692=ORIENTED_EDGE('',*,*,#10524,.F.);
#10693=ORIENTED_EDGE('',*,*,#10572,.T.);
#10694=ORIENTED_EDGE('',*,*,#10594,.T.);
#10695=ORIENTED_EDGE('',*,*,#10680,.F.);
#10696=EDGE_LOOP('',(#10692,#10693,#10694,#10695));
#10697=FACE_OUTER_BOUND('',#10696,.F.);
#10698=ADVANCED_FACE('',(#10697),#10691,.T.);
#10699=CARTESIAN_POINT('',(-1.875E-1,1.125E-1,-5.5E-1));
#10700=DIRECTION('',(0.E0,1.E0,0.E0));
#10701=DIRECTION('',(0.E0,0.E0,-1.E0));
#10702=AXIS2_PLACEMENT_3D('',#10699,#10700,#10701);
#10703=PLANE('',#10702);
#10704=ORIENTED_EDGE('',*,*,#10545,.F.);
#10705=ORIENTED_EDGE('',*,*,#8692,.T.);
#10706=ORIENTED_EDGE('',*,*,#10604,.T.);
#10708=ORIENTED_EDGE('',*,*,#10707,.F.);
#10709=EDGE_LOOP('',(#10704,#10705,#10706,#10708));
#10710=FACE_OUTER_BOUND('',#10709,.F.);
#10711=ADVANCED_FACE('',(#10710),#10703,.T.);
#10712=CARTESIAN_POINT('',(-1.875E-1,6.25E-2,-7.345E-1));
#10713=DIRECTION('',(-1.E0,0.E0,0.E0));
#10714=DIRECTION('',(0.E0,-1.E0,0.E0));
#10715=AXIS2_PLACEMENT_3D('',#10712,#10713,#10714);
#10716=CYLINDRICAL_SURFACE('',#10715,5.E-2);
#10717=ORIENTED_EDGE('',*,*,#10547,.F.);
#10718=ORIENTED_EDGE('',*,*,#10707,.T.);
#10719=ORIENTED_EDGE('',*,*,#10617,.T.);
#10721=ORIENTED_EDGE('',*,*,#10720,.F.);
#10722=EDGE_LOOP('',(#10717,#10718,#10719,#10721));
#10723=FACE_OUTER_BOUND('',#10722,.F.);
#10724=ADVANCED_FACE('',(#10723),#10716,.T.);
#10725=CARTESIAN_POINT('',(-1.875E-1,6.25E-2,-7.845E-1));
#10726=DIRECTION('',(0.E0,0.E0,-1.E0));
#10727=DIRECTION('',(0.E0,-1.E0,0.E0));
#10728=AXIS2_PLACEMENT_3D('',#10725,#10726,#10727);
#10729=PLANE('',#10728);
#10730=ORIENTED_EDGE('',*,*,#10549,.F.);
#10731=ORIENTED_EDGE('',*,*,#10720,.T.);
#10732=ORIENTED_EDGE('',*,*,#10615,.T.);
#10734=ORIENTED_EDGE('',*,*,#10733,.F.);
#10735=EDGE_LOOP('',(#10730,#10731,#10732,#10734));
#10736=FACE_OUTER_BOUND('',#10735,.F.);
#10737=ADVANCED_FACE('',(#10736),#10729,.T.);
#10738=CARTESIAN_POINT('',(-1.875E-1,-2.74E-1,-7.845E-1));
#10739=DIRECTION('',(0.E0,-1.E0,0.E0));
#10740=DIRECTION('',(0.E0,0.E0,1.E0));
#10741=AXIS2_PLACEMENT_3D('',#10738,#10739,#10740);
#10742=PLANE('',#10741);
#10743=ORIENTED_EDGE('',*,*,#10551,.F.);
#10744=ORIENTED_EDGE('',*,*,#10733,.T.);
#10745=ORIENTED_EDGE('',*,*,#10613,.T.);
#10747=ORIENTED_EDGE('',*,*,#10746,.F.);
#10748=EDGE_LOOP('',(#10743,#10744,#10745,#10747));
#10749=FACE_OUTER_BOUND('',#10748,.F.);
#10750=ADVANCED_FACE('',(#10749),#10742,.T.);
#10751=CARTESIAN_POINT('',(-1.875E-1,-2.74E-1,-7.595E-1));
#10752=DIRECTION('',(0.E0,0.E0,1.E0));
#10753=DIRECTION('',(0.E0,1.E0,0.E0));
#10754=AXIS2_PLACEMENT_3D('',#10751,#10752,#10753);
#10755=PLANE('',#10754);
#10756=ORIENTED_EDGE('',*,*,#10553,.F.);
#10757=ORIENTED_EDGE('',*,*,#10746,.T.);
#10758=ORIENTED_EDGE('',*,*,#10611,.T.);
#10760=ORIENTED_EDGE('',*,*,#10759,.F.);
#10761=EDGE_LOOP('',(#10756,#10757,#10758,#10760));
#10762=FACE_OUTER_BOUND('',#10761,.F.);
#10763=ADVANCED_FACE('',(#10762),#10755,.T.);
#10764=CARTESIAN_POINT('',(-1.875E-1,6.25E-2,-7.345E-1));
#10765=DIRECTION('',(-1.E0,0.E0,0.E0));
#10766=DIRECTION('',(0.E0,-1.E0,0.E0));
#10767=AXIS2_PLACEMENT_3D('',#10764,#10765,#10766);
#10768=CYLINDRICAL_SURFACE('',#10767,2.5E-2);
#10769=ORIENTED_EDGE('',*,*,#10555,.F.);
#10770=ORIENTED_EDGE('',*,*,#10759,.T.);
#10771=ORIENTED_EDGE('',*,*,#10609,.T.);
#10773=ORIENTED_EDGE('',*,*,#10772,.F.);
#10774=EDGE_LOOP('',(#10769,#10770,#10771,#10773));
#10775=FACE_OUTER_BOUND('',#10774,.F.);
#10776=ADVANCED_FACE('',(#10775),#10768,.F.);
#10777=CARTESIAN_POINT('',(-1.875E-1,8.75E-2,-7.345E-1));
#10778=DIRECTION('',(0.E0,-1.E0,0.E0));
#10779=DIRECTION('',(0.E0,0.E0,1.E0));
#10780=AXIS2_PLACEMENT_3D('',#10777,#10778,#10779);
#10781=PLANE('',#10780);
#10782=ORIENTED_EDGE('',*,*,#10557,.F.);
#10783=ORIENTED_EDGE('',*,*,#10772,.T.);
#10784=ORIENTED_EDGE('',*,*,#10607,.T.);
#10785=ORIENTED_EDGE('',*,*,#8688,.F.);
#10786=EDGE_LOOP('',(#10782,#10783,#10784,#10785));
#10787=FACE_OUTER_BOUND('',#10786,.F.);
#10788=ADVANCED_FACE('',(#10787),#10781,.T.);
#10789=CARTESIAN_POINT('',(-8.75E-2,0.E0,0.E0));
#10790=DIRECTION('',(-1.E0,0.E0,0.E0));
#10791=DIRECTION('',(0.E0,-1.E0,0.E0));
#10792=AXIS2_PLACEMENT_3D('',#10789,#10790,#10791);
#10793=PLANE('',#10792);
#10795=ORIENTED_EDGE('',*,*,#10794,.T.);
#10797=ORIENTED_EDGE('',*,*,#10796,.T.);
#10799=ORIENTED_EDGE('',*,*,#10798,.T.);
#10801=ORIENTED_EDGE('',*,*,#10800,.T.);
#10803=ORIENTED_EDGE('',*,*,#10802,.T.);
#10805=ORIENTED_EDGE('',*,*,#10804,.T.);
#10807=ORIENTED_EDGE('',*,*,#10806,.T.);
#10808=ORIENTED_EDGE('',*,*,#8696,.T.);
#10809=EDGE_LOOP('',(#10795,#10797,#10799,#10801,#10803,#10805,#10807,#10808));
#10810=FACE_OUTER_BOUND('',#10809,.F.);
#10811=ADVANCED_FACE('',(#10810),#10793,.F.);
#10812=CARTESIAN_POINT('',(-8.75E-2,0.E0,0.E0));
#10813=DIRECTION('',(-1.E0,0.E0,0.E0));
#10814=DIRECTION('',(0.E0,-1.E0,0.E0));
#10815=AXIS2_PLACEMENT_3D('',#10812,#10813,#10814);
#10816=PLANE('',#10815);
#10818=ORIENTED_EDGE('',*,*,#10817,.T.);
#10820=ORIENTED_EDGE('',*,*,#10819,.T.);
#10822=ORIENTED_EDGE('',*,*,#10821,.T.);
#10824=ORIENTED_EDGE('',*,*,#10823,.T.);
#10826=ORIENTED_EDGE('',*,*,#10825,.T.);
#10828=ORIENTED_EDGE('',*,*,#10827,.T.);
#10830=ORIENTED_EDGE('',*,*,#10829,.T.);
#10831=ORIENTED_EDGE('',*,*,#8706,.T.);
#10832=EDGE_LOOP('',(#10818,#10820,#10822,#10824,#10826,#10828,#10830,#10831));
#10833=FACE_OUTER_BOUND('',#10832,.F.);
#10834=ADVANCED_FACE('',(#10833),#10816,.F.);
#10835=CARTESIAN_POINT('',(-8.75E-2,-8.75E-2,-5.5E-1));
#10836=DIRECTION('',(0.E0,1.E0,0.E0));
#10837=DIRECTION('',(0.E0,0.E0,-1.E0));
#10838=AXIS2_PLACEMENT_3D('',#10835,#10836,#10837);
#10839=PLANE('',#10838);
#10840=ORIENTED_EDGE('',*,*,#10794,.F.);
#10841=ORIENTED_EDGE('',*,*,#8702,.T.);
#10843=ORIENTED_EDGE('',*,*,#10842,.T.);
#10845=ORIENTED_EDGE('',*,*,#10844,.F.);
#10846=EDGE_LOOP('',(#10840,#10841,#10843,#10845));
#10847=FACE_OUTER_BOUND('',#10846,.F.);
#10848=ADVANCED_FACE('',(#10847),#10839,.T.);
#10849=CARTESIAN_POINT('',(-1.125E-1,0.E0,0.E0));
#10850=DIRECTION('',(-1.E0,0.E0,0.E0));
#10851=DIRECTION('',(0.E0,-1.E0,0.E0));
#10852=AXIS2_PLACEMENT_3D('',#10849,#10850,#10851);
#10853=PLANE('',#10852);
#10854=ORIENTED_EDGE('',*,*,#10842,.F.);
#10855=ORIENTED_EDGE('',*,*,#8700,.F.);
#10857=ORIENTED_EDGE('',*,*,#10856,.F.);
#10859=ORIENTED_EDGE('',*,*,#10858,.F.);
#10861=ORIENTED_EDGE('',*,*,#10860,.F.);
#10863=ORIENTED_EDGE('',*,*,#10862,.F.);
#10865=ORIENTED_EDGE('',*,*,#10864,.F.);
#10867=ORIENTED_EDGE('',*,*,#10866,.F.);
#10868=EDGE_LOOP('',(#10854,#10855,#10857,#10859,#10861,#10863,#10865,#10867));
#10869=FACE_OUTER_BOUND('',#10868,.F.);
#10870=ADVANCED_FACE('',(#10869),#10853,.T.);
#10871=CARTESIAN_POINT('',(-1.125E-1,0.E0,0.E0));
#10872=DIRECTION('',(-1.E0,0.E0,0.E0));
#10873=DIRECTION('',(0.E0,-1.E0,0.E0));
#10874=AXIS2_PLACEMENT_3D('',#10871,#10872,#10873);
#10875=PLANE('',#10874);
#10877=ORIENTED_EDGE('',*,*,#10876,.F.);
#10878=ORIENTED_EDGE('',*,*,#8710,.F.);
#10880=ORIENTED_EDGE('',*,*,#10879,.F.);
#10882=ORIENTED_EDGE('',*,*,#10881,.F.);
#10884=ORIENTED_EDGE('',*,*,#10883,.F.);
#10886=ORIENTED_EDGE('',*,*,#10885,.F.);
#10888=ORIENTED_EDGE('',*,*,#10887,.F.);
#10890=ORIENTED_EDGE('',*,*,#10889,.F.);
#10891=EDGE_LOOP('',(#10877,#10878,#10880,#10882,#10884,#10886,#10888,#10890));
#10892=FACE_OUTER_BOUND('',#10891,.F.);
#10893=ADVANCED_FACE('',(#10892),#10875,.T.);
#10894=CARTESIAN_POINT('',(-8.75E-2,-1.125E-1,-5.845E-1));
#10895=DIRECTION('',(0.E0,-1.E0,0.E0));
#10896=DIRECTION('',(0.E0,0.E0,1.E0));
#10897=AXIS2_PLACEMENT_3D('',#10894,#10895,#10896);
#10898=PLANE('',#10897);
#10899=ORIENTED_EDGE('',*,*,#10806,.F.);
#10901=ORIENTED_EDGE('',*,*,#10900,.T.);
#10902=ORIENTED_EDGE('',*,*,#10856,.T.);
#10903=ORIENTED_EDGE('',*,*,#8698,.F.);
#10904=EDGE_LOOP('',(#10899,#10901,#10902,#10903));
#10905=FACE_OUTER_BOUND('',#10904,.F.);
#10906=ADVANCED_FACE('',(#10905),#10898,.T.);
#10907=CARTESIAN_POINT('',(-8.75E-2,-1.375E-1,-5.845E-1));
#10908=DIRECTION('',(-1.E0,0.E0,0.E0));
#10909=DIRECTION('',(0.E0,-1.E0,0.E0));
#10910=AXIS2_PLACEMENT_3D('',#10907,#10908,#10909);
#10911=CYLINDRICAL_SURFACE('',#10910,2.5E-2);
#10912=ORIENTED_EDGE('',*,*,#10804,.F.);
#10914=ORIENTED_EDGE('',*,*,#10913,.T.);
#10915=ORIENTED_EDGE('',*,*,#10858,.T.);
#10916=ORIENTED_EDGE('',*,*,#10900,.F.);
#10917=EDGE_LOOP('',(#10912,#10914,#10915,#10916));
#10918=FACE_OUTER_BOUND('',#10917,.F.);
#10919=ADVANCED_FACE('',(#10918),#10911,.F.);
#10920=CARTESIAN_POINT('',(-8.75E-2,-2.74E-1,-6.095E-1));
#10921=DIRECTION('',(0.E0,0.E0,1.E0));
#10922=DIRECTION('',(0.E0,1.E0,0.E0));
#10923=AXIS2_PLACEMENT_3D('',#10920,#10921,#10922);
#10924=PLANE('',#10923);
#10925=ORIENTED_EDGE('',*,*,#10802,.F.);
#10927=ORIENTED_EDGE('',*,*,#10926,.T.);
#10928=ORIENTED_EDGE('',*,*,#10860,.T.);
#10929=ORIENTED_EDGE('',*,*,#10913,.F.);
#10930=EDGE_LOOP('',(#10925,#10927,#10928,#10929));
#10931=FACE_OUTER_BOUND('',#10930,.F.);
#10932=ADVANCED_FACE('',(#10931),#10924,.T.);
#10933=CARTESIAN_POINT('',(-8.75E-2,-2.74E-1,-6.345E-1));
#10934=DIRECTION('',(0.E0,-1.E0,0.E0));
#10935=DIRECTION('',(0.E0,0.E0,1.E0));
#10936=AXIS2_PLACEMENT_3D('',#10933,#10934,#10935);
#10937=PLANE('',#10936);
#10938=ORIENTED_EDGE('',*,*,#10800,.F.);
#10940=ORIENTED_EDGE('',*,*,#10939,.T.);
#10941=ORIENTED_EDGE('',*,*,#10862,.T.);
#10942=ORIENTED_EDGE('',*,*,#10926,.F.);
#10943=EDGE_LOOP('',(#10938,#10940,#10941,#10942));
#10944=FACE_OUTER_BOUND('',#10943,.F.);
#10945=ADVANCED_FACE('',(#10944),#10937,.T.);
#10946=CARTESIAN_POINT('',(-8.75E-2,-1.375E-1,-6.345E-1));
#10947=DIRECTION('',(0.E0,0.E0,-1.E0));
#10948=DIRECTION('',(0.E0,-1.E0,0.E0));
#10949=AXIS2_PLACEMENT_3D('',#10946,#10947,#10948);
#10950=PLANE('',#10949);
#10951=ORIENTED_EDGE('',*,*,#10798,.F.);
#10953=ORIENTED_EDGE('',*,*,#10952,.T.);
#10954=ORIENTED_EDGE('',*,*,#10864,.T.);
#10955=ORIENTED_EDGE('',*,*,#10939,.F.);
#10956=EDGE_LOOP('',(#10951,#10953,#10954,#10955));
#10957=FACE_OUTER_BOUND('',#10956,.F.);
#10958=ADVANCED_FACE('',(#10957),#10950,.T.);
#10959=CARTESIAN_POINT('',(-8.75E-2,-1.375E-1,-5.845E-1));
#10960=DIRECTION('',(-1.E0,0.E0,0.E0));
#10961=DIRECTION('',(0.E0,-1.E0,0.E0));
#10962=AXIS2_PLACEMENT_3D('',#10959,#10960,#10961);
#10963=CYLINDRICAL_SURFACE('',#10962,5.E-2);
#10964=ORIENTED_EDGE('',*,*,#10796,.F.);
#10965=ORIENTED_EDGE('',*,*,#10844,.T.);
#10966=ORIENTED_EDGE('',*,*,#10866,.T.);
#10967=ORIENTED_EDGE('',*,*,#10952,.F.);
#10968=EDGE_LOOP('',(#10964,#10965,#10966,#10967));
#10969=FACE_OUTER_BOUND('',#10968,.F.);
#10970=ADVANCED_FACE('',(#10969),#10963,.T.);
#10971=CARTESIAN_POINT('',(-8.75E-2,1.125E-1,-5.5E-1));
#10972=DIRECTION('',(0.E0,1.E0,0.E0));
#10973=DIRECTION('',(0.E0,0.E0,-1.E0));
#10974=AXIS2_PLACEMENT_3D('',#10971,#10972,#10973);
#10975=PLANE('',#10974);
#10976=ORIENTED_EDGE('',*,*,#10817,.F.);
#10977=ORIENTED_EDGE('',*,*,#8712,.T.);
#10978=ORIENTED_EDGE('',*,*,#10876,.T.);
#10980=ORIENTED_EDGE('',*,*,#10979,.F.);
#10981=EDGE_LOOP('',(#10976,#10977,#10978,#10980));
#10982=FACE_OUTER_BOUND('',#10981,.F.);
#10983=ADVANCED_FACE('',(#10982),#10975,.T.);
#10984=CARTESIAN_POINT('',(-8.75E-2,6.25E-2,-7.345E-1));
#10985=DIRECTION('',(-1.E0,0.E0,0.E0));
#10986=DIRECTION('',(0.E0,-1.E0,0.E0));
#10987=AXIS2_PLACEMENT_3D('',#10984,#10985,#10986);
#10988=CYLINDRICAL_SURFACE('',#10987,5.E-2);
#10989=ORIENTED_EDGE('',*,*,#10819,.F.);
#10990=ORIENTED_EDGE('',*,*,#10979,.T.);
#10991=ORIENTED_EDGE('',*,*,#10889,.T.);
#10993=ORIENTED_EDGE('',*,*,#10992,.F.);
#10994=EDGE_LOOP('',(#10989,#10990,#10991,#10993));
#10995=FACE_OUTER_BOUND('',#10994,.F.);
#10996=ADVANCED_FACE('',(#10995),#10988,.T.);
#10997=CARTESIAN_POINT('',(-8.75E-2,6.25E-2,-7.845E-1));
#10998=DIRECTION('',(0.E0,0.E0,-1.E0));
#10999=DIRECTION('',(0.E0,-1.E0,0.E0));
#11000=AXIS2_PLACEMENT_3D('',#10997,#10998,#10999);
#11001=PLANE('',#11000);
#11002=ORIENTED_EDGE('',*,*,#10821,.F.);
#11003=ORIENTED_EDGE('',*,*,#10992,.T.);
#11004=ORIENTED_EDGE('',*,*,#10887,.T.);
#11006=ORIENTED_EDGE('',*,*,#11005,.F.);
#11007=EDGE_LOOP('',(#11002,#11003,#11004,#11006));
#11008=FACE_OUTER_BOUND('',#11007,.F.);
#11009=ADVANCED_FACE('',(#11008),#11001,.T.);
#11010=CARTESIAN_POINT('',(-8.75E-2,-2.74E-1,-7.845E-1));
#11011=DIRECTION('',(0.E0,-1.E0,0.E0));
#11012=DIRECTION('',(0.E0,0.E0,1.E0));
#11013=AXIS2_PLACEMENT_3D('',#11010,#11011,#11012);
#11014=PLANE('',#11013);
#11015=ORIENTED_EDGE('',*,*,#10823,.F.);
#11016=ORIENTED_EDGE('',*,*,#11005,.T.);
#11017=ORIENTED_EDGE('',*,*,#10885,.T.);
#11019=ORIENTED_EDGE('',*,*,#11018,.F.);
#11020=EDGE_LOOP('',(#11015,#11016,#11017,#11019));
#11021=FACE_OUTER_BOUND('',#11020,.F.);
#11022=ADVANCED_FACE('',(#11021),#11014,.T.);
#11023=CARTESIAN_POINT('',(-8.75E-2,-2.74E-1,-7.595E-1));
#11024=DIRECTION('',(0.E0,0.E0,1.E0));
#11025=DIRECTION('',(0.E0,1.E0,0.E0));
#11026=AXIS2_PLACEMENT_3D('',#11023,#11024,#11025);
#11027=PLANE('',#11026);
#11028=ORIENTED_EDGE('',*,*,#10825,.F.);
#11029=ORIENTED_EDGE('',*,*,#11018,.T.);
#11030=ORIENTED_EDGE('',*,*,#10883,.T.);
#11032=ORIENTED_EDGE('',*,*,#11031,.F.);
#11033=EDGE_LOOP('',(#11028,#11029,#11030,#11032));
#11034=FACE_OUTER_BOUND('',#11033,.F.);
#11035=ADVANCED_FACE('',(#11034),#11027,.T.);
#11036=CARTESIAN_POINT('',(-8.75E-2,6.25E-2,-7.345E-1));
#11037=DIRECTION('',(-1.E0,0.E0,0.E0));
#11038=DIRECTION('',(0.E0,-1.E0,0.E0));
#11039=AXIS2_PLACEMENT_3D('',#11036,#11037,#11038);
#11040=CYLINDRICAL_SURFACE('',#11039,2.5E-2);
#11041=ORIENTED_EDGE('',*,*,#10827,.F.);
#11042=ORIENTED_EDGE('',*,*,#11031,.T.);
#11043=ORIENTED_EDGE('',*,*,#10881,.T.);
#11045=ORIENTED_EDGE('',*,*,#11044,.F.);
#11046=EDGE_LOOP('',(#11041,#11042,#11043,#11045));
#11047=FACE_OUTER_BOUND('',#11046,.F.);
#11048=ADVANCED_FACE('',(#11047),#11040,.F.);
#11049=CARTESIAN_POINT('',(-8.75E-2,8.75E-2,-7.345E-1));
#11050=DIRECTION('',(0.E0,-1.E0,0.E0));
#11051=DIRECTION('',(0.E0,0.E0,1.E0));
#11052=AXIS2_PLACEMENT_3D('',#11049,#11050,#11051);
#11053=PLANE('',#11052);
#11054=ORIENTED_EDGE('',*,*,#10829,.F.);
#11055=ORIENTED_EDGE('',*,*,#11044,.T.);
#11056=ORIENTED_EDGE('',*,*,#10879,.T.);
#11057=ORIENTED_EDGE('',*,*,#8708,.F.);
#11058=EDGE_LOOP('',(#11054,#11055,#11056,#11057));
#11059=FACE_OUTER_BOUND('',#11058,.F.);
#11060=ADVANCED_FACE('',(#11059),#11053,.T.);
#11061=CARTESIAN_POINT('',(1.25E-2,0.E0,0.E0));
#11062=DIRECTION('',(-1.E0,0.E0,0.E0));
#11063=DIRECTION('',(0.E0,-1.E0,0.E0));
#11064=AXIS2_PLACEMENT_3D('',#11061,#11062,#11063);
#11065=PLANE('',#11064);
#11067=ORIENTED_EDGE('',*,*,#11066,.T.);
#11069=ORIENTED_EDGE('',*,*,#11068,.T.);
#11071=ORIENTED_EDGE('',*,*,#11070,.T.);
#11073=ORIENTED_EDGE('',*,*,#11072,.T.);
#11075=ORIENTED_EDGE('',*,*,#11074,.T.);
#11077=ORIENTED_EDGE('',*,*,#11076,.T.);
#11079=ORIENTED_EDGE('',*,*,#11078,.T.);
#11080=ORIENTED_EDGE('',*,*,#8716,.T.);
#11081=EDGE_LOOP('',(#11067,#11069,#11071,#11073,#11075,#11077,#11079,#11080));
#11082=FACE_OUTER_BOUND('',#11081,.F.);
#11083=ADVANCED_FACE('',(#11082),#11065,.F.);
#11084=CARTESIAN_POINT('',(1.25E-2,0.E0,0.E0));
#11085=DIRECTION('',(-1.E0,0.E0,0.E0));
#11086=DIRECTION('',(0.E0,-1.E0,0.E0));
#11087=AXIS2_PLACEMENT_3D('',#11084,#11085,#11086);
#11088=PLANE('',#11087);
#11090=ORIENTED_EDGE('',*,*,#11089,.T.);
#11092=ORIENTED_EDGE('',*,*,#11091,.T.);
#11094=ORIENTED_EDGE('',*,*,#11093,.T.);
#11096=ORIENTED_EDGE('',*,*,#11095,.T.);
#11098=ORIENTED_EDGE('',*,*,#11097,.T.);
#11100=ORIENTED_EDGE('',*,*,#11099,.T.);
#11102=ORIENTED_EDGE('',*,*,#11101,.T.);
#11103=ORIENTED_EDGE('',*,*,#8726,.T.);
#11104=EDGE_LOOP('',(#11090,#11092,#11094,#11096,#11098,#11100,#11102,#11103));
#11105=FACE_OUTER_BOUND('',#11104,.F.);
#11106=ADVANCED_FACE('',(#11105),#11088,.F.);
#11107=CARTESIAN_POINT('',(1.25E-2,-8.75E-2,-5.5E-1));
#11108=DIRECTION('',(0.E0,1.E0,0.E0));
#11109=DIRECTION('',(0.E0,0.E0,-1.E0));
#11110=AXIS2_PLACEMENT_3D('',#11107,#11108,#11109);
#11111=PLANE('',#11110);
#11112=ORIENTED_EDGE('',*,*,#11066,.F.);
#11113=ORIENTED_EDGE('',*,*,#8722,.T.);
#11115=ORIENTED_EDGE('',*,*,#11114,.T.);
#11117=ORIENTED_EDGE('',*,*,#11116,.F.);
#11118=EDGE_LOOP('',(#11112,#11113,#11115,#11117));
#11119=FACE_OUTER_BOUND('',#11118,.F.);
#11120=ADVANCED_FACE('',(#11119),#11111,.T.);
#11121=CARTESIAN_POINT('',(-1.25E-2,0.E0,0.E0));
#11122=DIRECTION('',(-1.E0,0.E0,0.E0));
#11123=DIRECTION('',(0.E0,-1.E0,0.E0));
#11124=AXIS2_PLACEMENT_3D('',#11121,#11122,#11123);
#11125=PLANE('',#11124);
#11126=ORIENTED_EDGE('',*,*,#11114,.F.);
#11127=ORIENTED_EDGE('',*,*,#8720,.F.);
#11129=ORIENTED_EDGE('',*,*,#11128,.F.);
#11131=ORIENTED_EDGE('',*,*,#11130,.F.);
#11133=ORIENTED_EDGE('',*,*,#11132,.F.);
#11135=ORIENTED_EDGE('',*,*,#11134,.F.);
#11137=ORIENTED_EDGE('',*,*,#11136,.F.);
#11139=ORIENTED_EDGE('',*,*,#11138,.F.);
#11140=EDGE_LOOP('',(#11126,#11127,#11129,#11131,#11133,#11135,#11137,#11139));
#11141=FACE_OUTER_BOUND('',#11140,.F.);
#11142=ADVANCED_FACE('',(#11141),#11125,.T.);
#11143=CARTESIAN_POINT('',(-1.25E-2,0.E0,0.E0));
#11144=DIRECTION('',(-1.E0,0.E0,0.E0));
#11145=DIRECTION('',(0.E0,-1.E0,0.E0));
#11146=AXIS2_PLACEMENT_3D('',#11143,#11144,#11145);
#11147=PLANE('',#11146);
#11149=ORIENTED_EDGE('',*,*,#11148,.F.);
#11150=ORIENTED_EDGE('',*,*,#8730,.F.);
#11152=ORIENTED_EDGE('',*,*,#11151,.F.);
#11154=ORIENTED_EDGE('',*,*,#11153,.F.);
#11156=ORIENTED_EDGE('',*,*,#11155,.F.);
#11158=ORIENTED_EDGE('',*,*,#11157,.F.);
#11160=ORIENTED_EDGE('',*,*,#11159,.F.);
#11162=ORIENTED_EDGE('',*,*,#11161,.F.);
#11163=EDGE_LOOP('',(#11149,#11150,#11152,#11154,#11156,#11158,#11160,#11162));
#11164=FACE_OUTER_BOUND('',#11163,.F.);
#11165=ADVANCED_FACE('',(#11164),#11147,.T.);
#11166=CARTESIAN_POINT('',(1.25E-2,-1.125E-1,-5.845E-1));
#11167=DIRECTION('',(0.E0,-1.E0,0.E0));
#11168=DIRECTION('',(0.E0,0.E0,1.E0));
#11169=AXIS2_PLACEMENT_3D('',#11166,#11167,#11168);
#11170=PLANE('',#11169);
#11171=ORIENTED_EDGE('',*,*,#11078,.F.);
#11173=ORIENTED_EDGE('',*,*,#11172,.T.);
#11174=ORIENTED_EDGE('',*,*,#11128,.T.);
#11175=ORIENTED_EDGE('',*,*,#8718,.F.);
#11176=EDGE_LOOP('',(#11171,#11173,#11174,#11175));
#11177=FACE_OUTER_BOUND('',#11176,.F.);
#11178=ADVANCED_FACE('',(#11177),#11170,.T.);
#11179=CARTESIAN_POINT('',(1.25E-2,-1.375E-1,-5.845E-1));
#11180=DIRECTION('',(-1.E0,0.E0,0.E0));
#11181=DIRECTION('',(0.E0,-1.E0,0.E0));
#11182=AXIS2_PLACEMENT_3D('',#11179,#11180,#11181);
#11183=CYLINDRICAL_SURFACE('',#11182,2.5E-2);
#11184=ORIENTED_EDGE('',*,*,#11076,.F.);
#11186=ORIENTED_EDGE('',*,*,#11185,.T.);
#11187=ORIENTED_EDGE('',*,*,#11130,.T.);
#11188=ORIENTED_EDGE('',*,*,#11172,.F.);
#11189=EDGE_LOOP('',(#11184,#11186,#11187,#11188));
#11190=FACE_OUTER_BOUND('',#11189,.F.);
#11191=ADVANCED_FACE('',(#11190),#11183,.F.);
#11192=CARTESIAN_POINT('',(1.25E-2,-2.74E-1,-6.095E-1));
#11193=DIRECTION('',(0.E0,0.E0,1.E0));
#11194=DIRECTION('',(0.E0,1.E0,0.E0));
#11195=AXIS2_PLACEMENT_3D('',#11192,#11193,#11194);
#11196=PLANE('',#11195);
#11197=ORIENTED_EDGE('',*,*,#11074,.F.);
#11199=ORIENTED_EDGE('',*,*,#11198,.T.);
#11200=ORIENTED_EDGE('',*,*,#11132,.T.);
#11201=ORIENTED_EDGE('',*,*,#11185,.F.);
#11202=EDGE_LOOP('',(#11197,#11199,#11200,#11201));
#11203=FACE_OUTER_BOUND('',#11202,.F.);
#11204=ADVANCED_FACE('',(#11203),#11196,.T.);
#11205=CARTESIAN_POINT('',(1.25E-2,-2.74E-1,-6.345E-1));
#11206=DIRECTION('',(0.E0,-1.E0,0.E0));
#11207=DIRECTION('',(0.E0,0.E0,1.E0));
#11208=AXIS2_PLACEMENT_3D('',#11205,#11206,#11207);
#11209=PLANE('',#11208);
#11210=ORIENTED_EDGE('',*,*,#11072,.F.);
#11212=ORIENTED_EDGE('',*,*,#11211,.T.);
#11213=ORIENTED_EDGE('',*,*,#11134,.T.);
#11214=ORIENTED_EDGE('',*,*,#11198,.F.);
#11215=EDGE_LOOP('',(#11210,#11212,#11213,#11214));
#11216=FACE_OUTER_BOUND('',#11215,.F.);
#11217=ADVANCED_FACE('',(#11216),#11209,.T.);
#11218=CARTESIAN_POINT('',(1.25E-2,-1.375E-1,-6.345E-1));
#11219=DIRECTION('',(0.E0,0.E0,-1.E0));
#11220=DIRECTION('',(0.E0,-1.E0,0.E0));
#11221=AXIS2_PLACEMENT_3D('',#11218,#11219,#11220);
#11222=PLANE('',#11221);
#11223=ORIENTED_EDGE('',*,*,#11070,.F.);
#11225=ORIENTED_EDGE('',*,*,#11224,.T.);
#11226=ORIENTED_EDGE('',*,*,#11136,.T.);
#11227=ORIENTED_EDGE('',*,*,#11211,.F.);
#11228=EDGE_LOOP('',(#11223,#11225,#11226,#11227));
#11229=FACE_OUTER_BOUND('',#11228,.F.);
#11230=ADVANCED_FACE('',(#11229),#11222,.T.);
#11231=CARTESIAN_POINT('',(1.25E-2,-1.375E-1,-5.845E-1));
#11232=DIRECTION('',(-1.E0,0.E0,0.E0));
#11233=DIRECTION('',(0.E0,-1.E0,0.E0));
#11234=AXIS2_PLACEMENT_3D('',#11231,#11232,#11233);
#11235=CYLINDRICAL_SURFACE('',#11234,5.E-2);
#11236=ORIENTED_EDGE('',*,*,#11068,.F.);
#11237=ORIENTED_EDGE('',*,*,#11116,.T.);
#11238=ORIENTED_EDGE('',*,*,#11138,.T.);
#11239=ORIENTED_EDGE('',*,*,#11224,.F.);
#11240=EDGE_LOOP('',(#11236,#11237,#11238,#11239));
#11241=FACE_OUTER_BOUND('',#11240,.F.);
#11242=ADVANCED_FACE('',(#11241),#11235,.T.);
#11243=CARTESIAN_POINT('',(1.25E-2,1.125E-1,-5.5E-1));
#11244=DIRECTION('',(0.E0,1.E0,0.E0));
#11245=DIRECTION('',(0.E0,0.E0,-1.E0));
#11246=AXIS2_PLACEMENT_3D('',#11243,#11244,#11245);
#11247=PLANE('',#11246);
#11248=ORIENTED_EDGE('',*,*,#11089,.F.);
#11249=ORIENTED_EDGE('',*,*,#8732,.T.);
#11250=ORIENTED_EDGE('',*,*,#11148,.T.);
#11252=ORIENTED_EDGE('',*,*,#11251,.F.);
#11253=EDGE_LOOP('',(#11248,#11249,#11250,#11252));
#11254=FACE_OUTER_BOUND('',#11253,.F.);
#11255=ADVANCED_FACE('',(#11254),#11247,.T.);
#11256=CARTESIAN_POINT('',(1.25E-2,6.25E-2,-7.345E-1));
#11257=DIRECTION('',(-1.E0,0.E0,0.E0));
#11258=DIRECTION('',(0.E0,-1.E0,0.E0));
#11259=AXIS2_PLACEMENT_3D('',#11256,#11257,#11258);
#11260=CYLINDRICAL_SURFACE('',#11259,5.E-2);
#11261=ORIENTED_EDGE('',*,*,#11091,.F.);
#11262=ORIENTED_EDGE('',*,*,#11251,.T.);
#11263=ORIENTED_EDGE('',*,*,#11161,.T.);
#11265=ORIENTED_EDGE('',*,*,#11264,.F.);
#11266=EDGE_LOOP('',(#11261,#11262,#11263,#11265));
#11267=FACE_OUTER_BOUND('',#11266,.F.);
#11268=ADVANCED_FACE('',(#11267),#11260,.T.);
#11269=CARTESIAN_POINT('',(1.25E-2,6.25E-2,-7.845E-1));
#11270=DIRECTION('',(0.E0,0.E0,-1.E0));
#11271=DIRECTION('',(0.E0,-1.E0,0.E0));
#11272=AXIS2_PLACEMENT_3D('',#11269,#11270,#11271);
#11273=PLANE('',#11272);
#11274=ORIENTED_EDGE('',*,*,#11093,.F.);
#11275=ORIENTED_EDGE('',*,*,#11264,.T.);
#11276=ORIENTED_EDGE('',*,*,#11159,.T.);
#11278=ORIENTED_EDGE('',*,*,#11277,.F.);
#11279=EDGE_LOOP('',(#11274,#11275,#11276,#11278));
#11280=FACE_OUTER_BOUND('',#11279,.F.);
#11281=ADVANCED_FACE('',(#11280),#11273,.T.);
#11282=CARTESIAN_POINT('',(1.25E-2,-2.74E-1,-7.845E-1));
#11283=DIRECTION('',(0.E0,-1.E0,0.E0));
#11284=DIRECTION('',(0.E0,0.E0,1.E0));
#11285=AXIS2_PLACEMENT_3D('',#11282,#11283,#11284);
#11286=PLANE('',#11285);
#11287=ORIENTED_EDGE('',*,*,#11095,.F.);
#11288=ORIENTED_EDGE('',*,*,#11277,.T.);
#11289=ORIENTED_EDGE('',*,*,#11157,.T.);
#11291=ORIENTED_EDGE('',*,*,#11290,.F.);
#11292=EDGE_LOOP('',(#11287,#11288,#11289,#11291));
#11293=FACE_OUTER_BOUND('',#11292,.F.);
#11294=ADVANCED_FACE('',(#11293),#11286,.T.);
#11295=CARTESIAN_POINT('',(1.25E-2,-2.74E-1,-7.595E-1));
#11296=DIRECTION('',(0.E0,0.E0,1.E0));
#11297=DIRECTION('',(0.E0,1.E0,0.E0));
#11298=AXIS2_PLACEMENT_3D('',#11295,#11296,#11297);
#11299=PLANE('',#11298);
#11300=ORIENTED_EDGE('',*,*,#11097,.F.);
#11301=ORIENTED_EDGE('',*,*,#11290,.T.);
#11302=ORIENTED_EDGE('',*,*,#11155,.T.);
#11304=ORIENTED_EDGE('',*,*,#11303,.F.);
#11305=EDGE_LOOP('',(#11300,#11301,#11302,#11304));
#11306=FACE_OUTER_BOUND('',#11305,.F.);
#11307=ADVANCED_FACE('',(#11306),#11299,.T.);
#11308=CARTESIAN_POINT('',(1.25E-2,6.25E-2,-7.345E-1));
#11309=DIRECTION('',(-1.E0,0.E0,0.E0));
#11310=DIRECTION('',(0.E0,-1.E0,0.E0));
#11311=AXIS2_PLACEMENT_3D('',#11308,#11309,#11310);
#11312=CYLINDRICAL_SURFACE('',#11311,2.5E-2);
#11313=ORIENTED_EDGE('',*,*,#11099,.F.);
#11314=ORIENTED_EDGE('',*,*,#11303,.T.);
#11315=ORIENTED_EDGE('',*,*,#11153,.T.);
#11317=ORIENTED_EDGE('',*,*,#11316,.F.);
#11318=EDGE_LOOP('',(#11313,#11314,#11315,#11317));
#11319=FACE_OUTER_BOUND('',#11318,.F.);
#11320=ADVANCED_FACE('',(#11319),#11312,.F.);
#11321=CARTESIAN_POINT('',(1.25E-2,8.75E-2,-7.345E-1));
#11322=DIRECTION('',(0.E0,-1.E0,0.E0));
#11323=DIRECTION('',(0.E0,0.E0,1.E0));
#11324=AXIS2_PLACEMENT_3D('',#11321,#11322,#11323);
#11325=PLANE('',#11324);
#11326=ORIENTED_EDGE('',*,*,#11101,.F.);
#11327=ORIENTED_EDGE('',*,*,#11316,.T.);
#11328=ORIENTED_EDGE('',*,*,#11151,.T.);
#11329=ORIENTED_EDGE('',*,*,#8728,.F.);
#11330=EDGE_LOOP('',(#11326,#11327,#11328,#11329));
#11331=FACE_OUTER_BOUND('',#11330,.F.);
#11332=ADVANCED_FACE('',(#11331),#11325,.T.);
#11333=CARTESIAN_POINT('',(1.125E-1,0.E0,0.E0));
#11334=DIRECTION('',(-1.E0,0.E0,0.E0));
#11335=DIRECTION('',(0.E0,-1.E0,0.E0));
#11336=AXIS2_PLACEMENT_3D('',#11333,#11334,#11335);
#11337=PLANE('',#11336);
#11339=ORIENTED_EDGE('',*,*,#11338,.T.);
#11341=ORIENTED_EDGE('',*,*,#11340,.T.);
#11343=ORIENTED_EDGE('',*,*,#11342,.T.);
#11345=ORIENTED_EDGE('',*,*,#11344,.T.);
#11347=ORIENTED_EDGE('',*,*,#11346,.T.);
#11349=ORIENTED_EDGE('',*,*,#11348,.T.);
#11351=ORIENTED_EDGE('',*,*,#11350,.T.);
#11352=ORIENTED_EDGE('',*,*,#8736,.T.);
#11353=EDGE_LOOP('',(#11339,#11341,#11343,#11345,#11347,#11349,#11351,#11352));
#11354=FACE_OUTER_BOUND('',#11353,.F.);
#11355=ADVANCED_FACE('',(#11354),#11337,.F.);
#11356=CARTESIAN_POINT('',(1.125E-1,0.E0,0.E0));
#11357=DIRECTION('',(-1.E0,0.E0,0.E0));
#11358=DIRECTION('',(0.E0,-1.E0,0.E0));
#11359=AXIS2_PLACEMENT_3D('',#11356,#11357,#11358);
#11360=PLANE('',#11359);
#11362=ORIENTED_EDGE('',*,*,#11361,.T.);
#11364=ORIENTED_EDGE('',*,*,#11363,.T.);
#11366=ORIENTED_EDGE('',*,*,#11365,.T.);
#11368=ORIENTED_EDGE('',*,*,#11367,.T.);
#11370=ORIENTED_EDGE('',*,*,#11369,.T.);
#11372=ORIENTED_EDGE('',*,*,#11371,.T.);
#11374=ORIENTED_EDGE('',*,*,#11373,.T.);
#11375=ORIENTED_EDGE('',*,*,#8746,.T.);
#11376=EDGE_LOOP('',(#11362,#11364,#11366,#11368,#11370,#11372,#11374,#11375));
#11377=FACE_OUTER_BOUND('',#11376,.F.);
#11378=ADVANCED_FACE('',(#11377),#11360,.F.);
#11379=CARTESIAN_POINT('',(1.125E-1,-8.75E-2,-5.5E-1));
#11380=DIRECTION('',(0.E0,1.E0,0.E0));
#11381=DIRECTION('',(0.E0,0.E0,-1.E0));
#11382=AXIS2_PLACEMENT_3D('',#11379,#11380,#11381);
#11383=PLANE('',#11382);
#11384=ORIENTED_EDGE('',*,*,#11338,.F.);
#11385=ORIENTED_EDGE('',*,*,#8742,.T.);
#11387=ORIENTED_EDGE('',*,*,#11386,.T.);
#11389=ORIENTED_EDGE('',*,*,#11388,.F.);
#11390=EDGE_LOOP('',(#11384,#11385,#11387,#11389));
#11391=FACE_OUTER_BOUND('',#11390,.F.);
#11392=ADVANCED_FACE('',(#11391),#11383,.T.);
#11393=CARTESIAN_POINT('',(8.75E-2,0.E0,0.E0));
#11394=DIRECTION('',(-1.E0,0.E0,0.E0));
#11395=DIRECTION('',(0.E0,-1.E0,0.E0));
#11396=AXIS2_PLACEMENT_3D('',#11393,#11394,#11395);
#11397=PLANE('',#11396);
#11398=ORIENTED_EDGE('',*,*,#11386,.F.);
#11399=ORIENTED_EDGE('',*,*,#8740,.F.);
#11401=ORIENTED_EDGE('',*,*,#11400,.F.);
#11403=ORIENTED_EDGE('',*,*,#11402,.F.);
#11405=ORIENTED_EDGE('',*,*,#11404,.F.);
#11407=ORIENTED_EDGE('',*,*,#11406,.F.);
#11409=ORIENTED_EDGE('',*,*,#11408,.F.);
#11411=ORIENTED_EDGE('',*,*,#11410,.F.);
#11412=EDGE_LOOP('',(#11398,#11399,#11401,#11403,#11405,#11407,#11409,#11411));
#11413=FACE_OUTER_BOUND('',#11412,.F.);
#11414=ADVANCED_FACE('',(#11413),#11397,.T.);
#11415=CARTESIAN_POINT('',(8.75E-2,0.E0,0.E0));
#11416=DIRECTION('',(-1.E0,0.E0,0.E0));
#11417=DIRECTION('',(0.E0,-1.E0,0.E0));
#11418=AXIS2_PLACEMENT_3D('',#11415,#11416,#11417);
#11419=PLANE('',#11418);
#11421=ORIENTED_EDGE('',*,*,#11420,.F.);
#11422=ORIENTED_EDGE('',*,*,#8750,.F.);
#11424=ORIENTED_EDGE('',*,*,#11423,.F.);
#11426=ORIENTED_EDGE('',*,*,#11425,.F.);
#11428=ORIENTED_EDGE('',*,*,#11427,.F.);
#11430=ORIENTED_EDGE('',*,*,#11429,.F.);
#11432=ORIENTED_EDGE('',*,*,#11431,.F.);
#11434=ORIENTED_EDGE('',*,*,#11433,.F.);
#11435=EDGE_LOOP('',(#11421,#11422,#11424,#11426,#11428,#11430,#11432,#11434));
#11436=FACE_OUTER_BOUND('',#11435,.F.);
#11437=ADVANCED_FACE('',(#11436),#11419,.T.);
#11438=CARTESIAN_POINT('',(1.125E-1,-1.125E-1,-5.845E-1));
#11439=DIRECTION('',(0.E0,-1.E0,0.E0));
#11440=DIRECTION('',(0.E0,0.E0,1.E0));
#11441=AXIS2_PLACEMENT_3D('',#11438,#11439,#11440);
#11442=PLANE('',#11441);
#11443=ORIENTED_EDGE('',*,*,#11350,.F.);
#11445=ORIENTED_EDGE('',*,*,#11444,.T.);
#11446=ORIENTED_EDGE('',*,*,#11400,.T.);
#11447=ORIENTED_EDGE('',*,*,#8738,.F.);
#11448=EDGE_LOOP('',(#11443,#11445,#11446,#11447));
#11449=FACE_OUTER_BOUND('',#11448,.F.);
#11450=ADVANCED_FACE('',(#11449),#11442,.T.);
#11451=CARTESIAN_POINT('',(1.125E-1,-1.375E-1,-5.845E-1));
#11452=DIRECTION('',(-1.E0,0.E0,0.E0));
#11453=DIRECTION('',(0.E0,-1.E0,0.E0));
#11454=AXIS2_PLACEMENT_3D('',#11451,#11452,#11453);
#11455=CYLINDRICAL_SURFACE('',#11454,2.5E-2);
#11456=ORIENTED_EDGE('',*,*,#11348,.F.);
#11458=ORIENTED_EDGE('',*,*,#11457,.T.);
#11459=ORIENTED_EDGE('',*,*,#11402,.T.);
#11460=ORIENTED_EDGE('',*,*,#11444,.F.);
#11461=EDGE_LOOP('',(#11456,#11458,#11459,#11460));
#11462=FACE_OUTER_BOUND('',#11461,.F.);
#11463=ADVANCED_FACE('',(#11462),#11455,.F.);
#11464=CARTESIAN_POINT('',(1.125E-1,-2.74E-1,-6.095E-1));
#11465=DIRECTION('',(0.E0,0.E0,1.E0));
#11466=DIRECTION('',(0.E0,1.E0,0.E0));
#11467=AXIS2_PLACEMENT_3D('',#11464,#11465,#11466);
#11468=PLANE('',#11467);
#11469=ORIENTED_EDGE('',*,*,#11346,.F.);
#11471=ORIENTED_EDGE('',*,*,#11470,.T.);
#11472=ORIENTED_EDGE('',*,*,#11404,.T.);
#11473=ORIENTED_EDGE('',*,*,#11457,.F.);
#11474=EDGE_LOOP('',(#11469,#11471,#11472,#11473));
#11475=FACE_OUTER_BOUND('',#11474,.F.);
#11476=ADVANCED_FACE('',(#11475),#11468,.T.);
#11477=CARTESIAN_POINT('',(1.125E-1,-2.74E-1,-6.345E-1));
#11478=DIRECTION('',(0.E0,-1.E0,0.E0));
#11479=DIRECTION('',(0.E0,0.E0,1.E0));
#11480=AXIS2_PLACEMENT_3D('',#11477,#11478,#11479);
#11481=PLANE('',#11480);
#11482=ORIENTED_EDGE('',*,*,#11344,.F.);
#11484=ORIENTED_EDGE('',*,*,#11483,.T.);
#11485=ORIENTED_EDGE('',*,*,#11406,.T.);
#11486=ORIENTED_EDGE('',*,*,#11470,.F.);
#11487=EDGE_LOOP('',(#11482,#11484,#11485,#11486));
#11488=FACE_OUTER_BOUND('',#11487,.F.);
#11489=ADVANCED_FACE('',(#11488),#11481,.T.);
#11490=CARTESIAN_POINT('',(1.125E-1,-1.375E-1,-6.345E-1));
#11491=DIRECTION('',(0.E0,0.E0,-1.E0));
#11492=DIRECTION('',(0.E0,-1.E0,0.E0));
#11493=AXIS2_PLACEMENT_3D('',#11490,#11491,#11492);
#11494=PLANE('',#11493);
#11495=ORIENTED_EDGE('',*,*,#11342,.F.);
#11497=ORIENTED_EDGE('',*,*,#11496,.T.);
#11498=ORIENTED_EDGE('',*,*,#11408,.T.);
#11499=ORIENTED_EDGE('',*,*,#11483,.F.);
#11500=EDGE_LOOP('',(#11495,#11497,#11498,#11499));
#11501=FACE_OUTER_BOUND('',#11500,.F.);
#11502=ADVANCED_FACE('',(#11501),#11494,.T.);
#11503=CARTESIAN_POINT('',(1.125E-1,-1.375E-1,-5.845E-1));
#11504=DIRECTION('',(-1.E0,0.E0,0.E0));
#11505=DIRECTION('',(0.E0,-1.E0,0.E0));
#11506=AXIS2_PLACEMENT_3D('',#11503,#11504,#11505);
#11507=CYLINDRICAL_SURFACE('',#11506,5.E-2);
#11508=ORIENTED_EDGE('',*,*,#11340,.F.);
#11509=ORIENTED_EDGE('',*,*,#11388,.T.);
#11510=ORIENTED_EDGE('',*,*,#11410,.T.);
#11511=ORIENTED_EDGE('',*,*,#11496,.F.);
#11512=EDGE_LOOP('',(#11508,#11509,#11510,#11511));
#11513=FACE_OUTER_BOUND('',#11512,.F.);
#11514=ADVANCED_FACE('',(#11513),#11507,.T.);
#11515=CARTESIAN_POINT('',(1.125E-1,1.125E-1,-5.5E-1));
#11516=DIRECTION('',(0.E0,1.E0,0.E0));
#11517=DIRECTION('',(0.E0,0.E0,-1.E0));
#11518=AXIS2_PLACEMENT_3D('',#11515,#11516,#11517);
#11519=PLANE('',#11518);
#11520=ORIENTED_EDGE('',*,*,#11361,.F.);
#11521=ORIENTED_EDGE('',*,*,#8752,.T.);
#11522=ORIENTED_EDGE('',*,*,#11420,.T.);
#11524=ORIENTED_EDGE('',*,*,#11523,.F.);
#11525=EDGE_LOOP('',(#11520,#11521,#11522,#11524));
#11526=FACE_OUTER_BOUND('',#11525,.F.);
#11527=ADVANCED_FACE('',(#11526),#11519,.T.);
#11528=CARTESIAN_POINT('',(1.125E-1,6.25E-2,-7.345E-1));
#11529=DIRECTION('',(-1.E0,0.E0,0.E0));
#11530=DIRECTION('',(0.E0,-1.E0,0.E0));
#11531=AXIS2_PLACEMENT_3D('',#11528,#11529,#11530);
#11532=CYLINDRICAL_SURFACE('',#11531,5.E-2);
#11533=ORIENTED_EDGE('',*,*,#11363,.F.);
#11534=ORIENTED_EDGE('',*,*,#11523,.T.);
#11535=ORIENTED_EDGE('',*,*,#11433,.T.);
#11537=ORIENTED_EDGE('',*,*,#11536,.F.);
#11538=EDGE_LOOP('',(#11533,#11534,#11535,#11537));
#11539=FACE_OUTER_BOUND('',#11538,.F.);
#11540=ADVANCED_FACE('',(#11539),#11532,.T.);
#11541=CARTESIAN_POINT('',(1.125E-1,6.25E-2,-7.845E-1));
#11542=DIRECTION('',(0.E0,0.E0,-1.E0));
#11543=DIRECTION('',(0.E0,-1.E0,0.E0));
#11544=AXIS2_PLACEMENT_3D('',#11541,#11542,#11543);
#11545=PLANE('',#11544);
#11546=ORIENTED_EDGE('',*,*,#11365,.F.);
#11547=ORIENTED_EDGE('',*,*,#11536,.T.);
#11548=ORIENTED_EDGE('',*,*,#11431,.T.);
#11550=ORIENTED_EDGE('',*,*,#11549,.F.);
#11551=EDGE_LOOP('',(#11546,#11547,#11548,#11550));
#11552=FACE_OUTER_BOUND('',#11551,.F.);
#11553=ADVANCED_FACE('',(#11552),#11545,.T.);
#11554=CARTESIAN_POINT('',(1.125E-1,-2.74E-1,-7.845E-1));
#11555=DIRECTION('',(0.E0,-1.E0,0.E0));
#11556=DIRECTION('',(0.E0,0.E0,1.E0));
#11557=AXIS2_PLACEMENT_3D('',#11554,#11555,#11556);
#11558=PLANE('',#11557);
#11559=ORIENTED_EDGE('',*,*,#11367,.F.);
#11560=ORIENTED_EDGE('',*,*,#11549,.T.);
#11561=ORIENTED_EDGE('',*,*,#11429,.T.);
#11563=ORIENTED_EDGE('',*,*,#11562,.F.);
#11564=EDGE_LOOP('',(#11559,#11560,#11561,#11563));
#11565=FACE_OUTER_BOUND('',#11564,.F.);
#11566=ADVANCED_FACE('',(#11565),#11558,.T.);
#11567=CARTESIAN_POINT('',(1.125E-1,-2.74E-1,-7.595E-1));
#11568=DIRECTION('',(0.E0,0.E0,1.E0));
#11569=DIRECTION('',(0.E0,1.E0,0.E0));
#11570=AXIS2_PLACEMENT_3D('',#11567,#11568,#11569);
#11571=PLANE('',#11570);
#11572=ORIENTED_EDGE('',*,*,#11369,.F.);
#11573=ORIENTED_EDGE('',*,*,#11562,.T.);
#11574=ORIENTED_EDGE('',*,*,#11427,.T.);
#11576=ORIENTED_EDGE('',*,*,#11575,.F.);
#11577=EDGE_LOOP('',(#11572,#11573,#11574,#11576));
#11578=FACE_OUTER_BOUND('',#11577,.F.);
#11579=ADVANCED_FACE('',(#11578),#11571,.T.);
#11580=CARTESIAN_POINT('',(1.125E-1,6.25E-2,-7.345E-1));
#11581=DIRECTION('',(-1.E0,0.E0,0.E0));
#11582=DIRECTION('',(0.E0,-1.E0,0.E0));
#11583=AXIS2_PLACEMENT_3D('',#11580,#11581,#11582);
#11584=CYLINDRICAL_SURFACE('',#11583,2.5E-2);
#11585=ORIENTED_EDGE('',*,*,#11371,.F.);
#11586=ORIENTED_EDGE('',*,*,#11575,.T.);
#11587=ORIENTED_EDGE('',*,*,#11425,.T.);
#11589=ORIENTED_EDGE('',*,*,#11588,.F.);
#11590=EDGE_LOOP('',(#11585,#11586,#11587,#11589));
#11591=FACE_OUTER_BOUND('',#11590,.F.);
#11592=ADVANCED_FACE('',(#11591),#11584,.F.);
#11593=CARTESIAN_POINT('',(1.125E-1,8.75E-2,-7.345E-1));
#11594=DIRECTION('',(0.E0,-1.E0,0.E0));
#11595=DIRECTION('',(0.E0,0.E0,1.E0));
#11596=AXIS2_PLACEMENT_3D('',#11593,#11594,#11595);
#11597=PLANE('',#11596);
#11598=ORIENTED_EDGE('',*,*,#11373,.F.);
#11599=ORIENTED_EDGE('',*,*,#11588,.T.);
#11600=ORIENTED_EDGE('',*,*,#11423,.T.);
#11601=ORIENTED_EDGE('',*,*,#8748,.F.);
#11602=EDGE_LOOP('',(#11598,#11599,#11600,#11601));
#11603=FACE_OUTER_BOUND('',#11602,.F.);
#11604=ADVANCED_FACE('',(#11603),#11597,.T.);
#11605=CARTESIAN_POINT('',(2.125E-1,0.E0,0.E0));
#11606=DIRECTION('',(-1.E0,0.E0,0.E0));
#11607=DIRECTION('',(0.E0,-1.E0,0.E0));
#11608=AXIS2_PLACEMENT_3D('',#11605,#11606,#11607);
#11609=PLANE('',#11608);
#11611=ORIENTED_EDGE('',*,*,#11610,.T.);
#11613=ORIENTED_EDGE('',*,*,#11612,.T.);
#11615=ORIENTED_EDGE('',*,*,#11614,.T.);
#11617=ORIENTED_EDGE('',*,*,#11616,.T.);
#11619=ORIENTED_EDGE('',*,*,#11618,.T.);
#11621=ORIENTED_EDGE('',*,*,#11620,.T.);
#11623=ORIENTED_EDGE('',*,*,#11622,.T.);
#11624=ORIENTED_EDGE('',*,*,#8756,.T.);
#11625=EDGE_LOOP('',(#11611,#11613,#11615,#11617,#11619,#11621,#11623,#11624));
#11626=FACE_OUTER_BOUND('',#11625,.F.);
#11627=ADVANCED_FACE('',(#11626),#11609,.F.);
#11628=CARTESIAN_POINT('',(2.125E-1,0.E0,0.E0));
#11629=DIRECTION('',(-1.E0,0.E0,0.E0));
#11630=DIRECTION('',(0.E0,-1.E0,0.E0));
#11631=AXIS2_PLACEMENT_3D('',#11628,#11629,#11630);
#11632=PLANE('',#11631);
#11634=ORIENTED_EDGE('',*,*,#11633,.T.);
#11636=ORIENTED_EDGE('',*,*,#11635,.T.);
#11638=ORIENTED_EDGE('',*,*,#11637,.T.);
#11640=ORIENTED_EDGE('',*,*,#11639,.T.);
#11642=ORIENTED_EDGE('',*,*,#11641,.T.);
#11644=ORIENTED_EDGE('',*,*,#11643,.T.);
#11646=ORIENTED_EDGE('',*,*,#11645,.T.);
#11647=ORIENTED_EDGE('',*,*,#8766,.T.);
#11648=EDGE_LOOP('',(#11634,#11636,#11638,#11640,#11642,#11644,#11646,#11647));
#11649=FACE_OUTER_BOUND('',#11648,.F.);
#11650=ADVANCED_FACE('',(#11649),#11632,.F.);
#11651=CARTESIAN_POINT('',(2.125E-1,-8.75E-2,-5.5E-1));
#11652=DIRECTION('',(0.E0,1.E0,0.E0));
#11653=DIRECTION('',(0.E0,0.E0,-1.E0));
#11654=AXIS2_PLACEMENT_3D('',#11651,#11652,#11653);
#11655=PLANE('',#11654);
#11656=ORIENTED_EDGE('',*,*,#11610,.F.);
#11657=ORIENTED_EDGE('',*,*,#8762,.T.);
#11659=ORIENTED_EDGE('',*,*,#11658,.T.);
#11661=ORIENTED_EDGE('',*,*,#11660,.F.);
#11662=EDGE_LOOP('',(#11656,#11657,#11659,#11661));
#11663=FACE_OUTER_BOUND('',#11662,.F.);
#11664=ADVANCED_FACE('',(#11663),#11655,.T.);
#11665=CARTESIAN_POINT('',(1.875E-1,0.E0,0.E0));
#11666=DIRECTION('',(-1.E0,0.E0,0.E0));
#11667=DIRECTION('',(0.E0,-1.E0,0.E0));
#11668=AXIS2_PLACEMENT_3D('',#11665,#11666,#11667);
#11669=PLANE('',#11668);
#11670=ORIENTED_EDGE('',*,*,#11658,.F.);
#11671=ORIENTED_EDGE('',*,*,#8760,.F.);
#11673=ORIENTED_EDGE('',*,*,#11672,.F.);
#11675=ORIENTED_EDGE('',*,*,#11674,.F.);
#11677=ORIENTED_EDGE('',*,*,#11676,.F.);
#11679=ORIENTED_EDGE('',*,*,#11678,.F.);
#11681=ORIENTED_EDGE('',*,*,#11680,.F.);
#11683=ORIENTED_EDGE('',*,*,#11682,.F.);
#11684=EDGE_LOOP('',(#11670,#11671,#11673,#11675,#11677,#11679,#11681,#11683));
#11685=FACE_OUTER_BOUND('',#11684,.F.);
#11686=ADVANCED_FACE('',(#11685),#11669,.T.);
#11687=CARTESIAN_POINT('',(1.875E-1,0.E0,0.E0));
#11688=DIRECTION('',(-1.E0,0.E0,0.E0));
#11689=DIRECTION('',(0.E0,-1.E0,0.E0));
#11690=AXIS2_PLACEMENT_3D('',#11687,#11688,#11689);
#11691=PLANE('',#11690);
#11693=ORIENTED_EDGE('',*,*,#11692,.F.);
#11694=ORIENTED_EDGE('',*,*,#8770,.F.);
#11696=ORIENTED_EDGE('',*,*,#11695,.F.);
#11698=ORIENTED_EDGE('',*,*,#11697,.F.);
#11700=ORIENTED_EDGE('',*,*,#11699,.F.);
#11702=ORIENTED_EDGE('',*,*,#11701,.F.);
#11704=ORIENTED_EDGE('',*,*,#11703,.F.);
#11706=ORIENTED_EDGE('',*,*,#11705,.F.);
#11707=EDGE_LOOP('',(#11693,#11694,#11696,#11698,#11700,#11702,#11704,#11706));
#11708=FACE_OUTER_BOUND('',#11707,.F.);
#11709=ADVANCED_FACE('',(#11708),#11691,.T.);
#11710=CARTESIAN_POINT('',(2.125E-1,-1.125E-1,-5.845E-1));
#11711=DIRECTION('',(0.E0,-1.E0,0.E0));
#11712=DIRECTION('',(0.E0,0.E0,1.E0));
#11713=AXIS2_PLACEMENT_3D('',#11710,#11711,#11712);
#11714=PLANE('',#11713);
#11715=ORIENTED_EDGE('',*,*,#11622,.F.);
#11717=ORIENTED_EDGE('',*,*,#11716,.T.);
#11718=ORIENTED_EDGE('',*,*,#11672,.T.);
#11719=ORIENTED_EDGE('',*,*,#8758,.F.);
#11720=EDGE_LOOP('',(#11715,#11717,#11718,#11719));
#11721=FACE_OUTER_BOUND('',#11720,.F.);
#11722=ADVANCED_FACE('',(#11721),#11714,.T.);
#11723=CARTESIAN_POINT('',(2.125E-1,-1.375E-1,-5.845E-1));
#11724=DIRECTION('',(-1.E0,0.E0,0.E0));
#11725=DIRECTION('',(0.E0,-1.E0,0.E0));
#11726=AXIS2_PLACEMENT_3D('',#11723,#11724,#11725);
#11727=CYLINDRICAL_SURFACE('',#11726,2.5E-2);
#11728=ORIENTED_EDGE('',*,*,#11620,.F.);
#11730=ORIENTED_EDGE('',*,*,#11729,.T.);
#11731=ORIENTED_EDGE('',*,*,#11674,.T.);
#11732=ORIENTED_EDGE('',*,*,#11716,.F.);
#11733=EDGE_LOOP('',(#11728,#11730,#11731,#11732));
#11734=FACE_OUTER_BOUND('',#11733,.F.);
#11735=ADVANCED_FACE('',(#11734),#11727,.F.);
#11736=CARTESIAN_POINT('',(2.125E-1,-2.74E-1,-6.095E-1));
#11737=DIRECTION('',(0.E0,0.E0,1.E0));
#11738=DIRECTION('',(0.E0,1.E0,0.E0));
#11739=AXIS2_PLACEMENT_3D('',#11736,#11737,#11738);
#11740=PLANE('',#11739);
#11741=ORIENTED_EDGE('',*,*,#11618,.F.);
#11743=ORIENTED_EDGE('',*,*,#11742,.T.);
#11744=ORIENTED_EDGE('',*,*,#11676,.T.);
#11745=ORIENTED_EDGE('',*,*,#11729,.F.);
#11746=EDGE_LOOP('',(#11741,#11743,#11744,#11745));
#11747=FACE_OUTER_BOUND('',#11746,.F.);
#11748=ADVANCED_FACE('',(#11747),#11740,.T.);
#11749=CARTESIAN_POINT('',(2.125E-1,-2.74E-1,-6.345E-1));
#11750=DIRECTION('',(0.E0,-1.E0,0.E0));
#11751=DIRECTION('',(0.E0,0.E0,1.E0));
#11752=AXIS2_PLACEMENT_3D('',#11749,#11750,#11751);
#11753=PLANE('',#11752);
#11754=ORIENTED_EDGE('',*,*,#11616,.F.);
#11756=ORIENTED_EDGE('',*,*,#11755,.T.);
#11757=ORIENTED_EDGE('',*,*,#11678,.T.);
#11758=ORIENTED_EDGE('',*,*,#11742,.F.);
#11759=EDGE_LOOP('',(#11754,#11756,#11757,#11758));
#11760=FACE_OUTER_BOUND('',#11759,.F.);
#11761=ADVANCED_FACE('',(#11760),#11753,.T.);
#11762=CARTESIAN_POINT('',(2.125E-1,-1.375E-1,-6.345E-1));
#11763=DIRECTION('',(0.E0,0.E0,-1.E0));
#11764=DIRECTION('',(0.E0,-1.E0,0.E0));
#11765=AXIS2_PLACEMENT_3D('',#11762,#11763,#11764);
#11766=PLANE('',#11765);
#11767=ORIENTED_EDGE('',*,*,#11614,.F.);
#11769=ORIENTED_EDGE('',*,*,#11768,.T.);
#11770=ORIENTED_EDGE('',*,*,#11680,.T.);
#11771=ORIENTED_EDGE('',*,*,#11755,.F.);
#11772=EDGE_LOOP('',(#11767,#11769,#11770,#11771));
#11773=FACE_OUTER_BOUND('',#11772,.F.);
#11774=ADVANCED_FACE('',(#11773),#11766,.T.);
#11775=CARTESIAN_POINT('',(2.125E-1,-1.375E-1,-5.845E-1));
#11776=DIRECTION('',(-1.E0,0.E0,0.E0));
#11777=DIRECTION('',(0.E0,-1.E0,0.E0));
#11778=AXIS2_PLACEMENT_3D('',#11775,#11776,#11777);
#11779=CYLINDRICAL_SURFACE('',#11778,5.E-2);
#11780=ORIENTED_EDGE('',*,*,#11612,.F.);
#11781=ORIENTED_EDGE('',*,*,#11660,.T.);
#11782=ORIENTED_EDGE('',*,*,#11682,.T.);
#11783=ORIENTED_EDGE('',*,*,#11768,.F.);
#11784=EDGE_LOOP('',(#11780,#11781,#11782,#11783));
#11785=FACE_OUTER_BOUND('',#11784,.F.);
#11786=ADVANCED_FACE('',(#11785),#11779,.T.);
#11787=CARTESIAN_POINT('',(2.125E-1,1.125E-1,-5.5E-1));
#11788=DIRECTION('',(0.E0,1.E0,0.E0));
#11789=DIRECTION('',(0.E0,0.E0,-1.E0));
#11790=AXIS2_PLACEMENT_3D('',#11787,#11788,#11789);
#11791=PLANE('',#11790);
#11792=ORIENTED_EDGE('',*,*,#11633,.F.);
#11793=ORIENTED_EDGE('',*,*,#8772,.T.);
#11794=ORIENTED_EDGE('',*,*,#11692,.T.);
#11796=ORIENTED_EDGE('',*,*,#11795,.F.);
#11797=EDGE_LOOP('',(#11792,#11793,#11794,#11796));
#11798=FACE_OUTER_BOUND('',#11797,.F.);
#11799=ADVANCED_FACE('',(#11798),#11791,.T.);
#11800=CARTESIAN_POINT('',(2.125E-1,6.25E-2,-7.345E-1));
#11801=DIRECTION('',(-1.E0,0.E0,0.E0));
#11802=DIRECTION('',(0.E0,-1.E0,0.E0));
#11803=AXIS2_PLACEMENT_3D('',#11800,#11801,#11802);
#11804=CYLINDRICAL_SURFACE('',#11803,5.E-2);
#11805=ORIENTED_EDGE('',*,*,#11635,.F.);
#11806=ORIENTED_EDGE('',*,*,#11795,.T.);
#11807=ORIENTED_EDGE('',*,*,#11705,.T.);
#11809=ORIENTED_EDGE('',*,*,#11808,.F.);
#11810=EDGE_LOOP('',(#11805,#11806,#11807,#11809));
#11811=FACE_OUTER_BOUND('',#11810,.F.);
#11812=ADVANCED_FACE('',(#11811),#11804,.T.);
#11813=CARTESIAN_POINT('',(2.125E-1,6.25E-2,-7.845E-1));
#11814=DIRECTION('',(0.E0,0.E0,-1.E0));
#11815=DIRECTION('',(0.E0,-1.E0,0.E0));
#11816=AXIS2_PLACEMENT_3D('',#11813,#11814,#11815);
#11817=PLANE('',#11816);
#11818=ORIENTED_EDGE('',*,*,#11637,.F.);
#11819=ORIENTED_EDGE('',*,*,#11808,.T.);
#11820=ORIENTED_EDGE('',*,*,#11703,.T.);
#11822=ORIENTED_EDGE('',*,*,#11821,.F.);
#11823=EDGE_LOOP('',(#11818,#11819,#11820,#11822));
#11824=FACE_OUTER_BOUND('',#11823,.F.);
#11825=ADVANCED_FACE('',(#11824),#11817,.T.);
#11826=CARTESIAN_POINT('',(2.125E-1,-2.74E-1,-7.845E-1));
#11827=DIRECTION('',(0.E0,-1.E0,0.E0));
#11828=DIRECTION('',(0.E0,0.E0,1.E0));
#11829=AXIS2_PLACEMENT_3D('',#11826,#11827,#11828);
#11830=PLANE('',#11829);
#11831=ORIENTED_EDGE('',*,*,#11639,.F.);
#11832=ORIENTED_EDGE('',*,*,#11821,.T.);
#11833=ORIENTED_EDGE('',*,*,#11701,.T.);
#11835=ORIENTED_EDGE('',*,*,#11834,.F.);
#11836=EDGE_LOOP('',(#11831,#11832,#11833,#11835));
#11837=FACE_OUTER_BOUND('',#11836,.F.);
#11838=ADVANCED_FACE('',(#11837),#11830,.T.);
#11839=CARTESIAN_POINT('',(2.125E-1,-2.74E-1,-7.595E-1));
#11840=DIRECTION('',(0.E0,0.E0,1.E0));
#11841=DIRECTION('',(0.E0,1.E0,0.E0));
#11842=AXIS2_PLACEMENT_3D('',#11839,#11840,#11841);
#11843=PLANE('',#11842);
#11844=ORIENTED_EDGE('',*,*,#11641,.F.);
#11845=ORIENTED_EDGE('',*,*,#11834,.T.);
#11846=ORIENTED_EDGE('',*,*,#11699,.T.);
#11848=ORIENTED_EDGE('',*,*,#11847,.F.);
#11849=EDGE_LOOP('',(#11844,#11845,#11846,#11848));
#11850=FACE_OUTER_BOUND('',#11849,.F.);
#11851=ADVANCED_FACE('',(#11850),#11843,.T.);
#11852=CARTESIAN_POINT('',(2.125E-1,6.25E-2,-7.345E-1));
#11853=DIRECTION('',(-1.E0,0.E0,0.E0));
#11854=DIRECTION('',(0.E0,-1.E0,0.E0));
#11855=AXIS2_PLACEMENT_3D('',#11852,#11853,#11854);
#11856=CYLINDRICAL_SURFACE('',#11855,2.5E-2);
#11857=ORIENTED_EDGE('',*,*,#11643,.F.);
#11858=ORIENTED_EDGE('',*,*,#11847,.T.);
#11859=ORIENTED_EDGE('',*,*,#11697,.T.);
#11861=ORIENTED_EDGE('',*,*,#11860,.F.);
#11862=EDGE_LOOP('',(#11857,#11858,#11859,#11861));
#11863=FACE_OUTER_BOUND('',#11862,.F.);
#11864=ADVANCED_FACE('',(#11863),#11856,.F.);
#11865=CARTESIAN_POINT('',(2.125E-1,8.75E-2,-7.345E-1));
#11866=DIRECTION('',(0.E0,-1.E0,0.E0));
#11867=DIRECTION('',(0.E0,0.E0,1.E0));
#11868=AXIS2_PLACEMENT_3D('',#11865,#11866,#11867);
#11869=PLANE('',#11868);
#11870=ORIENTED_EDGE('',*,*,#11645,.F.);
#11871=ORIENTED_EDGE('',*,*,#11860,.T.);
#11872=ORIENTED_EDGE('',*,*,#11695,.T.);
#11873=ORIENTED_EDGE('',*,*,#8768,.F.);
#11874=EDGE_LOOP('',(#11870,#11871,#11872,#11873));
#11875=FACE_OUTER_BOUND('',#11874,.F.);
#11876=ADVANCED_FACE('',(#11875),#11869,.T.);
#11877=CARTESIAN_POINT('',(3.125E-1,0.E0,0.E0));
#11878=DIRECTION('',(-1.E0,0.E0,0.E0));
#11879=DIRECTION('',(0.E0,-1.E0,0.E0));
#11880=AXIS2_PLACEMENT_3D('',#11877,#11878,#11879);
#11881=PLANE('',#11880);
#11883=ORIENTED_EDGE('',*,*,#11882,.T.);
#11885=ORIENTED_EDGE('',*,*,#11884,.T.);
#11887=ORIENTED_EDGE('',*,*,#11886,.T.);
#11889=ORIENTED_EDGE('',*,*,#11888,.T.);
#11891=ORIENTED_EDGE('',*,*,#11890,.T.);
#11893=ORIENTED_EDGE('',*,*,#11892,.T.);
#11895=ORIENTED_EDGE('',*,*,#11894,.T.);
#11896=ORIENTED_EDGE('',*,*,#8776,.T.);
#11897=EDGE_LOOP('',(#11883,#11885,#11887,#11889,#11891,#11893,#11895,#11896));
#11898=FACE_OUTER_BOUND('',#11897,.F.);
#11899=ADVANCED_FACE('',(#11898),#11881,.F.);
#11900=CARTESIAN_POINT('',(3.125E-1,0.E0,0.E0));
#11901=DIRECTION('',(-1.E0,0.E0,0.E0));
#11902=DIRECTION('',(0.E0,-1.E0,0.E0));
#11903=AXIS2_PLACEMENT_3D('',#11900,#11901,#11902);
#11904=PLANE('',#11903);
#11906=ORIENTED_EDGE('',*,*,#11905,.T.);
#11908=ORIENTED_EDGE('',*,*,#11907,.T.);
#11910=ORIENTED_EDGE('',*,*,#11909,.T.);
#11912=ORIENTED_EDGE('',*,*,#11911,.T.);
#11914=ORIENTED_EDGE('',*,*,#11913,.T.);
#11916=ORIENTED_EDGE('',*,*,#11915,.T.);
#11918=ORIENTED_EDGE('',*,*,#11917,.T.);
#11919=ORIENTED_EDGE('',*,*,#8786,.T.);
#11920=EDGE_LOOP('',(#11906,#11908,#11910,#11912,#11914,#11916,#11918,#11919));
#11921=FACE_OUTER_BOUND('',#11920,.F.);
#11922=ADVANCED_FACE('',(#11921),#11904,.F.);
#11923=CARTESIAN_POINT('',(3.125E-1,-8.75E-2,-5.5E-1));
#11924=DIRECTION('',(0.E0,1.E0,0.E0));
#11925=DIRECTION('',(0.E0,0.E0,-1.E0));
#11926=AXIS2_PLACEMENT_3D('',#11923,#11924,#11925);
#11927=PLANE('',#11926);
#11928=ORIENTED_EDGE('',*,*,#11882,.F.);
#11929=ORIENTED_EDGE('',*,*,#8782,.T.);
#11931=ORIENTED_EDGE('',*,*,#11930,.T.);
#11933=ORIENTED_EDGE('',*,*,#11932,.F.);
#11934=EDGE_LOOP('',(#11928,#11929,#11931,#11933));
#11935=FACE_OUTER_BOUND('',#11934,.F.);
#11936=ADVANCED_FACE('',(#11935),#11927,.T.);
#11937=CARTESIAN_POINT('',(2.875E-1,0.E0,0.E0));
#11938=DIRECTION('',(-1.E0,0.E0,0.E0));
#11939=DIRECTION('',(0.E0,-1.E0,0.E0));
#11940=AXIS2_PLACEMENT_3D('',#11937,#11938,#11939);
#11941=PLANE('',#11940);
#11942=ORIENTED_EDGE('',*,*,#11930,.F.);
#11943=ORIENTED_EDGE('',*,*,#8780,.F.);
#11945=ORIENTED_EDGE('',*,*,#11944,.F.);
#11947=ORIENTED_EDGE('',*,*,#11946,.F.);
#11949=ORIENTED_EDGE('',*,*,#11948,.F.);
#11951=ORIENTED_EDGE('',*,*,#11950,.F.);
#11953=ORIENTED_EDGE('',*,*,#11952,.F.);
#11955=ORIENTED_EDGE('',*,*,#11954,.F.);
#11956=EDGE_LOOP('',(#11942,#11943,#11945,#11947,#11949,#11951,#11953,#11955));
#11957=FACE_OUTER_BOUND('',#11956,.F.);
#11958=ADVANCED_FACE('',(#11957),#11941,.T.);
#11959=CARTESIAN_POINT('',(2.875E-1,0.E0,0.E0));
#11960=DIRECTION('',(-1.E0,0.E0,0.E0));
#11961=DIRECTION('',(0.E0,-1.E0,0.E0));
#11962=AXIS2_PLACEMENT_3D('',#11959,#11960,#11961);
#11963=PLANE('',#11962);
#11965=ORIENTED_EDGE('',*,*,#11964,.F.);
#11966=ORIENTED_EDGE('',*,*,#8790,.F.);
#11968=ORIENTED_EDGE('',*,*,#11967,.F.);
#11970=ORIENTED_EDGE('',*,*,#11969,.F.);
#11972=ORIENTED_EDGE('',*,*,#11971,.F.);
#11974=ORIENTED_EDGE('',*,*,#11973,.F.);
#11976=ORIENTED_EDGE('',*,*,#11975,.F.);
#11978=ORIENTED_EDGE('',*,*,#11977,.F.);
#11979=EDGE_LOOP('',(#11965,#11966,#11968,#11970,#11972,#11974,#11976,#11978));
#11980=FACE_OUTER_BOUND('',#11979,.F.);
#11981=ADVANCED_FACE('',(#11980),#11963,.T.);
#11982=CARTESIAN_POINT('',(3.125E-1,-1.125E-1,-5.845E-1));
#11983=DIRECTION('',(0.E0,-1.E0,0.E0));
#11984=DIRECTION('',(0.E0,0.E0,1.E0));
#11985=AXIS2_PLACEMENT_3D('',#11982,#11983,#11984);
#11986=PLANE('',#11985);
#11987=ORIENTED_EDGE('',*,*,#11894,.F.);
#11989=ORIENTED_EDGE('',*,*,#11988,.T.);
#11990=ORIENTED_EDGE('',*,*,#11944,.T.);
#11991=ORIENTED_EDGE('',*,*,#8778,.F.);
#11992=EDGE_LOOP('',(#11987,#11989,#11990,#11991));
#11993=FACE_OUTER_BOUND('',#11992,.F.);
#11994=ADVANCED_FACE('',(#11993),#11986,.T.);
#11995=CARTESIAN_POINT('',(3.125E-1,-1.375E-1,-5.845E-1));
#11996=DIRECTION('',(-1.E0,0.E0,0.E0));
#11997=DIRECTION('',(0.E0,-1.E0,0.E0));
#11998=AXIS2_PLACEMENT_3D('',#11995,#11996,#11997);
#11999=CYLINDRICAL_SURFACE('',#11998,2.5E-2);
#12000=ORIENTED_EDGE('',*,*,#11892,.F.);
#12002=ORIENTED_EDGE('',*,*,#12001,.T.);
#12003=ORIENTED_EDGE('',*,*,#11946,.T.);
#12004=ORIENTED_EDGE('',*,*,#11988,.F.);
#12005=EDGE_LOOP('',(#12000,#12002,#12003,#12004));
#12006=FACE_OUTER_BOUND('',#12005,.F.);
#12007=ADVANCED_FACE('',(#12006),#11999,.F.);
#12008=CARTESIAN_POINT('',(3.125E-1,-2.74E-1,-6.095E-1));
#12009=DIRECTION('',(0.E0,0.E0,1.E0));
#12010=DIRECTION('',(0.E0,1.E0,0.E0));
#12011=AXIS2_PLACEMENT_3D('',#12008,#12009,#12010);
#12012=PLANE('',#12011);
#12013=ORIENTED_EDGE('',*,*,#11890,.F.);
#12015=ORIENTED_EDGE('',*,*,#12014,.T.);
#12016=ORIENTED_EDGE('',*,*,#11948,.T.);
#12017=ORIENTED_EDGE('',*,*,#12001,.F.);
#12018=EDGE_LOOP('',(#12013,#12015,#12016,#12017));
#12019=FACE_OUTER_BOUND('',#12018,.F.);
#12020=ADVANCED_FACE('',(#12019),#12012,.T.);
#12021=CARTESIAN_POINT('',(3.125E-1,-2.74E-1,-6.345E-1));
#12022=DIRECTION('',(0.E0,-1.E0,0.E0));
#12023=DIRECTION('',(0.E0,0.E0,1.E0));
#12024=AXIS2_PLACEMENT_3D('',#12021,#12022,#12023);
#12025=PLANE('',#12024);
#12026=ORIENTED_EDGE('',*,*,#11888,.F.);
#12028=ORIENTED_EDGE('',*,*,#12027,.T.);
#12029=ORIENTED_EDGE('',*,*,#11950,.T.);
#12030=ORIENTED_EDGE('',*,*,#12014,.F.);
#12031=EDGE_LOOP('',(#12026,#12028,#12029,#12030));
#12032=FACE_OUTER_BOUND('',#12031,.F.);
#12033=ADVANCED_FACE('',(#12032),#12025,.T.);
#12034=CARTESIAN_POINT('',(3.125E-1,-1.375E-1,-6.345E-1));
#12035=DIRECTION('',(0.E0,0.E0,-1.E0));
#12036=DIRECTION('',(0.E0,-1.E0,0.E0));
#12037=AXIS2_PLACEMENT_3D('',#12034,#12035,#12036);
#12038=PLANE('',#12037);
#12039=ORIENTED_EDGE('',*,*,#11886,.F.);
#12041=ORIENTED_EDGE('',*,*,#12040,.T.);
#12042=ORIENTED_EDGE('',*,*,#11952,.T.);
#12043=ORIENTED_EDGE('',*,*,#12027,.F.);
#12044=EDGE_LOOP('',(#12039,#12041,#12042,#12043));
#12045=FACE_OUTER_BOUND('',#12044,.F.);
#12046=ADVANCED_FACE('',(#12045),#12038,.T.);
#12047=CARTESIAN_POINT('',(3.125E-1,-1.375E-1,-5.845E-1));
#12048=DIRECTION('',(-1.E0,0.E0,0.E0));
#12049=DIRECTION('',(0.E0,-1.E0,0.E0));
#12050=AXIS2_PLACEMENT_3D('',#12047,#12048,#12049);
#12051=CYLINDRICAL_SURFACE('',#12050,5.E-2);
#12052=ORIENTED_EDGE('',*,*,#11884,.F.);
#12053=ORIENTED_EDGE('',*,*,#11932,.T.);
#12054=ORIENTED_EDGE('',*,*,#11954,.T.);
#12055=ORIENTED_EDGE('',*,*,#12040,.F.);
#12056=EDGE_LOOP('',(#12052,#12053,#12054,#12055));
#12057=FACE_OUTER_BOUND('',#12056,.F.);
#12058=ADVANCED_FACE('',(#12057),#12051,.T.);
#12059=CARTESIAN_POINT('',(3.125E-1,1.125E-1,-5.5E-1));
#12060=DIRECTION('',(0.E0,1.E0,0.E0));
#12061=DIRECTION('',(0.E0,0.E0,-1.E0));
#12062=AXIS2_PLACEMENT_3D('',#12059,#12060,#12061);
#12063=PLANE('',#12062);
#12064=ORIENTED_EDGE('',*,*,#11905,.F.);
#12065=ORIENTED_EDGE('',*,*,#8792,.T.);
#12066=ORIENTED_EDGE('',*,*,#11964,.T.);
#12068=ORIENTED_EDGE('',*,*,#12067,.F.);
#12069=EDGE_LOOP('',(#12064,#12065,#12066,#12068));
#12070=FACE_OUTER_BOUND('',#12069,.F.);
#12071=ADVANCED_FACE('',(#12070),#12063,.T.);
#12072=CARTESIAN_POINT('',(3.125E-1,6.25E-2,-7.345E-1));
#12073=DIRECTION('',(-1.E0,0.E0,0.E0));
#12074=DIRECTION('',(0.E0,-1.E0,0.E0));
#12075=AXIS2_PLACEMENT_3D('',#12072,#12073,#12074);
#12076=CYLINDRICAL_SURFACE('',#12075,5.E-2);
#12077=ORIENTED_EDGE('',*,*,#11907,.F.);
#12078=ORIENTED_EDGE('',*,*,#12067,.T.);
#12079=ORIENTED_EDGE('',*,*,#11977,.T.);
#12081=ORIENTED_EDGE('',*,*,#12080,.F.);
#12082=EDGE_LOOP('',(#12077,#12078,#12079,#12081));
#12083=FACE_OUTER_BOUND('',#12082,.F.);
#12084=ADVANCED_FACE('',(#12083),#12076,.T.);
#12085=CARTESIAN_POINT('',(3.125E-1,6.25E-2,-7.845E-1));
#12086=DIRECTION('',(0.E0,0.E0,-1.E0));
#12087=DIRECTION('',(0.E0,-1.E0,0.E0));
#12088=AXIS2_PLACEMENT_3D('',#12085,#12086,#12087);
#12089=PLANE('',#12088);
#12090=ORIENTED_EDGE('',*,*,#11909,.F.);
#12091=ORIENTED_EDGE('',*,*,#12080,.T.);
#12092=ORIENTED_EDGE('',*,*,#11975,.T.);
#12094=ORIENTED_EDGE('',*,*,#12093,.F.);
#12095=EDGE_LOOP('',(#12090,#12091,#12092,#12094));
#12096=FACE_OUTER_BOUND('',#12095,.F.);
#12097=ADVANCED_FACE('',(#12096),#12089,.T.);
#12098=CARTESIAN_POINT('',(3.125E-1,-2.74E-1,-7.845E-1));
#12099=DIRECTION('',(0.E0,-1.E0,0.E0));
#12100=DIRECTION('',(0.E0,0.E0,1.E0));
#12101=AXIS2_PLACEMENT_3D('',#12098,#12099,#12100);
#12102=PLANE('',#12101);
#12103=ORIENTED_EDGE('',*,*,#11911,.F.);
#12104=ORIENTED_EDGE('',*,*,#12093,.T.);
#12105=ORIENTED_EDGE('',*,*,#11973,.T.);
#12107=ORIENTED_EDGE('',*,*,#12106,.F.);
#12108=EDGE_LOOP('',(#12103,#12104,#12105,#12107));
#12109=FACE_OUTER_BOUND('',#12108,.F.);
#12110=ADVANCED_FACE('',(#12109),#12102,.T.);
#12111=CARTESIAN_POINT('',(3.125E-1,-2.74E-1,-7.595E-1));
#12112=DIRECTION('',(0.E0,0.E0,1.E0));
#12113=DIRECTION('',(0.E0,1.E0,0.E0));
#12114=AXIS2_PLACEMENT_3D('',#12111,#12112,#12113);
#12115=PLANE('',#12114);
#12116=ORIENTED_EDGE('',*,*,#11913,.F.);
#12117=ORIENTED_EDGE('',*,*,#12106,.T.);
#12118=ORIENTED_EDGE('',*,*,#11971,.T.);
#12120=ORIENTED_EDGE('',*,*,#12119,.F.);
#12121=EDGE_LOOP('',(#12116,#12117,#12118,#12120));
#12122=FACE_OUTER_BOUND('',#12121,.F.);
#12123=ADVANCED_FACE('',(#12122),#12115,.T.);
#12124=CARTESIAN_POINT('',(3.125E-1,6.25E-2,-7.345E-1));
#12125=DIRECTION('',(-1.E0,0.E0,0.E0));
#12126=DIRECTION('',(0.E0,-1.E0,0.E0));
#12127=AXIS2_PLACEMENT_3D('',#12124,#12125,#12126);
#12128=CYLINDRICAL_SURFACE('',#12127,2.5E-2);
#12129=ORIENTED_EDGE('',*,*,#11915,.F.);
#12130=ORIENTED_EDGE('',*,*,#12119,.T.);
#12131=ORIENTED_EDGE('',*,*,#11969,.T.);
#12133=ORIENTED_EDGE('',*,*,#12132,.F.);
#12134=EDGE_LOOP('',(#12129,#12130,#12131,#12133));
#12135=FACE_OUTER_BOUND('',#12134,.F.);
#12136=ADVANCED_FACE('',(#12135),#12128,.F.);
#12137=CARTESIAN_POINT('',(3.125E-1,8.75E-2,-7.345E-1));
#12138=DIRECTION('',(0.E0,-1.E0,0.E0));
#12139=DIRECTION('',(0.E0,0.E0,1.E0));
#12140=AXIS2_PLACEMENT_3D('',#12137,#12138,#12139);
#12141=PLANE('',#12140);
#12142=ORIENTED_EDGE('',*,*,#11917,.F.);
#12143=ORIENTED_EDGE('',*,*,#12132,.T.);
#12144=ORIENTED_EDGE('',*,*,#11967,.T.);
#12145=ORIENTED_EDGE('',*,*,#8788,.F.);
#12146=EDGE_LOOP('',(#12142,#12143,#12144,#12145));
#12147=FACE_OUTER_BOUND('',#12146,.F.);
#12148=ADVANCED_FACE('',(#12147),#12141,.T.);
#12149=CARTESIAN_POINT('',(4.125E-1,0.E0,0.E0));
#12150=DIRECTION('',(-1.E0,0.E0,0.E0));
#12151=DIRECTION('',(0.E0,-1.E0,0.E0));
#12152=AXIS2_PLACEMENT_3D('',#12149,#12150,#12151);
#12153=PLANE('',#12152);
#12155=ORIENTED_EDGE('',*,*,#12154,.T.);
#12157=ORIENTED_EDGE('',*,*,#12156,.T.);
#12159=ORIENTED_EDGE('',*,*,#12158,.T.);
#12161=ORIENTED_EDGE('',*,*,#12160,.T.);
#12163=ORIENTED_EDGE('',*,*,#12162,.T.);
#12165=ORIENTED_EDGE('',*,*,#12164,.T.);
#12167=ORIENTED_EDGE('',*,*,#12166,.T.);
#12168=ORIENTED_EDGE('',*,*,#8796,.T.);
#12169=EDGE_LOOP('',(#12155,#12157,#12159,#12161,#12163,#12165,#12167,#12168));
#12170=FACE_OUTER_BOUND('',#12169,.F.);
#12171=ADVANCED_FACE('',(#12170),#12153,.F.);
#12172=CARTESIAN_POINT('',(4.125E-1,0.E0,0.E0));
#12173=DIRECTION('',(-1.E0,0.E0,0.E0));
#12174=DIRECTION('',(0.E0,-1.E0,0.E0));
#12175=AXIS2_PLACEMENT_3D('',#12172,#12173,#12174);
#12176=PLANE('',#12175);
#12178=ORIENTED_EDGE('',*,*,#12177,.T.);
#12180=ORIENTED_EDGE('',*,*,#12179,.T.);
#12182=ORIENTED_EDGE('',*,*,#12181,.T.);
#12184=ORIENTED_EDGE('',*,*,#12183,.T.);
#12186=ORIENTED_EDGE('',*,*,#12185,.T.);
#12188=ORIENTED_EDGE('',*,*,#12187,.T.);
#12190=ORIENTED_EDGE('',*,*,#12189,.T.);
#12191=ORIENTED_EDGE('',*,*,#8806,.T.);
#12192=EDGE_LOOP('',(#12178,#12180,#12182,#12184,#12186,#12188,#12190,#12191));
#12193=FACE_OUTER_BOUND('',#12192,.F.);
#12194=ADVANCED_FACE('',(#12193),#12176,.F.);
#12195=CARTESIAN_POINT('',(4.125E-1,-8.75E-2,-5.5E-1));
#12196=DIRECTION('',(0.E0,1.E0,0.E0));
#12197=DIRECTION('',(0.E0,0.E0,-1.E0));
#12198=AXIS2_PLACEMENT_3D('',#12195,#12196,#12197);
#12199=PLANE('',#12198);
#12200=ORIENTED_EDGE('',*,*,#12154,.F.);
#12201=ORIENTED_EDGE('',*,*,#8802,.T.);
#12203=ORIENTED_EDGE('',*,*,#12202,.T.);
#12205=ORIENTED_EDGE('',*,*,#12204,.F.);
#12206=EDGE_LOOP('',(#12200,#12201,#12203,#12205));
#12207=FACE_OUTER_BOUND('',#12206,.F.);
#12208=ADVANCED_FACE('',(#12207),#12199,.T.);
#12209=CARTESIAN_POINT('',(3.875E-1,0.E0,0.E0));
#12210=DIRECTION('',(-1.E0,0.E0,0.E0));
#12211=DIRECTION('',(0.E0,-1.E0,0.E0));
#12212=AXIS2_PLACEMENT_3D('',#12209,#12210,#12211);
#12213=PLANE('',#12212);
#12214=ORIENTED_EDGE('',*,*,#12202,.F.);
#12215=ORIENTED_EDGE('',*,*,#8800,.F.);
#12217=ORIENTED_EDGE('',*,*,#12216,.F.);
#12219=ORIENTED_EDGE('',*,*,#12218,.F.);
#12221=ORIENTED_EDGE('',*,*,#12220,.F.);
#12223=ORIENTED_EDGE('',*,*,#12222,.F.);
#12225=ORIENTED_EDGE('',*,*,#12224,.F.);
#12227=ORIENTED_EDGE('',*,*,#12226,.F.);
#12228=EDGE_LOOP('',(#12214,#12215,#12217,#12219,#12221,#12223,#12225,#12227));
#12229=FACE_OUTER_BOUND('',#12228,.F.);
#12230=ADVANCED_FACE('',(#12229),#12213,.T.);
#12231=CARTESIAN_POINT('',(3.875E-1,0.E0,0.E0));
#12232=DIRECTION('',(-1.E0,0.E0,0.E0));
#12233=DIRECTION('',(0.E0,-1.E0,0.E0));
#12234=AXIS2_PLACEMENT_3D('',#12231,#12232,#12233);
#12235=PLANE('',#12234);
#12237=ORIENTED_EDGE('',*,*,#12236,.F.);
#12238=ORIENTED_EDGE('',*,*,#8810,.F.);
#12240=ORIENTED_EDGE('',*,*,#12239,.F.);
#12242=ORIENTED_EDGE('',*,*,#12241,.F.);
#12244=ORIENTED_EDGE('',*,*,#12243,.F.);
#12246=ORIENTED_EDGE('',*,*,#12245,.F.);
#12248=ORIENTED_EDGE('',*,*,#12247,.F.);
#12250=ORIENTED_EDGE('',*,*,#12249,.F.);
#12251=EDGE_LOOP('',(#12237,#12238,#12240,#12242,#12244,#12246,#12248,#12250));
#12252=FACE_OUTER_BOUND('',#12251,.F.);
#12253=ADVANCED_FACE('',(#12252),#12235,.T.);
#12254=CARTESIAN_POINT('',(4.125E-1,-1.125E-1,-5.845E-1));
#12255=DIRECTION('',(0.E0,-1.E0,0.E0));
#12256=DIRECTION('',(0.E0,0.E0,1.E0));
#12257=AXIS2_PLACEMENT_3D('',#12254,#12255,#12256);
#12258=PLANE('',#12257);
#12259=ORIENTED_EDGE('',*,*,#12166,.F.);
#12261=ORIENTED_EDGE('',*,*,#12260,.T.);
#12262=ORIENTED_EDGE('',*,*,#12216,.T.);
#12263=ORIENTED_EDGE('',*,*,#8798,.F.);
#12264=EDGE_LOOP('',(#12259,#12261,#12262,#12263));
#12265=FACE_OUTER_BOUND('',#12264,.F.);
#12266=ADVANCED_FACE('',(#12265),#12258,.T.);
#12267=CARTESIAN_POINT('',(4.125E-1,-1.375E-1,-5.845E-1));
#12268=DIRECTION('',(-1.E0,0.E0,0.E0));
#12269=DIRECTION('',(0.E0,-1.E0,0.E0));
#12270=AXIS2_PLACEMENT_3D('',#12267,#12268,#12269);
#12271=CYLINDRICAL_SURFACE('',#12270,2.5E-2);
#12272=ORIENTED_EDGE('',*,*,#12164,.F.);
#12274=ORIENTED_EDGE('',*,*,#12273,.T.);
#12275=ORIENTED_EDGE('',*,*,#12218,.T.);
#12276=ORIENTED_EDGE('',*,*,#12260,.F.);
#12277=EDGE_LOOP('',(#12272,#12274,#12275,#12276));
#12278=FACE_OUTER_BOUND('',#12277,.F.);
#12279=ADVANCED_FACE('',(#12278),#12271,.F.);
#12280=CARTESIAN_POINT('',(4.125E-1,-2.74E-1,-6.095E-1));
#12281=DIRECTION('',(0.E0,0.E0,1.E0));
#12282=DIRECTION('',(0.E0,1.E0,0.E0));
#12283=AXIS2_PLACEMENT_3D('',#12280,#12281,#12282);
#12284=PLANE('',#12283);
#12285=ORIENTED_EDGE('',*,*,#12162,.F.);
#12287=ORIENTED_EDGE('',*,*,#12286,.T.);
#12288=ORIENTED_EDGE('',*,*,#12220,.T.);
#12289=ORIENTED_EDGE('',*,*,#12273,.F.);
#12290=EDGE_LOOP('',(#12285,#12287,#12288,#12289));
#12291=FACE_OUTER_BOUND('',#12290,.F.);
#12292=ADVANCED_FACE('',(#12291),#12284,.T.);
#12293=CARTESIAN_POINT('',(4.125E-1,-2.74E-1,-6.345E-1));
#12294=DIRECTION('',(0.E0,-1.E0,0.E0));
#12295=DIRECTION('',(0.E0,0.E0,1.E0));
#12296=AXIS2_PLACEMENT_3D('',#12293,#12294,#12295);
#12297=PLANE('',#12296);
#12298=ORIENTED_EDGE('',*,*,#12160,.F.);
#12300=ORIENTED_EDGE('',*,*,#12299,.T.);
#12301=ORIENTED_EDGE('',*,*,#12222,.T.);
#12302=ORIENTED_EDGE('',*,*,#12286,.F.);
#12303=EDGE_LOOP('',(#12298,#12300,#12301,#12302));
#12304=FACE_OUTER_BOUND('',#12303,.F.);
#12305=ADVANCED_FACE('',(#12304),#12297,.T.);
#12306=CARTESIAN_POINT('',(4.125E-1,-1.375E-1,-6.345E-1));
#12307=DIRECTION('',(0.E0,0.E0,-1.E0));
#12308=DIRECTION('',(0.E0,-1.E0,0.E0));
#12309=AXIS2_PLACEMENT_3D('',#12306,#12307,#12308);
#12310=PLANE('',#12309);
#12311=ORIENTED_EDGE('',*,*,#12158,.F.);
#12313=ORIENTED_EDGE('',*,*,#12312,.T.);
#12314=ORIENTED_EDGE('',*,*,#12224,.T.);
#12315=ORIENTED_EDGE('',*,*,#12299,.F.);
#12316=EDGE_LOOP('',(#12311,#12313,#12314,#12315));
#12317=FACE_OUTER_BOUND('',#12316,.F.);
#12318=ADVANCED_FACE('',(#12317),#12310,.T.);
#12319=CARTESIAN_POINT('',(4.125E-1,-1.375E-1,-5.845E-1));
#12320=DIRECTION('',(-1.E0,0.E0,0.E0));
#12321=DIRECTION('',(0.E0,-1.E0,0.E0));
#12322=AXIS2_PLACEMENT_3D('',#12319,#12320,#12321);
#12323=CYLINDRICAL_SURFACE('',#12322,5.E-2);
#12324=ORIENTED_EDGE('',*,*,#12156,.F.);
#12325=ORIENTED_EDGE('',*,*,#12204,.T.);
#12326=ORIENTED_EDGE('',*,*,#12226,.T.);
#12327=ORIENTED_EDGE('',*,*,#12312,.F.);
#12328=EDGE_LOOP('',(#12324,#12325,#12326,#12327));
#12329=FACE_OUTER_BOUND('',#12328,.F.);
#12330=ADVANCED_FACE('',(#12329),#12323,.T.);
#12331=CARTESIAN_POINT('',(4.125E-1,1.125E-1,-5.5E-1));
#12332=DIRECTION('',(0.E0,1.E0,0.E0));
#12333=DIRECTION('',(0.E0,0.E0,-1.E0));
#12334=AXIS2_PLACEMENT_3D('',#12331,#12332,#12333);
#12335=PLANE('',#12334);
#12336=ORIENTED_EDGE('',*,*,#12177,.F.);
#12337=ORIENTED_EDGE('',*,*,#8812,.T.);
#12338=ORIENTED_EDGE('',*,*,#12236,.T.);
#12340=ORIENTED_EDGE('',*,*,#12339,.F.);
#12341=EDGE_LOOP('',(#12336,#12337,#12338,#12340));
#12342=FACE_OUTER_BOUND('',#12341,.F.);
#12343=ADVANCED_FACE('',(#12342),#12335,.T.);
#12344=CARTESIAN_POINT('',(4.125E-1,6.25E-2,-7.345E-1));
#12345=DIRECTION('',(-1.E0,0.E0,0.E0));
#12346=DIRECTION('',(0.E0,-1.E0,0.E0));
#12347=AXIS2_PLACEMENT_3D('',#12344,#12345,#12346);
#12348=CYLINDRICAL_SURFACE('',#12347,5.E-2);
#12349=ORIENTED_EDGE('',*,*,#12179,.F.);
#12350=ORIENTED_EDGE('',*,*,#12339,.T.);
#12351=ORIENTED_EDGE('',*,*,#12249,.T.);
#12353=ORIENTED_EDGE('',*,*,#12352,.F.);
#12354=EDGE_LOOP('',(#12349,#12350,#12351,#12353));
#12355=FACE_OUTER_BOUND('',#12354,.F.);
#12356=ADVANCED_FACE('',(#12355),#12348,.T.);
#12357=CARTESIAN_POINT('',(4.125E-1,6.25E-2,-7.845E-1));
#12358=DIRECTION('',(0.E0,0.E0,-1.E0));
#12359=DIRECTION('',(0.E0,-1.E0,0.E0));
#12360=AXIS2_PLACEMENT_3D('',#12357,#12358,#12359);
#12361=PLANE('',#12360);
#12362=ORIENTED_EDGE('',*,*,#12181,.F.);
#12363=ORIENTED_EDGE('',*,*,#12352,.T.);
#12364=ORIENTED_EDGE('',*,*,#12247,.T.);
#12366=ORIENTED_EDGE('',*,*,#12365,.F.);
#12367=EDGE_LOOP('',(#12362,#12363,#12364,#12366));
#12368=FACE_OUTER_BOUND('',#12367,.F.);
#12369=ADVANCED_FACE('',(#12368),#12361,.T.);
#12370=CARTESIAN_POINT('',(4.125E-1,-2.74E-1,-7.845E-1));
#12371=DIRECTION('',(0.E0,-1.E0,0.E0));
#12372=DIRECTION('',(0.E0,0.E0,1.E0));
#12373=AXIS2_PLACEMENT_3D('',#12370,#12371,#12372);
#12374=PLANE('',#12373);
#12375=ORIENTED_EDGE('',*,*,#12183,.F.);
#12376=ORIENTED_EDGE('',*,*,#12365,.T.);
#12377=ORIENTED_EDGE('',*,*,#12245,.T.);
#12379=ORIENTED_EDGE('',*,*,#12378,.F.);
#12380=EDGE_LOOP('',(#12375,#12376,#12377,#12379));
#12381=FACE_OUTER_BOUND('',#12380,.F.);
#12382=ADVANCED_FACE('',(#12381),#12374,.T.);
#12383=CARTESIAN_POINT('',(4.125E-1,-2.74E-1,-7.595E-1));
#12384=DIRECTION('',(0.E0,0.E0,1.E0));
#12385=DIRECTION('',(0.E0,1.E0,0.E0));
#12386=AXIS2_PLACEMENT_3D('',#12383,#12384,#12385);
#12387=PLANE('',#12386);
#12388=ORIENTED_EDGE('',*,*,#12185,.F.);
#12389=ORIENTED_EDGE('',*,*,#12378,.T.);
#12390=ORIENTED_EDGE('',*,*,#12243,.T.);
#12392=ORIENTED_EDGE('',*,*,#12391,.F.);
#12393=EDGE_LOOP('',(#12388,#12389,#12390,#12392));
#12394=FACE_OUTER_BOUND('',#12393,.F.);
#12395=ADVANCED_FACE('',(#12394),#12387,.T.);
#12396=CARTESIAN_POINT('',(4.125E-1,6.25E-2,-7.345E-1));
#12397=DIRECTION('',(-1.E0,0.E0,0.E0));
#12398=DIRECTION('',(0.E0,-1.E0,0.E0));
#12399=AXIS2_PLACEMENT_3D('',#12396,#12397,#12398);
#12400=CYLINDRICAL_SURFACE('',#12399,2.5E-2);
#12401=ORIENTED_EDGE('',*,*,#12187,.F.);
#12402=ORIENTED_EDGE('',*,*,#12391,.T.);
#12403=ORIENTED_EDGE('',*,*,#12241,.T.);
#12405=ORIENTED_EDGE('',*,*,#12404,.F.);
#12406=EDGE_LOOP('',(#12401,#12402,#12403,#12405));
#12407=FACE_OUTER_BOUND('',#12406,.F.);
#12408=ADVANCED_FACE('',(#12407),#12400,.F.);
#12409=CARTESIAN_POINT('',(4.125E-1,8.75E-2,-7.345E-1));
#12410=DIRECTION('',(0.E0,-1.E0,0.E0));
#12411=DIRECTION('',(0.E0,0.E0,1.E0));
#12412=AXIS2_PLACEMENT_3D('',#12409,#12410,#12411);
#12413=PLANE('',#12412);
#12414=ORIENTED_EDGE('',*,*,#12189,.F.);
#12415=ORIENTED_EDGE('',*,*,#12404,.T.);
#12416=ORIENTED_EDGE('',*,*,#12239,.T.);
#12417=ORIENTED_EDGE('',*,*,#8808,.F.);
#12418=EDGE_LOOP('',(#12414,#12415,#12416,#12417));
#12419=FACE_OUTER_BOUND('',#12418,.F.);
#12420=ADVANCED_FACE('',(#12419),#12413,.T.);
#12421=CARTESIAN_POINT('',(5.125E-1,0.E0,0.E0));
#12422=DIRECTION('',(-1.E0,0.E0,0.E0));
#12423=DIRECTION('',(0.E0,-1.E0,0.E0));
#12424=AXIS2_PLACEMENT_3D('',#12421,#12422,#12423);
#12425=PLANE('',#12424);
#12427=ORIENTED_EDGE('',*,*,#12426,.T.);
#12429=ORIENTED_EDGE('',*,*,#12428,.T.);
#12431=ORIENTED_EDGE('',*,*,#12430,.T.);
#12433=ORIENTED_EDGE('',*,*,#12432,.T.);
#12435=ORIENTED_EDGE('',*,*,#12434,.T.);
#12437=ORIENTED_EDGE('',*,*,#12436,.T.);
#12439=ORIENTED_EDGE('',*,*,#12438,.T.);
#12440=ORIENTED_EDGE('',*,*,#8816,.T.);
#12441=EDGE_LOOP('',(#12427,#12429,#12431,#12433,#12435,#12437,#12439,#12440));
#12442=FACE_OUTER_BOUND('',#12441,.F.);
#12443=ADVANCED_FACE('',(#12442),#12425,.F.);
#12444=CARTESIAN_POINT('',(5.125E-1,0.E0,0.E0));
#12445=DIRECTION('',(-1.E0,0.E0,0.E0));
#12446=DIRECTION('',(0.E0,-1.E0,0.E0));
#12447=AXIS2_PLACEMENT_3D('',#12444,#12445,#12446);
#12448=PLANE('',#12447);
#12450=ORIENTED_EDGE('',*,*,#12449,.T.);
#12452=ORIENTED_EDGE('',*,*,#12451,.T.);
#12454=ORIENTED_EDGE('',*,*,#12453,.T.);
#12456=ORIENTED_EDGE('',*,*,#12455,.T.);
#12458=ORIENTED_EDGE('',*,*,#12457,.T.);
#12460=ORIENTED_EDGE('',*,*,#12459,.T.);
#12462=ORIENTED_EDGE('',*,*,#12461,.T.);
#12463=ORIENTED_EDGE('',*,*,#8826,.T.);
#12464=EDGE_LOOP('',(#12450,#12452,#12454,#12456,#12458,#12460,#12462,#12463));
#12465=FACE_OUTER_BOUND('',#12464,.F.);
#12466=ADVANCED_FACE('',(#12465),#12448,.F.);
#12467=CARTESIAN_POINT('',(5.125E-1,-8.75E-2,-5.5E-1));
#12468=DIRECTION('',(0.E0,1.E0,0.E0));
#12469=DIRECTION('',(0.E0,0.E0,-1.E0));
#12470=AXIS2_PLACEMENT_3D('',#12467,#12468,#12469);
#12471=PLANE('',#12470);
#12472=ORIENTED_EDGE('',*,*,#12426,.F.);
#12473=ORIENTED_EDGE('',*,*,#8822,.T.);
#12475=ORIENTED_EDGE('',*,*,#12474,.T.);
#12477=ORIENTED_EDGE('',*,*,#12476,.F.);
#12478=EDGE_LOOP('',(#12472,#12473,#12475,#12477));
#12479=FACE_OUTER_BOUND('',#12478,.F.);
#12480=ADVANCED_FACE('',(#12479),#12471,.T.);
#12481=CARTESIAN_POINT('',(4.875E-1,0.E0,0.E0));
#12482=DIRECTION('',(-1.E0,0.E0,0.E0));
#12483=DIRECTION('',(0.E0,-1.E0,0.E0));
#12484=AXIS2_PLACEMENT_3D('',#12481,#12482,#12483);
#12485=PLANE('',#12484);
#12486=ORIENTED_EDGE('',*,*,#12474,.F.);
#12487=ORIENTED_EDGE('',*,*,#8820,.F.);
#12489=ORIENTED_EDGE('',*,*,#12488,.F.);
#12491=ORIENTED_EDGE('',*,*,#12490,.F.);
#12493=ORIENTED_EDGE('',*,*,#12492,.F.);
#12495=ORIENTED_EDGE('',*,*,#12494,.F.);
#12497=ORIENTED_EDGE('',*,*,#12496,.F.);
#12499=ORIENTED_EDGE('',*,*,#12498,.F.);
#12500=EDGE_LOOP('',(#12486,#12487,#12489,#12491,#12493,#12495,#12497,#12499));
#12501=FACE_OUTER_BOUND('',#12500,.F.);
#12502=ADVANCED_FACE('',(#12501),#12485,.T.);
#12503=CARTESIAN_POINT('',(4.875E-1,0.E0,0.E0));
#12504=DIRECTION('',(-1.E0,0.E0,0.E0));
#12505=DIRECTION('',(0.E0,-1.E0,0.E0));
#12506=AXIS2_PLACEMENT_3D('',#12503,#12504,#12505);
#12507=PLANE('',#12506);
#12509=ORIENTED_EDGE('',*,*,#12508,.F.);
#12510=ORIENTED_EDGE('',*,*,#8830,.F.);
#12512=ORIENTED_EDGE('',*,*,#12511,.F.);
#12514=ORIENTED_EDGE('',*,*,#12513,.F.);
#12516=ORIENTED_EDGE('',*,*,#12515,.F.);
#12518=ORIENTED_EDGE('',*,*,#12517,.F.);
#12520=ORIENTED_EDGE('',*,*,#12519,.F.);
#12522=ORIENTED_EDGE('',*,*,#12521,.F.);
#12523=EDGE_LOOP('',(#12509,#12510,#12512,#12514,#12516,#12518,#12520,#12522));
#12524=FACE_OUTER_BOUND('',#12523,.F.);
#12525=ADVANCED_FACE('',(#12524),#12507,.T.);
#12526=CARTESIAN_POINT('',(5.125E-1,-1.125E-1,-5.845E-1));
#12527=DIRECTION('',(0.E0,-1.E0,0.E0));
#12528=DIRECTION('',(0.E0,0.E0,1.E0));
#12529=AXIS2_PLACEMENT_3D('',#12526,#12527,#12528);
#12530=PLANE('',#12529);
#12531=ORIENTED_EDGE('',*,*,#12438,.F.);
#12533=ORIENTED_EDGE('',*,*,#12532,.T.);
#12534=ORIENTED_EDGE('',*,*,#12488,.T.);
#12535=ORIENTED_EDGE('',*,*,#8818,.F.);
#12536=EDGE_LOOP('',(#12531,#12533,#12534,#12535));
#12537=FACE_OUTER_BOUND('',#12536,.F.);
#12538=ADVANCED_FACE('',(#12537),#12530,.T.);
#12539=CARTESIAN_POINT('',(5.125E-1,-1.375E-1,-5.845E-1));
#12540=DIRECTION('',(-1.E0,0.E0,0.E0));
#12541=DIRECTION('',(0.E0,-1.E0,0.E0));
#12542=AXIS2_PLACEMENT_3D('',#12539,#12540,#12541);
#12543=CYLINDRICAL_SURFACE('',#12542,2.5E-2);
#12544=ORIENTED_EDGE('',*,*,#12436,.F.);
#12546=ORIENTED_EDGE('',*,*,#12545,.T.);
#12547=ORIENTED_EDGE('',*,*,#12490,.T.);
#12548=ORIENTED_EDGE('',*,*,#12532,.F.);
#12549=EDGE_LOOP('',(#12544,#12546,#12547,#12548));
#12550=FACE_OUTER_BOUND('',#12549,.F.);
#12551=ADVANCED_FACE('',(#12550),#12543,.F.);
#12552=CARTESIAN_POINT('',(5.125E-1,-2.74E-1,-6.095E-1));
#12553=DIRECTION('',(0.E0,0.E0,1.E0));
#12554=DIRECTION('',(0.E0,1.E0,0.E0));
#12555=AXIS2_PLACEMENT_3D('',#12552,#12553,#12554);
#12556=PLANE('',#12555);
#12557=ORIENTED_EDGE('',*,*,#12434,.F.);
#12559=ORIENTED_EDGE('',*,*,#12558,.T.);
#12560=ORIENTED_EDGE('',*,*,#12492,.T.);
#12561=ORIENTED_EDGE('',*,*,#12545,.F.);
#12562=EDGE_LOOP('',(#12557,#12559,#12560,#12561));
#12563=FACE_OUTER_BOUND('',#12562,.F.);
#12564=ADVANCED_FACE('',(#12563),#12556,.T.);
#12565=CARTESIAN_POINT('',(5.125E-1,-2.74E-1,-6.345E-1));
#12566=DIRECTION('',(0.E0,-1.E0,0.E0));
#12567=DIRECTION('',(0.E0,0.E0,1.E0));
#12568=AXIS2_PLACEMENT_3D('',#12565,#12566,#12567);
#12569=PLANE('',#12568);
#12570=ORIENTED_EDGE('',*,*,#12432,.F.);
#12572=ORIENTED_EDGE('',*,*,#12571,.T.);
#12573=ORIENTED_EDGE('',*,*,#12494,.T.);
#12574=ORIENTED_EDGE('',*,*,#12558,.F.);
#12575=EDGE_LOOP('',(#12570,#12572,#12573,#12574));
#12576=FACE_OUTER_BOUND('',#12575,.F.);
#12577=ADVANCED_FACE('',(#12576),#12569,.T.);
#12578=CARTESIAN_POINT('',(5.125E-1,-1.375E-1,-6.345E-1));
#12579=DIRECTION('',(0.E0,0.E0,-1.E0));
#12580=DIRECTION('',(0.E0,-1.E0,0.E0));
#12581=AXIS2_PLACEMENT_3D('',#12578,#12579,#12580);
#12582=PLANE('',#12581);
#12583=ORIENTED_EDGE('',*,*,#12430,.F.);
#12585=ORIENTED_EDGE('',*,*,#12584,.T.);
#12586=ORIENTED_EDGE('',*,*,#12496,.T.);
#12587=ORIENTED_EDGE('',*,*,#12571,.F.);
#12588=EDGE_LOOP('',(#12583,#12585,#12586,#12587));
#12589=FACE_OUTER_BOUND('',#12588,.F.);
#12590=ADVANCED_FACE('',(#12589),#12582,.T.);
#12591=CARTESIAN_POINT('',(5.125E-1,-1.375E-1,-5.845E-1));
#12592=DIRECTION('',(-1.E0,0.E0,0.E0));
#12593=DIRECTION('',(0.E0,-1.E0,0.E0));
#12594=AXIS2_PLACEMENT_3D('',#12591,#12592,#12593);
#12595=CYLINDRICAL_SURFACE('',#12594,5.E-2);
#12596=ORIENTED_EDGE('',*,*,#12428,.F.);
#12597=ORIENTED_EDGE('',*,*,#12476,.T.);
#12598=ORIENTED_EDGE('',*,*,#12498,.T.);
#12599=ORIENTED_EDGE('',*,*,#12584,.F.);
#12600=EDGE_LOOP('',(#12596,#12597,#12598,#12599));
#12601=FACE_OUTER_BOUND('',#12600,.F.);
#12602=ADVANCED_FACE('',(#12601),#12595,.T.);
#12603=CARTESIAN_POINT('',(5.125E-1,1.125E-1,-5.5E-1));
#12604=DIRECTION('',(0.E0,1.E0,0.E0));
#12605=DIRECTION('',(0.E0,0.E0,-1.E0));
#12606=AXIS2_PLACEMENT_3D('',#12603,#12604,#12605);
#12607=PLANE('',#12606);
#12608=ORIENTED_EDGE('',*,*,#12449,.F.);
#12609=ORIENTED_EDGE('',*,*,#8832,.T.);
#12610=ORIENTED_EDGE('',*,*,#12508,.T.);
#12612=ORIENTED_EDGE('',*,*,#12611,.F.);
#12613=EDGE_LOOP('',(#12608,#12609,#12610,#12612));
#12614=FACE_OUTER_BOUND('',#12613,.F.);
#12615=ADVANCED_FACE('',(#12614),#12607,.T.);
#12616=CARTESIAN_POINT('',(5.125E-1,6.25E-2,-7.345E-1));
#12617=DIRECTION('',(-1.E0,0.E0,0.E0));
#12618=DIRECTION('',(0.E0,-1.E0,0.E0));
#12619=AXIS2_PLACEMENT_3D('',#12616,#12617,#12618);
#12620=CYLINDRICAL_SURFACE('',#12619,5.E-2);
#12621=ORIENTED_EDGE('',*,*,#12451,.F.);
#12622=ORIENTED_EDGE('',*,*,#12611,.T.);
#12623=ORIENTED_EDGE('',*,*,#12521,.T.);
#12625=ORIENTED_EDGE('',*,*,#12624,.F.);
#12626=EDGE_LOOP('',(#12621,#12622,#12623,#12625));
#12627=FACE_OUTER_BOUND('',#12626,.F.);
#12628=ADVANCED_FACE('',(#12627),#12620,.T.);
#12629=CARTESIAN_POINT('',(5.125E-1,6.25E-2,-7.845E-1));
#12630=DIRECTION('',(0.E0,0.E0,-1.E0));
#12631=DIRECTION('',(0.E0,-1.E0,0.E0));
#12632=AXIS2_PLACEMENT_3D('',#12629,#12630,#12631);
#12633=PLANE('',#12632);
#12634=ORIENTED_EDGE('',*,*,#12453,.F.);
#12635=ORIENTED_EDGE('',*,*,#12624,.T.);
#12636=ORIENTED_EDGE('',*,*,#12519,.T.);
#12638=ORIENTED_EDGE('',*,*,#12637,.F.);
#12639=EDGE_LOOP('',(#12634,#12635,#12636,#12638));
#12640=FACE_OUTER_BOUND('',#12639,.F.);
#12641=ADVANCED_FACE('',(#12640),#12633,.T.);
#12642=CARTESIAN_POINT('',(5.125E-1,-2.74E-1,-7.845E-1));
#12643=DIRECTION('',(0.E0,-1.E0,0.E0));
#12644=DIRECTION('',(0.E0,0.E0,1.E0));
#12645=AXIS2_PLACEMENT_3D('',#12642,#12643,#12644);
#12646=PLANE('',#12645);
#12647=ORIENTED_EDGE('',*,*,#12455,.F.);
#12648=ORIENTED_EDGE('',*,*,#12637,.T.);
#12649=ORIENTED_EDGE('',*,*,#12517,.T.);
#12651=ORIENTED_EDGE('',*,*,#12650,.F.);
#12652=EDGE_LOOP('',(#12647,#12648,#12649,#12651));
#12653=FACE_OUTER_BOUND('',#12652,.F.);
#12654=ADVANCED_FACE('',(#12653),#12646,.T.);
#12655=CARTESIAN_POINT('',(5.125E-1,-2.74E-1,-7.595E-1));
#12656=DIRECTION('',(0.E0,0.E0,1.E0));
#12657=DIRECTION('',(0.E0,1.E0,0.E0));
#12658=AXIS2_PLACEMENT_3D('',#12655,#12656,#12657);
#12659=PLANE('',#12658);
#12660=ORIENTED_EDGE('',*,*,#12457,.F.);
#12661=ORIENTED_EDGE('',*,*,#12650,.T.);
#12662=ORIENTED_EDGE('',*,*,#12515,.T.);
#12664=ORIENTED_EDGE('',*,*,#12663,.F.);
#12665=EDGE_LOOP('',(#12660,#12661,#12662,#12664));
#12666=FACE_OUTER_BOUND('',#12665,.F.);
#12667=ADVANCED_FACE('',(#12666),#12659,.T.);
#12668=CARTESIAN_POINT('',(5.125E-1,6.25E-2,-7.345E-1));
#12669=DIRECTION('',(-1.E0,0.E0,0.E0));
#12670=DIRECTION('',(0.E0,-1.E0,0.E0));
#12671=AXIS2_PLACEMENT_3D('',#12668,#12669,#12670);
#12672=CYLINDRICAL_SURFACE('',#12671,2.5E-2);
#12673=ORIENTED_EDGE('',*,*,#12459,.F.);
#12674=ORIENTED_EDGE('',*,*,#12663,.T.);
#12675=ORIENTED_EDGE('',*,*,#12513,.T.);
#12677=ORIENTED_EDGE('',*,*,#12676,.F.);
#12678=EDGE_LOOP('',(#12673,#12674,#12675,#12677));
#12679=FACE_OUTER_BOUND('',#12678,.F.);
#12680=ADVANCED_FACE('',(#12679),#12672,.F.);
#12681=CARTESIAN_POINT('',(5.125E-1,8.75E-2,-7.345E-1));
#12682=DIRECTION('',(0.E0,-1.E0,0.E0));
#12683=DIRECTION('',(0.E0,0.E0,1.E0));
#12684=AXIS2_PLACEMENT_3D('',#12681,#12682,#12683);
#12685=PLANE('',#12684);
#12686=ORIENTED_EDGE('',*,*,#12461,.F.);
#12687=ORIENTED_EDGE('',*,*,#12676,.T.);
#12688=ORIENTED_EDGE('',*,*,#12511,.T.);
#12689=ORIENTED_EDGE('',*,*,#8828,.F.);
#12690=EDGE_LOOP('',(#12686,#12687,#12688,#12689));
#12691=FACE_OUTER_BOUND('',#12690,.F.);
#12692=ADVANCED_FACE('',(#12691),#12685,.T.);
#12693=CARTESIAN_POINT('',(6.125E-1,0.E0,0.E0));
#12694=DIRECTION('',(-1.E0,0.E0,0.E0));
#12695=DIRECTION('',(0.E0,-1.E0,0.E0));
#12696=AXIS2_PLACEMENT_3D('',#12693,#12694,#12695);
#12697=PLANE('',#12696);
#12699=ORIENTED_EDGE('',*,*,#12698,.T.);
#12701=ORIENTED_EDGE('',*,*,#12700,.T.);
#12703=ORIENTED_EDGE('',*,*,#12702,.T.);
#12705=ORIENTED_EDGE('',*,*,#12704,.T.);
#12707=ORIENTED_EDGE('',*,*,#12706,.T.);
#12709=ORIENTED_EDGE('',*,*,#12708,.T.);
#12711=ORIENTED_EDGE('',*,*,#12710,.T.);
#12712=ORIENTED_EDGE('',*,*,#8836,.T.);
#12713=EDGE_LOOP('',(#12699,#12701,#12703,#12705,#12707,#12709,#12711,#12712));
#12714=FACE_OUTER_BOUND('',#12713,.F.);
#12715=ADVANCED_FACE('',(#12714),#12697,.F.);
#12716=CARTESIAN_POINT('',(6.125E-1,0.E0,0.E0));
#12717=DIRECTION('',(-1.E0,0.E0,0.E0));
#12718=DIRECTION('',(0.E0,-1.E0,0.E0));
#12719=AXIS2_PLACEMENT_3D('',#12716,#12717,#12718);
#12720=PLANE('',#12719);
#12722=ORIENTED_EDGE('',*,*,#12721,.T.);
#12724=ORIENTED_EDGE('',*,*,#12723,.T.);
#12726=ORIENTED_EDGE('',*,*,#12725,.T.);
#12728=ORIENTED_EDGE('',*,*,#12727,.T.);
#12730=ORIENTED_EDGE('',*,*,#12729,.T.);
#12732=ORIENTED_EDGE('',*,*,#12731,.T.);
#12734=ORIENTED_EDGE('',*,*,#12733,.T.);
#12735=ORIENTED_EDGE('',*,*,#8846,.T.);
#12736=EDGE_LOOP('',(#12722,#12724,#12726,#12728,#12730,#12732,#12734,#12735));
#12737=FACE_OUTER_BOUND('',#12736,.F.);
#12738=ADVANCED_FACE('',(#12737),#12720,.F.);
#12739=CARTESIAN_POINT('',(6.125E-1,-8.75E-2,-5.5E-1));
#12740=DIRECTION('',(0.E0,1.E0,0.E0));
#12741=DIRECTION('',(0.E0,0.E0,-1.E0));
#12742=AXIS2_PLACEMENT_3D('',#12739,#12740,#12741);
#12743=PLANE('',#12742);
#12744=ORIENTED_EDGE('',*,*,#12698,.F.);
#12745=ORIENTED_EDGE('',*,*,#8842,.T.);
#12747=ORIENTED_EDGE('',*,*,#12746,.T.);
#12749=ORIENTED_EDGE('',*,*,#12748,.F.);
#12750=EDGE_LOOP('',(#12744,#12745,#12747,#12749));
#12751=FACE_OUTER_BOUND('',#12750,.F.);
#12752=ADVANCED_FACE('',(#12751),#12743,.T.);
#12753=CARTESIAN_POINT('',(5.875E-1,0.E0,0.E0));
#12754=DIRECTION('',(-1.E0,0.E0,0.E0));
#12755=DIRECTION('',(0.E0,-1.E0,0.E0));
#12756=AXIS2_PLACEMENT_3D('',#12753,#12754,#12755);
#12757=PLANE('',#12756);
#12758=ORIENTED_EDGE('',*,*,#12746,.F.);
#12759=ORIENTED_EDGE('',*,*,#8840,.F.);
#12761=ORIENTED_EDGE('',*,*,#12760,.F.);
#12763=ORIENTED_EDGE('',*,*,#12762,.F.);
#12765=ORIENTED_EDGE('',*,*,#12764,.F.);
#12767=ORIENTED_EDGE('',*,*,#12766,.F.);
#12769=ORIENTED_EDGE('',*,*,#12768,.F.);
#12771=ORIENTED_EDGE('',*,*,#12770,.F.);
#12772=EDGE_LOOP('',(#12758,#12759,#12761,#12763,#12765,#12767,#12769,#12771));
#12773=FACE_OUTER_BOUND('',#12772,.F.);
#12774=ADVANCED_FACE('',(#12773),#12757,.T.);
#12775=CARTESIAN_POINT('',(5.875E-1,0.E0,0.E0));
#12776=DIRECTION('',(-1.E0,0.E0,0.E0));
#12777=DIRECTION('',(0.E0,-1.E0,0.E0));
#12778=AXIS2_PLACEMENT_3D('',#12775,#12776,#12777);
#12779=PLANE('',#12778);
#12781=ORIENTED_EDGE('',*,*,#12780,.F.);
#12782=ORIENTED_EDGE('',*,*,#8850,.F.);
#12784=ORIENTED_EDGE('',*,*,#12783,.F.);
#12786=ORIENTED_EDGE('',*,*,#12785,.F.);
#12788=ORIENTED_EDGE('',*,*,#12787,.F.);
#12790=ORIENTED_EDGE('',*,*,#12789,.F.);
#12792=ORIENTED_EDGE('',*,*,#12791,.F.);
#12794=ORIENTED_EDGE('',*,*,#12793,.F.);
#12795=EDGE_LOOP('',(#12781,#12782,#12784,#12786,#12788,#12790,#12792,#12794));
#12796=FACE_OUTER_BOUND('',#12795,.F.);
#12797=ADVANCED_FACE('',(#12796),#12779,.T.);
#12798=CARTESIAN_POINT('',(6.125E-1,-1.125E-1,-5.845E-1));
#12799=DIRECTION('',(0.E0,-1.E0,0.E0));
#12800=DIRECTION('',(0.E0,0.E0,1.E0));
#12801=AXIS2_PLACEMENT_3D('',#12798,#12799,#12800);
#12802=PLANE('',#12801);
#12803=ORIENTED_EDGE('',*,*,#12710,.F.);
#12805=ORIENTED_EDGE('',*,*,#12804,.T.);
#12806=ORIENTED_EDGE('',*,*,#12760,.T.);
#12807=ORIENTED_EDGE('',*,*,#8838,.F.);
#12808=EDGE_LOOP('',(#12803,#12805,#12806,#12807));
#12809=FACE_OUTER_BOUND('',#12808,.F.);
#12810=ADVANCED_FACE('',(#12809),#12802,.T.);
#12811=CARTESIAN_POINT('',(6.125E-1,-1.375E-1,-5.845E-1));
#12812=DIRECTION('',(-1.E0,0.E0,0.E0));
#12813=DIRECTION('',(0.E0,-1.E0,0.E0));
#12814=AXIS2_PLACEMENT_3D('',#12811,#12812,#12813);
#12815=CYLINDRICAL_SURFACE('',#12814,2.5E-2);
#12816=ORIENTED_EDGE('',*,*,#12708,.F.);
#12818=ORIENTED_EDGE('',*,*,#12817,.T.);
#12819=ORIENTED_EDGE('',*,*,#12762,.T.);
#12820=ORIENTED_EDGE('',*,*,#12804,.F.);
#12821=EDGE_LOOP('',(#12816,#12818,#12819,#12820));
#12822=FACE_OUTER_BOUND('',#12821,.F.);
#12823=ADVANCED_FACE('',(#12822),#12815,.F.);
#12824=CARTESIAN_POINT('',(6.125E-1,-2.74E-1,-6.095E-1));
#12825=DIRECTION('',(0.E0,0.E0,1.E0));
#12826=DIRECTION('',(0.E0,1.E0,0.E0));
#12827=AXIS2_PLACEMENT_3D('',#12824,#12825,#12826);
#12828=PLANE('',#12827);
#12829=ORIENTED_EDGE('',*,*,#12706,.F.);
#12831=ORIENTED_EDGE('',*,*,#12830,.T.);
#12832=ORIENTED_EDGE('',*,*,#12764,.T.);
#12833=ORIENTED_EDGE('',*,*,#12817,.F.);
#12834=EDGE_LOOP('',(#12829,#12831,#12832,#12833));
#12835=FACE_OUTER_BOUND('',#12834,.F.);
#12836=ADVANCED_FACE('',(#12835),#12828,.T.);
#12837=CARTESIAN_POINT('',(6.125E-1,-2.74E-1,-6.345E-1));
#12838=DIRECTION('',(0.E0,-1.E0,0.E0));
#12839=DIRECTION('',(0.E0,0.E0,1.E0));
#12840=AXIS2_PLACEMENT_3D('',#12837,#12838,#12839);
#12841=PLANE('',#12840);
#12842=ORIENTED_EDGE('',*,*,#12704,.F.);
#12844=ORIENTED_EDGE('',*,*,#12843,.T.);
#12845=ORIENTED_EDGE('',*,*,#12766,.T.);
#12846=ORIENTED_EDGE('',*,*,#12830,.F.);
#12847=EDGE_LOOP('',(#12842,#12844,#12845,#12846));
#12848=FACE_OUTER_BOUND('',#12847,.F.);
#12849=ADVANCED_FACE('',(#12848),#12841,.T.);
#12850=CARTESIAN_POINT('',(6.125E-1,-1.375E-1,-6.345E-1));
#12851=DIRECTION('',(0.E0,0.E0,-1.E0));
#12852=DIRECTION('',(0.E0,-1.E0,0.E0));
#12853=AXIS2_PLACEMENT_3D('',#12850,#12851,#12852);
#12854=PLANE('',#12853);
#12855=ORIENTED_EDGE('',*,*,#12702,.F.);
#12857=ORIENTED_EDGE('',*,*,#12856,.T.);
#12858=ORIENTED_EDGE('',*,*,#12768,.T.);
#12859=ORIENTED_EDGE('',*,*,#12843,.F.);
#12860=EDGE_LOOP('',(#12855,#12857,#12858,#12859));
#12861=FACE_OUTER_BOUND('',#12860,.F.);
#12862=ADVANCED_FACE('',(#12861),#12854,.T.);
#12863=CARTESIAN_POINT('',(6.125E-1,-1.375E-1,-5.845E-1));
#12864=DIRECTION('',(-1.E0,0.E0,0.E0));
#12865=DIRECTION('',(0.E0,-1.E0,0.E0));
#12866=AXIS2_PLACEMENT_3D('',#12863,#12864,#12865);
#12867=CYLINDRICAL_SURFACE('',#12866,5.E-2);
#12868=ORIENTED_EDGE('',*,*,#12700,.F.);
#12869=ORIENTED_EDGE('',*,*,#12748,.T.);
#12870=ORIENTED_EDGE('',*,*,#12770,.T.);
#12871=ORIENTED_EDGE('',*,*,#12856,.F.);
#12872=EDGE_LOOP('',(#12868,#12869,#12870,#12871));
#12873=FACE_OUTER_BOUND('',#12872,.F.);
#12874=ADVANCED_FACE('',(#12873),#12867,.T.);
#12875=CARTESIAN_POINT('',(6.125E-1,1.125E-1,-5.5E-1));
#12876=DIRECTION('',(0.E0,1.E0,0.E0));
#12877=DIRECTION('',(0.E0,0.E0,-1.E0));
#12878=AXIS2_PLACEMENT_3D('',#12875,#12876,#12877);
#12879=PLANE('',#12878);
#12880=ORIENTED_EDGE('',*,*,#12721,.F.);
#12881=ORIENTED_EDGE('',*,*,#8852,.T.);
#12882=ORIENTED_EDGE('',*,*,#12780,.T.);
#12884=ORIENTED_EDGE('',*,*,#12883,.F.);
#12885=EDGE_LOOP('',(#12880,#12881,#12882,#12884));
#12886=FACE_OUTER_BOUND('',#12885,.F.);
#12887=ADVANCED_FACE('',(#12886),#12879,.T.);
#12888=CARTESIAN_POINT('',(6.125E-1,6.25E-2,-7.345E-1));
#12889=DIRECTION('',(-1.E0,0.E0,0.E0));
#12890=DIRECTION('',(0.E0,-1.E0,0.E0));
#12891=AXIS2_PLACEMENT_3D('',#12888,#12889,#12890);
#12892=CYLINDRICAL_SURFACE('',#12891,5.E-2);
#12893=ORIENTED_EDGE('',*,*,#12723,.F.);
#12894=ORIENTED_EDGE('',*,*,#12883,.T.);
#12895=ORIENTED_EDGE('',*,*,#12793,.T.);
#12897=ORIENTED_EDGE('',*,*,#12896,.F.);
#12898=EDGE_LOOP('',(#12893,#12894,#12895,#12897));
#12899=FACE_OUTER_BOUND('',#12898,.F.);
#12900=ADVANCED_FACE('',(#12899),#12892,.T.);
#12901=CARTESIAN_POINT('',(6.125E-1,6.25E-2,-7.845E-1));
#12902=DIRECTION('',(0.E0,0.E0,-1.E0));
#12903=DIRECTION('',(0.E0,-1.E0,0.E0));
#12904=AXIS2_PLACEMENT_3D('',#12901,#12902,#12903);
#12905=PLANE('',#12904);
#12906=ORIENTED_EDGE('',*,*,#12725,.F.);
#12907=ORIENTED_EDGE('',*,*,#12896,.T.);
#12908=ORIENTED_EDGE('',*,*,#12791,.T.);
#12910=ORIENTED_EDGE('',*,*,#12909,.F.);
#12911=EDGE_LOOP('',(#12906,#12907,#12908,#12910));
#12912=FACE_OUTER_BOUND('',#12911,.F.);
#12913=ADVANCED_FACE('',(#12912),#12905,.T.);
#12914=CARTESIAN_POINT('',(6.125E-1,-2.74E-1,-7.845E-1));
#12915=DIRECTION('',(0.E0,-1.E0,0.E0));
#12916=DIRECTION('',(0.E0,0.E0,1.E0));
#12917=AXIS2_PLACEMENT_3D('',#12914,#12915,#12916);
#12918=PLANE('',#12917);
#12919=ORIENTED_EDGE('',*,*,#12727,.F.);
#12920=ORIENTED_EDGE('',*,*,#12909,.T.);
#12921=ORIENTED_EDGE('',*,*,#12789,.T.);
#12923=ORIENTED_EDGE('',*,*,#12922,.F.);
#12924=EDGE_LOOP('',(#12919,#12920,#12921,#12923));
#12925=FACE_OUTER_BOUND('',#12924,.F.);
#12926=ADVANCED_FACE('',(#12925),#12918,.T.);
#12927=CARTESIAN_POINT('',(6.125E-1,-2.74E-1,-7.595E-1));
#12928=DIRECTION('',(0.E0,0.E0,1.E0));
#12929=DIRECTION('',(0.E0,1.E0,0.E0));
#12930=AXIS2_PLACEMENT_3D('',#12927,#12928,#12929);
#12931=PLANE('',#12930);
#12932=ORIENTED_EDGE('',*,*,#12729,.F.);
#12933=ORIENTED_EDGE('',*,*,#12922,.T.);
#12934=ORIENTED_EDGE('',*,*,#12787,.T.);
#12936=ORIENTED_EDGE('',*,*,#12935,.F.);
#12937=EDGE_LOOP('',(#12932,#12933,#12934,#12936));
#12938=FACE_OUTER_BOUND('',#12937,.F.);
#12939=ADVANCED_FACE('',(#12938),#12931,.T.);
#12940=CARTESIAN_POINT('',(6.125E-1,6.25E-2,-7.345E-1));
#12941=DIRECTION('',(-1.E0,0.E0,0.E0));
#12942=DIRECTION('',(0.E0,-1.E0,0.E0));
#12943=AXIS2_PLACEMENT_3D('',#12940,#12941,#12942);
#12944=CYLINDRICAL_SURFACE('',#12943,2.5E-2);
#12945=ORIENTED_EDGE('',*,*,#12731,.F.);
#12946=ORIENTED_EDGE('',*,*,#12935,.T.);
#12947=ORIENTED_EDGE('',*,*,#12785,.T.);
#12949=ORIENTED_EDGE('',*,*,#12948,.F.);
#12950=EDGE_LOOP('',(#12945,#12946,#12947,#12949));
#12951=FACE_OUTER_BOUND('',#12950,.F.);
#12952=ADVANCED_FACE('',(#12951),#12944,.F.);
#12953=CARTESIAN_POINT('',(6.125E-1,8.75E-2,-7.345E-1));
#12954=DIRECTION('',(0.E0,-1.E0,0.E0));
#12955=DIRECTION('',(0.E0,0.E0,1.E0));
#12956=AXIS2_PLACEMENT_3D('',#12953,#12954,#12955);
#12957=PLANE('',#12956);
#12958=ORIENTED_EDGE('',*,*,#12733,.F.);
#12959=ORIENTED_EDGE('',*,*,#12948,.T.);
#12960=ORIENTED_EDGE('',*,*,#12783,.T.);
#12961=ORIENTED_EDGE('',*,*,#8848,.F.);
#12962=EDGE_LOOP('',(#12958,#12959,#12960,#12961));
#12963=FACE_OUTER_BOUND('',#12962,.F.);
#12964=ADVANCED_FACE('',(#12963),#12957,.T.);
#12965=CARTESIAN_POINT('',(7.125E-1,0.E0,0.E0));
#12966=DIRECTION('',(-1.E0,0.E0,0.E0));
#12967=DIRECTION('',(0.E0,-1.E0,0.E0));
#12968=AXIS2_PLACEMENT_3D('',#12965,#12966,#12967);
#12969=PLANE('',#12968);
#12971=ORIENTED_EDGE('',*,*,#12970,.T.);
#12973=ORIENTED_EDGE('',*,*,#12972,.T.);
#12975=ORIENTED_EDGE('',*,*,#12974,.T.);
#12977=ORIENTED_EDGE('',*,*,#12976,.T.);
#12979=ORIENTED_EDGE('',*,*,#12978,.T.);
#12981=ORIENTED_EDGE('',*,*,#12980,.T.);
#12983=ORIENTED_EDGE('',*,*,#12982,.T.);
#12984=ORIENTED_EDGE('',*,*,#8856,.T.);
#12985=EDGE_LOOP('',(#12971,#12973,#12975,#12977,#12979,#12981,#12983,#12984));
#12986=FACE_OUTER_BOUND('',#12985,.F.);
#12987=ADVANCED_FACE('',(#12986),#12969,.F.);
#12988=CARTESIAN_POINT('',(7.125E-1,0.E0,0.E0));
#12989=DIRECTION('',(-1.E0,0.E0,0.E0));
#12990=DIRECTION('',(0.E0,-1.E0,0.E0));
#12991=AXIS2_PLACEMENT_3D('',#12988,#12989,#12990);
#12992=PLANE('',#12991);
#12994=ORIENTED_EDGE('',*,*,#12993,.T.);
#12996=ORIENTED_EDGE('',*,*,#12995,.T.);
#12998=ORIENTED_EDGE('',*,*,#12997,.T.);
#13000=ORIENTED_EDGE('',*,*,#12999,.T.);
#13002=ORIENTED_EDGE('',*,*,#13001,.T.);
#13004=ORIENTED_EDGE('',*,*,#13003,.T.);
#13006=ORIENTED_EDGE('',*,*,#13005,.T.);
#13007=ORIENTED_EDGE('',*,*,#8866,.T.);
#13008=EDGE_LOOP('',(#12994,#12996,#12998,#13000,#13002,#13004,#13006,#13007));
#13009=FACE_OUTER_BOUND('',#13008,.F.);
#13010=ADVANCED_FACE('',(#13009),#12992,.F.);
#13011=CARTESIAN_POINT('',(7.125E-1,-8.75E-2,-5.5E-1));
#13012=DIRECTION('',(0.E0,1.E0,0.E0));
#13013=DIRECTION('',(0.E0,0.E0,-1.E0));
#13014=AXIS2_PLACEMENT_3D('',#13011,#13012,#13013);
#13015=PLANE('',#13014);
#13016=ORIENTED_EDGE('',*,*,#12970,.F.);
#13017=ORIENTED_EDGE('',*,*,#8862,.T.);
#13019=ORIENTED_EDGE('',*,*,#13018,.T.);
#13021=ORIENTED_EDGE('',*,*,#13020,.F.);
#13022=EDGE_LOOP('',(#13016,#13017,#13019,#13021));
#13023=FACE_OUTER_BOUND('',#13022,.F.);
#13024=ADVANCED_FACE('',(#13023),#13015,.T.);
#13025=CARTESIAN_POINT('',(6.875E-1,0.E0,0.E0));
#13026=DIRECTION('',(-1.E0,0.E0,0.E0));
#13027=DIRECTION('',(0.E0,-1.E0,0.E0));
#13028=AXIS2_PLACEMENT_3D('',#13025,#13026,#13027);
#13029=PLANE('',#13028);
#13030=ORIENTED_EDGE('',*,*,#13018,.F.);
#13031=ORIENTED_EDGE('',*,*,#8860,.F.);
#13033=ORIENTED_EDGE('',*,*,#13032,.F.);
#13035=ORIENTED_EDGE('',*,*,#13034,.F.);
#13037=ORIENTED_EDGE('',*,*,#13036,.F.);
#13039=ORIENTED_EDGE('',*,*,#13038,.F.);
#13041=ORIENTED_EDGE('',*,*,#13040,.F.);
#13043=ORIENTED_EDGE('',*,*,#13042,.F.);
#13044=EDGE_LOOP('',(#13030,#13031,#13033,#13035,#13037,#13039,#13041,#13043));
#13045=FACE_OUTER_BOUND('',#13044,.F.);
#13046=ADVANCED_FACE('',(#13045),#13029,.T.);
#13047=CARTESIAN_POINT('',(6.875E-1,0.E0,0.E0));
#13048=DIRECTION('',(-1.E0,0.E0,0.E0));
#13049=DIRECTION('',(0.E0,-1.E0,0.E0));
#13050=AXIS2_PLACEMENT_3D('',#13047,#13048,#13049);
#13051=PLANE('',#13050);
#13053=ORIENTED_EDGE('',*,*,#13052,.F.);
#13054=ORIENTED_EDGE('',*,*,#8870,.F.);
#13056=ORIENTED_EDGE('',*,*,#13055,.F.);
#13058=ORIENTED_EDGE('',*,*,#13057,.F.);
#13060=ORIENTED_EDGE('',*,*,#13059,.F.);
#13062=ORIENTED_EDGE('',*,*,#13061,.F.);
#13064=ORIENTED_EDGE('',*,*,#13063,.F.);
#13066=ORIENTED_EDGE('',*,*,#13065,.F.);
#13067=EDGE_LOOP('',(#13053,#13054,#13056,#13058,#13060,#13062,#13064,#13066));
#13068=FACE_OUTER_BOUND('',#13067,.F.);
#13069=ADVANCED_FACE('',(#13068),#13051,.T.);
#13070=CARTESIAN_POINT('',(7.125E-1,-1.125E-1,-5.845E-1));
#13071=DIRECTION('',(0.E0,-1.E0,0.E0));
#13072=DIRECTION('',(0.E0,0.E0,1.E0));
#13073=AXIS2_PLACEMENT_3D('',#13070,#13071,#13072);
#13074=PLANE('',#13073);
#13075=ORIENTED_EDGE('',*,*,#12982,.F.);
#13077=ORIENTED_EDGE('',*,*,#13076,.T.);
#13078=ORIENTED_EDGE('',*,*,#13032,.T.);
#13079=ORIENTED_EDGE('',*,*,#8858,.F.);
#13080=EDGE_LOOP('',(#13075,#13077,#13078,#13079));
#13081=FACE_OUTER_BOUND('',#13080,.F.);
#13082=ADVANCED_FACE('',(#13081),#13074,.T.);
#13083=CARTESIAN_POINT('',(7.125E-1,-1.375E-1,-5.845E-1));
#13084=DIRECTION('',(-1.E0,0.E0,0.E0));
#13085=DIRECTION('',(0.E0,-1.E0,0.E0));
#13086=AXIS2_PLACEMENT_3D('',#13083,#13084,#13085);
#13087=CYLINDRICAL_SURFACE('',#13086,2.5E-2);
#13088=ORIENTED_EDGE('',*,*,#12980,.F.);
#13090=ORIENTED_EDGE('',*,*,#13089,.T.);
#13091=ORIENTED_EDGE('',*,*,#13034,.T.);
#13092=ORIENTED_EDGE('',*,*,#13076,.F.);
#13093=EDGE_LOOP('',(#13088,#13090,#13091,#13092));
#13094=FACE_OUTER_BOUND('',#13093,.F.);
#13095=ADVANCED_FACE('',(#13094),#13087,.F.);
#13096=CARTESIAN_POINT('',(7.125E-1,-2.74E-1,-6.095E-1));
#13097=DIRECTION('',(0.E0,0.E0,1.E0));
#13098=DIRECTION('',(0.E0,1.E0,0.E0));
#13099=AXIS2_PLACEMENT_3D('',#13096,#13097,#13098);
#13100=PLANE('',#13099);
#13101=ORIENTED_EDGE('',*,*,#12978,.F.);
#13103=ORIENTED_EDGE('',*,*,#13102,.T.);
#13104=ORIENTED_EDGE('',*,*,#13036,.T.);
#13105=ORIENTED_EDGE('',*,*,#13089,.F.);
#13106=EDGE_LOOP('',(#13101,#13103,#13104,#13105));
#13107=FACE_OUTER_BOUND('',#13106,.F.);
#13108=ADVANCED_FACE('',(#13107),#13100,.T.);
#13109=CARTESIAN_POINT('',(7.125E-1,-2.74E-1,-6.345E-1));
#13110=DIRECTION('',(0.E0,-1.E0,0.E0));
#13111=DIRECTION('',(0.E0,0.E0,1.E0));
#13112=AXIS2_PLACEMENT_3D('',#13109,#13110,#13111);
#13113=PLANE('',#13112);
#13114=ORIENTED_EDGE('',*,*,#12976,.F.);
#13116=ORIENTED_EDGE('',*,*,#13115,.T.);
#13117=ORIENTED_EDGE('',*,*,#13038,.T.);
#13118=ORIENTED_EDGE('',*,*,#13102,.F.);
#13119=EDGE_LOOP('',(#13114,#13116,#13117,#13118));
#13120=FACE_OUTER_BOUND('',#13119,.F.);
#13121=ADVANCED_FACE('',(#13120),#13113,.T.);
#13122=CARTESIAN_POINT('',(7.125E-1,-1.375E-1,-6.345E-1));
#13123=DIRECTION('',(0.E0,0.E0,-1.E0));
#13124=DIRECTION('',(0.E0,-1.E0,0.E0));
#13125=AXIS2_PLACEMENT_3D('',#13122,#13123,#13124);
#13126=PLANE('',#13125);
#13127=ORIENTED_EDGE('',*,*,#12974,.F.);
#13129=ORIENTED_EDGE('',*,*,#13128,.T.);
#13130=ORIENTED_EDGE('',*,*,#13040,.T.);
#13131=ORIENTED_EDGE('',*,*,#13115,.F.);
#13132=EDGE_LOOP('',(#13127,#13129,#13130,#13131));
#13133=FACE_OUTER_BOUND('',#13132,.F.);
#13134=ADVANCED_FACE('',(#13133),#13126,.T.);
#13135=CARTESIAN_POINT('',(7.125E-1,-1.375E-1,-5.845E-1));
#13136=DIRECTION('',(-1.E0,0.E0,0.E0));
#13137=DIRECTION('',(0.E0,-1.E0,0.E0));
#13138=AXIS2_PLACEMENT_3D('',#13135,#13136,#13137);
#13139=CYLINDRICAL_SURFACE('',#13138,5.E-2);
#13140=ORIENTED_EDGE('',*,*,#12972,.F.);
#13141=ORIENTED_EDGE('',*,*,#13020,.T.);
#13142=ORIENTED_EDGE('',*,*,#13042,.T.);
#13143=ORIENTED_EDGE('',*,*,#13128,.F.);
#13144=EDGE_LOOP('',(#13140,#13141,#13142,#13143));
#13145=FACE_OUTER_BOUND('',#13144,.F.);
#13146=ADVANCED_FACE('',(#13145),#13139,.T.);
#13147=CARTESIAN_POINT('',(7.125E-1,1.125E-1,-5.5E-1));
#13148=DIRECTION('',(0.E0,1.E0,0.E0));
#13149=DIRECTION('',(0.E0,0.E0,-1.E0));
#13150=AXIS2_PLACEMENT_3D('',#13147,#13148,#13149);
#13151=PLANE('',#13150);
#13152=ORIENTED_EDGE('',*,*,#12993,.F.);
#13153=ORIENTED_EDGE('',*,*,#8872,.T.);
#13154=ORIENTED_EDGE('',*,*,#13052,.T.);
#13156=ORIENTED_EDGE('',*,*,#13155,.F.);
#13157=EDGE_LOOP('',(#13152,#13153,#13154,#13156));
#13158=FACE_OUTER_BOUND('',#13157,.F.);
#13159=ADVANCED_FACE('',(#13158),#13151,.T.);
#13160=CARTESIAN_POINT('',(7.125E-1,6.25E-2,-7.345E-1));
#13161=DIRECTION('',(-1.E0,0.E0,0.E0));
#13162=DIRECTION('',(0.E0,-1.E0,0.E0));
#13163=AXIS2_PLACEMENT_3D('',#13160,#13161,#13162);
#13164=CYLINDRICAL_SURFACE('',#13163,5.E-2);
#13165=ORIENTED_EDGE('',*,*,#12995,.F.);
#13166=ORIENTED_EDGE('',*,*,#13155,.T.);
#13167=ORIENTED_EDGE('',*,*,#13065,.T.);
#13169=ORIENTED_EDGE('',*,*,#13168,.F.);
#13170=EDGE_LOOP('',(#13165,#13166,#13167,#13169));
#13171=FACE_OUTER_BOUND('',#13170,.F.);
#13172=ADVANCED_FACE('',(#13171),#13164,.T.);
#13173=CARTESIAN_POINT('',(7.125E-1,6.25E-2,-7.845E-1));
#13174=DIRECTION('',(0.E0,0.E0,-1.E0));
#13175=DIRECTION('',(0.E0,-1.E0,0.E0));
#13176=AXIS2_PLACEMENT_3D('',#13173,#13174,#13175);
#13177=PLANE('',#13176);
#13178=ORIENTED_EDGE('',*,*,#12997,.F.);
#13179=ORIENTED_EDGE('',*,*,#13168,.T.);
#13180=ORIENTED_EDGE('',*,*,#13063,.T.);
#13182=ORIENTED_EDGE('',*,*,#13181,.F.);
#13183=EDGE_LOOP('',(#13178,#13179,#13180,#13182));
#13184=FACE_OUTER_BOUND('',#13183,.F.);
#13185=ADVANCED_FACE('',(#13184),#13177,.T.);
#13186=CARTESIAN_POINT('',(7.125E-1,-2.74E-1,-7.845E-1));
#13187=DIRECTION('',(0.E0,-1.E0,0.E0));
#13188=DIRECTION('',(0.E0,0.E0,1.E0));
#13189=AXIS2_PLACEMENT_3D('',#13186,#13187,#13188);
#13190=PLANE('',#13189);
#13191=ORIENTED_EDGE('',*,*,#12999,.F.);
#13192=ORIENTED_EDGE('',*,*,#13181,.T.);
#13193=ORIENTED_EDGE('',*,*,#13061,.T.);
#13195=ORIENTED_EDGE('',*,*,#13194,.F.);
#13196=EDGE_LOOP('',(#13191,#13192,#13193,#13195));
#13197=FACE_OUTER_BOUND('',#13196,.F.);
#13198=ADVANCED_FACE('',(#13197),#13190,.T.);
#13199=CARTESIAN_POINT('',(7.125E-1,-2.74E-1,-7.595E-1));
#13200=DIRECTION('',(0.E0,0.E0,1.E0));
#13201=DIRECTION('',(0.E0,1.E0,0.E0));
#13202=AXIS2_PLACEMENT_3D('',#13199,#13200,#13201);
#13203=PLANE('',#13202);
#13204=ORIENTED_EDGE('',*,*,#13001,.F.);
#13205=ORIENTED_EDGE('',*,*,#13194,.T.);
#13206=ORIENTED_EDGE('',*,*,#13059,.T.);
#13208=ORIENTED_EDGE('',*,*,#13207,.F.);
#13209=EDGE_LOOP('',(#13204,#13205,#13206,#13208));
#13210=FACE_OUTER_BOUND('',#13209,.F.);
#13211=ADVANCED_FACE('',(#13210),#13203,.T.);
#13212=CARTESIAN_POINT('',(7.125E-1,6.25E-2,-7.345E-1));
#13213=DIRECTION('',(-1.E0,0.E0,0.E0));
#13214=DIRECTION('',(0.E0,-1.E0,0.E0));
#13215=AXIS2_PLACEMENT_3D('',#13212,#13213,#13214);
#13216=CYLINDRICAL_SURFACE('',#13215,2.5E-2);
#13217=ORIENTED_EDGE('',*,*,#13003,.F.);
#13218=ORIENTED_EDGE('',*,*,#13207,.T.);
#13219=ORIENTED_EDGE('',*,*,#13057,.T.);
#13221=ORIENTED_EDGE('',*,*,#13220,.F.);
#13222=EDGE_LOOP('',(#13217,#13218,#13219,#13221));
#13223=FACE_OUTER_BOUND('',#13222,.F.);
#13224=ADVANCED_FACE('',(#13223),#13216,.F.);
#13225=CARTESIAN_POINT('',(7.125E-1,8.75E-2,-7.345E-1));
#13226=DIRECTION('',(0.E0,-1.E0,0.E0));
#13227=DIRECTION('',(0.E0,0.E0,1.E0));
#13228=AXIS2_PLACEMENT_3D('',#13225,#13226,#13227);
#13229=PLANE('',#13228);
#13230=ORIENTED_EDGE('',*,*,#13005,.F.);
#13231=ORIENTED_EDGE('',*,*,#13220,.T.);
#13232=ORIENTED_EDGE('',*,*,#13055,.T.);
#13233=ORIENTED_EDGE('',*,*,#8868,.F.);
#13234=EDGE_LOOP('',(#13230,#13231,#13232,#13233));
#13235=FACE_OUTER_BOUND('',#13234,.F.);
#13236=ADVANCED_FACE('',(#13235),#13229,.T.);
#13237=CARTESIAN_POINT('',(-7.3E-1,-4.5E-2,-5.5E-1));
#13238=DIRECTION('',(1.E0,0.E0,0.E0));
#13239=DIRECTION('',(0.E0,-1.E0,0.E0));
#13240=AXIS2_PLACEMENT_3D('',#13237,#13238,#13239);
#13241=PLANE('',#13240);
#13242=ORIENTED_EDGE('',*,*,#8876,.F.);
#13244=ORIENTED_EDGE('',*,*,#13243,.T.);
#13246=ORIENTED_EDGE('',*,*,#13245,.T.);
#13248=ORIENTED_EDGE('',*,*,#13247,.F.);
#13249=EDGE_LOOP('',(#13242,#13244,#13246,#13248));
#13250=FACE_OUTER_BOUND('',#13249,.F.);
#13251=ADVANCED_FACE('',(#13250),#13241,.T.);
#13252=CARTESIAN_POINT('',(-7.35E-1,-4.5E-2,-5.5E-1));
#13253=DIRECTION('',(0.E0,1.E0,0.E0));
#13254=DIRECTION('',(1.E0,0.E0,0.E0));
#13255=AXIS2_PLACEMENT_3D('',#13252,#13253,#13254);
#13256=PLANE('',#13255);
#13257=ORIENTED_EDGE('',*,*,#8888,.F.);
#13259=ORIENTED_EDGE('',*,*,#13258,.T.);
#13261=ORIENTED_EDGE('',*,*,#13260,.T.);
#13262=ORIENTED_EDGE('',*,*,#13243,.F.);
#13263=EDGE_LOOP('',(#13257,#13259,#13261,#13262));
#13264=FACE_OUTER_BOUND('',#13263,.F.);
#13265=ADVANCED_FACE('',(#13264),#13256,.T.);
#13266=CARTESIAN_POINT('',(-7.35E-1,-7.819149017334E-2,-5.5E-1));
#13267=DIRECTION('',(-1.E0,0.E0,0.E0));
#13268=DIRECTION('',(0.E0,1.E0,0.E0));
#13269=AXIS2_PLACEMENT_3D('',#13266,#13267,#13268);
#13270=PLANE('',#13269);
#13271=ORIENTED_EDGE('',*,*,#8886,.F.);
#13273=ORIENTED_EDGE('',*,*,#13272,.T.);
#13275=ORIENTED_EDGE('',*,*,#13274,.T.);
#13276=ORIENTED_EDGE('',*,*,#13258,.F.);
#13277=EDGE_LOOP('',(#13271,#13273,#13275,#13276));
#13278=FACE_OUTER_BOUND('',#13277,.F.);
#13279=ADVANCED_FACE('',(#13278),#13270,.T.);
#13280=CARTESIAN_POINT('',(-7.4E-1,-7.223404169083E-2,-5.5E-1));
#13281=DIRECTION('',(7.659743427825E-1,6.428711427642E-1,0.E0));
#13282=DIRECTION('',(6.428711427642E-1,-7.659743427825E-1,0.E0));
#13283=AXIS2_PLACEMENT_3D('',#13280,#13281,#13282);
#13284=PLANE('',#13283);
#13285=ORIENTED_EDGE('',*,*,#8884,.F.);
#13287=ORIENTED_EDGE('',*,*,#13286,.T.);
#13289=ORIENTED_EDGE('',*,*,#13288,.T.);
#13290=ORIENTED_EDGE('',*,*,#13272,.F.);
#13291=EDGE_LOOP('',(#13285,#13287,#13289,#13290));
#13292=FACE_OUTER_BOUND('',#13291,.F.);
#13293=ADVANCED_FACE('',(#13292),#13284,.T.);
#13294=CARTESIAN_POINT('',(-7.4E-1,-7.904255390167E-2,-5.5E-1));
#13295=DIRECTION('',(-1.E0,0.E0,0.E0));
#13296=DIRECTION('',(0.E0,1.E0,0.E0));
#13297=AXIS2_PLACEMENT_3D('',#13294,#13295,#13296);
#13298=PLANE('',#13297);
#13299=ORIENTED_EDGE('',*,*,#8882,.F.);
#13301=ORIENTED_EDGE('',*,*,#13300,.T.);
#13303=ORIENTED_EDGE('',*,*,#13302,.T.);
#13304=ORIENTED_EDGE('',*,*,#13286,.F.);
#13305=EDGE_LOOP('',(#13299,#13301,#13303,#13304));
#13306=FACE_OUTER_BOUND('',#13305,.F.);
#13307=ADVANCED_FACE('',(#13306),#13298,.T.);
#13308=CARTESIAN_POINT('',(-7.35E-1,-8.5E-2,-5.5E-1));
#13309=DIRECTION('',(-7.659742160926E-1,-6.428712937139E-1,0.E0));
#13310=DIRECTION('',(-6.428712937139E-1,7.659742160926E-1,0.E0));
#13311=AXIS2_PLACEMENT_3D('',#13308,#13309,#13310);
#13312=PLANE('',#13311);
#13313=ORIENTED_EDGE('',*,*,#8880,.F.);
#13315=ORIENTED_EDGE('',*,*,#13314,.T.);
#13317=ORIENTED_EDGE('',*,*,#13316,.T.);
#13318=ORIENTED_EDGE('',*,*,#13300,.F.);
#13319=EDGE_LOOP('',(#13313,#13315,#13317,#13318));
#13320=FACE_OUTER_BOUND('',#13319,.F.);
#13321=ADVANCED_FACE('',(#13320),#13312,.T.);
#13322=CARTESIAN_POINT('',(-7.3E-1,-8.5E-2,-5.5E-1));
#13323=DIRECTION('',(0.E0,-1.E0,0.E0));
#13324=DIRECTION('',(-1.E0,0.E0,0.E0));
#13325=AXIS2_PLACEMENT_3D('',#13322,#13323,#13324);
#13326=PLANE('',#13325);
#13327=ORIENTED_EDGE('',*,*,#8878,.F.);
#13328=ORIENTED_EDGE('',*,*,#13247,.T.);
#13330=ORIENTED_EDGE('',*,*,#13329,.T.);
#13331=ORIENTED_EDGE('',*,*,#13314,.F.);
#13332=EDGE_LOOP('',(#13327,#13328,#13330,#13331));
#13333=FACE_OUTER_BOUND('',#13332,.F.);
#13334=ADVANCED_FACE('',(#13333),#13326,.T.);
#13335=CARTESIAN_POINT('',(-8.8E-1,0.E0,-5.55E-1));
#13336=DIRECTION('',(0.E0,0.E0,-1.E0));
#13337=DIRECTION('',(1.E0,0.E0,0.E0));
#13338=AXIS2_PLACEMENT_3D('',#13335,#13336,#13337);
#13339=PLANE('',#13338);
#13340=ORIENTED_EDGE('',*,*,#13245,.F.);
#13341=ORIENTED_EDGE('',*,*,#13260,.F.);
#13342=ORIENTED_EDGE('',*,*,#13274,.F.);
#13343=ORIENTED_EDGE('',*,*,#13288,.F.);
#13344=ORIENTED_EDGE('',*,*,#13302,.F.);
#13345=ORIENTED_EDGE('',*,*,#13316,.F.);
#13346=ORIENTED_EDGE('',*,*,#13329,.F.);
#13347=EDGE_LOOP('',(#13340,#13341,#13342,#13343,#13344,#13345,#13346));
#13348=FACE_OUTER_BOUND('',#13347,.F.);
#13349=ADVANCED_FACE('',(#13348),#13339,.T.);
#13350=CARTESIAN_POINT('',(8.5E-1,-1.54E-1,7.95196E-1));
#13351=DIRECTION('',(0.E0,0.E0,-1.E0));
#13352=DIRECTION('',(1.E0,0.E0,0.E0));
#13353=AXIS2_PLACEMENT_3D('',#13350,#13351,#13352);
#13354=CYLINDRICAL_SURFACE('',#13353,3.E-2);
#13356=ORIENTED_EDGE('',*,*,#13355,.T.);
#13357=ORIENTED_EDGE('',*,*,#8418,.T.);
#13358=ORIENTED_EDGE('',*,*,#8094,.T.);
#13360=ORIENTED_EDGE('',*,*,#13359,.F.);
#13361=EDGE_LOOP('',(#13356,#13357,#13358,#13360));
#13362=FACE_OUTER_BOUND('',#13361,.F.);
#13363=ADVANCED_FACE('',(#13362),#13354,.T.);
#13364=CARTESIAN_POINT('',(-8.8E-1,1.84E-1,0.E0));
#13365=DIRECTION('',(0.E0,0.E0,1.E0));
#13366=DIRECTION('',(0.E0,-1.E0,0.E0));
#13367=AXIS2_PLACEMENT_3D('',#13364,#13365,#13366);
#13368=PLANE('',#13367);
#13370=ORIENTED_EDGE('',*,*,#13369,.F.);
#13371=ORIENTED_EDGE('',*,*,#8420,.T.);
#13372=ORIENTED_EDGE('',*,*,#13355,.F.);
#13374=ORIENTED_EDGE('',*,*,#13373,.F.);
#13376=ORIENTED_EDGE('',*,*,#13375,.F.);
#13377=ORIENTED_EDGE('',*,*,#7986,.F.);
#13379=ORIENTED_EDGE('',*,*,#13378,.F.);
#13381=ORIENTED_EDGE('',*,*,#13380,.T.);
#13382=EDGE_LOOP('',(#13370,#13371,#13372,#13374,#13376,#13377,#13379,#13381));
#13383=FACE_OUTER_BOUND('',#13382,.F.);
#13385=ORIENTED_EDGE('',*,*,#13384,.T.);
#13387=ORIENTED_EDGE('',*,*,#13386,.T.);
#13389=ORIENTED_EDGE('',*,*,#13388,.F.);
#13391=ORIENTED_EDGE('',*,*,#13390,.T.);
#13393=ORIENTED_EDGE('',*,*,#13392,.T.);
#13395=ORIENTED_EDGE('',*,*,#13394,.T.);
#13397=ORIENTED_EDGE('',*,*,#13396,.F.);
#13399=ORIENTED_EDGE('',*,*,#13398,.F.);
#13401=ORIENTED_EDGE('',*,*,#13400,.F.);
#13403=ORIENTED_EDGE('',*,*,#13402,.F.);
#13405=ORIENTED_EDGE('',*,*,#13404,.F.);
#13407=ORIENTED_EDGE('',*,*,#13406,.T.);
#13408=EDGE_LOOP('',(#13385,#13387,#13389,#13391,#13393,#13395,#13397,#13399,
#13401,#13403,#13405,#13407));
#13409=FACE_BOUND('',#13408,.F.);
#13410=ADVANCED_FACE('',(#13383,#13409),#13368,.T.);
#13411=CARTESIAN_POINT('',(8.E-1,1.08E-1,0.E0));
#13412=DIRECTION('',(0.E0,0.E0,1.E0));
#13413=DIRECTION('',(1.E0,0.E0,0.E0));
#13414=AXIS2_PLACEMENT_3D('',#13411,#13412,#13413);
#13415=CYLINDRICAL_SURFACE('',#13414,3.2E-2);
#13416=ORIENTED_EDGE('',*,*,#13384,.F.);
#13418=ORIENTED_EDGE('',*,*,#13417,.T.);
#13420=ORIENTED_EDGE('',*,*,#13419,.T.);
#13422=ORIENTED_EDGE('',*,*,#13421,.F.);
#13423=EDGE_LOOP('',(#13416,#13418,#13420,#13422));
#13424=FACE_OUTER_BOUND('',#13423,.F.);
#13425=ADVANCED_FACE('',(#13424),#13415,.F.);
#13426=CARTESIAN_POINT('',(8.E-1,1.08E-1,0.E0));
#13427=DIRECTION('',(0.E0,0.E0,1.E0));
#13428=DIRECTION('',(1.E0,0.E0,0.E0));
#13429=AXIS2_PLACEMENT_3D('',#13426,#13427,#13428);
#13430=CYLINDRICAL_SURFACE('',#13429,3.2E-2);
#13431=ORIENTED_EDGE('',*,*,#13386,.F.);
#13432=ORIENTED_EDGE('',*,*,#13421,.T.);
#13434=ORIENTED_EDGE('',*,*,#13433,.T.);
#13435=ORIENTED_EDGE('',*,*,#13417,.F.);
#13436=ORIENTED_EDGE('',*,*,#13406,.F.);
#13438=ORIENTED_EDGE('',*,*,#13437,.T.);
#13439=EDGE_LOOP('',(#13431,#13432,#13434,#13435,#13436,#13438));
#13440=FACE_OUTER_BOUND('',#13439,.F.);
#13441=ADVANCED_FACE('',(#13440),#13430,.F.);
#13442=CARTESIAN_POINT('',(-8.8E-1,1.84E-1,-1.3E-1));
#13443=DIRECTION('',(0.E0,0.E0,1.E0));
#13444=DIRECTION('',(1.E0,0.E0,0.E0));
#13445=AXIS2_PLACEMENT_3D('',#13442,#13443,#13444);
#13446=PLANE('',#13445);
#13447=ORIENTED_EDGE('',*,*,#13419,.F.);
#13448=ORIENTED_EDGE('',*,*,#13433,.F.);
#13449=EDGE_LOOP('',(#13447,#13448));
#13450=FACE_OUTER_BOUND('',#13449,.F.);
#13451=ADVANCED_FACE('',(#13450),#13446,.T.);
#13452=CARTESIAN_POINT('',(-8.8E-1,1.84E-1,-1.3E-1));
#13453=DIRECTION('',(0.E0,0.E0,1.E0));
#13454=DIRECTION('',(1.E0,0.E0,0.E0));
#13455=AXIS2_PLACEMENT_3D('',#13452,#13453,#13454);
#13456=PLANE('',#13455);
#13458=ORIENTED_EDGE('',*,*,#13457,.F.);
#13460=ORIENTED_EDGE('',*,*,#13459,.F.);
#13462=ORIENTED_EDGE('',*,*,#13461,.F.);
#13464=ORIENTED_EDGE('',*,*,#13463,.F.);
#13465=EDGE_LOOP('',(#13458,#13460,#13462,#13464));
#13466=FACE_OUTER_BOUND('',#13465,.F.);
#13467=ADVANCED_FACE('',(#13466),#13456,.T.);
#13468=CARTESIAN_POINT('',(-8.32E-1,1.4E-1,0.E0));
#13469=DIRECTION('',(-1.E0,0.E0,0.E0));
#13470=DIRECTION('',(0.E0,-1.E0,0.E0));
#13471=AXIS2_PLACEMENT_3D('',#13468,#13469,#13470);
#13472=PLANE('',#13471);
#13473=ORIENTED_EDGE('',*,*,#13394,.F.);
#13475=ORIENTED_EDGE('',*,*,#13474,.T.);
#13476=ORIENTED_EDGE('',*,*,#13457,.T.);
#13478=ORIENTED_EDGE('',*,*,#13477,.F.);
#13480=ORIENTED_EDGE('',*,*,#13479,.F.);
#13481=EDGE_LOOP('',(#13473,#13475,#13476,#13478,#13480));
#13482=FACE_OUTER_BOUND('',#13481,.F.);
#13483=ADVANCED_FACE('',(#13482),#13472,.F.);
#13484=CARTESIAN_POINT('',(-7.68E-1,1.4E-1,0.E0));
#13485=DIRECTION('',(0.E0,1.E0,0.E0));
#13486=DIRECTION('',(-1.E0,0.E0,0.E0));
#13487=AXIS2_PLACEMENT_3D('',#13484,#13485,#13486);
#13488=PLANE('',#13487);
#13489=ORIENTED_EDGE('',*,*,#13392,.F.);
#13491=ORIENTED_EDGE('',*,*,#13490,.T.);
#13492=ORIENTED_EDGE('',*,*,#13459,.T.);
#13493=ORIENTED_EDGE('',*,*,#13474,.F.);
#13494=EDGE_LOOP('',(#13489,#13491,#13492,#13493));
#13495=FACE_OUTER_BOUND('',#13494,.F.);
#13496=ADVANCED_FACE('',(#13495),#13488,.F.);
#13497=CARTESIAN_POINT('',(-7.68E-1,7.6E-2,0.E0));
#13498=DIRECTION('',(1.E0,0.E0,0.E0));
#13499=DIRECTION('',(0.E0,1.E0,0.E0));
#13500=AXIS2_PLACEMENT_3D('',#13497,#13498,#13499);
#13501=PLANE('',#13500);
#13502=ORIENTED_EDGE('',*,*,#13390,.F.);
#13504=ORIENTED_EDGE('',*,*,#13503,.T.);
#13506=ORIENTED_EDGE('',*,*,#13505,.T.);
#13507=ORIENTED_EDGE('',*,*,#13461,.T.);
#13508=ORIENTED_EDGE('',*,*,#13490,.F.);
#13509=EDGE_LOOP('',(#13502,#13504,#13506,#13507,#13508));
#13510=FACE_OUTER_BOUND('',#13509,.F.);
#13511=ADVANCED_FACE('',(#13510),#13501,.F.);
#13512=CARTESIAN_POINT('',(-3.174336E0,9.675E-2,-6.E-2));
#13513=DIRECTION('',(1.E0,0.E0,0.E0));
#13514=DIRECTION('',(0.E0,0.E0,1.E0));
#13515=AXIS2_PLACEMENT_3D('',#13512,#13513,#13514);
#13516=CYLINDRICAL_SURFACE('',#13515,6.E-2);
#13517=ORIENTED_EDGE('',*,*,#13437,.F.);
#13518=ORIENTED_EDGE('',*,*,#13404,.T.);
#13520=ORIENTED_EDGE('',*,*,#13519,.T.);
#13522=ORIENTED_EDGE('',*,*,#13521,.F.);
#13524=ORIENTED_EDGE('',*,*,#13523,.T.);
#13525=ORIENTED_EDGE('',*,*,#13396,.T.);
#13526=ORIENTED_EDGE('',*,*,#13479,.T.);
#13528=ORIENTED_EDGE('',*,*,#13527,.T.);
#13529=ORIENTED_EDGE('',*,*,#13503,.F.);
#13530=ORIENTED_EDGE('',*,*,#13388,.T.);
#13531=EDGE_LOOP('',(#13517,#13518,#13520,#13522,#13524,#13525,#13526,#13528,
#13529,#13530));
#13532=FACE_OUTER_BOUND('',#13531,.F.);
#13533=ADVANCED_FACE('',(#13532),#13516,.T.);
#13534=CARTESIAN_POINT('',(8.6E-1,3.675E-2,0.E0));
#13535=DIRECTION('',(7.071067811865E-1,0.E0,-7.071067811866E-1));
#13536=DIRECTION('',(-7.071067811866E-1,0.E0,-7.071067811865E-1));
#13537=AXIS2_PLACEMENT_3D('',#13534,#13535,#13536);
#13538=PLANE('',#13537);
#13539=ORIENTED_EDGE('',*,*,#13402,.T.);
#13541=ORIENTED_EDGE('',*,*,#13540,.F.);
#13543=ORIENTED_EDGE('',*,*,#13542,.F.);
#13544=ORIENTED_EDGE('',*,*,#13519,.F.);
#13545=EDGE_LOOP('',(#13539,#13541,#13543,#13544));
#13546=FACE_OUTER_BOUND('',#13545,.F.);
#13547=ADVANCED_FACE('',(#13546),#13538,.F.);
#13548=CARTESIAN_POINT('',(3.174336E0,-9.675E-2,-6.E-2));
#13549=DIRECTION('',(-1.E0,0.E0,0.E0));
#13550=DIRECTION('',(0.E0,0.E0,1.E0));
#13551=AXIS2_PLACEMENT_3D('',#13548,#13549,#13550);
#13552=CYLINDRICAL_SURFACE('',#13551,6.E-2);
#13554=ORIENTED_EDGE('',*,*,#13553,.F.);
#13555=ORIENTED_EDGE('',*,*,#13540,.T.);
#13556=ORIENTED_EDGE('',*,*,#13400,.T.);
#13558=ORIENTED_EDGE('',*,*,#13557,.T.);
#13559=EDGE_LOOP('',(#13554,#13555,#13556,#13558));
#13560=FACE_OUTER_BOUND('',#13559,.F.);
#13561=ADVANCED_FACE('',(#13560),#13552,.T.);
#13562=CARTESIAN_POINT('',(-8.8E-1,-3.675E-2,0.E0));
#13563=DIRECTION('',(0.E0,1.E0,0.E0));
#13564=DIRECTION('',(-1.E0,0.E0,0.E0));
#13565=AXIS2_PLACEMENT_3D('',#13562,#13563,#13564);
#13566=PLANE('',#13565);
#13567=ORIENTED_EDGE('',*,*,#13553,.T.);
#13569=ORIENTED_EDGE('',*,*,#13568,.F.);
#13571=ORIENTED_EDGE('',*,*,#13570,.F.);
#13573=ORIENTED_EDGE('',*,*,#13572,.F.);
#13574=EDGE_LOOP('',(#13567,#13569,#13571,#13573));
#13575=FACE_OUTER_BOUND('',#13574,.F.);
#13577=ORIENTED_EDGE('',*,*,#13576,.T.);
#13579=ORIENTED_EDGE('',*,*,#13578,.T.);
#13581=ORIENTED_EDGE('',*,*,#13580,.F.);
#13583=ORIENTED_EDGE('',*,*,#13582,.F.);
#13584=EDGE_LOOP('',(#13577,#13579,#13581,#13583));
#13585=FACE_BOUND('',#13584,.F.);
#13587=ORIENTED_EDGE('',*,*,#13586,.T.);
#13589=ORIENTED_EDGE('',*,*,#13588,.F.);
#13591=ORIENTED_EDGE('',*,*,#13590,.F.);
#13593=ORIENTED_EDGE('',*,*,#13592,.T.);
#13594=EDGE_LOOP('',(#13587,#13589,#13591,#13593));
#13595=FACE_BOUND('',#13594,.F.);
#13597=ORIENTED_EDGE('',*,*,#13596,.T.);
#13599=ORIENTED_EDGE('',*,*,#13598,.T.);
#13601=ORIENTED_EDGE('',*,*,#13600,.F.);
#13603=ORIENTED_EDGE('',*,*,#13602,.F.);
#13604=EDGE_LOOP('',(#13597,#13599,#13601,#13603));
#13605=FACE_BOUND('',#13604,.F.);
#13607=ORIENTED_EDGE('',*,*,#13606,.T.);
#13609=ORIENTED_EDGE('',*,*,#13608,.T.);
#13611=ORIENTED_EDGE('',*,*,#13610,.F.);
#13613=ORIENTED_EDGE('',*,*,#13612,.F.);
#13614=EDGE_LOOP('',(#13607,#13609,#13611,#13613));
#13615=FACE_BOUND('',#13614,.F.);
#13617=ORIENTED_EDGE('',*,*,#13616,.T.);
#13619=ORIENTED_EDGE('',*,*,#13618,.T.);
#13621=ORIENTED_EDGE('',*,*,#13620,.F.);
#13623=ORIENTED_EDGE('',*,*,#13622,.F.);
#13624=EDGE_LOOP('',(#13617,#13619,#13621,#13623));
#13625=FACE_BOUND('',#13624,.F.);
#13627=ORIENTED_EDGE('',*,*,#13626,.T.);
#13629=ORIENTED_EDGE('',*,*,#13628,.T.);
#13631=ORIENTED_EDGE('',*,*,#13630,.F.);
#13633=ORIENTED_EDGE('',*,*,#13632,.F.);
#13634=EDGE_LOOP('',(#13627,#13629,#13631,#13633));
#13635=FACE_BOUND('',#13634,.F.);
#13637=ORIENTED_EDGE('',*,*,#13636,.T.);
#13639=ORIENTED_EDGE('',*,*,#13638,.T.);
#13641=ORIENTED_EDGE('',*,*,#13640,.F.);
#13643=ORIENTED_EDGE('',*,*,#13642,.F.);
#13644=EDGE_LOOP('',(#13637,#13639,#13641,#13643));
#13645=FACE_BOUND('',#13644,.F.);
#13647=ORIENTED_EDGE('',*,*,#13646,.T.);
#13649=ORIENTED_EDGE('',*,*,#13648,.T.);
#13651=ORIENTED_EDGE('',*,*,#13650,.F.);
#13653=ORIENTED_EDGE('',*,*,#13652,.F.);
#13654=EDGE_LOOP('',(#13647,#13649,#13651,#13653));
#13655=FACE_BOUND('',#13654,.F.);
#13657=ORIENTED_EDGE('',*,*,#13656,.T.);
#13659=ORIENTED_EDGE('',*,*,#13658,.T.);
#13661=ORIENTED_EDGE('',*,*,#13660,.F.);
#13663=ORIENTED_EDGE('',*,*,#13662,.F.);
#13664=EDGE_LOOP('',(#13657,#13659,#13661,#13663));
#13665=FACE_BOUND('',#13664,.F.);
#13667=ORIENTED_EDGE('',*,*,#13666,.T.);
#13669=ORIENTED_EDGE('',*,*,#13668,.T.);
#13671=ORIENTED_EDGE('',*,*,#13670,.F.);
#13673=ORIENTED_EDGE('',*,*,#13672,.F.);
#13674=EDGE_LOOP('',(#13667,#13669,#13671,#13673));
#13675=FACE_BOUND('',#13674,.F.);
#13677=ORIENTED_EDGE('',*,*,#13676,.T.);
#13679=ORIENTED_EDGE('',*,*,#13678,.T.);
#13681=ORIENTED_EDGE('',*,*,#13680,.F.);
#13683=ORIENTED_EDGE('',*,*,#13682,.F.);
#13684=EDGE_LOOP('',(#13677,#13679,#13681,#13683));
#13685=FACE_BOUND('',#13684,.F.);
#13687=ORIENTED_EDGE('',*,*,#13686,.T.);
#13689=ORIENTED_EDGE('',*,*,#13688,.T.);
#13691=ORIENTED_EDGE('',*,*,#13690,.F.);
#13693=ORIENTED_EDGE('',*,*,#13692,.F.);
#13694=EDGE_LOOP('',(#13687,#13689,#13691,#13693));
#13695=FACE_BOUND('',#13694,.F.);
#13697=ORIENTED_EDGE('',*,*,#13696,.T.);
#13699=ORIENTED_EDGE('',*,*,#13698,.T.);
#13701=ORIENTED_EDGE('',*,*,#13700,.F.);
#13703=ORIENTED_EDGE('',*,*,#13702,.F.);
#13704=EDGE_LOOP('',(#13697,#13699,#13701,#13703));
#13705=FACE_BOUND('',#13704,.F.);
#13707=ORIENTED_EDGE('',*,*,#13706,.T.);
#13709=ORIENTED_EDGE('',*,*,#13708,.T.);
#13711=ORIENTED_EDGE('',*,*,#13710,.F.);
#13713=ORIENTED_EDGE('',*,*,#13712,.F.);
#13714=EDGE_LOOP('',(#13707,#13709,#13711,#13713));
#13715=FACE_BOUND('',#13714,.F.);
#13717=ORIENTED_EDGE('',*,*,#13716,.T.);
#13719=ORIENTED_EDGE('',*,*,#13718,.T.);
#13721=ORIENTED_EDGE('',*,*,#13720,.F.);
#13723=ORIENTED_EDGE('',*,*,#13722,.F.);
#13724=EDGE_LOOP('',(#13717,#13719,#13721,#13723));
#13725=FACE_BOUND('',#13724,.F.);
#13727=ORIENTED_EDGE('',*,*,#13726,.T.);
#13729=ORIENTED_EDGE('',*,*,#13728,.T.);
#13731=ORIENTED_EDGE('',*,*,#13730,.F.);
#13733=ORIENTED_EDGE('',*,*,#13732,.F.);
#13734=EDGE_LOOP('',(#13727,#13729,#13731,#13733));
#13735=FACE_BOUND('',#13734,.F.);
#13737=ORIENTED_EDGE('',*,*,#13736,.T.);
#13739=ORIENTED_EDGE('',*,*,#13738,.T.);
#13741=ORIENTED_EDGE('',*,*,#13740,.F.);
#13743=ORIENTED_EDGE('',*,*,#13742,.F.);
#13744=EDGE_LOOP('',(#13737,#13739,#13741,#13743));
#13745=FACE_BOUND('',#13744,.F.);
#13747=ORIENTED_EDGE('',*,*,#13746,.T.);
#13749=ORIENTED_EDGE('',*,*,#13748,.T.);
#13751=ORIENTED_EDGE('',*,*,#13750,.F.);
#13753=ORIENTED_EDGE('',*,*,#13752,.F.);
#13754=EDGE_LOOP('',(#13747,#13749,#13751,#13753));
#13755=FACE_BOUND('',#13754,.F.);
#13757=ORIENTED_EDGE('',*,*,#13756,.T.);
#13759=ORIENTED_EDGE('',*,*,#13758,.T.);
#13761=ORIENTED_EDGE('',*,*,#13760,.F.);
#13763=ORIENTED_EDGE('',*,*,#13762,.F.);
#13764=EDGE_LOOP('',(#13757,#13759,#13761,#13763));
#13765=FACE_BOUND('',#13764,.F.);
#13767=ORIENTED_EDGE('',*,*,#13766,.T.);
#13769=ORIENTED_EDGE('',*,*,#13768,.T.);
#13771=ORIENTED_EDGE('',*,*,#13770,.F.);
#13773=ORIENTED_EDGE('',*,*,#13772,.F.);
#13774=EDGE_LOOP('',(#13767,#13769,#13771,#13773));
#13775=FACE_BOUND('',#13774,.F.);
#13777=ORIENTED_EDGE('',*,*,#13776,.T.);
#13779=ORIENTED_EDGE('',*,*,#13778,.T.);
#13781=ORIENTED_EDGE('',*,*,#13780,.F.);
#13783=ORIENTED_EDGE('',*,*,#13782,.F.);
#13784=EDGE_LOOP('',(#13777,#13779,#13781,#13783));
#13785=FACE_BOUND('',#13784,.F.);
#13787=ORIENTED_EDGE('',*,*,#13786,.T.);
#13789=ORIENTED_EDGE('',*,*,#13788,.T.);
#13791=ORIENTED_EDGE('',*,*,#13790,.F.);
#13793=ORIENTED_EDGE('',*,*,#13792,.F.);
#13794=EDGE_LOOP('',(#13787,#13789,#13791,#13793));
#13795=FACE_BOUND('',#13794,.F.);
#13797=ORIENTED_EDGE('',*,*,#13796,.T.);
#13799=ORIENTED_EDGE('',*,*,#13798,.T.);
#13801=ORIENTED_EDGE('',*,*,#13800,.F.);
#13803=ORIENTED_EDGE('',*,*,#13802,.F.);
#13804=EDGE_LOOP('',(#13797,#13799,#13801,#13803));
#13805=FACE_BOUND('',#13804,.F.);
#13807=ORIENTED_EDGE('',*,*,#13806,.T.);
#13809=ORIENTED_EDGE('',*,*,#13808,.T.);
#13811=ORIENTED_EDGE('',*,*,#13810,.F.);
#13813=ORIENTED_EDGE('',*,*,#13812,.F.);
#13814=EDGE_LOOP('',(#13807,#13809,#13811,#13813));
#13815=FACE_BOUND('',#13814,.F.);
#13817=ORIENTED_EDGE('',*,*,#13816,.T.);
#13819=ORIENTED_EDGE('',*,*,#13818,.T.);
#13821=ORIENTED_EDGE('',*,*,#13820,.F.);
#13823=ORIENTED_EDGE('',*,*,#13822,.F.);
#13824=EDGE_LOOP('',(#13817,#13819,#13821,#13823));
#13825=FACE_BOUND('',#13824,.F.);
#13827=ORIENTED_EDGE('',*,*,#13826,.T.);
#13829=ORIENTED_EDGE('',*,*,#13828,.T.);
#13831=ORIENTED_EDGE('',*,*,#13830,.F.);
#13833=ORIENTED_EDGE('',*,*,#13832,.F.);
#13834=EDGE_LOOP('',(#13827,#13829,#13831,#13833));
#13835=FACE_BOUND('',#13834,.F.);
#13837=ORIENTED_EDGE('',*,*,#13836,.T.);
#13839=ORIENTED_EDGE('',*,*,#13838,.T.);
#13841=ORIENTED_EDGE('',*,*,#13840,.F.);
#13843=ORIENTED_EDGE('',*,*,#13842,.F.);
#13844=EDGE_LOOP('',(#13837,#13839,#13841,#13843));
#13845=FACE_BOUND('',#13844,.F.);
#13847=ORIENTED_EDGE('',*,*,#13846,.T.);
#13849=ORIENTED_EDGE('',*,*,#13848,.T.);
#13851=ORIENTED_EDGE('',*,*,#13850,.F.);
#13853=ORIENTED_EDGE('',*,*,#13852,.F.);
#13854=EDGE_LOOP('',(#13847,#13849,#13851,#13853));
#13855=FACE_BOUND('',#13854,.F.);
#13857=ORIENTED_EDGE('',*,*,#13856,.T.);
#13859=ORIENTED_EDGE('',*,*,#13858,.T.);
#13861=ORIENTED_EDGE('',*,*,#13860,.F.);
#13863=ORIENTED_EDGE('',*,*,#13862,.F.);
#13864=EDGE_LOOP('',(#13857,#13859,#13861,#13863));
#13865=FACE_BOUND('',#13864,.F.);
#13867=ORIENTED_EDGE('',*,*,#13866,.T.);
#13869=ORIENTED_EDGE('',*,*,#13868,.T.);
#13871=ORIENTED_EDGE('',*,*,#13870,.F.);
#13873=ORIENTED_EDGE('',*,*,#13872,.F.);
#13874=EDGE_LOOP('',(#13867,#13869,#13871,#13873));
#13875=FACE_BOUND('',#13874,.F.);
#13876=ADVANCED_FACE('',(#13575,#13585,#13595,#13605,#13615,#13625,#13635,
#13645,#13655,#13665,#13675,#13685,#13695,#13705,#13715,#13725,#13735,#13745,
#13755,#13765,#13775,#13785,#13795,#13805,#13815,#13825,#13835,#13845,#13855,
#13865,#13875),#13566,.T.);
#13877=CARTESIAN_POINT('',(-8.E-1,3.675E-2,-2.95E-1));
#13878=DIRECTION('',(-1.E0,0.E0,0.E0));
#13879=DIRECTION('',(0.E0,0.E0,1.E0));
#13880=AXIS2_PLACEMENT_3D('',#13877,#13878,#13879);
#13881=PLANE('',#13880);
#13882=ORIENTED_EDGE('',*,*,#13568,.T.);
#13884=ORIENTED_EDGE('',*,*,#13883,.F.);
#13886=ORIENTED_EDGE('',*,*,#13885,.F.);
#13888=ORIENTED_EDGE('',*,*,#13887,.T.);
#13889=EDGE_LOOP('',(#13882,#13884,#13886,#13888));
#13890=FACE_OUTER_BOUND('',#13889,.F.);
#13891=ADVANCED_FACE('',(#13890),#13881,.F.);
#13892=CARTESIAN_POINT('',(-8.E-1,3.675E-2,-6.E-2));
#13893=DIRECTION('',(-7.071067811865E-1,0.E0,-7.071067811866E-1));
#13894=DIRECTION('',(-7.071067811866E-1,0.E0,7.071067811865E-1));
#13895=AXIS2_PLACEMENT_3D('',#13892,#13893,#13894);
#13896=PLANE('',#13895);
#13897=ORIENTED_EDGE('',*,*,#13883,.T.);
#13898=ORIENTED_EDGE('',*,*,#13557,.F.);
#13899=ORIENTED_EDGE('',*,*,#13398,.T.);
#13900=ORIENTED_EDGE('',*,*,#13523,.F.);
#13901=EDGE_LOOP('',(#13897,#13898,#13899,#13900));
#13902=FACE_OUTER_BOUND('',#13901,.F.);
#13903=ADVANCED_FACE('',(#13902),#13896,.F.);
#13904=CARTESIAN_POINT('',(-8.8E-1,3.675E-2,0.E0));
#13905=DIRECTION('',(0.E0,1.E0,0.E0));
#13906=DIRECTION('',(-1.E0,0.E0,0.E0));
#13907=AXIS2_PLACEMENT_3D('',#13904,#13905,#13906);
#13908=PLANE('',#13907);
#13909=ORIENTED_EDGE('',*,*,#13521,.T.);
#13911=ORIENTED_EDGE('',*,*,#13910,.T.);
#13913=ORIENTED_EDGE('',*,*,#13912,.T.);
#13914=ORIENTED_EDGE('',*,*,#13885,.T.);
#13915=EDGE_LOOP('',(#13909,#13911,#13913,#13914));
#13916=FACE_OUTER_BOUND('',#13915,.F.);
#13918=ORIENTED_EDGE('',*,*,#13917,.F.);
#13920=ORIENTED_EDGE('',*,*,#13919,.T.);
#13922=ORIENTED_EDGE('',*,*,#13921,.T.);
#13924=ORIENTED_EDGE('',*,*,#13923,.F.);
#13925=EDGE_LOOP('',(#13918,#13920,#13922,#13924));
#13926=FACE_BOUND('',#13925,.F.);
#13928=ORIENTED_EDGE('',*,*,#13927,.F.);
#13930=ORIENTED_EDGE('',*,*,#13929,.F.);
#13932=ORIENTED_EDGE('',*,*,#13931,.T.);
#13934=ORIENTED_EDGE('',*,*,#13933,.T.);
#13935=EDGE_LOOP('',(#13928,#13930,#13932,#13934));
#13936=FACE_BOUND('',#13935,.F.);
#13938=ORIENTED_EDGE('',*,*,#13937,.F.);
#13940=ORIENTED_EDGE('',*,*,#13939,.T.);
#13942=ORIENTED_EDGE('',*,*,#13941,.T.);
#13944=ORIENTED_EDGE('',*,*,#13943,.F.);
#13945=EDGE_LOOP('',(#13938,#13940,#13942,#13944));
#13946=FACE_BOUND('',#13945,.F.);
#13948=ORIENTED_EDGE('',*,*,#13947,.F.);
#13950=ORIENTED_EDGE('',*,*,#13949,.T.);
#13952=ORIENTED_EDGE('',*,*,#13951,.T.);
#13954=ORIENTED_EDGE('',*,*,#13953,.F.);
#13955=EDGE_LOOP('',(#13948,#13950,#13952,#13954));
#13956=FACE_BOUND('',#13955,.F.);
#13958=ORIENTED_EDGE('',*,*,#13957,.F.);
#13960=ORIENTED_EDGE('',*,*,#13959,.T.);
#13962=ORIENTED_EDGE('',*,*,#13961,.T.);
#13964=ORIENTED_EDGE('',*,*,#13963,.F.);
#13965=EDGE_LOOP('',(#13958,#13960,#13962,#13964));
#13966=FACE_BOUND('',#13965,.F.);
#13968=ORIENTED_EDGE('',*,*,#13967,.F.);
#13970=ORIENTED_EDGE('',*,*,#13969,.T.);
#13972=ORIENTED_EDGE('',*,*,#13971,.T.);
#13974=ORIENTED_EDGE('',*,*,#13973,.F.);
#13975=EDGE_LOOP('',(#13968,#13970,#13972,#13974));
#13976=FACE_BOUND('',#13975,.F.);
#13978=ORIENTED_EDGE('',*,*,#13977,.F.);
#13980=ORIENTED_EDGE('',*,*,#13979,.T.);
#13982=ORIENTED_EDGE('',*,*,#13981,.T.);
#13984=ORIENTED_EDGE('',*,*,#13983,.F.);
#13985=EDGE_LOOP('',(#13978,#13980,#13982,#13984));
#13986=FACE_BOUND('',#13985,.F.);
#13988=ORIENTED_EDGE('',*,*,#13987,.F.);
#13990=ORIENTED_EDGE('',*,*,#13989,.T.);
#13992=ORIENTED_EDGE('',*,*,#13991,.T.);
#13994=ORIENTED_EDGE('',*,*,#13993,.F.);
#13995=EDGE_LOOP('',(#13988,#13990,#13992,#13994));
#13996=FACE_BOUND('',#13995,.F.);
#13998=ORIENTED_EDGE('',*,*,#13997,.F.);
#14000=ORIENTED_EDGE('',*,*,#13999,.T.);
#14002=ORIENTED_EDGE('',*,*,#14001,.T.);
#14004=ORIENTED_EDGE('',*,*,#14003,.F.);
#14005=EDGE_LOOP('',(#13998,#14000,#14002,#14004));
#14006=FACE_BOUND('',#14005,.F.);
#14008=ORIENTED_EDGE('',*,*,#14007,.F.);
#14010=ORIENTED_EDGE('',*,*,#14009,.T.);
#14012=ORIENTED_EDGE('',*,*,#14011,.T.);
#14014=ORIENTED_EDGE('',*,*,#14013,.F.);
#14015=EDGE_LOOP('',(#14008,#14010,#14012,#14014));
#14016=FACE_BOUND('',#14015,.F.);
#14018=ORIENTED_EDGE('',*,*,#14017,.F.);
#14020=ORIENTED_EDGE('',*,*,#14019,.T.);
#14022=ORIENTED_EDGE('',*,*,#14021,.T.);
#14024=ORIENTED_EDGE('',*,*,#14023,.F.);
#14025=EDGE_LOOP('',(#14018,#14020,#14022,#14024));
#14026=FACE_BOUND('',#14025,.F.);
#14028=ORIENTED_EDGE('',*,*,#14027,.F.);
#14030=ORIENTED_EDGE('',*,*,#14029,.T.);
#14032=ORIENTED_EDGE('',*,*,#14031,.T.);
#14034=ORIENTED_EDGE('',*,*,#14033,.F.);
#14035=EDGE_LOOP('',(#14028,#14030,#14032,#14034));
#14036=FACE_BOUND('',#14035,.F.);
#14038=ORIENTED_EDGE('',*,*,#14037,.F.);
#14040=ORIENTED_EDGE('',*,*,#14039,.T.);
#14042=ORIENTED_EDGE('',*,*,#14041,.T.);
#14044=ORIENTED_EDGE('',*,*,#14043,.F.);
#14045=EDGE_LOOP('',(#14038,#14040,#14042,#14044));
#14046=FACE_BOUND('',#14045,.F.);
#14048=ORIENTED_EDGE('',*,*,#14047,.F.);
#14050=ORIENTED_EDGE('',*,*,#14049,.T.);
#14052=ORIENTED_EDGE('',*,*,#14051,.T.);
#14054=ORIENTED_EDGE('',*,*,#14053,.F.);
#14055=EDGE_LOOP('',(#14048,#14050,#14052,#14054));
#14056=FACE_BOUND('',#14055,.F.);
#14058=ORIENTED_EDGE('',*,*,#14057,.F.);
#14060=ORIENTED_EDGE('',*,*,#14059,.T.);
#14062=ORIENTED_EDGE('',*,*,#14061,.T.);
#14064=ORIENTED_EDGE('',*,*,#14063,.F.);
#14065=EDGE_LOOP('',(#14058,#14060,#14062,#14064));
#14066=FACE_BOUND('',#14065,.F.);
#14068=ORIENTED_EDGE('',*,*,#14067,.F.);
#14070=ORIENTED_EDGE('',*,*,#14069,.T.);
#14072=ORIENTED_EDGE('',*,*,#14071,.T.);
#14074=ORIENTED_EDGE('',*,*,#14073,.F.);
#14075=EDGE_LOOP('',(#14068,#14070,#14072,#14074));
#14076=FACE_BOUND('',#14075,.F.);
#14078=ORIENTED_EDGE('',*,*,#14077,.F.);
#14080=ORIENTED_EDGE('',*,*,#14079,.T.);
#14082=ORIENTED_EDGE('',*,*,#14081,.T.);
#14084=ORIENTED_EDGE('',*,*,#14083,.F.);
#14085=EDGE_LOOP('',(#14078,#14080,#14082,#14084));
#14086=FACE_BOUND('',#14085,.F.);
#14088=ORIENTED_EDGE('',*,*,#14087,.F.);
#14090=ORIENTED_EDGE('',*,*,#14089,.T.);
#14092=ORIENTED_EDGE('',*,*,#14091,.T.);
#14094=ORIENTED_EDGE('',*,*,#14093,.F.);
#14095=EDGE_LOOP('',(#14088,#14090,#14092,#14094));
#14096=FACE_BOUND('',#14095,.F.);
#14098=ORIENTED_EDGE('',*,*,#14097,.F.);
#14100=ORIENTED_EDGE('',*,*,#14099,.T.);
#14102=ORIENTED_EDGE('',*,*,#14101,.T.);
#14104=ORIENTED_EDGE('',*,*,#14103,.F.);
#14105=EDGE_LOOP('',(#14098,#14100,#14102,#14104));
#14106=FACE_BOUND('',#14105,.F.);
#14108=ORIENTED_EDGE('',*,*,#14107,.F.);
#14110=ORIENTED_EDGE('',*,*,#14109,.T.);
#14112=ORIENTED_EDGE('',*,*,#14111,.T.);
#14114=ORIENTED_EDGE('',*,*,#14113,.F.);
#14115=EDGE_LOOP('',(#14108,#14110,#14112,#14114));
#14116=FACE_BOUND('',#14115,.F.);
#14118=ORIENTED_EDGE('',*,*,#14117,.F.);
#14120=ORIENTED_EDGE('',*,*,#14119,.T.);
#14122=ORIENTED_EDGE('',*,*,#14121,.T.);
#14124=ORIENTED_EDGE('',*,*,#14123,.F.);
#14125=EDGE_LOOP('',(#14118,#14120,#14122,#14124));
#14126=FACE_BOUND('',#14125,.F.);
#14128=ORIENTED_EDGE('',*,*,#14127,.F.);
#14130=ORIENTED_EDGE('',*,*,#14129,.T.);
#14132=ORIENTED_EDGE('',*,*,#14131,.T.);
#14134=ORIENTED_EDGE('',*,*,#14133,.F.);
#14135=EDGE_LOOP('',(#14128,#14130,#14132,#14134));
#14136=FACE_BOUND('',#14135,.F.);
#14138=ORIENTED_EDGE('',*,*,#14137,.F.);
#14140=ORIENTED_EDGE('',*,*,#14139,.T.);
#14142=ORIENTED_EDGE('',*,*,#14141,.T.);
#14144=ORIENTED_EDGE('',*,*,#14143,.F.);
#14145=EDGE_LOOP('',(#14138,#14140,#14142,#14144));
#14146=FACE_BOUND('',#14145,.F.);
#14148=ORIENTED_EDGE('',*,*,#14147,.F.);
#14150=ORIENTED_EDGE('',*,*,#14149,.T.);
#14152=ORIENTED_EDGE('',*,*,#14151,.T.);
#14154=ORIENTED_EDGE('',*,*,#14153,.F.);
#14155=EDGE_LOOP('',(#14148,#14150,#14152,#14154));
#14156=FACE_BOUND('',#14155,.F.);
#14158=ORIENTED_EDGE('',*,*,#14157,.F.);
#14160=ORIENTED_EDGE('',*,*,#14159,.T.);
#14162=ORIENTED_EDGE('',*,*,#14161,.T.);
#14164=ORIENTED_EDGE('',*,*,#14163,.F.);
#14165=EDGE_LOOP('',(#14158,#14160,#14162,#14164));
#14166=FACE_BOUND('',#14165,.F.);
#14168=ORIENTED_EDGE('',*,*,#14167,.F.);
#14170=ORIENTED_EDGE('',*,*,#14169,.T.);
#14172=ORIENTED_EDGE('',*,*,#14171,.T.);
#14174=ORIENTED_EDGE('',*,*,#14173,.F.);
#14175=EDGE_LOOP('',(#14168,#14170,#14172,#14174));
#14176=FACE_BOUND('',#14175,.F.);
#14178=ORIENTED_EDGE('',*,*,#14177,.F.);
#14180=ORIENTED_EDGE('',*,*,#14179,.T.);
#14182=ORIENTED_EDGE('',*,*,#14181,.T.);
#14184=ORIENTED_EDGE('',*,*,#14183,.F.);
#14185=EDGE_LOOP('',(#14178,#14180,#14182,#14184));
#14186=FACE_BOUND('',#14185,.F.);
#14188=ORIENTED_EDGE('',*,*,#14187,.F.);
#14190=ORIENTED_EDGE('',*,*,#14189,.T.);
#14192=ORIENTED_EDGE('',*,*,#14191,.T.);
#14194=ORIENTED_EDGE('',*,*,#14193,.F.);
#14195=EDGE_LOOP('',(#14188,#14190,#14192,#14194));
#14196=FACE_BOUND('',#14195,.F.);
#14198=ORIENTED_EDGE('',*,*,#14197,.F.);
#14200=ORIENTED_EDGE('',*,*,#14199,.T.);
#14202=ORIENTED_EDGE('',*,*,#14201,.T.);
#14204=ORIENTED_EDGE('',*,*,#14203,.F.);
#14205=EDGE_LOOP('',(#14198,#14200,#14202,#14204));
#14206=FACE_BOUND('',#14205,.F.);
#14208=ORIENTED_EDGE('',*,*,#14207,.F.);
#14210=ORIENTED_EDGE('',*,*,#14209,.T.);
#14212=ORIENTED_EDGE('',*,*,#14211,.T.);
#14214=ORIENTED_EDGE('',*,*,#14213,.F.);
#14215=EDGE_LOOP('',(#14208,#14210,#14212,#14214));
#14216=FACE_BOUND('',#14215,.F.);
#14217=ADVANCED_FACE('',(#13916,#13926,#13936,#13946,#13956,#13966,#13976,
#13986,#13996,#14006,#14016,#14026,#14036,#14046,#14056,#14066,#14076,#14086,
#14096,#14106,#14116,#14126,#14136,#14146,#14156,#14166,#14176,#14186,#14196,
#14206,#14216),#13908,.F.);
#14218=CARTESIAN_POINT('',(8.E-1,3.675E-2,-6.E-2));
#14219=DIRECTION('',(1.E0,0.E0,0.E0));
#14220=DIRECTION('',(0.E0,0.E0,-1.E0));
#14221=AXIS2_PLACEMENT_3D('',#14218,#14219,#14220);
#14222=PLANE('',#14221);
#14223=ORIENTED_EDGE('',*,*,#13572,.T.);
#14225=ORIENTED_EDGE('',*,*,#14224,.F.);
#14226=ORIENTED_EDGE('',*,*,#13910,.F.);
#14227=ORIENTED_EDGE('',*,*,#13542,.T.);
#14228=EDGE_LOOP('',(#14223,#14225,#14226,#14227));
#14229=FACE_OUTER_BOUND('',#14228,.F.);
#14230=ADVANCED_FACE('',(#14229),#14222,.F.);
#14231=CARTESIAN_POINT('',(8.E-1,3.675E-2,-2.95E-1));
#14232=DIRECTION('',(0.E0,0.E0,-1.E0));
#14233=DIRECTION('',(-1.E0,0.E0,0.E0));
#14234=AXIS2_PLACEMENT_3D('',#14231,#14232,#14233);
#14235=PLANE('',#14234);
#14236=ORIENTED_EDGE('',*,*,#13912,.F.);
#14237=ORIENTED_EDGE('',*,*,#14224,.T.);
#14238=ORIENTED_EDGE('',*,*,#13570,.T.);
#14239=ORIENTED_EDGE('',*,*,#13887,.F.);
#14240=EDGE_LOOP('',(#14236,#14237,#14238,#14239));
#14241=FACE_OUTER_BOUND('',#14240,.F.);
#14242=ADVANCED_FACE('',(#14241),#14235,.F.);
#14243=CARTESIAN_POINT('',(-7.26E-1,0.E0,0.E0));
#14244=DIRECTION('',(1.E0,0.E0,0.E0));
#14245=DIRECTION('',(0.E0,1.E0,0.E0));
#14246=AXIS2_PLACEMENT_3D('',#14243,#14244,#14245);
#14247=PLANE('',#14246);
#14249=ORIENTED_EDGE('',*,*,#14248,.T.);
#14250=ORIENTED_EDGE('',*,*,#13917,.T.);
#14252=ORIENTED_EDGE('',*,*,#14251,.T.);
#14253=ORIENTED_EDGE('',*,*,#13929,.T.);
#14254=EDGE_LOOP('',(#14249,#14250,#14252,#14253));
#14255=FACE_OUTER_BOUND('',#14254,.F.);
#14256=ADVANCED_FACE('',(#14255),#14247,.F.);
#14257=CARTESIAN_POINT('',(-7.26E-1,0.E0,0.E0));
#14258=DIRECTION('',(1.E0,0.E0,0.E0));
#14259=DIRECTION('',(0.E0,1.E0,0.E0));
#14260=AXIS2_PLACEMENT_3D('',#14257,#14258,#14259);
#14261=PLANE('',#14260);
#14263=ORIENTED_EDGE('',*,*,#14262,.T.);
#14264=ORIENTED_EDGE('',*,*,#13592,.F.);
#14266=ORIENTED_EDGE('',*,*,#14265,.T.);
#14267=ORIENTED_EDGE('',*,*,#13576,.F.);
#14268=EDGE_LOOP('',(#14263,#14264,#14266,#14267));
#14269=FACE_OUTER_BOUND('',#14268,.F.);
#14270=ADVANCED_FACE('',(#14269),#14261,.F.);
#14271=CARTESIAN_POINT('',(-7.26E-1,9.6E-2,-1.4E-1));
#14272=DIRECTION('',(1.E0,0.E0,0.E0));
#14273=DIRECTION('',(0.E0,1.E0,0.E0));
#14274=AXIS2_PLACEMENT_3D('',#14271,#14272,#14273);
#14275=CYLINDRICAL_SURFACE('',#14274,8.5E-2);
#14276=ORIENTED_EDGE('',*,*,#14248,.F.);
#14277=ORIENTED_EDGE('',*,*,#13927,.T.);
#14279=ORIENTED_EDGE('',*,*,#14278,.T.);
#14280=ORIENTED_EDGE('',*,*,#13919,.F.);
#14281=EDGE_LOOP('',(#14276,#14277,#14279,#14280));
#14282=FACE_OUTER_BOUND('',#14281,.F.);
#14283=ADVANCED_FACE('',(#14282),#14275,.T.);
#14284=CARTESIAN_POINT('',(-6.74E-1,0.E0,0.E0));
#14285=DIRECTION('',(1.E0,0.E0,0.E0));
#14286=DIRECTION('',(0.E0,1.E0,0.E0));
#14287=AXIS2_PLACEMENT_3D('',#14284,#14285,#14286);
#14288=PLANE('',#14287);
#14289=ORIENTED_EDGE('',*,*,#14278,.F.);
#14290=ORIENTED_EDGE('',*,*,#13933,.F.);
#14292=ORIENTED_EDGE('',*,*,#14291,.F.);
#14293=ORIENTED_EDGE('',*,*,#13921,.F.);
#14294=EDGE_LOOP('',(#14289,#14290,#14292,#14293));
#14295=FACE_OUTER_BOUND('',#14294,.F.);
#14296=ADVANCED_FACE('',(#14295),#14288,.T.);
#14297=CARTESIAN_POINT('',(-6.74E-1,0.E0,0.E0));
#14298=DIRECTION('',(1.E0,0.E0,0.E0));
#14299=DIRECTION('',(0.E0,1.E0,0.E0));
#14300=AXIS2_PLACEMENT_3D('',#14297,#14298,#14299);
#14301=PLANE('',#14300);
#14303=ORIENTED_EDGE('',*,*,#14302,.F.);
#14304=ORIENTED_EDGE('',*,*,#13580,.T.);
#14306=ORIENTED_EDGE('',*,*,#14305,.F.);
#14307=ORIENTED_EDGE('',*,*,#13588,.T.);
#14308=EDGE_LOOP('',(#14303,#14304,#14306,#14307));
#14309=FACE_OUTER_BOUND('',#14308,.F.);
#14310=ADVANCED_FACE('',(#14309),#14301,.T.);
#14311=CARTESIAN_POINT('',(-7.26E-1,9.6E-2,-1.4E-1));
#14312=DIRECTION('',(1.E0,0.E0,0.E0));
#14313=DIRECTION('',(0.E0,1.E0,0.E0));
#14314=AXIS2_PLACEMENT_3D('',#14311,#14312,#14313);
#14315=CYLINDRICAL_SURFACE('',#14314,7.15E-2);
#14316=ORIENTED_EDGE('',*,*,#13931,.F.);
#14317=ORIENTED_EDGE('',*,*,#14251,.F.);
#14318=ORIENTED_EDGE('',*,*,#13923,.T.);
#14319=ORIENTED_EDGE('',*,*,#14291,.T.);
#14320=EDGE_LOOP('',(#14316,#14317,#14318,#14319));
#14321=FACE_OUTER_BOUND('',#14320,.F.);
#14322=ADVANCED_FACE('',(#14321),#14315,.F.);
#14323=CARTESIAN_POINT('',(-7.26E-1,-9.6E-2,-1.4E-1));
#14324=DIRECTION('',(1.E0,0.E0,0.E0));
#14325=DIRECTION('',(0.E0,1.E0,0.E0));
#14326=AXIS2_PLACEMENT_3D('',#14323,#14324,#14325);
#14327=CYLINDRICAL_SURFACE('',#14326,8.5E-2);
#14328=ORIENTED_EDGE('',*,*,#14262,.F.);
#14329=ORIENTED_EDGE('',*,*,#13582,.T.);
#14330=ORIENTED_EDGE('',*,*,#14302,.T.);
#14331=ORIENTED_EDGE('',*,*,#13586,.F.);
#14332=EDGE_LOOP('',(#14328,#14329,#14330,#14331));
#14333=FACE_OUTER_BOUND('',#14332,.F.);
#14334=ADVANCED_FACE('',(#14333),#14327,.T.);
#14335=CARTESIAN_POINT('',(-7.26E-1,-9.6E-2,-1.4E-1));
#14336=DIRECTION('',(1.E0,0.E0,0.E0));
#14337=DIRECTION('',(0.E0,1.E0,0.E0));
#14338=AXIS2_PLACEMENT_3D('',#14335,#14336,#14337);
#14339=CYLINDRICAL_SURFACE('',#14338,7.15E-2);
#14340=ORIENTED_EDGE('',*,*,#13578,.F.);
#14341=ORIENTED_EDGE('',*,*,#14265,.F.);
#14342=ORIENTED_EDGE('',*,*,#13590,.T.);
#14343=ORIENTED_EDGE('',*,*,#14305,.T.);
#14344=EDGE_LOOP('',(#14340,#14341,#14342,#14343));
#14345=FACE_OUTER_BOUND('',#14344,.F.);
#14346=ADVANCED_FACE('',(#14345),#14339,.F.);
#14347=CARTESIAN_POINT('',(-6.26E-1,0.E0,0.E0));
#14348=DIRECTION('',(1.E0,0.E0,0.E0));
#14349=DIRECTION('',(0.E0,1.E0,0.E0));
#14350=AXIS2_PLACEMENT_3D('',#14347,#14348,#14349);
#14351=PLANE('',#14350);
#14353=ORIENTED_EDGE('',*,*,#14352,.T.);
#14354=ORIENTED_EDGE('',*,*,#13937,.T.);
#14356=ORIENTED_EDGE('',*,*,#14355,.T.);
#14357=ORIENTED_EDGE('',*,*,#13947,.T.);
#14358=EDGE_LOOP('',(#14353,#14354,#14356,#14357));
#14359=FACE_OUTER_BOUND('',#14358,.F.);
#14360=ADVANCED_FACE('',(#14359),#14351,.F.);
#14361=CARTESIAN_POINT('',(-6.26E-1,0.E0,0.E0));
#14362=DIRECTION('',(1.E0,0.E0,0.E0));
#14363=DIRECTION('',(0.E0,1.E0,0.E0));
#14364=AXIS2_PLACEMENT_3D('',#14361,#14362,#14363);
#14365=PLANE('',#14364);
#14367=ORIENTED_EDGE('',*,*,#14366,.T.);
#14368=ORIENTED_EDGE('',*,*,#13606,.F.);
#14370=ORIENTED_EDGE('',*,*,#14369,.T.);
#14371=ORIENTED_EDGE('',*,*,#13596,.F.);
#14372=EDGE_LOOP('',(#14367,#14368,#14370,#14371));
#14373=FACE_OUTER_BOUND('',#14372,.F.);
#14374=ADVANCED_FACE('',(#14373),#14365,.F.);
#14375=CARTESIAN_POINT('',(-6.26E-1,9.6E-2,-1.4E-1));
#14376=DIRECTION('',(1.E0,0.E0,0.E0));
#14377=DIRECTION('',(0.E0,1.E0,0.E0));
#14378=AXIS2_PLACEMENT_3D('',#14375,#14376,#14377);
#14379=CYLINDRICAL_SURFACE('',#14378,8.5E-2);
#14380=ORIENTED_EDGE('',*,*,#14352,.F.);
#14381=ORIENTED_EDGE('',*,*,#13953,.T.);
#14383=ORIENTED_EDGE('',*,*,#14382,.T.);
#14384=ORIENTED_EDGE('',*,*,#13939,.F.);
#14385=EDGE_LOOP('',(#14380,#14381,#14383,#14384));
#14386=FACE_OUTER_BOUND('',#14385,.F.);
#14387=ADVANCED_FACE('',(#14386),#14379,.T.);
#14388=CARTESIAN_POINT('',(-5.74E-1,0.E0,0.E0));
#14389=DIRECTION('',(1.E0,0.E0,0.E0));
#14390=DIRECTION('',(0.E0,1.E0,0.E0));
#14391=AXIS2_PLACEMENT_3D('',#14388,#14389,#14390);
#14392=PLANE('',#14391);
#14393=ORIENTED_EDGE('',*,*,#14382,.F.);
#14394=ORIENTED_EDGE('',*,*,#13951,.F.);
#14396=ORIENTED_EDGE('',*,*,#14395,.F.);
#14397=ORIENTED_EDGE('',*,*,#13941,.F.);
#14398=EDGE_LOOP('',(#14393,#14394,#14396,#14397));
#14399=FACE_OUTER_BOUND('',#14398,.F.);
#14400=ADVANCED_FACE('',(#14399),#14392,.T.);
#14401=CARTESIAN_POINT('',(-5.74E-1,0.E0,0.E0));
#14402=DIRECTION('',(1.E0,0.E0,0.E0));
#14403=DIRECTION('',(0.E0,1.E0,0.E0));
#14404=AXIS2_PLACEMENT_3D('',#14401,#14402,#14403);
#14405=PLANE('',#14404);
#14407=ORIENTED_EDGE('',*,*,#14406,.F.);
#14408=ORIENTED_EDGE('',*,*,#13600,.T.);
#14410=ORIENTED_EDGE('',*,*,#14409,.F.);
#14411=ORIENTED_EDGE('',*,*,#13610,.T.);
#14412=EDGE_LOOP('',(#14407,#14408,#14410,#14411));
#14413=FACE_OUTER_BOUND('',#14412,.F.);
#14414=ADVANCED_FACE('',(#14413),#14405,.T.);
#14415=CARTESIAN_POINT('',(-6.26E-1,9.6E-2,-1.4E-1));
#14416=DIRECTION('',(1.E0,0.E0,0.E0));
#14417=DIRECTION('',(0.E0,1.E0,0.E0));
#14418=AXIS2_PLACEMENT_3D('',#14415,#14416,#14417);
#14419=CYLINDRICAL_SURFACE('',#14418,7.15E-2);
#14420=ORIENTED_EDGE('',*,*,#14355,.F.);
#14421=ORIENTED_EDGE('',*,*,#13943,.T.);
#14422=ORIENTED_EDGE('',*,*,#14395,.T.);
#14423=ORIENTED_EDGE('',*,*,#13949,.F.);
#14424=EDGE_LOOP('',(#14420,#14421,#14422,#14423));
#14425=FACE_OUTER_BOUND('',#14424,.F.);
#14426=ADVANCED_FACE('',(#14425),#14419,.F.);
#14427=CARTESIAN_POINT('',(-6.26E-1,-9.6E-2,-1.4E-1));
#14428=DIRECTION('',(1.E0,0.E0,0.E0));
#14429=DIRECTION('',(0.E0,1.E0,0.E0));
#14430=AXIS2_PLACEMENT_3D('',#14427,#14428,#14429);
#14431=CYLINDRICAL_SURFACE('',#14430,8.5E-2);
#14432=ORIENTED_EDGE('',*,*,#14366,.F.);
#14433=ORIENTED_EDGE('',*,*,#13602,.T.);
#14434=ORIENTED_EDGE('',*,*,#14406,.T.);
#14435=ORIENTED_EDGE('',*,*,#13608,.F.);
#14436=EDGE_LOOP('',(#14432,#14433,#14434,#14435));
#14437=FACE_OUTER_BOUND('',#14436,.F.);
#14438=ADVANCED_FACE('',(#14437),#14431,.T.);
#14439=CARTESIAN_POINT('',(-6.26E-1,-9.6E-2,-1.4E-1));
#14440=DIRECTION('',(1.E0,0.E0,0.E0));
#14441=DIRECTION('',(0.E0,1.E0,0.E0));
#14442=AXIS2_PLACEMENT_3D('',#14439,#14440,#14441);
#14443=CYLINDRICAL_SURFACE('',#14442,7.15E-2);
#14444=ORIENTED_EDGE('',*,*,#14369,.F.);
#14445=ORIENTED_EDGE('',*,*,#13612,.T.);
#14446=ORIENTED_EDGE('',*,*,#14409,.T.);
#14447=ORIENTED_EDGE('',*,*,#13598,.F.);
#14448=EDGE_LOOP('',(#14444,#14445,#14446,#14447));
#14449=FACE_OUTER_BOUND('',#14448,.F.);
#14450=ADVANCED_FACE('',(#14449),#14443,.F.);
#14451=CARTESIAN_POINT('',(-5.26E-1,0.E0,0.E0));
#14452=DIRECTION('',(1.E0,0.E0,0.E0));
#14453=DIRECTION('',(0.E0,1.E0,0.E0));
#14454=AXIS2_PLACEMENT_3D('',#14451,#14452,#14453);
#14455=PLANE('',#14454);
#14457=ORIENTED_EDGE('',*,*,#14456,.T.);
#14458=ORIENTED_EDGE('',*,*,#13957,.T.);
#14460=ORIENTED_EDGE('',*,*,#14459,.T.);
#14461=ORIENTED_EDGE('',*,*,#13967,.T.);
#14462=EDGE_LOOP('',(#14457,#14458,#14460,#14461));
#14463=FACE_OUTER_BOUND('',#14462,.F.);
#14464=ADVANCED_FACE('',(#14463),#14455,.F.);
#14465=CARTESIAN_POINT('',(-5.26E-1,0.E0,0.E0));
#14466=DIRECTION('',(1.E0,0.E0,0.E0));
#14467=DIRECTION('',(0.E0,1.E0,0.E0));
#14468=AXIS2_PLACEMENT_3D('',#14465,#14466,#14467);
#14469=PLANE('',#14468);
#14471=ORIENTED_EDGE('',*,*,#14470,.T.);
#14472=ORIENTED_EDGE('',*,*,#13626,.F.);
#14474=ORIENTED_EDGE('',*,*,#14473,.T.);
#14475=ORIENTED_EDGE('',*,*,#13616,.F.);
#14476=EDGE_LOOP('',(#14471,#14472,#14474,#14475));
#14477=FACE_OUTER_BOUND('',#14476,.F.);
#14478=ADVANCED_FACE('',(#14477),#14469,.F.);
#14479=CARTESIAN_POINT('',(-5.26E-1,9.6E-2,-1.4E-1));
#14480=DIRECTION('',(1.E0,0.E0,0.E0));
#14481=DIRECTION('',(0.E0,1.E0,0.E0));
#14482=AXIS2_PLACEMENT_3D('',#14479,#14480,#14481);
#14483=CYLINDRICAL_SURFACE('',#14482,8.5E-2);
#14484=ORIENTED_EDGE('',*,*,#14456,.F.);
#14485=ORIENTED_EDGE('',*,*,#13973,.T.);
#14487=ORIENTED_EDGE('',*,*,#14486,.T.);
#14488=ORIENTED_EDGE('',*,*,#13959,.F.);
#14489=EDGE_LOOP('',(#14484,#14485,#14487,#14488));
#14490=FACE_OUTER_BOUND('',#14489,.F.);
#14491=ADVANCED_FACE('',(#14490),#14483,.T.);
#14492=CARTESIAN_POINT('',(-4.74E-1,0.E0,0.E0));
#14493=DIRECTION('',(1.E0,0.E0,0.E0));
#14494=DIRECTION('',(0.E0,1.E0,0.E0));
#14495=AXIS2_PLACEMENT_3D('',#14492,#14493,#14494);
#14496=PLANE('',#14495);
#14497=ORIENTED_EDGE('',*,*,#14486,.F.);
#14498=ORIENTED_EDGE('',*,*,#13971,.F.);
#14500=ORIENTED_EDGE('',*,*,#14499,.F.);
#14501=ORIENTED_EDGE('',*,*,#13961,.F.);
#14502=EDGE_LOOP('',(#14497,#14498,#14500,#14501));
#14503=FACE_OUTER_BOUND('',#14502,.F.);
#14504=ADVANCED_FACE('',(#14503),#14496,.T.);
#14505=CARTESIAN_POINT('',(-4.74E-1,0.E0,0.E0));
#14506=DIRECTION('',(1.E0,0.E0,0.E0));
#14507=DIRECTION('',(0.E0,1.E0,0.E0));
#14508=AXIS2_PLACEMENT_3D('',#14505,#14506,#14507);
#14509=PLANE('',#14508);
#14511=ORIENTED_EDGE('',*,*,#14510,.F.);
#14512=ORIENTED_EDGE('',*,*,#13620,.T.);
#14514=ORIENTED_EDGE('',*,*,#14513,.F.);
#14515=ORIENTED_EDGE('',*,*,#13630,.T.);
#14516=EDGE_LOOP('',(#14511,#14512,#14514,#14515));
#14517=FACE_OUTER_BOUND('',#14516,.F.);
#14518=ADVANCED_FACE('',(#14517),#14509,.T.);
#14519=CARTESIAN_POINT('',(-5.26E-1,9.6E-2,-1.4E-1));
#14520=DIRECTION('',(1.E0,0.E0,0.E0));
#14521=DIRECTION('',(0.E0,1.E0,0.E0));
#14522=AXIS2_PLACEMENT_3D('',#14519,#14520,#14521);
#14523=CYLINDRICAL_SURFACE('',#14522,7.15E-2);
#14524=ORIENTED_EDGE('',*,*,#14459,.F.);
#14525=ORIENTED_EDGE('',*,*,#13963,.T.);
#14526=ORIENTED_EDGE('',*,*,#14499,.T.);
#14527=ORIENTED_EDGE('',*,*,#13969,.F.);
#14528=EDGE_LOOP('',(#14524,#14525,#14526,#14527));
#14529=FACE_OUTER_BOUND('',#14528,.F.);
#14530=ADVANCED_FACE('',(#14529),#14523,.F.);
#14531=CARTESIAN_POINT('',(-5.26E-1,-9.6E-2,-1.4E-1));
#14532=DIRECTION('',(1.E0,0.E0,0.E0));
#14533=DIRECTION('',(0.E0,1.E0,0.E0));
#14534=AXIS2_PLACEMENT_3D('',#14531,#14532,#14533);
#14535=CYLINDRICAL_SURFACE('',#14534,8.5E-2);
#14536=ORIENTED_EDGE('',*,*,#14470,.F.);
#14537=ORIENTED_EDGE('',*,*,#13622,.T.);
#14538=ORIENTED_EDGE('',*,*,#14510,.T.);
#14539=ORIENTED_EDGE('',*,*,#13628,.F.);
#14540=EDGE_LOOP('',(#14536,#14537,#14538,#14539));
#14541=FACE_OUTER_BOUND('',#14540,.F.);
#14542=ADVANCED_FACE('',(#14541),#14535,.T.);
#14543=CARTESIAN_POINT('',(-5.26E-1,-9.6E-2,-1.4E-1));
#14544=DIRECTION('',(1.E0,0.E0,0.E0));
#14545=DIRECTION('',(0.E0,1.E0,0.E0));
#14546=AXIS2_PLACEMENT_3D('',#14543,#14544,#14545);
#14547=CYLINDRICAL_SURFACE('',#14546,7.15E-2);
#14548=ORIENTED_EDGE('',*,*,#14473,.F.);
#14549=ORIENTED_EDGE('',*,*,#13632,.T.);
#14550=ORIENTED_EDGE('',*,*,#14513,.T.);
#14551=ORIENTED_EDGE('',*,*,#13618,.F.);
#14552=EDGE_LOOP('',(#14548,#14549,#14550,#14551));
#14553=FACE_OUTER_BOUND('',#14552,.F.);
#14554=ADVANCED_FACE('',(#14553),#14547,.F.);
#14555=CARTESIAN_POINT('',(-4.26E-1,0.E0,0.E0));
#14556=DIRECTION('',(1.E0,0.E0,0.E0));
#14557=DIRECTION('',(0.E0,1.E0,0.E0));
#14558=AXIS2_PLACEMENT_3D('',#14555,#14556,#14557);
#14559=PLANE('',#14558);
#14561=ORIENTED_EDGE('',*,*,#14560,.T.);
#14562=ORIENTED_EDGE('',*,*,#13977,.T.);
#14564=ORIENTED_EDGE('',*,*,#14563,.T.);
#14565=ORIENTED_EDGE('',*,*,#13987,.T.);
#14566=EDGE_LOOP('',(#14561,#14562,#14564,#14565));
#14567=FACE_OUTER_BOUND('',#14566,.F.);
#14568=ADVANCED_FACE('',(#14567),#14559,.F.);
#14569=CARTESIAN_POINT('',(-4.26E-1,0.E0,0.E0));
#14570=DIRECTION('',(1.E0,0.E0,0.E0));
#14571=DIRECTION('',(0.E0,1.E0,0.E0));
#14572=AXIS2_PLACEMENT_3D('',#14569,#14570,#14571);
#14573=PLANE('',#14572);
#14575=ORIENTED_EDGE('',*,*,#14574,.T.);
#14576=ORIENTED_EDGE('',*,*,#13646,.F.);
#14578=ORIENTED_EDGE('',*,*,#14577,.T.);
#14579=ORIENTED_EDGE('',*,*,#13636,.F.);
#14580=EDGE_LOOP('',(#14575,#14576,#14578,#14579));
#14581=FACE_OUTER_BOUND('',#14580,.F.);
#14582=ADVANCED_FACE('',(#14581),#14573,.F.);
#14583=CARTESIAN_POINT('',(-4.26E-1,9.6E-2,-1.4E-1));
#14584=DIRECTION('',(1.E0,0.E0,0.E0));
#14585=DIRECTION('',(0.E0,1.E0,0.E0));
#14586=AXIS2_PLACEMENT_3D('',#14583,#14584,#14585);
#14587=CYLINDRICAL_SURFACE('',#14586,8.5E-2);
#14588=ORIENTED_EDGE('',*,*,#14560,.F.);
#14589=ORIENTED_EDGE('',*,*,#13993,.T.);
#14591=ORIENTED_EDGE('',*,*,#14590,.T.);
#14592=ORIENTED_EDGE('',*,*,#13979,.F.);
#14593=EDGE_LOOP('',(#14588,#14589,#14591,#14592));
#14594=FACE_OUTER_BOUND('',#14593,.F.);
#14595=ADVANCED_FACE('',(#14594),#14587,.T.);
#14596=CARTESIAN_POINT('',(-3.74E-1,0.E0,0.E0));
#14597=DIRECTION('',(1.E0,0.E0,0.E0));
#14598=DIRECTION('',(0.E0,1.E0,0.E0));
#14599=AXIS2_PLACEMENT_3D('',#14596,#14597,#14598);
#14600=PLANE('',#14599);
#14601=ORIENTED_EDGE('',*,*,#14590,.F.);
#14602=ORIENTED_EDGE('',*,*,#13991,.F.);
#14604=ORIENTED_EDGE('',*,*,#14603,.F.);
#14605=ORIENTED_EDGE('',*,*,#13981,.F.);
#14606=EDGE_LOOP('',(#14601,#14602,#14604,#14605));
#14607=FACE_OUTER_BOUND('',#14606,.F.);
#14608=ADVANCED_FACE('',(#14607),#14600,.T.);
#14609=CARTESIAN_POINT('',(-3.74E-1,0.E0,0.E0));
#14610=DIRECTION('',(1.E0,0.E0,0.E0));
#14611=DIRECTION('',(0.E0,1.E0,0.E0));
#14612=AXIS2_PLACEMENT_3D('',#14609,#14610,#14611);
#14613=PLANE('',#14612);
#14615=ORIENTED_EDGE('',*,*,#14614,.F.);
#14616=ORIENTED_EDGE('',*,*,#13640,.T.);
#14618=ORIENTED_EDGE('',*,*,#14617,.F.);
#14619=ORIENTED_EDGE('',*,*,#13650,.T.);
#14620=EDGE_LOOP('',(#14615,#14616,#14618,#14619));
#14621=FACE_OUTER_BOUND('',#14620,.F.);
#14622=ADVANCED_FACE('',(#14621),#14613,.T.);
#14623=CARTESIAN_POINT('',(-4.26E-1,9.6E-2,-1.4E-1));
#14624=DIRECTION('',(1.E0,0.E0,0.E0));
#14625=DIRECTION('',(0.E0,1.E0,0.E0));
#14626=AXIS2_PLACEMENT_3D('',#14623,#14624,#14625);
#14627=CYLINDRICAL_SURFACE('',#14626,7.15E-2);
#14628=ORIENTED_EDGE('',*,*,#14563,.F.);
#14629=ORIENTED_EDGE('',*,*,#13983,.T.);
#14630=ORIENTED_EDGE('',*,*,#14603,.T.);
#14631=ORIENTED_EDGE('',*,*,#13989,.F.);
#14632=EDGE_LOOP('',(#14628,#14629,#14630,#14631));
#14633=FACE_OUTER_BOUND('',#14632,.F.);
#14634=ADVANCED_FACE('',(#14633),#14627,.F.);
#14635=CARTESIAN_POINT('',(-4.26E-1,-9.6E-2,-1.4E-1));
#14636=DIRECTION('',(1.E0,0.E0,0.E0));
#14637=DIRECTION('',(0.E0,1.E0,0.E0));
#14638=AXIS2_PLACEMENT_3D('',#14635,#14636,#14637);
#14639=CYLINDRICAL_SURFACE('',#14638,8.5E-2);
#14640=ORIENTED_EDGE('',*,*,#14574,.F.);
#14641=ORIENTED_EDGE('',*,*,#13642,.T.);
#14642=ORIENTED_EDGE('',*,*,#14614,.T.);
#14643=ORIENTED_EDGE('',*,*,#13648,.F.);
#14644=EDGE_LOOP('',(#14640,#14641,#14642,#14643));
#14645=FACE_OUTER_BOUND('',#14644,.F.);
#14646=ADVANCED_FACE('',(#14645),#14639,.T.);
#14647=CARTESIAN_POINT('',(-4.26E-1,-9.6E-2,-1.4E-1));
#14648=DIRECTION('',(1.E0,0.E0,0.E0));
#14649=DIRECTION('',(0.E0,1.E0,0.E0));
#14650=AXIS2_PLACEMENT_3D('',#14647,#14648,#14649);
#14651=CYLINDRICAL_SURFACE('',#14650,7.15E-2);
#14652=ORIENTED_EDGE('',*,*,#14577,.F.);
#14653=ORIENTED_EDGE('',*,*,#13652,.T.);
#14654=ORIENTED_EDGE('',*,*,#14617,.T.);
#14655=ORIENTED_EDGE('',*,*,#13638,.F.);
#14656=EDGE_LOOP('',(#14652,#14653,#14654,#14655));
#14657=FACE_OUTER_BOUND('',#14656,.F.);
#14658=ADVANCED_FACE('',(#14657),#14651,.F.);
#14659=CARTESIAN_POINT('',(-3.26E-1,0.E0,0.E0));
#14660=DIRECTION('',(1.E0,0.E0,0.E0));
#14661=DIRECTION('',(0.E0,1.E0,0.E0));
#14662=AXIS2_PLACEMENT_3D('',#14659,#14660,#14661);
#14663=PLANE('',#14662);
#14665=ORIENTED_EDGE('',*,*,#14664,.T.);
#14666=ORIENTED_EDGE('',*,*,#13997,.T.);
#14668=ORIENTED_EDGE('',*,*,#14667,.T.);
#14669=ORIENTED_EDGE('',*,*,#14007,.T.);
#14670=EDGE_LOOP('',(#14665,#14666,#14668,#14669));
#14671=FACE_OUTER_BOUND('',#14670,.F.);
#14672=ADVANCED_FACE('',(#14671),#14663,.F.);
#14673=CARTESIAN_POINT('',(-3.26E-1,0.E0,0.E0));
#14674=DIRECTION('',(1.E0,0.E0,0.E0));
#14675=DIRECTION('',(0.E0,1.E0,0.E0));
#14676=AXIS2_PLACEMENT_3D('',#14673,#14674,#14675);
#14677=PLANE('',#14676);
#14679=ORIENTED_EDGE('',*,*,#14678,.T.);
#14680=ORIENTED_EDGE('',*,*,#13666,.F.);
#14682=ORIENTED_EDGE('',*,*,#14681,.T.);
#14683=ORIENTED_EDGE('',*,*,#13656,.F.);
#14684=EDGE_LOOP('',(#14679,#14680,#14682,#14683));
#14685=FACE_OUTER_BOUND('',#14684,.F.);
#14686=ADVANCED_FACE('',(#14685),#14677,.F.);
#14687=CARTESIAN_POINT('',(-3.26E-1,9.6E-2,-1.4E-1));
#14688=DIRECTION('',(1.E0,0.E0,0.E0));
#14689=DIRECTION('',(0.E0,1.E0,0.E0));
#14690=AXIS2_PLACEMENT_3D('',#14687,#14688,#14689);
#14691=CYLINDRICAL_SURFACE('',#14690,8.5E-2);
#14692=ORIENTED_EDGE('',*,*,#14664,.F.);
#14693=ORIENTED_EDGE('',*,*,#14013,.T.);
#14695=ORIENTED_EDGE('',*,*,#14694,.T.);
#14696=ORIENTED_EDGE('',*,*,#13999,.F.);
#14697=EDGE_LOOP('',(#14692,#14693,#14695,#14696));
#14698=FACE_OUTER_BOUND('',#14697,.F.);
#14699=ADVANCED_FACE('',(#14698),#14691,.T.);
#14700=CARTESIAN_POINT('',(-2.74E-1,0.E0,0.E0));
#14701=DIRECTION('',(1.E0,0.E0,0.E0));
#14702=DIRECTION('',(0.E0,1.E0,0.E0));
#14703=AXIS2_PLACEMENT_3D('',#14700,#14701,#14702);
#14704=PLANE('',#14703);
#14705=ORIENTED_EDGE('',*,*,#14694,.F.);
#14706=ORIENTED_EDGE('',*,*,#14011,.F.);
#14708=ORIENTED_EDGE('',*,*,#14707,.F.);
#14709=ORIENTED_EDGE('',*,*,#14001,.F.);
#14710=EDGE_LOOP('',(#14705,#14706,#14708,#14709));
#14711=FACE_OUTER_BOUND('',#14710,.F.);
#14712=ADVANCED_FACE('',(#14711),#14704,.T.);
#14713=CARTESIAN_POINT('',(-2.74E-1,0.E0,0.E0));
#14714=DIRECTION('',(1.E0,0.E0,0.E0));
#14715=DIRECTION('',(0.E0,1.E0,0.E0));
#14716=AXIS2_PLACEMENT_3D('',#14713,#14714,#14715);
#14717=PLANE('',#14716);
#14719=ORIENTED_EDGE('',*,*,#14718,.F.);
#14720=ORIENTED_EDGE('',*,*,#13660,.T.);
#14722=ORIENTED_EDGE('',*,*,#14721,.F.);
#14723=ORIENTED_EDGE('',*,*,#13670,.T.);
#14724=EDGE_LOOP('',(#14719,#14720,#14722,#14723));
#14725=FACE_OUTER_BOUND('',#14724,.F.);
#14726=ADVANCED_FACE('',(#14725),#14717,.T.);
#14727=CARTESIAN_POINT('',(-3.26E-1,9.6E-2,-1.4E-1));
#14728=DIRECTION('',(1.E0,0.E0,0.E0));
#14729=DIRECTION('',(0.E0,1.E0,0.E0));
#14730=AXIS2_PLACEMENT_3D('',#14727,#14728,#14729);
#14731=CYLINDRICAL_SURFACE('',#14730,7.15E-2);
#14732=ORIENTED_EDGE('',*,*,#14667,.F.);
#14733=ORIENTED_EDGE('',*,*,#14003,.T.);
#14734=ORIENTED_EDGE('',*,*,#14707,.T.);
#14735=ORIENTED_EDGE('',*,*,#14009,.F.);
#14736=EDGE_LOOP('',(#14732,#14733,#14734,#14735));
#14737=FACE_OUTER_BOUND('',#14736,.F.);
#14738=ADVANCED_FACE('',(#14737),#14731,.F.);
#14739=CARTESIAN_POINT('',(-3.26E-1,-9.6E-2,-1.4E-1));
#14740=DIRECTION('',(1.E0,0.E0,0.E0));
#14741=DIRECTION('',(0.E0,1.E0,0.E0));
#14742=AXIS2_PLACEMENT_3D('',#14739,#14740,#14741);
#14743=CYLINDRICAL_SURFACE('',#14742,8.5E-2);
#14744=ORIENTED_EDGE('',*,*,#14678,.F.);
#14745=ORIENTED_EDGE('',*,*,#13662,.T.);
#14746=ORIENTED_EDGE('',*,*,#14718,.T.);
#14747=ORIENTED_EDGE('',*,*,#13668,.F.);
#14748=EDGE_LOOP('',(#14744,#14745,#14746,#14747));
#14749=FACE_OUTER_BOUND('',#14748,.F.);
#14750=ADVANCED_FACE('',(#14749),#14743,.T.);
#14751=CARTESIAN_POINT('',(-3.26E-1,-9.6E-2,-1.4E-1));
#14752=DIRECTION('',(1.E0,0.E0,0.E0));
#14753=DIRECTION('',(0.E0,1.E0,0.E0));
#14754=AXIS2_PLACEMENT_3D('',#14751,#14752,#14753);
#14755=CYLINDRICAL_SURFACE('',#14754,7.15E-2);
#14756=ORIENTED_EDGE('',*,*,#14681,.F.);
#14757=ORIENTED_EDGE('',*,*,#13672,.T.);
#14758=ORIENTED_EDGE('',*,*,#14721,.T.);
#14759=ORIENTED_EDGE('',*,*,#13658,.F.);
#14760=EDGE_LOOP('',(#14756,#14757,#14758,#14759));
#14761=FACE_OUTER_BOUND('',#14760,.F.);
#14762=ADVANCED_FACE('',(#14761),#14755,.F.);
#14763=CARTESIAN_POINT('',(-2.26E-1,0.E0,0.E0));
#14764=DIRECTION('',(1.E0,0.E0,0.E0));
#14765=DIRECTION('',(0.E0,1.E0,0.E0));
#14766=AXIS2_PLACEMENT_3D('',#14763,#14764,#14765);
#14767=PLANE('',#14766);
#14769=ORIENTED_EDGE('',*,*,#14768,.T.);
#14770=ORIENTED_EDGE('',*,*,#14017,.T.);
#14772=ORIENTED_EDGE('',*,*,#14771,.T.);
#14773=ORIENTED_EDGE('',*,*,#14027,.T.);
#14774=EDGE_LOOP('',(#14769,#14770,#14772,#14773));
#14775=FACE_OUTER_BOUND('',#14774,.F.);
#14776=ADVANCED_FACE('',(#14775),#14767,.F.);
#14777=CARTESIAN_POINT('',(-2.26E-1,0.E0,0.E0));
#14778=DIRECTION('',(1.E0,0.E0,0.E0));
#14779=DIRECTION('',(0.E0,1.E0,0.E0));
#14780=AXIS2_PLACEMENT_3D('',#14777,#14778,#14779);
#14781=PLANE('',#14780);
#14783=ORIENTED_EDGE('',*,*,#14782,.T.);
#14784=ORIENTED_EDGE('',*,*,#13686,.F.);
#14786=ORIENTED_EDGE('',*,*,#14785,.T.);
#14787=ORIENTED_EDGE('',*,*,#13676,.F.);
#14788=EDGE_LOOP('',(#14783,#14784,#14786,#14787));
#14789=FACE_OUTER_BOUND('',#14788,.F.);
#14790=ADVANCED_FACE('',(#14789),#14781,.F.);
#14791=CARTESIAN_POINT('',(-2.26E-1,9.6E-2,-1.4E-1));
#14792=DIRECTION('',(1.E0,0.E0,0.E0));
#14793=DIRECTION('',(0.E0,1.E0,0.E0));
#14794=AXIS2_PLACEMENT_3D('',#14791,#14792,#14793);
#14795=CYLINDRICAL_SURFACE('',#14794,8.5E-2);
#14796=ORIENTED_EDGE('',*,*,#14768,.F.);
#14797=ORIENTED_EDGE('',*,*,#14033,.T.);
#14799=ORIENTED_EDGE('',*,*,#14798,.T.);
#14800=ORIENTED_EDGE('',*,*,#14019,.F.);
#14801=EDGE_LOOP('',(#14796,#14797,#14799,#14800));
#14802=FACE_OUTER_BOUND('',#14801,.F.);
#14803=ADVANCED_FACE('',(#14802),#14795,.T.);
#14804=CARTESIAN_POINT('',(-1.74E-1,0.E0,0.E0));
#14805=DIRECTION('',(1.E0,0.E0,0.E0));
#14806=DIRECTION('',(0.E0,1.E0,0.E0));
#14807=AXIS2_PLACEMENT_3D('',#14804,#14805,#14806);
#14808=PLANE('',#14807);
#14809=ORIENTED_EDGE('',*,*,#14798,.F.);
#14810=ORIENTED_EDGE('',*,*,#14031,.F.);
#14812=ORIENTED_EDGE('',*,*,#14811,.F.);
#14813=ORIENTED_EDGE('',*,*,#14021,.F.);
#14814=EDGE_LOOP('',(#14809,#14810,#14812,#14813));
#14815=FACE_OUTER_BOUND('',#14814,.F.);
#14816=ADVANCED_FACE('',(#14815),#14808,.T.);
#14817=CARTESIAN_POINT('',(-1.74E-1,0.E0,0.E0));
#14818=DIRECTION('',(1.E0,0.E0,0.E0));
#14819=DIRECTION('',(0.E0,1.E0,0.E0));
#14820=AXIS2_PLACEMENT_3D('',#14817,#14818,#14819);
#14821=PLANE('',#14820);
#14823=ORIENTED_EDGE('',*,*,#14822,.F.);
#14824=ORIENTED_EDGE('',*,*,#13680,.T.);
#14826=ORIENTED_EDGE('',*,*,#14825,.F.);
#14827=ORIENTED_EDGE('',*,*,#13690,.T.);
#14828=EDGE_LOOP('',(#14823,#14824,#14826,#14827));
#14829=FACE_OUTER_BOUND('',#14828,.F.);
#14830=ADVANCED_FACE('',(#14829),#14821,.T.);
#14831=CARTESIAN_POINT('',(-2.26E-1,9.6E-2,-1.4E-1));
#14832=DIRECTION('',(1.E0,0.E0,0.E0));
#14833=DIRECTION('',(0.E0,1.E0,0.E0));
#14834=AXIS2_PLACEMENT_3D('',#14831,#14832,#14833);
#14835=CYLINDRICAL_SURFACE('',#14834,7.15E-2);
#14836=ORIENTED_EDGE('',*,*,#14771,.F.);
#14837=ORIENTED_EDGE('',*,*,#14023,.T.);
#14838=ORIENTED_EDGE('',*,*,#14811,.T.);
#14839=ORIENTED_EDGE('',*,*,#14029,.F.);
#14840=EDGE_LOOP('',(#14836,#14837,#14838,#14839));
#14841=FACE_OUTER_BOUND('',#14840,.F.);
#14842=ADVANCED_FACE('',(#14841),#14835,.F.);
#14843=CARTESIAN_POINT('',(-2.26E-1,-9.6E-2,-1.4E-1));
#14844=DIRECTION('',(1.E0,0.E0,0.E0));
#14845=DIRECTION('',(0.E0,1.E0,0.E0));
#14846=AXIS2_PLACEMENT_3D('',#14843,#14844,#14845);
#14847=CYLINDRICAL_SURFACE('',#14846,8.5E-2);
#14848=ORIENTED_EDGE('',*,*,#14782,.F.);
#14849=ORIENTED_EDGE('',*,*,#13682,.T.);
#14850=ORIENTED_EDGE('',*,*,#14822,.T.);
#14851=ORIENTED_EDGE('',*,*,#13688,.F.);
#14852=EDGE_LOOP('',(#14848,#14849,#14850,#14851));
#14853=FACE_OUTER_BOUND('',#14852,.F.);
#14854=ADVANCED_FACE('',(#14853),#14847,.T.);
#14855=CARTESIAN_POINT('',(-2.26E-1,-9.6E-2,-1.4E-1));
#14856=DIRECTION('',(1.E0,0.E0,0.E0));
#14857=DIRECTION('',(0.E0,1.E0,0.E0));
#14858=AXIS2_PLACEMENT_3D('',#14855,#14856,#14857);
#14859=CYLINDRICAL_SURFACE('',#14858,7.15E-2);
#14860=ORIENTED_EDGE('',*,*,#14785,.F.);
#14861=ORIENTED_EDGE('',*,*,#13692,.T.);
#14862=ORIENTED_EDGE('',*,*,#14825,.T.);
#14863=ORIENTED_EDGE('',*,*,#13678,.F.);
#14864=EDGE_LOOP('',(#14860,#14861,#14862,#14863));
#14865=FACE_OUTER_BOUND('',#14864,.F.);
#14866=ADVANCED_FACE('',(#14865),#14859,.F.);
#14867=CARTESIAN_POINT('',(-1.26E-1,0.E0,0.E0));
#14868=DIRECTION('',(1.E0,0.E0,0.E0));
#14869=DIRECTION('',(0.E0,1.E0,0.E0));
#14870=AXIS2_PLACEMENT_3D('',#14867,#14868,#14869);
#14871=PLANE('',#14870);
#14873=ORIENTED_EDGE('',*,*,#14872,.T.);
#14874=ORIENTED_EDGE('',*,*,#14037,.T.);
#14876=ORIENTED_EDGE('',*,*,#14875,.T.);
#14877=ORIENTED_EDGE('',*,*,#14047,.T.);
#14878=EDGE_LOOP('',(#14873,#14874,#14876,#14877));
#14879=FACE_OUTER_BOUND('',#14878,.F.);
#14880=ADVANCED_FACE('',(#14879),#14871,.F.);
#14881=CARTESIAN_POINT('',(-1.26E-1,0.E0,0.E0));
#14882=DIRECTION('',(1.E0,0.E0,0.E0));
#14883=DIRECTION('',(0.E0,1.E0,0.E0));
#14884=AXIS2_PLACEMENT_3D('',#14881,#14882,#14883);
#14885=PLANE('',#14884);
#14887=ORIENTED_EDGE('',*,*,#14886,.T.);
#14888=ORIENTED_EDGE('',*,*,#13706,.F.);
#14890=ORIENTED_EDGE('',*,*,#14889,.T.);
#14891=ORIENTED_EDGE('',*,*,#13696,.F.);
#14892=EDGE_LOOP('',(#14887,#14888,#14890,#14891));
#14893=FACE_OUTER_BOUND('',#14892,.F.);
#14894=ADVANCED_FACE('',(#14893),#14885,.F.);
#14895=CARTESIAN_POINT('',(-1.26E-1,9.6E-2,-1.4E-1));
#14896=DIRECTION('',(1.E0,0.E0,0.E0));
#14897=DIRECTION('',(0.E0,1.E0,0.E0));
#14898=AXIS2_PLACEMENT_3D('',#14895,#14896,#14897);
#14899=CYLINDRICAL_SURFACE('',#14898,8.5E-2);
#14900=ORIENTED_EDGE('',*,*,#14872,.F.);
#14901=ORIENTED_EDGE('',*,*,#14053,.T.);
#14903=ORIENTED_EDGE('',*,*,#14902,.T.);
#14904=ORIENTED_EDGE('',*,*,#14039,.F.);
#14905=EDGE_LOOP('',(#14900,#14901,#14903,#14904));
#14906=FACE_OUTER_BOUND('',#14905,.F.);
#14907=ADVANCED_FACE('',(#14906),#14899,.T.);
#14908=CARTESIAN_POINT('',(-7.4E-2,0.E0,0.E0));
#14909=DIRECTION('',(1.E0,0.E0,0.E0));
#14910=DIRECTION('',(0.E0,1.E0,0.E0));
#14911=AXIS2_PLACEMENT_3D('',#14908,#14909,#14910);
#14912=PLANE('',#14911);
#14913=ORIENTED_EDGE('',*,*,#14902,.F.);
#14914=ORIENTED_EDGE('',*,*,#14051,.F.);
#14916=ORIENTED_EDGE('',*,*,#14915,.F.);
#14917=ORIENTED_EDGE('',*,*,#14041,.F.);
#14918=EDGE_LOOP('',(#14913,#14914,#14916,#14917));
#14919=FACE_OUTER_BOUND('',#14918,.F.);
#14920=ADVANCED_FACE('',(#14919),#14912,.T.);
#14921=CARTESIAN_POINT('',(-7.4E-2,0.E0,0.E0));
#14922=DIRECTION('',(1.E0,0.E0,0.E0));
#14923=DIRECTION('',(0.E0,1.E0,0.E0));
#14924=AXIS2_PLACEMENT_3D('',#14921,#14922,#14923);
#14925=PLANE('',#14924);
#14927=ORIENTED_EDGE('',*,*,#14926,.F.);
#14928=ORIENTED_EDGE('',*,*,#13700,.T.);
#14930=ORIENTED_EDGE('',*,*,#14929,.F.);
#14931=ORIENTED_EDGE('',*,*,#13710,.T.);
#14932=EDGE_LOOP('',(#14927,#14928,#14930,#14931));
#14933=FACE_OUTER_BOUND('',#14932,.F.);
#14934=ADVANCED_FACE('',(#14933),#14925,.T.);
#14935=CARTESIAN_POINT('',(-1.26E-1,9.6E-2,-1.4E-1));
#14936=DIRECTION('',(1.E0,0.E0,0.E0));
#14937=DIRECTION('',(0.E0,1.E0,0.E0));
#14938=AXIS2_PLACEMENT_3D('',#14935,#14936,#14937);
#14939=CYLINDRICAL_SURFACE('',#14938,7.15E-2);
#14940=ORIENTED_EDGE('',*,*,#14875,.F.);
#14941=ORIENTED_EDGE('',*,*,#14043,.T.);
#14942=ORIENTED_EDGE('',*,*,#14915,.T.);
#14943=ORIENTED_EDGE('',*,*,#14049,.F.);
#14944=EDGE_LOOP('',(#14940,#14941,#14942,#14943));
#14945=FACE_OUTER_BOUND('',#14944,.F.);
#14946=ADVANCED_FACE('',(#14945),#14939,.F.);
#14947=CARTESIAN_POINT('',(-1.26E-1,-9.6E-2,-1.4E-1));
#14948=DIRECTION('',(1.E0,0.E0,0.E0));
#14949=DIRECTION('',(0.E0,1.E0,0.E0));
#14950=AXIS2_PLACEMENT_3D('',#14947,#14948,#14949);
#14951=CYLINDRICAL_SURFACE('',#14950,8.5E-2);
#14952=ORIENTED_EDGE('',*,*,#14886,.F.);
#14953=ORIENTED_EDGE('',*,*,#13702,.T.);
#14954=ORIENTED_EDGE('',*,*,#14926,.T.);
#14955=ORIENTED_EDGE('',*,*,#13708,.F.);
#14956=EDGE_LOOP('',(#14952,#14953,#14954,#14955));
#14957=FACE_OUTER_BOUND('',#14956,.F.);
#14958=ADVANCED_FACE('',(#14957),#14951,.T.);
#14959=CARTESIAN_POINT('',(-1.26E-1,-9.6E-2,-1.4E-1));
#14960=DIRECTION('',(1.E0,0.E0,0.E0));
#14961=DIRECTION('',(0.E0,1.E0,0.E0));
#14962=AXIS2_PLACEMENT_3D('',#14959,#14960,#14961);
#14963=CYLINDRICAL_SURFACE('',#14962,7.15E-2);
#14964=ORIENTED_EDGE('',*,*,#14889,.F.);
#14965=ORIENTED_EDGE('',*,*,#13712,.T.);
#14966=ORIENTED_EDGE('',*,*,#14929,.T.);
#14967=ORIENTED_EDGE('',*,*,#13698,.F.);
#14968=EDGE_LOOP('',(#14964,#14965,#14966,#14967));
#14969=FACE_OUTER_BOUND('',#14968,.F.);
#14970=ADVANCED_FACE('',(#14969),#14963,.F.);
#14971=CARTESIAN_POINT('',(-2.6E-2,0.E0,0.E0));
#14972=DIRECTION('',(1.E0,0.E0,0.E0));
#14973=DIRECTION('',(0.E0,1.E0,0.E0));
#14974=AXIS2_PLACEMENT_3D('',#14971,#14972,#14973);
#14975=PLANE('',#14974);
#14977=ORIENTED_EDGE('',*,*,#14976,.T.);
#14978=ORIENTED_EDGE('',*,*,#14057,.T.);
#14980=ORIENTED_EDGE('',*,*,#14979,.T.);
#14981=ORIENTED_EDGE('',*,*,#14067,.T.);
#14982=EDGE_LOOP('',(#14977,#14978,#14980,#14981));
#14983=FACE_OUTER_BOUND('',#14982,.F.);
#14984=ADVANCED_FACE('',(#14983),#14975,.F.);
#14985=CARTESIAN_POINT('',(-2.6E-2,0.E0,0.E0));
#14986=DIRECTION('',(1.E0,0.E0,0.E0));
#14987=DIRECTION('',(0.E0,1.E0,0.E0));
#14988=AXIS2_PLACEMENT_3D('',#14985,#14986,#14987);
#14989=PLANE('',#14988);
#14991=ORIENTED_EDGE('',*,*,#14990,.T.);
#14992=ORIENTED_EDGE('',*,*,#13726,.F.);
#14994=ORIENTED_EDGE('',*,*,#14993,.T.);
#14995=ORIENTED_EDGE('',*,*,#13716,.F.);
#14996=EDGE_LOOP('',(#14991,#14992,#14994,#14995));
#14997=FACE_OUTER_BOUND('',#14996,.F.);
#14998=ADVANCED_FACE('',(#14997),#14989,.F.);
#14999=CARTESIAN_POINT('',(-2.6E-2,9.6E-2,-1.4E-1));
#15000=DIRECTION('',(1.E0,0.E0,0.E0));
#15001=DIRECTION('',(0.E0,1.E0,0.E0));
#15002=AXIS2_PLACEMENT_3D('',#14999,#15000,#15001);
#15003=CYLINDRICAL_SURFACE('',#15002,8.5E-2);
#15004=ORIENTED_EDGE('',*,*,#14976,.F.);
#15005=ORIENTED_EDGE('',*,*,#14073,.T.);
#15007=ORIENTED_EDGE('',*,*,#15006,.T.);
#15008=ORIENTED_EDGE('',*,*,#14059,.F.);
#15009=EDGE_LOOP('',(#15004,#15005,#15007,#15008));
#15010=FACE_OUTER_BOUND('',#15009,.F.);
#15011=ADVANCED_FACE('',(#15010),#15003,.T.);
#15012=CARTESIAN_POINT('',(2.6E-2,0.E0,0.E0));
#15013=DIRECTION('',(1.E0,0.E0,0.E0));
#15014=DIRECTION('',(0.E0,1.E0,0.E0));
#15015=AXIS2_PLACEMENT_3D('',#15012,#15013,#15014);
#15016=PLANE('',#15015);
#15017=ORIENTED_EDGE('',*,*,#15006,.F.);
#15018=ORIENTED_EDGE('',*,*,#14071,.F.);
#15020=ORIENTED_EDGE('',*,*,#15019,.F.);
#15021=ORIENTED_EDGE('',*,*,#14061,.F.);
#15022=EDGE_LOOP('',(#15017,#15018,#15020,#15021));
#15023=FACE_OUTER_BOUND('',#15022,.F.);
#15024=ADVANCED_FACE('',(#15023),#15016,.T.);
#15025=CARTESIAN_POINT('',(2.6E-2,0.E0,0.E0));
#15026=DIRECTION('',(1.E0,0.E0,0.E0));
#15027=DIRECTION('',(0.E0,1.E0,0.E0));
#15028=AXIS2_PLACEMENT_3D('',#15025,#15026,#15027);
#15029=PLANE('',#15028);
#15031=ORIENTED_EDGE('',*,*,#15030,.F.);
#15032=ORIENTED_EDGE('',*,*,#13720,.T.);
#15034=ORIENTED_EDGE('',*,*,#15033,.F.);
#15035=ORIENTED_EDGE('',*,*,#13730,.T.);
#15036=EDGE_LOOP('',(#15031,#15032,#15034,#15035));
#15037=FACE_OUTER_BOUND('',#15036,.F.);
#15038=ADVANCED_FACE('',(#15037),#15029,.T.);
#15039=CARTESIAN_POINT('',(-2.6E-2,9.6E-2,-1.4E-1));
#15040=DIRECTION('',(1.E0,0.E0,0.E0));
#15041=DIRECTION('',(0.E0,1.E0,0.E0));
#15042=AXIS2_PLACEMENT_3D('',#15039,#15040,#15041);
#15043=CYLINDRICAL_SURFACE('',#15042,7.15E-2);
#15044=ORIENTED_EDGE('',*,*,#14979,.F.);
#15045=ORIENTED_EDGE('',*,*,#14063,.T.);
#15046=ORIENTED_EDGE('',*,*,#15019,.T.);
#15047=ORIENTED_EDGE('',*,*,#14069,.F.);
#15048=EDGE_LOOP('',(#15044,#15045,#15046,#15047));
#15049=FACE_OUTER_BOUND('',#15048,.F.);
#15050=ADVANCED_FACE('',(#15049),#15043,.F.);
#15051=CARTESIAN_POINT('',(-2.6E-2,-9.6E-2,-1.4E-1));
#15052=DIRECTION('',(1.E0,0.E0,0.E0));
#15053=DIRECTION('',(0.E0,1.E0,0.E0));
#15054=AXIS2_PLACEMENT_3D('',#15051,#15052,#15053);
#15055=CYLINDRICAL_SURFACE('',#15054,8.5E-2);
#15056=ORIENTED_EDGE('',*,*,#14990,.F.);
#15057=ORIENTED_EDGE('',*,*,#13722,.T.);
#15058=ORIENTED_EDGE('',*,*,#15030,.T.);
#15059=ORIENTED_EDGE('',*,*,#13728,.F.);
#15060=EDGE_LOOP('',(#15056,#15057,#15058,#15059));
#15061=FACE_OUTER_BOUND('',#15060,.F.);
#15062=ADVANCED_FACE('',(#15061),#15055,.T.);
#15063=CARTESIAN_POINT('',(-2.6E-2,-9.6E-2,-1.4E-1));
#15064=DIRECTION('',(1.E0,0.E0,0.E0));
#15065=DIRECTION('',(0.E0,1.E0,0.E0));
#15066=AXIS2_PLACEMENT_3D('',#15063,#15064,#15065);
#15067=CYLINDRICAL_SURFACE('',#15066,7.15E-2);
#15068=ORIENTED_EDGE('',*,*,#14993,.F.);
#15069=ORIENTED_EDGE('',*,*,#13732,.T.);
#15070=ORIENTED_EDGE('',*,*,#15033,.T.);
#15071=ORIENTED_EDGE('',*,*,#13718,.F.);
#15072=EDGE_LOOP('',(#15068,#15069,#15070,#15071));
#15073=FACE_OUTER_BOUND('',#15072,.F.);
#15074=ADVANCED_FACE('',(#15073),#15067,.F.);
#15075=CARTESIAN_POINT('',(7.4E-2,0.E0,0.E0));
#15076=DIRECTION('',(1.E0,0.E0,0.E0));
#15077=DIRECTION('',(0.E0,1.E0,0.E0));
#15078=AXIS2_PLACEMENT_3D('',#15075,#15076,#15077);
#15079=PLANE('',#15078);
#15081=ORIENTED_EDGE('',*,*,#15080,.T.);
#15082=ORIENTED_EDGE('',*,*,#14077,.T.);
#15084=ORIENTED_EDGE('',*,*,#15083,.T.);
#15085=ORIENTED_EDGE('',*,*,#14087,.T.);
#15086=EDGE_LOOP('',(#15081,#15082,#15084,#15085));
#15087=FACE_OUTER_BOUND('',#15086,.F.);
#15088=ADVANCED_FACE('',(#15087),#15079,.F.);
#15089=CARTESIAN_POINT('',(7.4E-2,0.E0,0.E0));
#15090=DIRECTION('',(1.E0,0.E0,0.E0));
#15091=DIRECTION('',(0.E0,1.E0,0.E0));
#15092=AXIS2_PLACEMENT_3D('',#15089,#15090,#15091);
#15093=PLANE('',#15092);
#15095=ORIENTED_EDGE('',*,*,#15094,.T.);
#15096=ORIENTED_EDGE('',*,*,#13746,.F.);
#15098=ORIENTED_EDGE('',*,*,#15097,.T.);
#15099=ORIENTED_EDGE('',*,*,#13736,.F.);
#15100=EDGE_LOOP('',(#15095,#15096,#15098,#15099));
#15101=FACE_OUTER_BOUND('',#15100,.F.);
#15102=ADVANCED_FACE('',(#15101),#15093,.F.);
#15103=CARTESIAN_POINT('',(7.4E-2,9.6E-2,-1.4E-1));
#15104=DIRECTION('',(1.E0,0.E0,0.E0));
#15105=DIRECTION('',(0.E0,1.E0,0.E0));
#15106=AXIS2_PLACEMENT_3D('',#15103,#15104,#15105);
#15107=CYLINDRICAL_SURFACE('',#15106,8.5E-2);
#15108=ORIENTED_EDGE('',*,*,#15080,.F.);
#15109=ORIENTED_EDGE('',*,*,#14093,.T.);
#15111=ORIENTED_EDGE('',*,*,#15110,.T.);
#15112=ORIENTED_EDGE('',*,*,#14079,.F.);
#15113=EDGE_LOOP('',(#15108,#15109,#15111,#15112));
#15114=FACE_OUTER_BOUND('',#15113,.F.);
#15115=ADVANCED_FACE('',(#15114),#15107,.T.);
#15116=CARTESIAN_POINT('',(1.26E-1,0.E0,0.E0));
#15117=DIRECTION('',(1.E0,0.E0,0.E0));
#15118=DIRECTION('',(0.E0,1.E0,0.E0));
#15119=AXIS2_PLACEMENT_3D('',#15116,#15117,#15118);
#15120=PLANE('',#15119);
#15121=ORIENTED_EDGE('',*,*,#15110,.F.);
#15122=ORIENTED_EDGE('',*,*,#14091,.F.);
#15124=ORIENTED_EDGE('',*,*,#15123,.F.);
#15125=ORIENTED_EDGE('',*,*,#14081,.F.);
#15126=EDGE_LOOP('',(#15121,#15122,#15124,#15125));
#15127=FACE_OUTER_BOUND('',#15126,.F.);
#15128=ADVANCED_FACE('',(#15127),#15120,.T.);
#15129=CARTESIAN_POINT('',(1.26E-1,0.E0,0.E0));
#15130=DIRECTION('',(1.E0,0.E0,0.E0));
#15131=DIRECTION('',(0.E0,1.E0,0.E0));
#15132=AXIS2_PLACEMENT_3D('',#15129,#15130,#15131);
#15133=PLANE('',#15132);
#15135=ORIENTED_EDGE('',*,*,#15134,.F.);
#15136=ORIENTED_EDGE('',*,*,#13740,.T.);
#15138=ORIENTED_EDGE('',*,*,#15137,.F.);
#15139=ORIENTED_EDGE('',*,*,#13750,.T.);
#15140=EDGE_LOOP('',(#15135,#15136,#15138,#15139));
#15141=FACE_OUTER_BOUND('',#15140,.F.);
#15142=ADVANCED_FACE('',(#15141),#15133,.T.);
#15143=CARTESIAN_POINT('',(7.4E-2,9.6E-2,-1.4E-1));
#15144=DIRECTION('',(1.E0,0.E0,0.E0));
#15145=DIRECTION('',(0.E0,1.E0,0.E0));
#15146=AXIS2_PLACEMENT_3D('',#15143,#15144,#15145);
#15147=CYLINDRICAL_SURFACE('',#15146,7.15E-2);
#15148=ORIENTED_EDGE('',*,*,#15083,.F.);
#15149=ORIENTED_EDGE('',*,*,#14083,.T.);
#15150=ORIENTED_EDGE('',*,*,#15123,.T.);
#15151=ORIENTED_EDGE('',*,*,#14089,.F.);
#15152=EDGE_LOOP('',(#15148,#15149,#15150,#15151));
#15153=FACE_OUTER_BOUND('',#15152,.F.);
#15154=ADVANCED_FACE('',(#15153),#15147,.F.);
#15155=CARTESIAN_POINT('',(7.4E-2,-9.6E-2,-1.4E-1));
#15156=DIRECTION('',(1.E0,0.E0,0.E0));
#15157=DIRECTION('',(0.E0,1.E0,0.E0));
#15158=AXIS2_PLACEMENT_3D('',#15155,#15156,#15157);
#15159=CYLINDRICAL_SURFACE('',#15158,8.5E-2);
#15160=ORIENTED_EDGE('',*,*,#15094,.F.);
#15161=ORIENTED_EDGE('',*,*,#13742,.T.);
#15162=ORIENTED_EDGE('',*,*,#15134,.T.);
#15163=ORIENTED_EDGE('',*,*,#13748,.F.);
#15164=EDGE_LOOP('',(#15160,#15161,#15162,#15163));
#15165=FACE_OUTER_BOUND('',#15164,.F.);
#15166=ADVANCED_FACE('',(#15165),#15159,.T.);
#15167=CARTESIAN_POINT('',(7.4E-2,-9.6E-2,-1.4E-1));
#15168=DIRECTION('',(1.E0,0.E0,0.E0));
#15169=DIRECTION('',(0.E0,1.E0,0.E0));
#15170=AXIS2_PLACEMENT_3D('',#15167,#15168,#15169);
#15171=CYLINDRICAL_SURFACE('',#15170,7.15E-2);
#15172=ORIENTED_EDGE('',*,*,#15097,.F.);
#15173=ORIENTED_EDGE('',*,*,#13752,.T.);
#15174=ORIENTED_EDGE('',*,*,#15137,.T.);
#15175=ORIENTED_EDGE('',*,*,#13738,.F.);
#15176=EDGE_LOOP('',(#15172,#15173,#15174,#15175));
#15177=FACE_OUTER_BOUND('',#15176,.F.);
#15178=ADVANCED_FACE('',(#15177),#15171,.F.);
#15179=CARTESIAN_POINT('',(1.74E-1,0.E0,0.E0));
#15180=DIRECTION('',(1.E0,0.E0,0.E0));
#15181=DIRECTION('',(0.E0,1.E0,0.E0));
#15182=AXIS2_PLACEMENT_3D('',#15179,#15180,#15181);
#15183=PLANE('',#15182);
#15185=ORIENTED_EDGE('',*,*,#15184,.T.);
#15186=ORIENTED_EDGE('',*,*,#14097,.T.);
#15188=ORIENTED_EDGE('',*,*,#15187,.T.);
#15189=ORIENTED_EDGE('',*,*,#14107,.T.);
#15190=EDGE_LOOP('',(#15185,#15186,#15188,#15189));
#15191=FACE_OUTER_BOUND('',#15190,.F.);
#15192=ADVANCED_FACE('',(#15191),#15183,.F.);
#15193=CARTESIAN_POINT('',(1.74E-1,0.E0,0.E0));
#15194=DIRECTION('',(1.E0,0.E0,0.E0));
#15195=DIRECTION('',(0.E0,1.E0,0.E0));
#15196=AXIS2_PLACEMENT_3D('',#15193,#15194,#15195);
#15197=PLANE('',#15196);
#15199=ORIENTED_EDGE('',*,*,#15198,.T.);
#15200=ORIENTED_EDGE('',*,*,#13766,.F.);
#15202=ORIENTED_EDGE('',*,*,#15201,.T.);
#15203=ORIENTED_EDGE('',*,*,#13756,.F.);
#15204=EDGE_LOOP('',(#15199,#15200,#15202,#15203));
#15205=FACE_OUTER_BOUND('',#15204,.F.);
#15206=ADVANCED_FACE('',(#15205),#15197,.F.);
#15207=CARTESIAN_POINT('',(1.74E-1,9.6E-2,-1.4E-1));
#15208=DIRECTION('',(1.E0,0.E0,0.E0));
#15209=DIRECTION('',(0.E0,1.E0,0.E0));
#15210=AXIS2_PLACEMENT_3D('',#15207,#15208,#15209);
#15211=CYLINDRICAL_SURFACE('',#15210,8.5E-2);
#15212=ORIENTED_EDGE('',*,*,#15184,.F.);
#15213=ORIENTED_EDGE('',*,*,#14113,.T.);
#15215=ORIENTED_EDGE('',*,*,#15214,.T.);
#15216=ORIENTED_EDGE('',*,*,#14099,.F.);
#15217=EDGE_LOOP('',(#15212,#15213,#15215,#15216));
#15218=FACE_OUTER_BOUND('',#15217,.F.);
#15219=ADVANCED_FACE('',(#15218),#15211,.T.);
#15220=CARTESIAN_POINT('',(2.26E-1,0.E0,0.E0));
#15221=DIRECTION('',(1.E0,0.E0,0.E0));
#15222=DIRECTION('',(0.E0,1.E0,0.E0));
#15223=AXIS2_PLACEMENT_3D('',#15220,#15221,#15222);
#15224=PLANE('',#15223);
#15225=ORIENTED_EDGE('',*,*,#15214,.F.);
#15226=ORIENTED_EDGE('',*,*,#14111,.F.);
#15228=ORIENTED_EDGE('',*,*,#15227,.F.);
#15229=ORIENTED_EDGE('',*,*,#14101,.F.);
#15230=EDGE_LOOP('',(#15225,#15226,#15228,#15229));
#15231=FACE_OUTER_BOUND('',#15230,.F.);
#15232=ADVANCED_FACE('',(#15231),#15224,.T.);
#15233=CARTESIAN_POINT('',(2.26E-1,0.E0,0.E0));
#15234=DIRECTION('',(1.E0,0.E0,0.E0));
#15235=DIRECTION('',(0.E0,1.E0,0.E0));
#15236=AXIS2_PLACEMENT_3D('',#15233,#15234,#15235);
#15237=PLANE('',#15236);
#15239=ORIENTED_EDGE('',*,*,#15238,.F.);
#15240=ORIENTED_EDGE('',*,*,#13760,.T.);
#15242=ORIENTED_EDGE('',*,*,#15241,.F.);
#15243=ORIENTED_EDGE('',*,*,#13770,.T.);
#15244=EDGE_LOOP('',(#15239,#15240,#15242,#15243));
#15245=FACE_OUTER_BOUND('',#15244,.F.);
#15246=ADVANCED_FACE('',(#15245),#15237,.T.);
#15247=CARTESIAN_POINT('',(1.74E-1,9.6E-2,-1.4E-1));
#15248=DIRECTION('',(1.E0,0.E0,0.E0));
#15249=DIRECTION('',(0.E0,1.E0,0.E0));
#15250=AXIS2_PLACEMENT_3D('',#15247,#15248,#15249);
#15251=CYLINDRICAL_SURFACE('',#15250,7.15E-2);
#15252=ORIENTED_EDGE('',*,*,#15187,.F.);
#15253=ORIENTED_EDGE('',*,*,#14103,.T.);
#15254=ORIENTED_EDGE('',*,*,#15227,.T.);
#15255=ORIENTED_EDGE('',*,*,#14109,.F.);
#15256=EDGE_LOOP('',(#15252,#15253,#15254,#15255));
#15257=FACE_OUTER_BOUND('',#15256,.F.);
#15258=ADVANCED_FACE('',(#15257),#15251,.F.);
#15259=CARTESIAN_POINT('',(1.74E-1,-9.6E-2,-1.4E-1));
#15260=DIRECTION('',(1.E0,0.E0,0.E0));
#15261=DIRECTION('',(0.E0,1.E0,0.E0));
#15262=AXIS2_PLACEMENT_3D('',#15259,#15260,#15261);
#15263=CYLINDRICAL_SURFACE('',#15262,8.5E-2);
#15264=ORIENTED_EDGE('',*,*,#15198,.F.);
#15265=ORIENTED_EDGE('',*,*,#13762,.T.);
#15266=ORIENTED_EDGE('',*,*,#15238,.T.);
#15267=ORIENTED_EDGE('',*,*,#13768,.F.);
#15268=EDGE_LOOP('',(#15264,#15265,#15266,#15267));
#15269=FACE_OUTER_BOUND('',#15268,.F.);
#15270=ADVANCED_FACE('',(#15269),#15263,.T.);
#15271=CARTESIAN_POINT('',(1.74E-1,-9.6E-2,-1.4E-1));
#15272=DIRECTION('',(1.E0,0.E0,0.E0));
#15273=DIRECTION('',(0.E0,1.E0,0.E0));
#15274=AXIS2_PLACEMENT_3D('',#15271,#15272,#15273);
#15275=CYLINDRICAL_SURFACE('',#15274,7.15E-2);
#15276=ORIENTED_EDGE('',*,*,#15201,.F.);
#15277=ORIENTED_EDGE('',*,*,#13772,.T.);
#15278=ORIENTED_EDGE('',*,*,#15241,.T.);
#15279=ORIENTED_EDGE('',*,*,#13758,.F.);
#15280=EDGE_LOOP('',(#15276,#15277,#15278,#15279));
#15281=FACE_OUTER_BOUND('',#15280,.F.);
#15282=ADVANCED_FACE('',(#15281),#15275,.F.);
#15283=CARTESIAN_POINT('',(2.74E-1,0.E0,0.E0));
#15284=DIRECTION('',(1.E0,0.E0,0.E0));
#15285=DIRECTION('',(0.E0,1.E0,0.E0));
#15286=AXIS2_PLACEMENT_3D('',#15283,#15284,#15285);
#15287=PLANE('',#15286);
#15289=ORIENTED_EDGE('',*,*,#15288,.T.);
#15290=ORIENTED_EDGE('',*,*,#14117,.T.);
#15292=ORIENTED_EDGE('',*,*,#15291,.T.);
#15293=ORIENTED_EDGE('',*,*,#14127,.T.);
#15294=EDGE_LOOP('',(#15289,#15290,#15292,#15293));
#15295=FACE_OUTER_BOUND('',#15294,.F.);
#15296=ADVANCED_FACE('',(#15295),#15287,.F.);
#15297=CARTESIAN_POINT('',(2.74E-1,0.E0,0.E0));
#15298=DIRECTION('',(1.E0,0.E0,0.E0));
#15299=DIRECTION('',(0.E0,1.E0,0.E0));
#15300=AXIS2_PLACEMENT_3D('',#15297,#15298,#15299);
#15301=PLANE('',#15300);
#15303=ORIENTED_EDGE('',*,*,#15302,.T.);
#15304=ORIENTED_EDGE('',*,*,#13786,.F.);
#15306=ORIENTED_EDGE('',*,*,#15305,.T.);
#15307=ORIENTED_EDGE('',*,*,#13776,.F.);
#15308=EDGE_LOOP('',(#15303,#15304,#15306,#15307));
#15309=FACE_OUTER_BOUND('',#15308,.F.);
#15310=ADVANCED_FACE('',(#15309),#15301,.F.);
#15311=CARTESIAN_POINT('',(2.74E-1,9.6E-2,-1.4E-1));
#15312=DIRECTION('',(1.E0,0.E0,0.E0));
#15313=DIRECTION('',(0.E0,1.E0,0.E0));
#15314=AXIS2_PLACEMENT_3D('',#15311,#15312,#15313);
#15315=CYLINDRICAL_SURFACE('',#15314,8.5E-2);
#15316=ORIENTED_EDGE('',*,*,#15288,.F.);
#15317=ORIENTED_EDGE('',*,*,#14133,.T.);
#15319=ORIENTED_EDGE('',*,*,#15318,.T.);
#15320=ORIENTED_EDGE('',*,*,#14119,.F.);
#15321=EDGE_LOOP('',(#15316,#15317,#15319,#15320));
#15322=FACE_OUTER_BOUND('',#15321,.F.);
#15323=ADVANCED_FACE('',(#15322),#15315,.T.);
#15324=CARTESIAN_POINT('',(3.26E-1,0.E0,0.E0));
#15325=DIRECTION('',(1.E0,0.E0,0.E0));
#15326=DIRECTION('',(0.E0,1.E0,0.E0));
#15327=AXIS2_PLACEMENT_3D('',#15324,#15325,#15326);
#15328=PLANE('',#15327);
#15329=ORIENTED_EDGE('',*,*,#15318,.F.);
#15330=ORIENTED_EDGE('',*,*,#14131,.F.);
#15332=ORIENTED_EDGE('',*,*,#15331,.F.);
#15333=ORIENTED_EDGE('',*,*,#14121,.F.);
#15334=EDGE_LOOP('',(#15329,#15330,#15332,#15333));
#15335=FACE_OUTER_BOUND('',#15334,.F.);
#15336=ADVANCED_FACE('',(#15335),#15328,.T.);
#15337=CARTESIAN_POINT('',(3.26E-1,0.E0,0.E0));
#15338=DIRECTION('',(1.E0,0.E0,0.E0));
#15339=DIRECTION('',(0.E0,1.E0,0.E0));
#15340=AXIS2_PLACEMENT_3D('',#15337,#15338,#15339);
#15341=PLANE('',#15340);
#15343=ORIENTED_EDGE('',*,*,#15342,.F.);
#15344=ORIENTED_EDGE('',*,*,#13780,.T.);
#15346=ORIENTED_EDGE('',*,*,#15345,.F.);
#15347=ORIENTED_EDGE('',*,*,#13790,.T.);
#15348=EDGE_LOOP('',(#15343,#15344,#15346,#15347));
#15349=FACE_OUTER_BOUND('',#15348,.F.);
#15350=ADVANCED_FACE('',(#15349),#15341,.T.);
#15351=CARTESIAN_POINT('',(2.74E-1,9.6E-2,-1.4E-1));
#15352=DIRECTION('',(1.E0,0.E0,0.E0));
#15353=DIRECTION('',(0.E0,1.E0,0.E0));
#15354=AXIS2_PLACEMENT_3D('',#15351,#15352,#15353);
#15355=CYLINDRICAL_SURFACE('',#15354,7.15E-2);
#15356=ORIENTED_EDGE('',*,*,#15291,.F.);
#15357=ORIENTED_EDGE('',*,*,#14123,.T.);
#15358=ORIENTED_EDGE('',*,*,#15331,.T.);
#15359=ORIENTED_EDGE('',*,*,#14129,.F.);
#15360=EDGE_LOOP('',(#15356,#15357,#15358,#15359));
#15361=FACE_OUTER_BOUND('',#15360,.F.);
#15362=ADVANCED_FACE('',(#15361),#15355,.F.);
#15363=CARTESIAN_POINT('',(2.74E-1,-9.6E-2,-1.4E-1));
#15364=DIRECTION('',(1.E0,0.E0,0.E0));
#15365=DIRECTION('',(0.E0,1.E0,0.E0));
#15366=AXIS2_PLACEMENT_3D('',#15363,#15364,#15365);
#15367=CYLINDRICAL_SURFACE('',#15366,8.5E-2);
#15368=ORIENTED_EDGE('',*,*,#15302,.F.);
#15369=ORIENTED_EDGE('',*,*,#13782,.T.);
#15370=ORIENTED_EDGE('',*,*,#15342,.T.);
#15371=ORIENTED_EDGE('',*,*,#13788,.F.);
#15372=EDGE_LOOP('',(#15368,#15369,#15370,#15371));
#15373=FACE_OUTER_BOUND('',#15372,.F.);
#15374=ADVANCED_FACE('',(#15373),#15367,.T.);
#15375=CARTESIAN_POINT('',(2.74E-1,-9.6E-2,-1.4E-1));
#15376=DIRECTION('',(1.E0,0.E0,0.E0));
#15377=DIRECTION('',(0.E0,1.E0,0.E0));
#15378=AXIS2_PLACEMENT_3D('',#15375,#15376,#15377);
#15379=CYLINDRICAL_SURFACE('',#15378,7.15E-2);
#15380=ORIENTED_EDGE('',*,*,#15305,.F.);
#15381=ORIENTED_EDGE('',*,*,#13792,.T.);
#15382=ORIENTED_EDGE('',*,*,#15345,.T.);
#15383=ORIENTED_EDGE('',*,*,#13778,.F.);
#15384=EDGE_LOOP('',(#15380,#15381,#15382,#15383));
#15385=FACE_OUTER_BOUND('',#15384,.F.);
#15386=ADVANCED_FACE('',(#15385),#15379,.F.);
#15387=CARTESIAN_POINT('',(3.74E-1,0.E0,0.E0));
#15388=DIRECTION('',(1.E0,0.E0,0.E0));
#15389=DIRECTION('',(0.E0,1.E0,0.E0));
#15390=AXIS2_PLACEMENT_3D('',#15387,#15388,#15389);
#15391=PLANE('',#15390);
#15393=ORIENTED_EDGE('',*,*,#15392,.T.);
#15394=ORIENTED_EDGE('',*,*,#14137,.T.);
#15396=ORIENTED_EDGE('',*,*,#15395,.T.);
#15397=ORIENTED_EDGE('',*,*,#14147,.T.);
#15398=EDGE_LOOP('',(#15393,#15394,#15396,#15397));
#15399=FACE_OUTER_BOUND('',#15398,.F.);
#15400=ADVANCED_FACE('',(#15399),#15391,.F.);
#15401=CARTESIAN_POINT('',(3.74E-1,0.E0,0.E0));
#15402=DIRECTION('',(1.E0,0.E0,0.E0));
#15403=DIRECTION('',(0.E0,1.E0,0.E0));
#15404=AXIS2_PLACEMENT_3D('',#15401,#15402,#15403);
#15405=PLANE('',#15404);
#15407=ORIENTED_EDGE('',*,*,#15406,.T.);
#15408=ORIENTED_EDGE('',*,*,#13806,.F.);
#15410=ORIENTED_EDGE('',*,*,#15409,.T.);
#15411=ORIENTED_EDGE('',*,*,#13796,.F.);
#15412=EDGE_LOOP('',(#15407,#15408,#15410,#15411));
#15413=FACE_OUTER_BOUND('',#15412,.F.);
#15414=ADVANCED_FACE('',(#15413),#15405,.F.);
#15415=CARTESIAN_POINT('',(3.74E-1,9.6E-2,-1.4E-1));
#15416=DIRECTION('',(1.E0,0.E0,0.E0));
#15417=DIRECTION('',(0.E0,1.E0,0.E0));
#15418=AXIS2_PLACEMENT_3D('',#15415,#15416,#15417);
#15419=CYLINDRICAL_SURFACE('',#15418,8.5E-2);
#15420=ORIENTED_EDGE('',*,*,#15392,.F.);
#15421=ORIENTED_EDGE('',*,*,#14153,.T.);
#15423=ORIENTED_EDGE('',*,*,#15422,.T.);
#15424=ORIENTED_EDGE('',*,*,#14139,.F.);
#15425=EDGE_LOOP('',(#15420,#15421,#15423,#15424));
#15426=FACE_OUTER_BOUND('',#15425,.F.);
#15427=ADVANCED_FACE('',(#15426),#15419,.T.);
#15428=CARTESIAN_POINT('',(4.26E-1,0.E0,0.E0));
#15429=DIRECTION('',(1.E0,0.E0,0.E0));
#15430=DIRECTION('',(0.E0,1.E0,0.E0));
#15431=AXIS2_PLACEMENT_3D('',#15428,#15429,#15430);
#15432=PLANE('',#15431);
#15433=ORIENTED_EDGE('',*,*,#15422,.F.);
#15434=ORIENTED_EDGE('',*,*,#14151,.F.);
#15436=ORIENTED_EDGE('',*,*,#15435,.F.);
#15437=ORIENTED_EDGE('',*,*,#14141,.F.);
#15438=EDGE_LOOP('',(#15433,#15434,#15436,#15437));
#15439=FACE_OUTER_BOUND('',#15438,.F.);
#15440=ADVANCED_FACE('',(#15439),#15432,.T.);
#15441=CARTESIAN_POINT('',(4.26E-1,0.E0,0.E0));
#15442=DIRECTION('',(1.E0,0.E0,0.E0));
#15443=DIRECTION('',(0.E0,1.E0,0.E0));
#15444=AXIS2_PLACEMENT_3D('',#15441,#15442,#15443);
#15445=PLANE('',#15444);
#15447=ORIENTED_EDGE('',*,*,#15446,.F.);
#15448=ORIENTED_EDGE('',*,*,#13800,.T.);
#15450=ORIENTED_EDGE('',*,*,#15449,.F.);
#15451=ORIENTED_EDGE('',*,*,#13810,.T.);
#15452=EDGE_LOOP('',(#15447,#15448,#15450,#15451));
#15453=FACE_OUTER_BOUND('',#15452,.F.);
#15454=ADVANCED_FACE('',(#15453),#15445,.T.);
#15455=CARTESIAN_POINT('',(3.74E-1,9.6E-2,-1.4E-1));
#15456=DIRECTION('',(1.E0,0.E0,0.E0));
#15457=DIRECTION('',(0.E0,1.E0,0.E0));
#15458=AXIS2_PLACEMENT_3D('',#15455,#15456,#15457);
#15459=CYLINDRICAL_SURFACE('',#15458,7.15E-2);
#15460=ORIENTED_EDGE('',*,*,#15395,.F.);
#15461=ORIENTED_EDGE('',*,*,#14143,.T.);
#15462=ORIENTED_EDGE('',*,*,#15435,.T.);
#15463=ORIENTED_EDGE('',*,*,#14149,.F.);
#15464=EDGE_LOOP('',(#15460,#15461,#15462,#15463));
#15465=FACE_OUTER_BOUND('',#15464,.F.);
#15466=ADVANCED_FACE('',(#15465),#15459,.F.);
#15467=CARTESIAN_POINT('',(3.74E-1,-9.6E-2,-1.4E-1));
#15468=DIRECTION('',(1.E0,0.E0,0.E0));
#15469=DIRECTION('',(0.E0,1.E0,0.E0));
#15470=AXIS2_PLACEMENT_3D('',#15467,#15468,#15469);
#15471=CYLINDRICAL_SURFACE('',#15470,8.5E-2);
#15472=ORIENTED_EDGE('',*,*,#15406,.F.);
#15473=ORIENTED_EDGE('',*,*,#13802,.T.);
#15474=ORIENTED_EDGE('',*,*,#15446,.T.);
#15475=ORIENTED_EDGE('',*,*,#13808,.F.);
#15476=EDGE_LOOP('',(#15472,#15473,#15474,#15475));
#15477=FACE_OUTER_BOUND('',#15476,.F.);
#15478=ADVANCED_FACE('',(#15477),#15471,.T.);
#15479=CARTESIAN_POINT('',(3.74E-1,-9.6E-2,-1.4E-1));
#15480=DIRECTION('',(1.E0,0.E0,0.E0));
#15481=DIRECTION('',(0.E0,1.E0,0.E0));
#15482=AXIS2_PLACEMENT_3D('',#15479,#15480,#15481);
#15483=CYLINDRICAL_SURFACE('',#15482,7.15E-2);
#15484=ORIENTED_EDGE('',*,*,#15409,.F.);
#15485=ORIENTED_EDGE('',*,*,#13812,.T.);
#15486=ORIENTED_EDGE('',*,*,#15449,.T.);
#15487=ORIENTED_EDGE('',*,*,#13798,.F.);
#15488=EDGE_LOOP('',(#15484,#15485,#15486,#15487));
#15489=FACE_OUTER_BOUND('',#15488,.F.);
#15490=ADVANCED_FACE('',(#15489),#15483,.F.);
#15491=CARTESIAN_POINT('',(4.74E-1,0.E0,0.E0));
#15492=DIRECTION('',(1.E0,0.E0,0.E0));
#15493=DIRECTION('',(0.E0,1.E0,0.E0));
#15494=AXIS2_PLACEMENT_3D('',#15491,#15492,#15493);
#15495=PLANE('',#15494);
#15497=ORIENTED_EDGE('',*,*,#15496,.T.);
#15498=ORIENTED_EDGE('',*,*,#14157,.T.);
#15500=ORIENTED_EDGE('',*,*,#15499,.T.);
#15501=ORIENTED_EDGE('',*,*,#14167,.T.);
#15502=EDGE_LOOP('',(#15497,#15498,#15500,#15501));
#15503=FACE_OUTER_BOUND('',#15502,.F.);
#15504=ADVANCED_FACE('',(#15503),#15495,.F.);
#15505=CARTESIAN_POINT('',(4.74E-1,0.E0,0.E0));
#15506=DIRECTION('',(1.E0,0.E0,0.E0));
#15507=DIRECTION('',(0.E0,1.E0,0.E0));
#15508=AXIS2_PLACEMENT_3D('',#15505,#15506,#15507);
#15509=PLANE('',#15508);
#15511=ORIENTED_EDGE('',*,*,#15510,.T.);
#15512=ORIENTED_EDGE('',*,*,#13826,.F.);
#15514=ORIENTED_EDGE('',*,*,#15513,.T.);
#15515=ORIENTED_EDGE('',*,*,#13816,.F.);
#15516=EDGE_LOOP('',(#15511,#15512,#15514,#15515));
#15517=FACE_OUTER_BOUND('',#15516,.F.);
#15518=ADVANCED_FACE('',(#15517),#15509,.F.);
#15519=CARTESIAN_POINT('',(4.74E-1,9.6E-2,-1.4E-1));
#15520=DIRECTION('',(1.E0,0.E0,0.E0));
#15521=DIRECTION('',(0.E0,1.E0,0.E0));
#15522=AXIS2_PLACEMENT_3D('',#15519,#15520,#15521);
#15523=CYLINDRICAL_SURFACE('',#15522,8.5E-2);
#15524=ORIENTED_EDGE('',*,*,#15496,.F.);
#15525=ORIENTED_EDGE('',*,*,#14173,.T.);
#15527=ORIENTED_EDGE('',*,*,#15526,.T.);
#15528=ORIENTED_EDGE('',*,*,#14159,.F.);
#15529=EDGE_LOOP('',(#15524,#15525,#15527,#15528));
#15530=FACE_OUTER_BOUND('',#15529,.F.);
#15531=ADVANCED_FACE('',(#15530),#15523,.T.);
#15532=CARTESIAN_POINT('',(5.26E-1,0.E0,0.E0));
#15533=DIRECTION('',(1.E0,0.E0,0.E0));
#15534=DIRECTION('',(0.E0,1.E0,0.E0));
#15535=AXIS2_PLACEMENT_3D('',#15532,#15533,#15534);
#15536=PLANE('',#15535);
#15537=ORIENTED_EDGE('',*,*,#15526,.F.);
#15538=ORIENTED_EDGE('',*,*,#14171,.F.);
#15540=ORIENTED_EDGE('',*,*,#15539,.F.);
#15541=ORIENTED_EDGE('',*,*,#14161,.F.);
#15542=EDGE_LOOP('',(#15537,#15538,#15540,#15541));
#15543=FACE_OUTER_BOUND('',#15542,.F.);
#15544=ADVANCED_FACE('',(#15543),#15536,.T.);
#15545=CARTESIAN_POINT('',(5.26E-1,0.E0,0.E0));
#15546=DIRECTION('',(1.E0,0.E0,0.E0));
#15547=DIRECTION('',(0.E0,1.E0,0.E0));
#15548=AXIS2_PLACEMENT_3D('',#15545,#15546,#15547);
#15549=PLANE('',#15548);
#15551=ORIENTED_EDGE('',*,*,#15550,.F.);
#15552=ORIENTED_EDGE('',*,*,#13820,.T.);
#15554=ORIENTED_EDGE('',*,*,#15553,.F.);
#15555=ORIENTED_EDGE('',*,*,#13830,.T.);
#15556=EDGE_LOOP('',(#15551,#15552,#15554,#15555));
#15557=FACE_OUTER_BOUND('',#15556,.F.);
#15558=ADVANCED_FACE('',(#15557),#15549,.T.);
#15559=CARTESIAN_POINT('',(4.74E-1,9.6E-2,-1.4E-1));
#15560=DIRECTION('',(1.E0,0.E0,0.E0));
#15561=DIRECTION('',(0.E0,1.E0,0.E0));
#15562=AXIS2_PLACEMENT_3D('',#15559,#15560,#15561);
#15563=CYLINDRICAL_SURFACE('',#15562,7.15E-2);
#15564=ORIENTED_EDGE('',*,*,#15499,.F.);
#15565=ORIENTED_EDGE('',*,*,#14163,.T.);
#15566=ORIENTED_EDGE('',*,*,#15539,.T.);
#15567=ORIENTED_EDGE('',*,*,#14169,.F.);
#15568=EDGE_LOOP('',(#15564,#15565,#15566,#15567));
#15569=FACE_OUTER_BOUND('',#15568,.F.);
#15570=ADVANCED_FACE('',(#15569),#15563,.F.);
#15571=CARTESIAN_POINT('',(4.74E-1,-9.6E-2,-1.4E-1));
#15572=DIRECTION('',(1.E0,0.E0,0.E0));
#15573=DIRECTION('',(0.E0,1.E0,0.E0));
#15574=AXIS2_PLACEMENT_3D('',#15571,#15572,#15573);
#15575=CYLINDRICAL_SURFACE('',#15574,8.5E-2);
#15576=ORIENTED_EDGE('',*,*,#15510,.F.);
#15577=ORIENTED_EDGE('',*,*,#13822,.T.);
#15578=ORIENTED_EDGE('',*,*,#15550,.T.);
#15579=ORIENTED_EDGE('',*,*,#13828,.F.);
#15580=EDGE_LOOP('',(#15576,#15577,#15578,#15579));
#15581=FACE_OUTER_BOUND('',#15580,.F.);
#15582=ADVANCED_FACE('',(#15581),#15575,.T.);
#15583=CARTESIAN_POINT('',(4.74E-1,-9.6E-2,-1.4E-1));
#15584=DIRECTION('',(1.E0,0.E0,0.E0));
#15585=DIRECTION('',(0.E0,1.E0,0.E0));
#15586=AXIS2_PLACEMENT_3D('',#15583,#15584,#15585);
#15587=CYLINDRICAL_SURFACE('',#15586,7.15E-2);
#15588=ORIENTED_EDGE('',*,*,#15513,.F.);
#15589=ORIENTED_EDGE('',*,*,#13832,.T.);
#15590=ORIENTED_EDGE('',*,*,#15553,.T.);
#15591=ORIENTED_EDGE('',*,*,#13818,.F.);
#15592=EDGE_LOOP('',(#15588,#15589,#15590,#15591));
#15593=FACE_OUTER_BOUND('',#15592,.F.);
#15594=ADVANCED_FACE('',(#15593),#15587,.F.);
#15595=CARTESIAN_POINT('',(5.74E-1,0.E0,0.E0));
#15596=DIRECTION('',(1.E0,0.E0,0.E0));
#15597=DIRECTION('',(0.E0,1.E0,0.E0));
#15598=AXIS2_PLACEMENT_3D('',#15595,#15596,#15597);
#15599=PLANE('',#15598);
#15601=ORIENTED_EDGE('',*,*,#15600,.T.);
#15602=ORIENTED_EDGE('',*,*,#14177,.T.);
#15604=ORIENTED_EDGE('',*,*,#15603,.T.);
#15605=ORIENTED_EDGE('',*,*,#14187,.T.);
#15606=EDGE_LOOP('',(#15601,#15602,#15604,#15605));
#15607=FACE_OUTER_BOUND('',#15606,.F.);
#15608=ADVANCED_FACE('',(#15607),#15599,.F.);
#15609=CARTESIAN_POINT('',(5.74E-1,0.E0,0.E0));
#15610=DIRECTION('',(1.E0,0.E0,0.E0));
#15611=DIRECTION('',(0.E0,1.E0,0.E0));
#15612=AXIS2_PLACEMENT_3D('',#15609,#15610,#15611);
#15613=PLANE('',#15612);
#15615=ORIENTED_EDGE('',*,*,#15614,.T.);
#15616=ORIENTED_EDGE('',*,*,#13846,.F.);
#15618=ORIENTED_EDGE('',*,*,#15617,.T.);
#15619=ORIENTED_EDGE('',*,*,#13836,.F.);
#15620=EDGE_LOOP('',(#15615,#15616,#15618,#15619));
#15621=FACE_OUTER_BOUND('',#15620,.F.);
#15622=ADVANCED_FACE('',(#15621),#15613,.F.);
#15623=CARTESIAN_POINT('',(5.74E-1,9.6E-2,-1.4E-1));
#15624=DIRECTION('',(1.E0,0.E0,0.E0));
#15625=DIRECTION('',(0.E0,1.E0,0.E0));
#15626=AXIS2_PLACEMENT_3D('',#15623,#15624,#15625);
#15627=CYLINDRICAL_SURFACE('',#15626,8.5E-2);
#15628=ORIENTED_EDGE('',*,*,#15600,.F.);
#15629=ORIENTED_EDGE('',*,*,#14193,.T.);
#15631=ORIENTED_EDGE('',*,*,#15630,.T.);
#15632=ORIENTED_EDGE('',*,*,#14179,.F.);
#15633=EDGE_LOOP('',(#15628,#15629,#15631,#15632));
#15634=FACE_OUTER_BOUND('',#15633,.F.);
#15635=ADVANCED_FACE('',(#15634),#15627,.T.);
#15636=CARTESIAN_POINT('',(6.26E-1,0.E0,0.E0));
#15637=DIRECTION('',(1.E0,0.E0,0.E0));
#15638=DIRECTION('',(0.E0,1.E0,0.E0));
#15639=AXIS2_PLACEMENT_3D('',#15636,#15637,#15638);
#15640=PLANE('',#15639);
#15641=ORIENTED_EDGE('',*,*,#15630,.F.);
#15642=ORIENTED_EDGE('',*,*,#14191,.F.);
#15644=ORIENTED_EDGE('',*,*,#15643,.F.);
#15645=ORIENTED_EDGE('',*,*,#14181,.F.);
#15646=EDGE_LOOP('',(#15641,#15642,#15644,#15645));
#15647=FACE_OUTER_BOUND('',#15646,.F.);
#15648=ADVANCED_FACE('',(#15647),#15640,.T.);
#15649=CARTESIAN_POINT('',(6.26E-1,0.E0,0.E0));
#15650=DIRECTION('',(1.E0,0.E0,0.E0));
#15651=DIRECTION('',(0.E0,1.E0,0.E0));
#15652=AXIS2_PLACEMENT_3D('',#15649,#15650,#15651);
#15653=PLANE('',#15652);
#15655=ORIENTED_EDGE('',*,*,#15654,.F.);
#15656=ORIENTED_EDGE('',*,*,#13840,.T.);
#15658=ORIENTED_EDGE('',*,*,#15657,.F.);
#15659=ORIENTED_EDGE('',*,*,#13850,.T.);
#15660=EDGE_LOOP('',(#15655,#15656,#15658,#15659));
#15661=FACE_OUTER_BOUND('',#15660,.F.);
#15662=ADVANCED_FACE('',(#15661),#15653,.T.);
#15663=CARTESIAN_POINT('',(5.74E-1,9.6E-2,-1.4E-1));
#15664=DIRECTION('',(1.E0,0.E0,0.E0));
#15665=DIRECTION('',(0.E0,1.E0,0.E0));
#15666=AXIS2_PLACEMENT_3D('',#15663,#15664,#15665);
#15667=CYLINDRICAL_SURFACE('',#15666,7.15E-2);
#15668=ORIENTED_EDGE('',*,*,#15603,.F.);
#15669=ORIENTED_EDGE('',*,*,#14183,.T.);
#15670=ORIENTED_EDGE('',*,*,#15643,.T.);
#15671=ORIENTED_EDGE('',*,*,#14189,.F.);
#15672=EDGE_LOOP('',(#15668,#15669,#15670,#15671));
#15673=FACE_OUTER_BOUND('',#15672,.F.);
#15674=ADVANCED_FACE('',(#15673),#15667,.F.);
#15675=CARTESIAN_POINT('',(5.74E-1,-9.6E-2,-1.4E-1));
#15676=DIRECTION('',(1.E0,0.E0,0.E0));
#15677=DIRECTION('',(0.E0,1.E0,0.E0));
#15678=AXIS2_PLACEMENT_3D('',#15675,#15676,#15677);
#15679=CYLINDRICAL_SURFACE('',#15678,8.5E-2);
#15680=ORIENTED_EDGE('',*,*,#15614,.F.);
#15681=ORIENTED_EDGE('',*,*,#13842,.T.);
#15682=ORIENTED_EDGE('',*,*,#15654,.T.);
#15683=ORIENTED_EDGE('',*,*,#13848,.F.);
#15684=EDGE_LOOP('',(#15680,#15681,#15682,#15683));
#15685=FACE_OUTER_BOUND('',#15684,.F.);
#15686=ADVANCED_FACE('',(#15685),#15679,.T.);
#15687=CARTESIAN_POINT('',(5.74E-1,-9.6E-2,-1.4E-1));
#15688=DIRECTION('',(1.E0,0.E0,0.E0));
#15689=DIRECTION('',(0.E0,1.E0,0.E0));
#15690=AXIS2_PLACEMENT_3D('',#15687,#15688,#15689);
#15691=CYLINDRICAL_SURFACE('',#15690,7.15E-2);
#15692=ORIENTED_EDGE('',*,*,#15617,.F.);
#15693=ORIENTED_EDGE('',*,*,#13852,.T.);
#15694=ORIENTED_EDGE('',*,*,#15657,.T.);
#15695=ORIENTED_EDGE('',*,*,#13838,.F.);
#15696=EDGE_LOOP('',(#15692,#15693,#15694,#15695));
#15697=FACE_OUTER_BOUND('',#15696,.F.);
#15698=ADVANCED_FACE('',(#15697),#15691,.F.);
#15699=CARTESIAN_POINT('',(6.74E-1,0.E0,0.E0));
#15700=DIRECTION('',(1.E0,0.E0,0.E0));
#15701=DIRECTION('',(0.E0,1.E0,0.E0));
#15702=AXIS2_PLACEMENT_3D('',#15699,#15700,#15701);
#15703=PLANE('',#15702);
#15705=ORIENTED_EDGE('',*,*,#15704,.T.);
#15706=ORIENTED_EDGE('',*,*,#14197,.T.);
#15708=ORIENTED_EDGE('',*,*,#15707,.T.);
#15709=ORIENTED_EDGE('',*,*,#14207,.T.);
#15710=EDGE_LOOP('',(#15705,#15706,#15708,#15709));
#15711=FACE_OUTER_BOUND('',#15710,.F.);
#15712=ADVANCED_FACE('',(#15711),#15703,.F.);
#15713=CARTESIAN_POINT('',(6.74E-1,0.E0,0.E0));
#15714=DIRECTION('',(1.E0,0.E0,0.E0));
#15715=DIRECTION('',(0.E0,1.E0,0.E0));
#15716=AXIS2_PLACEMENT_3D('',#15713,#15714,#15715);
#15717=PLANE('',#15716);
#15719=ORIENTED_EDGE('',*,*,#15718,.T.);
#15720=ORIENTED_EDGE('',*,*,#13866,.F.);
#15722=ORIENTED_EDGE('',*,*,#15721,.T.);
#15723=ORIENTED_EDGE('',*,*,#13856,.F.);
#15724=EDGE_LOOP('',(#15719,#15720,#15722,#15723));
#15725=FACE_OUTER_BOUND('',#15724,.F.);
#15726=ADVANCED_FACE('',(#15725),#15717,.F.);
#15727=CARTESIAN_POINT('',(6.74E-1,9.6E-2,-1.4E-1));
#15728=DIRECTION('',(1.E0,0.E0,0.E0));
#15729=DIRECTION('',(0.E0,1.E0,0.E0));
#15730=AXIS2_PLACEMENT_3D('',#15727,#15728,#15729);
#15731=CYLINDRICAL_SURFACE('',#15730,8.5E-2);
#15732=ORIENTED_EDGE('',*,*,#15704,.F.);
#15733=ORIENTED_EDGE('',*,*,#14213,.T.);
#15735=ORIENTED_EDGE('',*,*,#15734,.T.);
#15736=ORIENTED_EDGE('',*,*,#14199,.F.);
#15737=EDGE_LOOP('',(#15732,#15733,#15735,#15736));
#15738=FACE_OUTER_BOUND('',#15737,.F.);
#15739=ADVANCED_FACE('',(#15738),#15731,.T.);
#15740=CARTESIAN_POINT('',(7.26E-1,0.E0,0.E0));
#15741=DIRECTION('',(1.E0,0.E0,0.E0));
#15742=DIRECTION('',(0.E0,1.E0,0.E0));
#15743=AXIS2_PLACEMENT_3D('',#15740,#15741,#15742);
#15744=PLANE('',#15743);
#15745=ORIENTED_EDGE('',*,*,#15734,.F.);
#15746=ORIENTED_EDGE('',*,*,#14211,.F.);
#15748=ORIENTED_EDGE('',*,*,#15747,.F.);
#15749=ORIENTED_EDGE('',*,*,#14201,.F.);
#15750=EDGE_LOOP('',(#15745,#15746,#15748,#15749));
#15751=FACE_OUTER_BOUND('',#15750,.F.);
#15752=ADVANCED_FACE('',(#15751),#15744,.T.);
#15753=CARTESIAN_POINT('',(7.26E-1,0.E0,0.E0));
#15754=DIRECTION('',(1.E0,0.E0,0.E0));
#15755=DIRECTION('',(0.E0,1.E0,0.E0));
#15756=AXIS2_PLACEMENT_3D('',#15753,#15754,#15755);
#15757=PLANE('',#15756);
#15759=ORIENTED_EDGE('',*,*,#15758,.F.);
#15760=ORIENTED_EDGE('',*,*,#13860,.T.);
#15762=ORIENTED_EDGE('',*,*,#15761,.F.);
#15763=ORIENTED_EDGE('',*,*,#13870,.T.);
#15764=EDGE_LOOP('',(#15759,#15760,#15762,#15763));
#15765=FACE_OUTER_BOUND('',#15764,.F.);
#15766=ADVANCED_FACE('',(#15765),#15757,.T.);
#15767=CARTESIAN_POINT('',(6.74E-1,9.6E-2,-1.4E-1));
#15768=DIRECTION('',(1.E0,0.E0,0.E0));
#15769=DIRECTION('',(0.E0,1.E0,0.E0));
#15770=AXIS2_PLACEMENT_3D('',#15767,#15768,#15769);
#15771=CYLINDRICAL_SURFACE('',#15770,7.15E-2);
#15772=ORIENTED_EDGE('',*,*,#15707,.F.);
#15773=ORIENTED_EDGE('',*,*,#14203,.T.);
#15774=ORIENTED_EDGE('',*,*,#15747,.T.);
#15775=ORIENTED_EDGE('',*,*,#14209,.F.);
#15776=EDGE_LOOP('',(#15772,#15773,#15774,#15775));
#15777=FACE_OUTER_BOUND('',#15776,.F.);
#15778=ADVANCED_FACE('',(#15777),#15771,.F.);
#15779=CARTESIAN_POINT('',(6.74E-1,-9.6E-2,-1.4E-1));
#15780=DIRECTION('',(1.E0,0.E0,0.E0));
#15781=DIRECTION('',(0.E0,1.E0,0.E0));
#15782=AXIS2_PLACEMENT_3D('',#15779,#15780,#15781);
#15783=CYLINDRICAL_SURFACE('',#15782,8.5E-2);
#15784=ORIENTED_EDGE('',*,*,#15718,.F.);
#15785=ORIENTED_EDGE('',*,*,#13862,.T.);
#15786=ORIENTED_EDGE('',*,*,#15758,.T.);
#15787=ORIENTED_EDGE('',*,*,#13868,.F.);
#15788=EDGE_LOOP('',(#15784,#15785,#15786,#15787));
#15789=FACE_OUTER_BOUND('',#15788,.F.);
#15790=ADVANCED_FACE('',(#15789),#15783,.T.);
#15791=CARTESIAN_POINT('',(6.74E-1,-9.6E-2,-1.4E-1));
#15792=DIRECTION('',(1.E0,0.E0,0.E0));
#15793=DIRECTION('',(0.E0,1.E0,0.E0));
#15794=AXIS2_PLACEMENT_3D('',#15791,#15792,#15793);
#15795=CYLINDRICAL_SURFACE('',#15794,7.15E-2);
#15796=ORIENTED_EDGE('',*,*,#15721,.F.);
#15797=ORIENTED_EDGE('',*,*,#13872,.T.);
#15798=ORIENTED_EDGE('',*,*,#15761,.T.);
#15799=ORIENTED_EDGE('',*,*,#13858,.F.);
#15800=EDGE_LOOP('',(#15796,#15797,#15798,#15799));
#15801=FACE_OUTER_BOUND('',#15800,.F.);
#15802=ADVANCED_FACE('',(#15801),#15795,.F.);
#15803=CARTESIAN_POINT('',(-8.32E-1,7.6E-2,0.E0));
#15804=DIRECTION('',(0.E0,-1.E0,0.E0));
#15805=DIRECTION('',(1.E0,0.E0,0.E0));
#15806=AXIS2_PLACEMENT_3D('',#15803,#15804,#15805);
#15807=PLANE('',#15806);
#15808=ORIENTED_EDGE('',*,*,#13477,.T.);
#15809=ORIENTED_EDGE('',*,*,#13463,.T.);
#15810=ORIENTED_EDGE('',*,*,#13505,.F.);
#15811=ORIENTED_EDGE('',*,*,#13527,.F.);
#15812=EDGE_LOOP('',(#15808,#15809,#15810,#15811));
#15813=FACE_OUTER_BOUND('',#15812,.F.);
#15814=ADVANCED_FACE('',(#15813),#15807,.F.);
#15815=CARTESIAN_POINT('',(8.5E-1,1.54E-1,-1.405196E0));
#15816=DIRECTION('',(0.E0,0.E0,1.E0));
#15817=DIRECTION('',(1.E0,0.E0,0.E0));
#15818=AXIS2_PLACEMENT_3D('',#15815,#15816,#15817);
#15819=CYLINDRICAL_SURFACE('',#15818,3.E-2);
#15820=ORIENTED_EDGE('',*,*,#13369,.T.);
#15822=ORIENTED_EDGE('',*,*,#15821,.F.);
#15823=ORIENTED_EDGE('',*,*,#8060,.T.);
#15824=ORIENTED_EDGE('',*,*,#8422,.T.);
#15825=EDGE_LOOP('',(#15820,#15822,#15823,#15824));
#15826=FACE_OUTER_BOUND('',#15825,.F.);
#15827=ADVANCED_FACE('',(#15826),#15819,.T.);
#15828=CARTESIAN_POINT('',(-8.8E-1,1.84E-1,-3.5E-1));
#15829=DIRECTION('',(0.E0,1.E0,0.E0));
#15830=DIRECTION('',(0.E0,0.E0,1.E0));
#15831=AXIS2_PLACEMENT_3D('',#15828,#15829,#15830);
#15832=PLANE('',#15831);
#15833=ORIENTED_EDGE('',*,*,#15821,.T.);
#15834=ORIENTED_EDGE('',*,*,#13380,.F.);
#15836=ORIENTED_EDGE('',*,*,#15835,.T.);
#15837=ORIENTED_EDGE('',*,*,#8062,.T.);
#15838=EDGE_LOOP('',(#15833,#15834,#15836,#15837));
#15839=FACE_OUTER_BOUND('',#15838,.F.);
#15840=ADVANCED_FACE('',(#15839),#15832,.T.);
#15841=CARTESIAN_POINT('',(-8.5E-1,1.54E-1,7.95196E-1));
#15842=DIRECTION('',(0.E0,0.E0,-1.E0));
#15843=DIRECTION('',(-1.E0,0.E0,0.E0));
#15844=AXIS2_PLACEMENT_3D('',#15841,#15842,#15843);
#15845=CYLINDRICAL_SURFACE('',#15844,3.E-2);
#15846=ORIENTED_EDGE('',*,*,#13378,.T.);
#15847=ORIENTED_EDGE('',*,*,#7984,.T.);
#15848=ORIENTED_EDGE('',*,*,#8064,.T.);
#15849=ORIENTED_EDGE('',*,*,#15835,.F.);
#15850=EDGE_LOOP('',(#15846,#15847,#15848,#15849));
#15851=FACE_OUTER_BOUND('',#15850,.F.);
#15852=ADVANCED_FACE('',(#15851),#15845,.T.);
#15853=CARTESIAN_POINT('',(-8.8E-1,-1.84E-1,0.E0));
#15854=DIRECTION('',(0.E0,-1.E0,0.E0));
#15855=DIRECTION('',(0.E0,0.E0,-1.E0));
#15856=AXIS2_PLACEMENT_3D('',#15853,#15854,#15855);
#15857=PLANE('',#15856);
#15858=ORIENTED_EDGE('',*,*,#13359,.T.);
#15859=ORIENTED_EDGE('',*,*,#8092,.F.);
#15861=ORIENTED_EDGE('',*,*,#15860,.T.);
#15862=ORIENTED_EDGE('',*,*,#13373,.T.);
#15863=EDGE_LOOP('',(#15858,#15859,#15861,#15862));
#15864=FACE_OUTER_BOUND('',#15863,.F.);
#15866=ORIENTED_EDGE('',*,*,#15865,.T.);
#15868=ORIENTED_EDGE('',*,*,#15867,.T.);
#15870=ORIENTED_EDGE('',*,*,#15869,.T.);
#15872=ORIENTED_EDGE('',*,*,#15871,.T.);
#15874=ORIENTED_EDGE('',*,*,#15873,.T.);
#15876=ORIENTED_EDGE('',*,*,#15875,.T.);
#15878=ORIENTED_EDGE('',*,*,#15877,.T.);
#15880=ORIENTED_EDGE('',*,*,#15879,.T.);
#15881=EDGE_LOOP('',(#15866,#15868,#15870,#15872,#15874,#15876,#15878,#15880));
#15882=FACE_BOUND('',#15881,.F.);
#15884=ORIENTED_EDGE('',*,*,#15883,.T.);
#15886=ORIENTED_EDGE('',*,*,#15885,.T.);
#15888=ORIENTED_EDGE('',*,*,#15887,.T.);
#15890=ORIENTED_EDGE('',*,*,#15889,.T.);
#15892=ORIENTED_EDGE('',*,*,#15891,.F.);
#15894=ORIENTED_EDGE('',*,*,#15893,.T.);
#15896=ORIENTED_EDGE('',*,*,#15895,.T.);
#15898=ORIENTED_EDGE('',*,*,#15897,.T.);
#15900=ORIENTED_EDGE('',*,*,#15899,.T.);
#15902=ORIENTED_EDGE('',*,*,#15901,.T.);
#15904=ORIENTED_EDGE('',*,*,#15903,.T.);
#15906=ORIENTED_EDGE('',*,*,#15905,.T.);
#15908=ORIENTED_EDGE('',*,*,#15907,.T.);
#15909=EDGE_LOOP('',(#15884,#15886,#15888,#15890,#15892,#15894,#15896,#15898,
#15900,#15902,#15904,#15906,#15908));
#15910=FACE_BOUND('',#15909,.F.);
#15912=ORIENTED_EDGE('',*,*,#15911,.T.);
#15914=ORIENTED_EDGE('',*,*,#15913,.T.);
#15916=ORIENTED_EDGE('',*,*,#15915,.T.);
#15918=ORIENTED_EDGE('',*,*,#15917,.F.);
#15920=ORIENTED_EDGE('',*,*,#15919,.F.);
#15922=ORIENTED_EDGE('',*,*,#15921,.T.);
#15924=ORIENTED_EDGE('',*,*,#15923,.T.);
#15925=EDGE_LOOP('',(#15912,#15914,#15916,#15918,#15920,#15922,#15924));
#15926=FACE_BOUND('',#15925,.F.);
#15927=ADVANCED_FACE('',(#15864,#15882,#15910,#15926),#15857,.T.);
#15928=CARTESIAN_POINT('',(-8.8E-1,-1.84E-1,0.E0));
#15929=DIRECTION('',(0.E0,-1.E0,0.E0));
#15930=DIRECTION('',(0.E0,0.E0,-1.E0));
#15931=AXIS2_PLACEMENT_3D('',#15928,#15929,#15930);
#15932=PLANE('',#15931);
#15934=ORIENTED_EDGE('',*,*,#15933,.T.);
#15936=ORIENTED_EDGE('',*,*,#15935,.T.);
#15938=ORIENTED_EDGE('',*,*,#15937,.T.);
#15939=EDGE_LOOP('',(#15934,#15936,#15938));
#15940=FACE_OUTER_BOUND('',#15939,.F.);
#15941=ADVANCED_FACE('',(#15940),#15932,.T.);
#15942=CARTESIAN_POINT('',(-8.8E-1,-1.84E-1,0.E0));
#15943=DIRECTION('',(0.E0,-1.E0,0.E0));
#15944=DIRECTION('',(0.E0,0.E0,-1.E0));
#15945=AXIS2_PLACEMENT_3D('',#15942,#15943,#15944);
#15946=PLANE('',#15945);
#15948=ORIENTED_EDGE('',*,*,#15947,.T.);
#15950=ORIENTED_EDGE('',*,*,#15949,.T.);
#15952=ORIENTED_EDGE('',*,*,#15951,.F.);
#15954=ORIENTED_EDGE('',*,*,#15953,.T.);
#15955=EDGE_LOOP('',(#15948,#15950,#15952,#15954));
#15956=FACE_OUTER_BOUND('',#15955,.F.);
#15957=ADVANCED_FACE('',(#15956),#15946,.T.);
#15958=CARTESIAN_POINT('',(-8.5E-1,-1.54E-1,-1.405196E0));
#15959=DIRECTION('',(0.E0,0.E0,1.E0));
#15960=DIRECTION('',(-1.E0,0.E0,0.E0));
#15961=AXIS2_PLACEMENT_3D('',#15958,#15959,#15960);
#15962=CYLINDRICAL_SURFACE('',#15961,3.E-2);
#15963=ORIENTED_EDGE('',*,*,#13375,.T.);
#15964=ORIENTED_EDGE('',*,*,#15860,.F.);
#15965=ORIENTED_EDGE('',*,*,#8090,.T.);
#15966=ORIENTED_EDGE('',*,*,#7988,.T.);
#15967=EDGE_LOOP('',(#15963,#15964,#15965,#15966));
#15968=FACE_OUTER_BOUND('',#15967,.F.);
#15969=ADVANCED_FACE('',(#15968),#15962,.T.);
#15970=CARTESIAN_POINT('',(2.8E-1,-1.84E-1,-2.5E-1));
#15971=DIRECTION('',(0.E0,0.E0,-1.E0));
#15972=DIRECTION('',(1.E0,0.E0,0.E0));
#15973=AXIS2_PLACEMENT_3D('',#15970,#15971,#15972);
#15974=PLANE('',#15973);
#15975=ORIENTED_EDGE('',*,*,#15865,.F.);
#15977=ORIENTED_EDGE('',*,*,#15976,.T.);
#15979=ORIENTED_EDGE('',*,*,#15978,.T.);
#15981=ORIENTED_EDGE('',*,*,#15980,.F.);
#15982=EDGE_LOOP('',(#15975,#15977,#15979,#15981));
#15983=FACE_OUTER_BOUND('',#15982,.F.);
#15984=ADVANCED_FACE('',(#15983),#15974,.F.);
#15985=CARTESIAN_POINT('',(3.248990331677E-1,-1.84E-1,-1.69E-1));
#15986=DIRECTION('',(-8.746197071394E-1,0.E0,4.848096202463E-1));
#15987=DIRECTION('',(-4.848096202463E-1,0.E0,-8.746197071394E-1));
#15988=AXIS2_PLACEMENT_3D('',#15985,#15986,#15987);
#15989=PLANE('',#15988);
#15990=ORIENTED_EDGE('',*,*,#15879,.F.);
#15992=ORIENTED_EDGE('',*,*,#15991,.T.);
#15994=ORIENTED_EDGE('',*,*,#15993,.T.);
#15995=ORIENTED_EDGE('',*,*,#15976,.F.);
#15996=EDGE_LOOP('',(#15990,#15992,#15994,#15995));
#15997=FACE_OUTER_BOUND('',#15996,.F.);
#15998=ADVANCED_FACE('',(#15997),#15989,.F.);
#15999=CARTESIAN_POINT('',(3.861010048323E-1,-1.84E-1,-1.69E-1));
#16000=DIRECTION('',(0.E0,0.E0,1.E0));
#16001=DIRECTION('',(-1.E0,0.E0,0.E0));
#16002=AXIS2_PLACEMENT_3D('',#15999,#16000,#16001);
#16003=PLANE('',#16002);
#16004=ORIENTED_EDGE('',*,*,#15877,.F.);
#16006=ORIENTED_EDGE('',*,*,#16005,.T.);
#16008=ORIENTED_EDGE('',*,*,#16007,.T.);
#16009=ORIENTED_EDGE('',*,*,#15991,.F.);
#16010=EDGE_LOOP('',(#16004,#16006,#16008,#16009));
#16011=FACE_OUTER_BOUND('',#16010,.F.);
#16012=ADVANCED_FACE('',(#16011),#16003,.F.);
#16013=CARTESIAN_POINT('',(4.31000038E-1,-1.84E-1,-2.5E-1));
#16014=DIRECTION('',(8.746197071394E-1,0.E0,4.848096202463E-1));
#16015=DIRECTION('',(-4.848096202463E-1,0.E0,8.746197071394E-1));
#16016=AXIS2_PLACEMENT_3D('',#16013,#16014,#16015);
#16017=PLANE('',#16016);
#16018=ORIENTED_EDGE('',*,*,#15875,.F.);
#16020=ORIENTED_EDGE('',*,*,#16019,.T.);
#16022=ORIENTED_EDGE('',*,*,#16021,.T.);
#16023=ORIENTED_EDGE('',*,*,#16005,.F.);
#16024=EDGE_LOOP('',(#16018,#16020,#16022,#16023));
#16025=FACE_OUTER_BOUND('',#16024,.F.);
#16026=ADVANCED_FACE('',(#16025),#16017,.F.);
#16027=CARTESIAN_POINT('',(3.80100043E-1,-1.84E-1,-2.5E-1));
#16028=DIRECTION('',(0.E0,0.E0,-1.E0));
#16029=DIRECTION('',(1.E0,0.E0,0.E0));
#16030=AXIS2_PLACEMENT_3D('',#16027,#16028,#16029);
#16031=PLANE('',#16030);
#16032=ORIENTED_EDGE('',*,*,#15873,.F.);
#16034=ORIENTED_EDGE('',*,*,#16033,.T.);
#16036=ORIENTED_EDGE('',*,*,#16035,.T.);
#16037=ORIENTED_EDGE('',*,*,#16019,.F.);
#16038=EDGE_LOOP('',(#16032,#16034,#16036,#16037));
#16039=FACE_OUTER_BOUND('',#16038,.F.);
#16040=ADVANCED_FACE('',(#16039),#16031,.F.);
#16041=CARTESIAN_POINT('',(3.760161587689E-1,-1.84E-1,-2.41399987E-1));
#16042=DIRECTION('',(-9.033231713564E-1,0.E0,-4.289606603064E-1));
#16043=DIRECTION('',(4.289606603064E-1,0.E0,-9.033231713564E-1));
#16044=AXIS2_PLACEMENT_3D('',#16041,#16042,#16043);
#16045=PLANE('',#16044);
#16046=ORIENTED_EDGE('',*,*,#15871,.F.);
#16048=ORIENTED_EDGE('',*,*,#16047,.T.);
#16050=ORIENTED_EDGE('',*,*,#16049,.T.);
#16051=ORIENTED_EDGE('',*,*,#16033,.F.);
#16052=EDGE_LOOP('',(#16046,#16048,#16050,#16051));
#16053=FACE_OUTER_BOUND('',#16052,.F.);
#16054=ADVANCED_FACE('',(#16053),#16045,.F.);
#16055=CARTESIAN_POINT('',(3.349102469221E-1,-1.84E-1,-2.41399987E-1));
#16056=DIRECTION('',(0.E0,0.E0,-1.E0));
#16057=DIRECTION('',(1.E0,0.E0,0.E0));
#16058=AXIS2_PLACEMENT_3D('',#16055,#16056,#16057);
#16059=PLANE('',#16058);
#16060=ORIENTED_EDGE('',*,*,#15869,.F.);
#16062=ORIENTED_EDGE('',*,*,#16061,.T.);
#16064=ORIENTED_EDGE('',*,*,#16063,.T.);
#16065=ORIENTED_EDGE('',*,*,#16047,.F.);
#16066=EDGE_LOOP('',(#16060,#16062,#16064,#16065));
#16067=FACE_OUTER_BOUND('',#16066,.F.);
#16068=ADVANCED_FACE('',(#16067),#16059,.F.);
#16069=CARTESIAN_POINT('',(3.30899995E-1,-1.84E-1,-2.5E-1));
#16070=DIRECTION('',(9.063077870366E-1,0.E0,-4.226182617407E-1));
#16071=DIRECTION('',(4.226182617407E-1,0.E0,9.063077870366E-1));
#16072=AXIS2_PLACEMENT_3D('',#16069,#16070,#16071);
#16073=PLANE('',#16072);
#16074=ORIENTED_EDGE('',*,*,#15867,.F.);
#16075=ORIENTED_EDGE('',*,*,#15980,.T.);
#16077=ORIENTED_EDGE('',*,*,#16076,.T.);
#16078=ORIENTED_EDGE('',*,*,#16061,.F.);
#16079=EDGE_LOOP('',(#16074,#16075,#16077,#16078));
#16080=FACE_OUTER_BOUND('',#16079,.F.);
#16081=ADVANCED_FACE('',(#16080),#16073,.F.);
#16082=CARTESIAN_POINT('',(-8.8E-1,-1.79E-1,0.E0));
#16083=DIRECTION('',(0.E0,-1.E0,0.E0));
#16084=DIRECTION('',(1.E0,0.E0,0.E0));
#16085=AXIS2_PLACEMENT_3D('',#16082,#16083,#16084);
#16086=PLANE('',#16085);
#16087=ORIENTED_EDGE('',*,*,#15978,.F.);
#16088=ORIENTED_EDGE('',*,*,#15993,.F.);
#16089=ORIENTED_EDGE('',*,*,#16007,.F.);
#16090=ORIENTED_EDGE('',*,*,#16021,.F.);
#16091=ORIENTED_EDGE('',*,*,#16035,.F.);
#16092=ORIENTED_EDGE('',*,*,#16049,.F.);
#16093=ORIENTED_EDGE('',*,*,#16063,.F.);
#16094=ORIENTED_EDGE('',*,*,#16076,.F.);
#16095=EDGE_LOOP('',(#16087,#16088,#16089,#16090,#16091,#16092,#16093,#16094));
#16096=FACE_OUTER_BOUND('',#16095,.F.);
#16098=ORIENTED_EDGE('',*,*,#16097,.F.);
#16100=ORIENTED_EDGE('',*,*,#16099,.F.);
#16102=ORIENTED_EDGE('',*,*,#16101,.F.);
#16103=EDGE_LOOP('',(#16098,#16100,#16102));
#16104=FACE_BOUND('',#16103,.F.);
#16105=ADVANCED_FACE('',(#16096,#16104),#16086,.T.);
#16106=CARTESIAN_POINT('',(-8.8E-1,-1.79E-1,0.E0));
#16107=DIRECTION('',(0.E0,-1.E0,0.E0));
#16108=DIRECTION('',(1.E0,0.E0,0.E0));
#16109=AXIS2_PLACEMENT_3D('',#16106,#16107,#16108);
#16110=PLANE('',#16109);
#16112=ORIENTED_EDGE('',*,*,#16111,.F.);
#16114=ORIENTED_EDGE('',*,*,#16113,.F.);
#16116=ORIENTED_EDGE('',*,*,#16115,.F.);
#16118=ORIENTED_EDGE('',*,*,#16117,.F.);
#16120=ORIENTED_EDGE('',*,*,#16119,.F.);
#16122=ORIENTED_EDGE('',*,*,#16121,.F.);
#16124=ORIENTED_EDGE('',*,*,#16123,.F.);
#16126=ORIENTED_EDGE('',*,*,#16125,.F.);
#16128=ORIENTED_EDGE('',*,*,#16127,.F.);
#16130=ORIENTED_EDGE('',*,*,#16129,.F.);
#16132=ORIENTED_EDGE('',*,*,#16131,.F.);
#16134=ORIENTED_EDGE('',*,*,#16133,.F.);
#16136=ORIENTED_EDGE('',*,*,#16135,.F.);
#16137=EDGE_LOOP('',(#16112,#16114,#16116,#16118,#16120,#16122,#16124,#16126,
#16128,#16130,#16132,#16134,#16136));
#16138=FACE_OUTER_BOUND('',#16137,.F.);
#16139=ADVANCED_FACE('',(#16138),#16110,.T.);
#16140=CARTESIAN_POINT('',(-8.8E-1,-1.79E-1,0.E0));
#16141=DIRECTION('',(0.E0,-1.E0,0.E0));
#16142=DIRECTION('',(1.E0,0.E0,0.E0));
#16143=AXIS2_PLACEMENT_3D('',#16140,#16141,#16142);
#16144=PLANE('',#16143);
#16146=ORIENTED_EDGE('',*,*,#16145,.F.);
#16148=ORIENTED_EDGE('',*,*,#16147,.F.);
#16150=ORIENTED_EDGE('',*,*,#16149,.F.);
#16152=ORIENTED_EDGE('',*,*,#16151,.F.);
#16154=ORIENTED_EDGE('',*,*,#16153,.F.);
#16156=ORIENTED_EDGE('',*,*,#16155,.F.);
#16158=ORIENTED_EDGE('',*,*,#16157,.F.);
#16159=EDGE_LOOP('',(#16146,#16148,#16150,#16152,#16154,#16156,#16158));
#16160=FACE_OUTER_BOUND('',#16159,.F.);
#16162=ORIENTED_EDGE('',*,*,#16161,.F.);
#16164=ORIENTED_EDGE('',*,*,#16163,.F.);
#16166=ORIENTED_EDGE('',*,*,#16165,.F.);
#16168=ORIENTED_EDGE('',*,*,#16167,.F.);
#16169=EDGE_LOOP('',(#16162,#16164,#16166,#16168));
#16170=FACE_BOUND('',#16169,.F.);
#16171=ADVANCED_FACE('',(#16160,#16170),#16144,.T.);
#16172=CARTESIAN_POINT('',(3.552762327263E-1,-1.84E-1,-1.977249895E-1));
#16173=DIRECTION('',(-9.033231713565E-1,0.E0,-4.289606603064E-1));
#16174=DIRECTION('',(4.289606603064E-1,0.E0,-9.033231713565E-1));
#16175=AXIS2_PLACEMENT_3D('',#16172,#16173,#16174);
#16176=PLANE('',#16175);
#16177=ORIENTED_EDGE('',*,*,#15933,.F.);
#16179=ORIENTED_EDGE('',*,*,#16178,.T.);
#16180=ORIENTED_EDGE('',*,*,#16097,.T.);
#16182=ORIENTED_EDGE('',*,*,#16181,.F.);
#16183=EDGE_LOOP('',(#16177,#16179,#16180,#16182));
#16184=FACE_OUTER_BOUND('',#16183,.F.);
#16185=ADVANCED_FACE('',(#16184),#16176,.F.);
#16186=CARTESIAN_POINT('',(3.444228909733E-1,-1.84E-1,-2.21000056E-1));
#16187=DIRECTION('',(9.063077870366E-1,0.E0,-4.226182617407E-1));
#16188=DIRECTION('',(4.226182617407E-1,0.E0,9.063077870366E-1));
#16189=AXIS2_PLACEMENT_3D('',#16186,#16187,#16188);
#16190=PLANE('',#16189);
#16191=ORIENTED_EDGE('',*,*,#15937,.F.);
#16193=ORIENTED_EDGE('',*,*,#16192,.T.);
#16194=ORIENTED_EDGE('',*,*,#16099,.T.);
#16195=ORIENTED_EDGE('',*,*,#16178,.F.);
#16196=EDGE_LOOP('',(#16191,#16193,#16194,#16195));
#16197=FACE_OUTER_BOUND('',#16196,.F.);
#16198=ADVANCED_FACE('',(#16197),#16190,.F.);
#16199=CARTESIAN_POINT('',(3.663288528860E-1,-1.84E-1,-2.21000056E-1));
#16200=DIRECTION('',(0.E0,0.E0,1.E0));
#16201=DIRECTION('',(-1.E0,0.E0,0.E0));
#16202=AXIS2_PLACEMENT_3D('',#16199,#16200,#16201);
#16203=PLANE('',#16202);
#16204=ORIENTED_EDGE('',*,*,#15935,.F.);
#16205=ORIENTED_EDGE('',*,*,#16181,.T.);
#16206=ORIENTED_EDGE('',*,*,#16101,.T.);
#16207=ORIENTED_EDGE('',*,*,#16192,.F.);
#16208=EDGE_LOOP('',(#16204,#16205,#16206,#16207));
#16209=FACE_OUTER_BOUND('',#16208,.F.);
#16210=ADVANCED_FACE('',(#16209),#16203,.F.);
#16211=CARTESIAN_POINT('',(6.08200093E-1,-1.84E-1,-1.69E-1));
#16212=DIRECTION('',(0.E0,0.E0,1.E0));
#16213=DIRECTION('',(-1.E0,0.E0,0.E0));
#16214=AXIS2_PLACEMENT_3D('',#16211,#16212,#16213);
#16215=PLANE('',#16214);
#16216=ORIENTED_EDGE('',*,*,#15903,.F.);
#16218=ORIENTED_EDGE('',*,*,#16217,.T.);
#16219=ORIENTED_EDGE('',*,*,#16111,.T.);
#16221=ORIENTED_EDGE('',*,*,#16220,.F.);
#16222=EDGE_LOOP('',(#16216,#16218,#16219,#16221));
#16223=FACE_OUTER_BOUND('',#16222,.F.);
#16224=ADVANCED_FACE('',(#16223),#16215,.F.);
#16225=CARTESIAN_POINT('',(6.08200093E-1,-1.84E-1,-2.5E-1));
#16226=DIRECTION('',(1.E0,0.E0,0.E0));
#16227=DIRECTION('',(0.E0,0.E0,1.E0));
#16228=AXIS2_PLACEMENT_3D('',#16225,#16226,#16227);
#16229=PLANE('',#16228);
#16230=ORIENTED_EDGE('',*,*,#15901,.F.);
#16232=ORIENTED_EDGE('',*,*,#16231,.T.);
#16233=ORIENTED_EDGE('',*,*,#16113,.T.);
#16234=ORIENTED_EDGE('',*,*,#16217,.F.);
#16235=EDGE_LOOP('',(#16230,#16232,#16233,#16234));
#16236=FACE_OUTER_BOUND('',#16235,.F.);
#16237=ADVANCED_FACE('',(#16236),#16229,.F.);
#16238=CARTESIAN_POINT('',(5.63650093E-1,-1.84E-1,-2.5E-1));
#16239=DIRECTION('',(0.E0,0.E0,-1.E0));
#16240=DIRECTION('',(1.E0,0.E0,0.E0));
#16241=AXIS2_PLACEMENT_3D('',#16238,#16239,#16240);
#16242=PLANE('',#16241);
#16243=ORIENTED_EDGE('',*,*,#15899,.F.);
#16245=ORIENTED_EDGE('',*,*,#16244,.T.);
#16246=ORIENTED_EDGE('',*,*,#16115,.T.);
#16247=ORIENTED_EDGE('',*,*,#16231,.F.);
#16248=EDGE_LOOP('',(#16243,#16245,#16246,#16247));
#16249=FACE_OUTER_BOUND('',#16248,.F.);
#16250=ADVANCED_FACE('',(#16249),#16242,.F.);
#16251=CARTESIAN_POINT('',(5.63650093E-1,-1.84E-1,-1.977249895E-1));
#16252=DIRECTION('',(-1.E0,0.E0,0.E0));
#16253=DIRECTION('',(0.E0,0.E0,-1.E0));
#16254=AXIS2_PLACEMENT_3D('',#16251,#16252,#16253);
#16255=PLANE('',#16254);
#16256=ORIENTED_EDGE('',*,*,#15897,.F.);
#16258=ORIENTED_EDGE('',*,*,#16257,.T.);
#16259=ORIENTED_EDGE('',*,*,#16117,.T.);
#16260=ORIENTED_EDGE('',*,*,#16244,.F.);
#16261=EDGE_LOOP('',(#16256,#16258,#16259,#16260));
#16262=FACE_OUTER_BOUND('',#16261,.F.);
#16263=ADVANCED_FACE('',(#16262),#16255,.F.);
#16264=CARTESIAN_POINT('',(5.41550134E-1,-1.84E-1,-2.5E-1));
#16265=DIRECTION('',(9.210708586005E-1,0.E0,-3.893950095173E-1));
#16266=DIRECTION('',(3.893950095173E-1,0.E0,9.210708586005E-1));
#16267=AXIS2_PLACEMENT_3D('',#16264,#16265,#16266);
#16268=PLANE('',#16267);
#16269=ORIENTED_EDGE('',*,*,#15895,.F.);
#16271=ORIENTED_EDGE('',*,*,#16270,.T.);
#16272=ORIENTED_EDGE('',*,*,#16119,.T.);
#16273=ORIENTED_EDGE('',*,*,#16257,.F.);
#16274=EDGE_LOOP('',(#16269,#16271,#16272,#16273));
#16275=FACE_OUTER_BOUND('',#16274,.F.);
#16276=ADVANCED_FACE('',(#16275),#16268,.F.);
#16277=CARTESIAN_POINT('',(5.0020012E-1,-1.84E-1,-2.5E-1));
#16278=DIRECTION('',(0.E0,0.E0,-1.E0));
#16279=DIRECTION('',(1.E0,0.E0,0.E0));
#16280=AXIS2_PLACEMENT_3D('',#16277,#16278,#16279);
#16281=PLANE('',#16280);
#16282=ORIENTED_EDGE('',*,*,#15893,.F.);
#16284=ORIENTED_EDGE('',*,*,#16283,.T.);
#16285=ORIENTED_EDGE('',*,*,#16121,.T.);
#16286=ORIENTED_EDGE('',*,*,#16270,.F.);
#16287=EDGE_LOOP('',(#16282,#16284,#16285,#16286));
#16288=FACE_OUTER_BOUND('',#16287,.F.);
#16289=ADVANCED_FACE('',(#16288),#16281,.F.);
#16290=CARTESIAN_POINT('',(4.7810008E-1,-1.84E-1,-1.977249895E-1));
#16291=DIRECTION('',(-9.210703467209E-1,0.E0,-3.893962203096E-1));
#16292=DIRECTION('',(3.893962203096E-1,0.E0,-9.210703467209E-1));
#16293=AXIS2_PLACEMENT_3D('',#16290,#16291,#16292);
#16294=PLANE('',#16293);
#16295=ORIENTED_EDGE('',*,*,#15891,.T.);
#16297=ORIENTED_EDGE('',*,*,#16296,.T.);
#16298=ORIENTED_EDGE('',*,*,#16123,.T.);
#16299=ORIENTED_EDGE('',*,*,#16283,.F.);
#16300=EDGE_LOOP('',(#16295,#16297,#16298,#16299));
#16301=FACE_OUTER_BOUND('',#16300,.F.);
#16302=ADVANCED_FACE('',(#16301),#16294,.F.);
#16303=CARTESIAN_POINT('',(4.7810008E-1,-1.84E-1,-2.5E-1));
#16304=DIRECTION('',(1.E0,0.E0,0.E0));
#16305=DIRECTION('',(0.E0,0.E0,1.E0));
#16306=AXIS2_PLACEMENT_3D('',#16303,#16304,#16305);
#16307=PLANE('',#16306);
#16308=ORIENTED_EDGE('',*,*,#15889,.F.);
#16310=ORIENTED_EDGE('',*,*,#16309,.T.);
#16311=ORIENTED_EDGE('',*,*,#16125,.T.);
#16312=ORIENTED_EDGE('',*,*,#16296,.F.);
#16313=EDGE_LOOP('',(#16308,#16310,#16311,#16312));
#16314=FACE_OUTER_BOUND('',#16313,.F.);
#16315=ADVANCED_FACE('',(#16314),#16307,.F.);
#16316=CARTESIAN_POINT('',(4.3355008E-1,-1.84E-1,-2.5E-1));
#16317=DIRECTION('',(0.E0,0.E0,-1.E0));
#16318=DIRECTION('',(1.E0,0.E0,0.E0));
#16319=AXIS2_PLACEMENT_3D('',#16316,#16317,#16318);
#16320=PLANE('',#16319);
#16321=ORIENTED_EDGE('',*,*,#15887,.F.);
#16323=ORIENTED_EDGE('',*,*,#16322,.T.);
#16324=ORIENTED_EDGE('',*,*,#16127,.T.);
#16325=ORIENTED_EDGE('',*,*,#16309,.F.);
#16326=EDGE_LOOP('',(#16321,#16323,#16324,#16325));
#16327=FACE_OUTER_BOUND('',#16326,.F.);
#16328=ADVANCED_FACE('',(#16327),#16320,.F.);
#16329=CARTESIAN_POINT('',(4.3355008E-1,-1.84E-1,-1.69E-1));
#16330=DIRECTION('',(-1.E0,0.E0,0.E0));
#16331=DIRECTION('',(0.E0,0.E0,-1.E0));
#16332=AXIS2_PLACEMENT_3D('',#16329,#16330,#16331);
#16333=PLANE('',#16332);
#16334=ORIENTED_EDGE('',*,*,#15885,.F.);
#16336=ORIENTED_EDGE('',*,*,#16335,.T.);
#16337=ORIENTED_EDGE('',*,*,#16129,.T.);
#16338=ORIENTED_EDGE('',*,*,#16322,.F.);
#16339=EDGE_LOOP('',(#16334,#16336,#16337,#16338));
#16340=FACE_OUTER_BOUND('',#16339,.F.);
#16341=ADVANCED_FACE('',(#16340),#16333,.F.);
#16342=CARTESIAN_POINT('',(5.03950096E-1,-1.84E-1,-1.69E-1));
#16343=DIRECTION('',(0.E0,0.E0,1.E0));
#16344=DIRECTION('',(-1.E0,0.E0,0.E0));
#16345=AXIS2_PLACEMENT_3D('',#16342,#16343,#16344);
#16346=PLANE('',#16345);
#16347=ORIENTED_EDGE('',*,*,#15883,.F.);
#16349=ORIENTED_EDGE('',*,*,#16348,.T.);
#16350=ORIENTED_EDGE('',*,*,#16131,.T.);
#16351=ORIENTED_EDGE('',*,*,#16335,.F.);
#16352=EDGE_LOOP('',(#16347,#16349,#16350,#16351));
#16353=FACE_OUTER_BOUND('',#16352,.F.);
#16354=ADVANCED_FACE('',(#16353),#16346,.F.);
#16355=CARTESIAN_POINT('',(5.208750865E-1,-1.84E-1,-2.108908214807E-1));
#16356=DIRECTION('',(9.271838545668E-1,0.E0,3.746065934159E-1));
#16357=DIRECTION('',(-3.746065934159E-1,0.E0,9.271838545668E-1));
#16358=AXIS2_PLACEMENT_3D('',#16355,#16356,#16357);
#16359=PLANE('',#16358);
#16360=ORIENTED_EDGE('',*,*,#15907,.F.);
#16362=ORIENTED_EDGE('',*,*,#16361,.T.);
#16363=ORIENTED_EDGE('',*,*,#16133,.T.);
#16364=ORIENTED_EDGE('',*,*,#16348,.F.);
#16365=EDGE_LOOP('',(#16360,#16362,#16363,#16364));
#16366=FACE_OUTER_BOUND('',#16365,.F.);
#16367=ADVANCED_FACE('',(#16366),#16359,.F.);
#16368=CARTESIAN_POINT('',(5.37800077E-1,-1.84E-1,-1.69E-1));
#16369=DIRECTION('',(-9.271838545668E-1,0.E0,3.746065934159E-1));
#16370=DIRECTION('',(-3.746065934159E-1,0.E0,-9.271838545668E-1));
#16371=AXIS2_PLACEMENT_3D('',#16368,#16369,#16370);
#16372=PLANE('',#16371);
#16373=ORIENTED_EDGE('',*,*,#15905,.F.);
#16374=ORIENTED_EDGE('',*,*,#16220,.T.);
#16375=ORIENTED_EDGE('',*,*,#16135,.T.);
#16376=ORIENTED_EDGE('',*,*,#16361,.F.);
#16377=EDGE_LOOP('',(#16373,#16374,#16375,#16376));
#16378=FACE_OUTER_BOUND('',#16377,.F.);
#16379=ADVANCED_FACE('',(#16378),#16372,.F.);
#16380=CARTESIAN_POINT('',(6.20349769E-1,-1.84E-1,-2.5E-1));
#16381=DIRECTION('',(0.E0,0.E0,-1.E0));
#16382=DIRECTION('',(1.E0,0.E0,0.E0));
#16383=AXIS2_PLACEMENT_3D('',#16380,#16381,#16382);
#16384=PLANE('',#16383);
#16385=ORIENTED_EDGE('',*,*,#15911,.F.);
#16387=ORIENTED_EDGE('',*,*,#16386,.T.);
#16388=ORIENTED_EDGE('',*,*,#16145,.T.);
#16390=ORIENTED_EDGE('',*,*,#16389,.F.);
#16391=EDGE_LOOP('',(#16385,#16387,#16388,#16390));
#16392=FACE_OUTER_BOUND('',#16391,.F.);
#16393=ADVANCED_FACE('',(#16392),#16384,.F.);
#16394=CARTESIAN_POINT('',(6.20349769E-1,-1.84E-1,-1.69E-1));
#16395=DIRECTION('',(-1.E0,0.E0,0.E0));
#16396=DIRECTION('',(0.E0,0.E0,-1.E0));
#16397=AXIS2_PLACEMENT_3D('',#16394,#16395,#16396);
#16398=PLANE('',#16397);
#16399=ORIENTED_EDGE('',*,*,#15923,.F.);
#16401=ORIENTED_EDGE('',*,*,#16400,.T.);
#16402=ORIENTED_EDGE('',*,*,#16147,.T.);
#16403=ORIENTED_EDGE('',*,*,#16386,.F.);
#16404=EDGE_LOOP('',(#16399,#16401,#16402,#16403));
#16405=FACE_OUTER_BOUND('',#16404,.F.);
#16406=ADVANCED_FACE('',(#16405),#16398,.F.);
#16407=CARTESIAN_POINT('',(7.02649738E-1,-1.84E-1,-1.69E-1));
#16408=DIRECTION('',(0.E0,0.E0,1.E0));
#16409=DIRECTION('',(-1.E0,0.E0,0.E0));
#16410=AXIS2_PLACEMENT_3D('',#16407,#16408,#16409);
#16411=PLANE('',#16410);
#16412=ORIENTED_EDGE('',*,*,#15921,.F.);
#16414=ORIENTED_EDGE('',*,*,#16413,.T.);
#16415=ORIENTED_EDGE('',*,*,#16149,.T.);
#16416=ORIENTED_EDGE('',*,*,#16400,.F.);
#16417=EDGE_LOOP('',(#16412,#16414,#16415,#16416));
#16418=FACE_OUTER_BOUND('',#16417,.F.);
#16419=ADVANCED_FACE('',(#16418),#16411,.F.);
#16420=CARTESIAN_POINT('',(7.014560568460E-1,-1.84E-1,-1.690034836108E-1));
#16421=CARTESIAN_POINT('',(7.157109899376E-1,-1.84E-1,-1.689207342363E-1));
#16422=CARTESIAN_POINT('',(7.350951137889E-1,-1.84E-1,-1.707948859607E-1));
#16423=CARTESIAN_POINT('',(7.525843431889E-1,-1.84E-1,-1.816500239948E-1));
#16424=CARTESIAN_POINT('',(7.568150332885E-1,-1.84E-1,-1.915915176124E-1));
#16425=CARTESIAN_POINT('',(7.565250450244E-1,-1.84E-1,-1.989675977350E-1));
#16427=DIRECTION('',(0.E0,-1.E0,0.E0));
#16428=VECTOR('',#16427,1.E0);
#16429=SURFACE_OF_LINEAR_EXTRUSION('',#16426,#16428);
#16430=ORIENTED_EDGE('',*,*,#15919,.T.);
#16432=ORIENTED_EDGE('',*,*,#16431,.T.);
#16433=ORIENTED_EDGE('',*,*,#16151,.T.);
#16434=ORIENTED_EDGE('',*,*,#16413,.F.);
#16435=EDGE_LOOP('',(#16430,#16432,#16433,#16434));
#16436=FACE_OUTER_BOUND('',#16435,.F.);
#16437=ADVANCED_FACE('',(#16436),#16429,.T.);
#16438=CARTESIAN_POINT('',(7.565267574250E-1,-1.84E-1,-1.965308735537E-1));
#16439=CARTESIAN_POINT('',(7.568068718619E-1,-1.84E-1,-2.038854380481E-1));
#16440=CARTESIAN_POINT('',(7.525510108072E-1,-1.84E-1,-2.137784771084E-1));
#16441=CARTESIAN_POINT('',(7.350452323637E-1,-1.84E-1,-2.245704988949E-1));
#16442=CARTESIAN_POINT('',(7.156807019368E-1,-1.84E-1,-2.264293186405E-1));
#16443=CARTESIAN_POINT('',(7.014489957268E-1,-1.84E-1,-2.263465125454E-1));
#16445=DIRECTION('',(0.E0,-1.E0,0.E0));
#16446=VECTOR('',#16445,1.E0);
#16447=SURFACE_OF_LINEAR_EXTRUSION('',#16444,#16446);
#16448=ORIENTED_EDGE('',*,*,#15917,.T.);
#16450=ORIENTED_EDGE('',*,*,#16449,.T.);
#16451=ORIENTED_EDGE('',*,*,#16153,.T.);
#16452=ORIENTED_EDGE('',*,*,#16431,.F.);
#16453=EDGE_LOOP('',(#16448,#16450,#16451,#16452));
#16454=FACE_OUTER_BOUND('',#16453,.F.);
#16455=ADVANCED_FACE('',(#16454),#16447,.T.);
#16456=CARTESIAN_POINT('',(6.65099758E-1,-1.84E-1,-2.26350025E-1));
#16457=DIRECTION('',(0.E0,0.E0,-1.E0));
#16458=DIRECTION('',(1.E0,0.E0,0.E0));
#16459=AXIS2_PLACEMENT_3D('',#16456,#16457,#16458);
#16460=PLANE('',#16459);
#16461=ORIENTED_EDGE('',*,*,#15915,.F.);
#16463=ORIENTED_EDGE('',*,*,#16462,.T.);
#16464=ORIENTED_EDGE('',*,*,#16155,.T.);
#16465=ORIENTED_EDGE('',*,*,#16449,.F.);
#16466=EDGE_LOOP('',(#16461,#16463,#16464,#16465));
#16467=FACE_OUTER_BOUND('',#16466,.F.);
#16468=ADVANCED_FACE('',(#16467),#16460,.F.);
#16469=CARTESIAN_POINT('',(6.65099758E-1,-1.84E-1,-2.5E-1));
#16470=DIRECTION('',(1.E0,0.E0,0.E0));
#16471=DIRECTION('',(0.E0,0.E0,1.E0));
#16472=AXIS2_PLACEMENT_3D('',#16469,#16470,#16471);
#16473=PLANE('',#16472);
#16474=ORIENTED_EDGE('',*,*,#15913,.F.);
#16475=ORIENTED_EDGE('',*,*,#16389,.T.);
#16476=ORIENTED_EDGE('',*,*,#16157,.T.);
#16477=ORIENTED_EDGE('',*,*,#16462,.F.);
#16478=EDGE_LOOP('',(#16474,#16475,#16476,#16477));
#16479=FACE_OUTER_BOUND('',#16478,.F.);
#16480=ADVANCED_FACE('',(#16479),#16473,.F.);
#16481=CARTESIAN_POINT('',(6.65099758E-1,-1.84E-1,-2.03749972E-1));
#16482=DIRECTION('',(1.E0,0.E0,0.E0));
#16483=DIRECTION('',(0.E0,0.E0,1.E0));
#16484=AXIS2_PLACEMENT_3D('',#16481,#16482,#16483);
#16485=PLANE('',#16484);
#16486=ORIENTED_EDGE('',*,*,#15947,.F.);
#16488=ORIENTED_EDGE('',*,*,#16487,.T.);
#16489=ORIENTED_EDGE('',*,*,#16161,.T.);
#16491=ORIENTED_EDGE('',*,*,#16490,.F.);
#16492=EDGE_LOOP('',(#16486,#16488,#16489,#16491));
#16493=FACE_OUTER_BOUND('',#16492,.F.);
#16494=ADVANCED_FACE('',(#16493),#16485,.F.);
#16495=CARTESIAN_POINT('',(7.02649738E-1,-1.84E-1,-2.03749972E-1));
#16496=DIRECTION('',(0.E0,0.E0,1.E0));
#16497=DIRECTION('',(-1.E0,0.E0,0.E0));
#16498=AXIS2_PLACEMENT_3D('',#16495,#16496,#16497);
#16499=PLANE('',#16498);
#16500=ORIENTED_EDGE('',*,*,#15953,.F.);
#16502=ORIENTED_EDGE('',*,*,#16501,.T.);
#16503=ORIENTED_EDGE('',*,*,#16163,.T.);
#16504=ORIENTED_EDGE('',*,*,#16487,.F.);
#16505=EDGE_LOOP('',(#16500,#16502,#16503,#16504));
#16506=FACE_OUTER_BOUND('',#16505,.F.);
#16507=ADVANCED_FACE('',(#16506),#16499,.F.);
#16508=CARTESIAN_POINT('',(7.02649738E-1,-1.84E-1,-1.977249895E-1));
#16509=DIRECTION('',(0.E0,-1.E0,0.E0));
#16510=DIRECTION('',(1.E0,0.E0,0.E0));
#16511=AXIS2_PLACEMENT_3D('',#16508,#16509,#16510);
#16512=CYLINDRICAL_SURFACE('',#16511,6.0249825E-3);
#16513=ORIENTED_EDGE('',*,*,#15951,.T.);
#16515=ORIENTED_EDGE('',*,*,#16514,.T.);
#16516=ORIENTED_EDGE('',*,*,#16165,.T.);
#16517=ORIENTED_EDGE('',*,*,#16501,.F.);
#16518=EDGE_LOOP('',(#16513,#16515,#16516,#16517));
#16519=FACE_OUTER_BOUND('',#16518,.F.);
#16520=ADVANCED_FACE('',(#16519),#16512,.T.);
#16521=CARTESIAN_POINT('',(6.65099758E-1,-1.84E-1,-1.91700007E-1));
#16522=DIRECTION('',(0.E0,0.E0,-1.E0));
#16523=DIRECTION('',(1.E0,0.E0,0.E0));
#16524=AXIS2_PLACEMENT_3D('',#16521,#16522,#16523);
#16525=PLANE('',#16524);
#16526=ORIENTED_EDGE('',*,*,#15949,.F.);
#16527=ORIENTED_EDGE('',*,*,#16490,.T.);
#16528=ORIENTED_EDGE('',*,*,#16167,.T.);
#16529=ORIENTED_EDGE('',*,*,#16514,.F.);
#16530=EDGE_LOOP('',(#16526,#16527,#16528,#16529));
#16531=FACE_OUTER_BOUND('',#16530,.F.);
#16532=ADVANCED_FACE('',(#16531),#16525,.F.);
#16533=CLOSED_SHELL('',(#8000,#8015,#8029,#8044,#8073,#8104,#8119,#8142,#8161,
#8173,#8186,#8206,#8221,#8239,#8253,#8266,#8279,#8291,#8305,#8327,#8346,#8359,
#8373,#8387,#8402,#8426,#8440,#8454,#8469,#8487,#8499,#8515,#8531,#8548,#8892,
#8906,#8929,#8941,#8954,#8967,#8980,#8998,#9010,#9022,#9038,#9054,#9069,#9082,
#9104,#9118,#9131,#9143,#9156,#9179,#9202,#9216,#9238,#9261,#9274,#9287,#9300,
#9313,#9326,#9338,#9351,#9364,#9377,#9390,#9403,#9416,#9428,#9451,#9474,#9488,
#9510,#9533,#9546,#9559,#9572,#9585,#9598,#9610,#9623,#9636,#9649,#9662,#9675,
#9688,#9700,#9723,#9746,#9760,#9782,#9805,#9818,#9831,#9844,#9857,#9870,#9882,
#9895,#9908,#9921,#9934,#9947,#9960,#9972,#9995,#10018,#10032,#10054,#10077,
#10090,#10103,#10116,#10129,#10142,#10154,#10167,#10180,#10193,#10206,#10219,
#10232,#10244,#10267,#10290,#10304,#10326,#10349,#10362,#10375,#10388,#10401,
#10414,#10426,#10439,#10452,#10465,#10478,#10491,#10504,#10516,#10539,#10562,
#10576,#10598,#10621,#10634,#10647,#10660,#10673,#10686,#10698,#10711,#10724,
#10737,#10750,#10763,#10776,#10788,#10811,#10834,#10848,#10870,#10893,#10906,
#10919,#10932,#10945,#10958,#10970,#10983,#10996,#11009,#11022,#11035,#11048,
#11060,#11083,#11106,#11120,#11142,#11165,#11178,#11191,#11204,#11217,#11230,
#11242,#11255,#11268,#11281,#11294,#11307,#11320,#11332,#11355,#11378,#11392,
#11414,#11437,#11450,#11463,#11476,#11489,#11502,#11514,#11527,#11540,#11553,
#11566,#11579,#11592,#11604,#11627,#11650,#11664,#11686,#11709,#11722,#11735,
#11748,#11761,#11774,#11786,#11799,#11812,#11825,#11838,#11851,#11864,#11876,
#11899,#11922,#11936,#11958,#11981,#11994,#12007,#12020,#12033,#12046,#12058,
#12071,#12084,#12097,#12110,#12123,#12136,#12148,#12171,#12194,#12208,#12230,
#12253,#12266,#12279,#12292,#12305,#12318,#12330,#12343,#12356,#12369,#12382,
#12395,#12408,#12420,#12443,#12466,#12480,#12502,#12525,#12538,#12551,#12564,
#12577,#12590,#12602,#12615,#12628,#12641,#12654,#12667,#12680,#12692,#12715,
#12738,#12752,#12774,#12797,#12810,#12823,#12836,#12849,#12862,#12874,#12887,
#12900,#12913,#12926,#12939,#12952,#12964,#12987,#13010,#13024,#13046,#13069,
#13082,#13095,#13108,#13121,#13134,#13146,#13159,#13172,#13185,#13198,#13211,
#13224,#13236,#13251,#13265,#13279,#13293,#13307,#13321,#13334,#13349,#13363,
#13410,#13425,#13441,#13451,#13467,#13483,#13496,#13511,#13533,#13547,#13561,
#13876,#13891,#13903,#14217,#14230,#14242,#14256,#14270,#14283,#14296,#14310,
#14322,#14334,#14346,#14360,#14374,#14387,#14400,#14414,#14426,#14438,#14450,
#14464,#14478,#14491,#14504,#14518,#14530,#14542,#14554,#14568,#14582,#14595,
#14608,#14622,#14634,#14646,#14658,#14672,#14686,#14699,#14712,#14726,#14738,
#14750,#14762,#14776,#14790,#14803,#14816,#14830,#14842,#14854,#14866,#14880,
#14894,#14907,#14920,#14934,#14946,#14958,#14970,#14984,#14998,#15011,#15024,
#15038,#15050,#15062,#15074,#15088,#15102,#15115,#15128,#15142,#15154,#15166,
#15178,#15192,#15206,#15219,#15232,#15246,#15258,#15270,#15282,#15296,#15310,
#15323,#15336,#15350,#15362,#15374,#15386,#15400,#15414,#15427,#15440,#15454,
#15466,#15478,#15490,#15504,#15518,#15531,#15544,#15558,#15570,#15582,#15594,
#15608,#15622,#15635,#15648,#15662,#15674,#15686,#15698,#15712,#15726,#15739,
#15752,#15766,#15778,#15790,#15802,#15814,#15827,#15840,#15852,#15927,#15941,
#15957,#15969,#15984,#15998,#16012,#16026,#16040,#16054,#16068,#16081,#16105,
#16139,#16171,#16185,#16198,#16210,#16224,#16237,#16250,#16263,#16276,#16289,
#16302,#16315,#16328,#16341,#16354,#16367,#16379,#16393,#16406,#16419,#16437,
#16455,#16468,#16480,#16494,#16507,#16520,#16532));
#16534=MANIFOLD_SOLID_BREP('',#16533);
#16535=DIMENSIONAL_EXPONENTS(1.E0,0.E0,0.E0,0.E0,0.E0,0.E0,0.E0);
#16536=(LENGTH_UNIT()NAMED_UNIT(*)SI_UNIT(.MILLI.,.METRE.));
#16537=LENGTH_MEASURE_WITH_UNIT(LENGTH_MEASURE(2.54E1),#16536);
#16538=(CONVERSION_BASED_UNIT('INCH',#16537)LENGTH_UNIT()NAMED_UNIT(#16535));
#16539=DIMENSIONAL_EXPONENTS(0.E0,0.E0,0.E0,0.E0,0.E0,0.E0,0.E0);
#16540=(NAMED_UNIT(*)PLANE_ANGLE_UNIT()SI_UNIT($,.RADIAN.));
#16541=PLANE_ANGLE_MEASURE_WITH_UNIT(PLANE_ANGLE_MEASURE(1.745329251994E-2),
#16540);
#16542=(CONVERSION_BASED_UNIT('DEGREE',#16541)NAMED_UNIT(#16539)PLANE_ANGLE_UNIT());
#16543=(NAMED_UNIT(*)SI_UNIT($,.STERADIAN.)SOLID_ANGLE_UNIT());
#16544=UNCERTAINTY_MEASURE_WITH_UNIT(LENGTH_MEASURE(1.989418912154E-4),#16538,
'distance_accuracy_value',
'Maximum model space distance between geometric entities at asserted connectivities');
#16545=(GEOMETRIC_REPRESENTATION_CONTEXT(3)GLOBAL_UNCERTAINTY_ASSIGNED_CONTEXT((
#16544))GLOBAL_UNIT_ASSIGNED_CONTEXT((#16538,#16542,#16543))REPRESENTATION_CONTEXT('ID1','3'));
#16547=APPLICATION_CONTEXT('automotive_design');
#16548=APPLICATION_PROTOCOL_DEFINITION('international standard',
'automotive_design',2001,#16547);
#16549=PRODUCT_DEFINITION_CONTEXT('part definition',#16547,'design');
#16550=PRODUCT_CONTEXT('',#16547,'mechanical');
#16551=PRODUCT('C-5650118-1','C-5650118-1','NOT SPECIFIED',(#16550));
#16552=PRODUCT_DEFINITION_FORMATION('1','LAST_VERSION',#16551);
#16559=DIMENSIONAL_EXPONENTS(1.E0,0.E0,0.E0,0.E0,0.E0,0.E0,0.E0);
#16560=(LENGTH_UNIT()NAMED_UNIT(*)SI_UNIT(.MILLI.,.METRE.));
#16561=LENGTH_MEASURE_WITH_UNIT(LENGTH_MEASURE(2.54E1),#16560);
#16562=(CONVERSION_BASED_UNIT('INCH',#16561)LENGTH_UNIT()NAMED_UNIT(#16559));
#16563=DERIVED_UNIT_ELEMENT(#16562,2.E0);
#16564=MEASURE_REPRESENTATION_ITEM('surface area measure',AREA_MEASURE(
6.162290647417E0),#16755);
#16568=DIMENSIONAL_EXPONENTS(1.E0,0.E0,0.E0,0.E0,0.E0,0.E0,0.E0);
#16569=(LENGTH_UNIT()NAMED_UNIT(*)SI_UNIT(.MILLI.,.METRE.));
#16570=LENGTH_MEASURE_WITH_UNIT(LENGTH_MEASURE(2.54E1),#16569);
#16571=(CONVERSION_BASED_UNIT('INCH',#16570)LENGTH_UNIT()NAMED_UNIT(#16568));
#16572=DERIVED_UNIT_ELEMENT(#16571,3.E0);
#16573=MEASURE_REPRESENTATION_ITEM('volume measure',VOLUME_MEASURE(
3.061560327760E-1),#16756);
#16577=CARTESIAN_POINT('centre point',(5.606293280964E-5,-1.788055273932E-3,
-2.899621609072E-1));
#16581=DIMENSIONAL_EXPONENTS(1.E0,0.E0,0.E0,0.E0,0.E0,0.E0,0.E0);
#16582=(LENGTH_UNIT()NAMED_UNIT(*)SI_UNIT(.MILLI.,.METRE.));
#16583=LENGTH_MEASURE_WITH_UNIT(LENGTH_MEASURE(2.54E1),#16582);
#16584=(CONVERSION_BASED_UNIT('INCH',#16583)LENGTH_UNIT()NAMED_UNIT(#16581));
#16585=DERIVED_UNIT_ELEMENT(#16584,2.E0);
#16586=MEASURE_REPRESENTATION_ITEM('surface area measure',AREA_MEASURE(
6.162290647417E0),#16757);
#16590=DIMENSIONAL_EXPONENTS(1.E0,0.E0,0.E0,0.E0,0.E0,0.E0,0.E0);
#16591=(LENGTH_UNIT()NAMED_UNIT(*)SI_UNIT(.MILLI.,.METRE.));
#16592=LENGTH_MEASURE_WITH_UNIT(LENGTH_MEASURE(2.54E1),#16591);
#16593=(CONVERSION_BASED_UNIT('INCH',#16592)LENGTH_UNIT()NAMED_UNIT(#16590));
#16594=DERIVED_UNIT_ELEMENT(#16593,3.E0);
#16595=MEASURE_REPRESENTATION_ITEM('volume measure',VOLUME_MEASURE(
3.061560327760E-1),#16758);
#16599=CARTESIAN_POINT('centre point',(5.606293280964E-5,-1.788055273932E-3,
-2.899621609072E-1));
#16604=PRODUCT_RELATED_PRODUCT_CATEGORY('part','',(#16551));
#16606=GENERAL_PROPERTY('user defined attribute','','');
#16607=GENERAL_PROPERTY_ASSOCIATION('user defined attribute','',#16606,#16605);
#16608=DESCRIPTIVE_REPRESENTATION_ITEM('PART_NO','5650118');
#16612=GENERAL_PROPERTY('user defined attribute','','');
#16613=GENERAL_PROPERTY_ASSOCIATION('user defined attribute','',#16612,#16611);
#16614=DESCRIPTIVE_REPRESENTATION_ITEM('DWG_TITLE','CONNECTOR ASSEMBLY,');
#16618=GENERAL_PROPERTY('user defined attribute','','');
#16619=GENERAL_PROPERTY_ASSOCIATION('user defined attribute','',#16618,#16617);
#16620=DESCRIPTIVE_REPRESENTATION_ITEM('DWG_TITLE_2',
'STANDARD EDGE II, 2.54[0.100]');
#16624=GENERAL_PROPERTY('user defined attribute','','');
#16625=GENERAL_PROPERTY_ASSOCIATION('user defined attribute','',#16624,#16623);
#16626=DESCRIPTIVE_REPRESENTATION_ITEM('DESC',
'CONNECTOR ASSEMBLY, STANDARD EDGE II, 2.54[0.100]');
#16630=GENERAL_PROPERTY('user defined attribute','','');
#16631=GENERAL_PROPERTY_ASSOCIATION('user defined attribute','',#16630,#16629);
#16632=VALUE_REPRESENTATION_ITEM('SORT',NUMERIC_MEASURE(0.E0));
#16636=GENERAL_PROPERTY('user defined attribute','','');
#16637=GENERAL_PROPERTY_ASSOCIATION('user defined attribute','',#16636,#16635);
#16638=DESCRIPTIVE_REPRESENTATION_ITEM('TIR','-');
#16642=GENERAL_PROPERTY('user defined attribute','','');
#16643=GENERAL_PROPERTY_ASSOCIATION('user defined attribute','',#16642,#16641);
#16644=DESCRIPTIVE_REPRESENTATION_ITEM('DWG_SIZE_P','-');
#16648=GENERAL_PROPERTY('user defined attribute','','');
#16649=GENERAL_PROPERTY_ASSOCIATION('user defined attribute','',#16648,#16647);
#16650=DESCRIPTIVE_REPRESENTATION_ITEM('AMPTYPE','F');
#16654=GENERAL_PROPERTY('user defined attribute','','');
#16655=GENERAL_PROPERTY_ASSOCIATION('user defined attribute','',#16654,#16653);
#16657=GENERAL_PROPERTY('user defined attribute','','');
#16658=GENERAL_PROPERTY_ASSOCIATION('user defined attribute','',#16657,#16656);
#16659=DESCRIPTIVE_REPRESENTATION_ITEM('MOD_NUM','MOD36681');
#16663=GENERAL_PROPERTY('user defined attribute','','');
#16664=GENERAL_PROPERTY_ASSOCIATION('user defined attribute','',#16663,#16662);
#16666=GENERAL_PROPERTY('user defined attribute','','');
#16667=GENERAL_PROPERTY_ASSOCIATION('user defined attribute','',#16666,#16665);
#16668=DESCRIPTIVE_REPRESENTATION_ITEM('PDMREV','');
#16672=GENERAL_PROPERTY('user defined attribute','','');
#16673=GENERAL_PROPERTY_ASSOCIATION('user defined attribute','',#16672,#16671);
#16674=DESCRIPTIVE_REPRESENTATION_ITEM('PDMDB','');
#16678=GENERAL_PROPERTY('user defined attribute','','');
#16679=GENERAL_PROPERTY_ASSOCIATION('user defined attribute','',#16678,#16677);
#16680=DESCRIPTIVE_REPRESENTATION_ITEM('PDMRL','');
#16684=GENERAL_PROPERTY('user defined attribute','','');
#16685=GENERAL_PROPERTY_ASSOCIATION('user defined attribute','',#16684,#16683);
#16686=DESCRIPTIVE_REPRESENTATION_ITEM('PROI_REVISION','');
#16690=GENERAL_PROPERTY('user defined attribute','','');
#16691=GENERAL_PROPERTY_ASSOCIATION('user defined attribute','',#16690,#16689);
#16692=DESCRIPTIVE_REPRESENTATION_ITEM('PROI_VERSION','');
#16696=GENERAL_PROPERTY('user defined attribute','','');
#16697=GENERAL_PROPERTY_ASSOCIATION('user defined attribute','',#16696,#16695);
#16698=DESCRIPTIVE_REPRESENTATION_ITEM('PROI_BRANCH','');
#16702=GENERAL_PROPERTY('user defined attribute','','');
#16703=GENERAL_PROPERTY_ASSOCIATION('user defined attribute','',#16702,#16701);
#16704=DESCRIPTIVE_REPRESENTATION_ITEM('PROI_RELEASE','');
#16708=GENERAL_PROPERTY('user defined attribute','','');
#16709=GENERAL_PROPERTY_ASSOCIATION('user defined attribute','',#16708,#16707);
#16710=DESCRIPTIVE_REPRESENTATION_ITEM('PROI_CREATED_BY','US0T7353');
#16714=GENERAL_PROPERTY('user defined attribute','','');
#16715=GENERAL_PROPERTY_ASSOCIATION('user defined attribute','',#16714,#16713);
#16716=DESCRIPTIVE_REPRESENTATION_ITEM('PROI_CREATED_ON',
'7/13/2010 4:33:37 PM');
#16720=GENERAL_PROPERTY('user defined attribute','','');
#16721=GENERAL_PROPERTY_ASSOCIATION('user defined attribute','',#16720,#16719);
#16722=DESCRIPTIVE_REPRESENTATION_ITEM('PROI_LOCATION',
'Root Folder/EMCS MOD SVCS/GPL-267');
#16726=GENERAL_PROPERTY('user defined attribute','','');
#16727=GENERAL_PROPERTY_ASSOCIATION('user defined attribute','',#16726,#16725);
#16728=DESCRIPTIVE_REPRESENTATION_ITEM('REASON_DOC_CHANGE','Not Specified');
#16732=GENERAL_PROPERTY('user defined attribute','','');
#16733=GENERAL_PROPERTY_ASSOCIATION('user defined attribute','',#16732,#16731);
#16734=DESCRIPTIVE_REPRESENTATION_ITEM('DOC_LANGUAGE','English');
#16738=GENERAL_PROPERTY('user defined attribute','','');
#16739=GENERAL_PROPERTY_ASSOCIATION('user defined attribute','',#16738,#16737);
#16740=DESCRIPTIVE_REPRESENTATION_ITEM('DOC_STATUS','Active');
#16744=GENERAL_PROPERTY('user defined attribute','','');
#16745=GENERAL_PROPERTY_ASSOCIATION('user defined attribute','',#16744,#16743);
#16746=DESCRIPTIVE_REPRESENTATION_ITEM('PART_REV','A');
#16750=GENERAL_PROPERTY('user defined attribute','','');
#16751=GENERAL_PROPERTY_ASSOCIATION('user defined attribute','',#16750,#16749);
#16752=DESCRIPTIVE_REPRESENTATION_ITEM('PTC_COMMON_NAME','');
#100=CIRCLE('',#99,3.E-2);
#105=CIRCLE('',#104,5.E-3);
#114=B_SPLINE_CURVE_WITH_KNOTS('',3,(#106,#107,#108,#109,#110,#111,#112,#113),
.UNSPECIFIED.,.F.,.F.,(4,1,1,1,1,4),(0.E0,2.E-1,4.E-1,6.E-1,8.E-1,1.E0),
.UNSPECIFIED.);
#123=CIRCLE('',#122,3.5E-2);
#132=CIRCLE('',#131,3.5E-2);
#141=CIRCLE('',#140,3.E-2);
#146=CIRCLE('',#145,3.E-2);
#155=CIRCLE('',#154,3.5E-2);
#164=CIRCLE('',#163,3.5E-2);
#169=CIRCLE('',#168,3.5E-2);
#178=CIRCLE('',#177,3.5E-2);
#187=CIRCLE('',#186,3.5E-2);
#196=CIRCLE('',#195,3.E-2);
#205=CIRCLE('',#204,3.E-2);
#214=CIRCLE('',#213,3.5E-2);
#223=CIRCLE('',#222,5.E-3);
#244=CIRCLE('',#243,3.E-2);
#253=CIRCLE('',#252,3.E-2);
#258=CIRCLE('',#257,5.E-3);
#266=B_SPLINE_CURVE_WITH_KNOTS('',3,(#259,#260,#261,#262,#263,#264,#265),
.UNSPECIFIED.,.F.,.F.,(4,1,1,1,4),(0.E0,2.5E-1,5.E-1,7.5E-1,1.E0),
.UNSPECIFIED.);
#287=CIRCLE('',#286,3.E-2);
#292=CIRCLE('',#291,3.E-2);
#309=CIRCLE('',#308,3.E-2);
#314=CIRCLE('',#313,3.E-2);
#326=B_SPLINE_CURVE_WITH_KNOTS('',3,(#319,#320,#321,#322,#323,#324,#325),
.UNSPECIFIED.,.F.,.F.,(4,1,1,1,4),(0.E0,2.5E-1,5.E-1,7.5E-1,1.E0),
.UNSPECIFIED.);
#331=CIRCLE('',#330,5.E-3);
#340=B_SPLINE_CURVE_WITH_KNOTS('',3,(#332,#333,#334,#335,#336,#337,#338,#339),
.UNSPECIFIED.,.F.,.F.,(4,1,1,1,1,4),(0.E0,2.E-1,4.E-1,6.E-1,8.E-1,1.E0),
.UNSPECIFIED.);
#345=CIRCLE('',#344,3.E-2);
#350=CIRCLE('',#349,5.E-3);
#375=CIRCLE('',#374,3.E-2);
#384=CIRCLE('',#383,3.E-2);
#389=CIRCLE('',#388,5.E-3);
#397=B_SPLINE_CURVE_WITH_KNOTS('',3,(#390,#391,#392,#393,#394,#395,#396),
.UNSPECIFIED.,.F.,.F.,(4,1,1,1,4),(0.E0,2.5E-1,5.E-1,7.5E-1,1.E0),
.UNSPECIFIED.);
#402=CIRCLE('',#401,5.E-3);
#411=B_SPLINE_CURVE_WITH_KNOTS('',3,(#403,#404,#405,#406,#407,#408,#409,#410),
.UNSPECIFIED.,.F.,.F.,(4,1,1,1,1,4),(0.E0,2.E-1,4.E-1,6.E-1,8.E-1,1.E0),
.UNSPECIFIED.);
#416=CIRCLE('',#415,3.E-2);
#449=B_SPLINE_CURVE_WITH_KNOTS('',3,(#441,#442,#443,#444,#445,#446,#447,#448),
.UNSPECIFIED.,.F.,.F.,(4,1,1,1,1,4),(0.E0,2.E-1,4.E-1,6.E-1,8.E-1,1.E0),
.UNSPECIFIED.);
#454=CIRCLE('',#453,5.E-3);
#462=B_SPLINE_CURVE_WITH_KNOTS('',3,(#455,#456,#457,#458,#459,#460,#461),
.UNSPECIFIED.,.F.,.F.,(4,1,1,1,4),(0.E0,2.5E-1,5.E-1,7.5E-1,1.E0),
.UNSPECIFIED.);
#479=CIRCLE('',#478,3.E-2);
#484=CIRCLE('',#483,3.E-2);
#493=CIRCLE('',#492,3.E-2);
#1070=CIRCLE('',#1069,2.5E-2);
#1075=CIRCLE('',#1074,2.5E-2);
#1116=CIRCLE('',#1115,2.5E-2);
#1121=CIRCLE('',#1120,2.5E-2);
#1130=CIRCLE('',#1129,3.E-2);
#1139=CIRCLE('',#1138,3.E-2);
#1144=CIRCLE('',#1143,3.E-2);
#1161=CIRCLE('',#1160,3.E-2);
#1206=CIRCLE('',#1205,2.5E-2);
#1211=CIRCLE('',#1210,2.5E-2);
#1240=CIRCLE('',#1239,3.E-2);
#1253=CIRCLE('',#1252,2.5E-2);
#1258=CIRCLE('',#1257,2.5E-2);
#1263=CIRCLE('',#1262,3.E-2);
#1276=CIRCLE('',#1275,5.E-2);
#1293=CIRCLE('',#1292,2.5E-2);
#1306=CIRCLE('',#1305,5.E-2);
#1323=CIRCLE('',#1322,2.5E-2);
#1336=CIRCLE('',#1335,2.5E-2);
#1353=CIRCLE('',#1352,5.E-2);
#1366=CIRCLE('',#1365,2.5E-2);
#1383=CIRCLE('',#1382,5.E-2);
#1444=CIRCLE('',#1443,5.E-2);
#1461=CIRCLE('',#1460,2.5E-2);
#1474=CIRCLE('',#1473,5.E-2);
#1491=CIRCLE('',#1490,2.5E-2);
#1508=CIRCLE('',#1507,2.5E-2);
#1525=CIRCLE('',#1524,5.E-2);
#1538=CIRCLE('',#1537,2.5E-2);
#1555=CIRCLE('',#1554,5.E-2);
#1612=CIRCLE('',#1611,5.E-2);
#1629=CIRCLE('',#1628,2.5E-2);
#1642=CIRCLE('',#1641,5.E-2);
#1659=CIRCLE('',#1658,2.5E-2);
#1676=CIRCLE('',#1675,2.5E-2);
#1693=CIRCLE('',#1692,5.E-2);
#1706=CIRCLE('',#1705,2.5E-2);
#1723=CIRCLE('',#1722,5.E-2);
#1780=CIRCLE('',#1779,5.E-2);
#1797=CIRCLE('',#1796,2.5E-2);
#1810=CIRCLE('',#1809,5.E-2);
#1827=CIRCLE('',#1826,2.5E-2);
#1844=CIRCLE('',#1843,2.5E-2);
#1861=CIRCLE('',#1860,5.E-2);
#1874=CIRCLE('',#1873,2.5E-2);
#1891=CIRCLE('',#1890,5.E-2);
#1948=CIRCLE('',#1947,5.E-2);
#1965=CIRCLE('',#1964,2.5E-2);
#1978=CIRCLE('',#1977,5.E-2);
#1995=CIRCLE('',#1994,2.5E-2);
#2012=CIRCLE('',#2011,2.5E-2);
#2029=CIRCLE('',#2028,5.E-2);
#2042=CIRCLE('',#2041,2.5E-2);
#2059=CIRCLE('',#2058,5.E-2);
#2116=CIRCLE('',#2115,5.E-2);
#2133=CIRCLE('',#2132,2.5E-2);
#2146=CIRCLE('',#2145,5.E-2);
#2163=CIRCLE('',#2162,2.5E-2);
#2180=CIRCLE('',#2179,2.5E-2);
#2197=CIRCLE('',#2196,5.E-2);
#2210=CIRCLE('',#2209,2.5E-2);
#2227=CIRCLE('',#2226,5.E-2);
#2284=CIRCLE('',#2283,5.E-2);
#2301=CIRCLE('',#2300,2.5E-2);
#2314=CIRCLE('',#2313,5.E-2);
#2331=CIRCLE('',#2330,2.5E-2);
#2348=CIRCLE('',#2347,2.5E-2);
#2365=CIRCLE('',#2364,5.E-2);
#2378=CIRCLE('',#2377,2.5E-2);
#2395=CIRCLE('',#2394,5.E-2);
#2452=CIRCLE('',#2451,5.E-2);
#2469=CIRCLE('',#2468,2.5E-2);
#2482=CIRCLE('',#2481,5.E-2);
#2499=CIRCLE('',#2498,2.5E-2);
#2516=CIRCLE('',#2515,2.5E-2);
#2533=CIRCLE('',#2532,5.E-2);
#2546=CIRCLE('',#2545,2.5E-2);
#2563=CIRCLE('',#2562,5.E-2);
#2620=CIRCLE('',#2619,5.E-2);
#2637=CIRCLE('',#2636,2.5E-2);
#2650=CIRCLE('',#2649,5.E-2);
#2667=CIRCLE('',#2666,2.5E-2);
#2684=CIRCLE('',#2683,2.5E-2);
#2701=CIRCLE('',#2700,5.E-2);
#2714=CIRCLE('',#2713,2.5E-2);
#2731=CIRCLE('',#2730,5.E-2);
#2788=CIRCLE('',#2787,5.E-2);
#2805=CIRCLE('',#2804,2.5E-2);
#2818=CIRCLE('',#2817,5.E-2);
#2835=CIRCLE('',#2834,2.5E-2);
#2852=CIRCLE('',#2851,2.5E-2);
#2869=CIRCLE('',#2868,5.E-2);
#2882=CIRCLE('',#2881,2.5E-2);
#2899=CIRCLE('',#2898,5.E-2);
#2956=CIRCLE('',#2955,5.E-2);
#2973=CIRCLE('',#2972,2.5E-2);
#2986=CIRCLE('',#2985,5.E-2);
#3003=CIRCLE('',#3002,2.5E-2);
#3020=CIRCLE('',#3019,2.5E-2);
#3037=CIRCLE('',#3036,5.E-2);
#3050=CIRCLE('',#3049,2.5E-2);
#3067=CIRCLE('',#3066,5.E-2);
#3124=CIRCLE('',#3123,5.E-2);
#3141=CIRCLE('',#3140,2.5E-2);
#3154=CIRCLE('',#3153,5.E-2);
#3171=CIRCLE('',#3170,2.5E-2);
#3188=CIRCLE('',#3187,2.5E-2);
#3205=CIRCLE('',#3204,5.E-2);
#3218=CIRCLE('',#3217,2.5E-2);
#3235=CIRCLE('',#3234,5.E-2);
#3292=CIRCLE('',#3291,5.E-2);
#3309=CIRCLE('',#3308,2.5E-2);
#3322=CIRCLE('',#3321,5.E-2);
#3339=CIRCLE('',#3338,2.5E-2);
#3356=CIRCLE('',#3355,2.5E-2);
#3373=CIRCLE('',#3372,5.E-2);
#3386=CIRCLE('',#3385,2.5E-2);
#3403=CIRCLE('',#3402,5.E-2);
#3460=CIRCLE('',#3459,5.E-2);
#3477=CIRCLE('',#3476,2.5E-2);
#3490=CIRCLE('',#3489,5.E-2);
#3507=CIRCLE('',#3506,2.5E-2);
#3524=CIRCLE('',#3523,2.5E-2);
#3541=CIRCLE('',#3540,5.E-2);
#3554=CIRCLE('',#3553,2.5E-2);
#3571=CIRCLE('',#3570,5.E-2);
#3628=CIRCLE('',#3627,5.E-2);
#3645=CIRCLE('',#3644,2.5E-2);
#3658=CIRCLE('',#3657,5.E-2);
#3675=CIRCLE('',#3674,2.5E-2);
#3692=CIRCLE('',#3691,2.5E-2);
#3709=CIRCLE('',#3708,5.E-2);
#3722=CIRCLE('',#3721,2.5E-2);
#3739=CIRCLE('',#3738,5.E-2);
#3848=CIRCLE('',#3847,3.2E-2);
#3853=CIRCLE('',#3852,3.2E-2);
#3886=CIRCLE('',#3885,3.2E-2);
#3891=CIRCLE('',#3890,3.E-2);
#3896=CIRCLE('',#3895,3.E-2);
#3901=CIRCLE('',#3900,3.E-2);
#3906=CIRCLE('',#3905,3.E-2);
#3923=CIRCLE('',#3922,3.2E-2);
#3928=CIRCLE('',#3927,3.2E-2);
#3970=B_SPLINE_CURVE_WITH_KNOTS('',3,(#3957,#3958,#3959,#3960,#3961,#3962,#3963,
#3964,#3965,#3966,#3967,#3968,#3969),.UNSPECIFIED.,.F.,.F.,(4,1,1,1,1,1,1,1,1,1,
4),(0.E0,1.E-1,2.E-1,3.E-1,4.E-1,5.E-1,6.E-1,7.E-1,8.E-1,9.E-1,1.E0),
.UNSPECIFIED.);
#3979=B_SPLINE_CURVE_WITH_KNOTS('',3,(#3971,#3972,#3973,#3974,#3975,#3976,#3977,
#3978),.UNSPECIFIED.,.F.,.F.,(4,1,1,1,1,4),(0.E0,1.25E-1,2.5E-1,5.E-1,7.5E-1,
1.E0),.UNSPECIFIED.);
#3988=B_SPLINE_CURVE_WITH_KNOTS('',3,(#3980,#3981,#3982,#3983,#3984,#3985,#3986,
#3987),.UNSPECIFIED.,.F.,.F.,(4,1,1,1,1,4),(0.E0,2.5E-1,5.E-1,7.5E-1,8.75E-1,
1.E0),.UNSPECIFIED.);
#3993=CIRCLE('',#3992,6.E-2);
#4002=CIRCLE('',#4001,6.E-2);
#4015=B_SPLINE_CURVE_WITH_KNOTS('',3,(#4007,#4008,#4009,#4010,#4011,#4012,#4013,
#4014),.UNSPECIFIED.,.F.,.F.,(4,1,1,1,1,4),(0.E0,2.5E-1,5.E-1,7.5E-1,8.75E-1,
1.E0),.UNSPECIFIED.);
#4024=B_SPLINE_CURVE_WITH_KNOTS('',3,(#4016,#4017,#4018,#4019,#4020,#4021,#4022,
#4023),.UNSPECIFIED.,.F.,.F.,(4,1,1,1,1,4),(0.E0,1.25E-1,2.5E-1,5.E-1,7.5E-1,
1.E0),.UNSPECIFIED.);
#5041=CIRCLE('',#5040,8.5E-2);
#5046=CIRCLE('',#5045,7.15E-2);
#5051=CIRCLE('',#5050,8.5E-2);
#5056=CIRCLE('',#5055,7.15E-2);
#5061=CIRCLE('',#5060,8.5E-2);
#5066=CIRCLE('',#5065,7.15E-2);
#5071=CIRCLE('',#5070,8.5E-2);
#5076=CIRCLE('',#5075,7.15E-2);
#5081=CIRCLE('',#5080,8.5E-2);
#5086=CIRCLE('',#5085,7.15E-2);
#5091=CIRCLE('',#5090,8.5E-2);
#5096=CIRCLE('',#5095,7.15E-2);
#5101=CIRCLE('',#5100,8.5E-2);
#5106=CIRCLE('',#5105,7.15E-2);
#5111=CIRCLE('',#5110,8.5E-2);
#5116=CIRCLE('',#5115,7.15E-2);
#5121=CIRCLE('',#5120,8.5E-2);
#5126=CIRCLE('',#5125,7.15E-2);
#5131=CIRCLE('',#5130,8.5E-2);
#5136=CIRCLE('',#5135,7.15E-2);
#5141=CIRCLE('',#5140,8.5E-2);
#5146=CIRCLE('',#5145,7.15E-2);
#5151=CIRCLE('',#5150,8.5E-2);
#5156=CIRCLE('',#5155,7.15E-2);
#5161=CIRCLE('',#5160,8.5E-2);
#5166=CIRCLE('',#5165,7.15E-2);
#5171=CIRCLE('',#5170,8.5E-2);
#5176=CIRCLE('',#5175,7.15E-2);
#5181=CIRCLE('',#5180,8.5E-2);
#5186=CIRCLE('',#5185,7.15E-2);
#5191=CIRCLE('',#5190,8.5E-2);
#5196=CIRCLE('',#5195,7.15E-2);
#5201=CIRCLE('',#5200,8.5E-2);
#5206=CIRCLE('',#5205,7.15E-2);
#5211=CIRCLE('',#5210,8.5E-2);
#5216=CIRCLE('',#5215,7.15E-2);
#5221=CIRCLE('',#5220,8.5E-2);
#5226=CIRCLE('',#5225,7.15E-2);
#5231=CIRCLE('',#5230,8.5E-2);
#5236=CIRCLE('',#5235,7.15E-2);
#5241=CIRCLE('',#5240,8.5E-2);
#5246=CIRCLE('',#5245,7.15E-2);
#5251=CIRCLE('',#5250,8.5E-2);
#5256=CIRCLE('',#5255,7.15E-2);
#5261=CIRCLE('',#5260,8.5E-2);
#5266=CIRCLE('',#5265,7.15E-2);
#5271=CIRCLE('',#5270,8.5E-2);
#5276=CIRCLE('',#5275,7.15E-2);
#5281=CIRCLE('',#5280,8.5E-2);
#5286=CIRCLE('',#5285,7.15E-2);
#5291=CIRCLE('',#5290,8.5E-2);
#5296=CIRCLE('',#5295,7.15E-2);
#5301=CIRCLE('',#5300,8.5E-2);
#5306=CIRCLE('',#5305,7.15E-2);
#5311=CIRCLE('',#5310,8.5E-2);
#5316=CIRCLE('',#5315,7.15E-2);
#5321=CIRCLE('',#5320,8.5E-2);
#5326=CIRCLE('',#5325,7.15E-2);
#5331=CIRCLE('',#5330,8.5E-2);
#5336=CIRCLE('',#5335,7.15E-2);
#5341=CIRCLE('',#5340,8.5E-2);
#5346=CIRCLE('',#5345,7.15E-2);
#5351=CIRCLE('',#5350,8.5E-2);
#5356=CIRCLE('',#5355,7.15E-2);
#5361=CIRCLE('',#5360,8.5E-2);
#5366=CIRCLE('',#5365,7.15E-2);
#5371=CIRCLE('',#5370,8.5E-2);
#5376=CIRCLE('',#5375,7.15E-2);
#5381=CIRCLE('',#5380,8.5E-2);
#5386=CIRCLE('',#5385,7.15E-2);
#5391=CIRCLE('',#5390,8.5E-2);
#5396=CIRCLE('',#5395,7.15E-2);
#5401=CIRCLE('',#5400,8.5E-2);
#5406=CIRCLE('',#5405,7.15E-2);
#5411=CIRCLE('',#5410,8.5E-2);
#5416=CIRCLE('',#5415,7.15E-2);
#5421=CIRCLE('',#5420,8.5E-2);
#5426=CIRCLE('',#5425,7.15E-2);
#5431=CIRCLE('',#5430,8.5E-2);
#5436=CIRCLE('',#5435,7.15E-2);
#5441=CIRCLE('',#5440,8.5E-2);
#5446=CIRCLE('',#5445,7.15E-2);
#5451=CIRCLE('',#5450,8.5E-2);
#5456=CIRCLE('',#5455,7.15E-2);
#5461=CIRCLE('',#5460,8.5E-2);
#5466=CIRCLE('',#5465,7.15E-2);
#5471=CIRCLE('',#5470,8.5E-2);
#5476=CIRCLE('',#5475,7.15E-2);
#5481=CIRCLE('',#5480,8.5E-2);
#5486=CIRCLE('',#5485,7.15E-2);
#5491=CIRCLE('',#5490,8.5E-2);
#5496=CIRCLE('',#5495,7.15E-2);
#5501=CIRCLE('',#5500,8.5E-2);
#5506=CIRCLE('',#5505,7.15E-2);
#5511=CIRCLE('',#5510,8.5E-2);
#5516=CIRCLE('',#5515,7.15E-2);
#5521=CIRCLE('',#5520,8.5E-2);
#5526=CIRCLE('',#5525,7.15E-2);
#5531=CIRCLE('',#5530,8.5E-2);
#5536=CIRCLE('',#5535,7.15E-2);
#5541=CIRCLE('',#5540,8.5E-2);
#5546=CIRCLE('',#5545,7.15E-2);
#5551=CIRCLE('',#5550,8.5E-2);
#5556=CIRCLE('',#5555,7.15E-2);
#5561=CIRCLE('',#5560,8.5E-2);
#5566=CIRCLE('',#5565,7.15E-2);
#5571=CIRCLE('',#5570,8.5E-2);
#5576=CIRCLE('',#5575,7.15E-2);
#5581=CIRCLE('',#5580,8.5E-2);
#5586=CIRCLE('',#5585,7.15E-2);
#5591=CIRCLE('',#5590,8.5E-2);
#5596=CIRCLE('',#5595,7.15E-2);
#5601=CIRCLE('',#5600,8.5E-2);
#5606=CIRCLE('',#5605,7.15E-2);
#5611=CIRCLE('',#5610,8.5E-2);
#5616=CIRCLE('',#5615,7.15E-2);
#5621=CIRCLE('',#5620,8.5E-2);
#5626=CIRCLE('',#5625,7.15E-2);
#5631=CIRCLE('',#5630,8.5E-2);
#5636=CIRCLE('',#5635,7.15E-2);
#5781=B_SPLINE_CURVE_WITH_KNOTS('',3,(#5773,#5774,#5775,#5776,#5777,#5778,#5779,
#5780),.UNSPECIFIED.,.F.,.F.,(4,1,1,1,1,4),(0.E0,1.25E-1,2.5E-1,5.E-1,7.5E-1,
1.E0),.UNSPECIFIED.);
#5790=B_SPLINE_CURVE_WITH_KNOTS('',3,(#5782,#5783,#5784,#5785,#5786,#5787,#5788,
#5789),.UNSPECIFIED.,.F.,.F.,(4,1,1,1,1,4),(0.E0,2.5E-1,5.E-1,7.5E-1,8.75E-1,
1.E0),.UNSPECIFIED.);
#5811=CIRCLE('',#5810,6.0249825E-3);
#5966=B_SPLINE_CURVE_WITH_KNOTS('',3,(#5956,#5957,#5958,#5959,#5960,#5961,#5962,
#5963,#5964,#5965),.UNSPECIFIED.,.F.,.F.,(4,1,1,1,1,1,1,4),(0.E0,
1.428571428571E-1,2.857142857143E-1,4.285714285714E-1,5.714285714286E-1,
7.142857142857E-1,8.571428571429E-1,1.E0),.UNSPECIFIED.);
#5977=B_SPLINE_CURVE_WITH_KNOTS('',3,(#5967,#5968,#5969,#5970,#5971,#5972,#5973,
#5974,#5975,#5976),.UNSPECIFIED.,.F.,.F.,(4,1,1,1,1,1,1,4),(0.E0,
1.428571428571E-1,2.857142857143E-1,4.285714285714E-1,5.714285714286E-1,
7.142857142857E-1,8.571428571429E-1,1.E0),.UNSPECIFIED.);
#5998=CIRCLE('',#5997,6.0249825E-3);
#7978=EDGE_CURVE('',#7960,#7919,#75,.T.);
#7980=EDGE_CURVE('',#7964,#7960,#114,.T.);
#7982=EDGE_CURVE('',#6520,#7964,#150,.T.);
#7984=EDGE_CURVE('',#6518,#6520,#79,.T.);
#7986=EDGE_CURVE('',#6518,#6525,#83,.T.);
#7988=EDGE_CURVE('',#6530,#6525,#87,.T.);
#7990=EDGE_CURVE('',#7906,#6530,#191,.T.);
#7992=EDGE_CURVE('',#7905,#7906,#340,.T.);
#7994=EDGE_CURVE('',#7924,#7905,#91,.T.);
#7996=EDGE_CURVE('',#7919,#7924,#95,.T.);
#8006=EDGE_CURVE('',#7959,#7960,#100,.T.);
#8009=EDGE_CURVE('',#7919,#7920,#287,.T.);
#8011=EDGE_CURVE('',#7959,#7920,#274,.T.);
#8022=EDGE_CURVE('',#7959,#7963,#105,.T.);
#8024=EDGE_CURVE('',#7963,#7964,#155,.T.);
#8035=EDGE_CURVE('',#7940,#7963,#159,.T.);
#8038=EDGE_CURVE('',#7938,#7959,#270,.T.);
#8040=EDGE_CURVE('',#7938,#7940,#266,.T.);
#8050=EDGE_CURVE('',#7901,#7902,#118,.T.);
#8052=EDGE_CURVE('',#7942,#7901,#123,.T.);
#8054=EDGE_CURVE('',#7968,#7942,#127,.T.);
#8056=EDGE_CURVE('',#7967,#7968,#132,.T.);
#8058=EDGE_CURVE('',#7967,#6482,#136,.T.);
#8060=EDGE_CURVE('',#6480,#6482,#141,.T.);
#8062=EDGE_CURVE('',#6522,#6480,#5652,.T.);
#8064=EDGE_CURVE('',#6520,#6522,#146,.T.);
#8069=EDGE_CURVE('',#7902,#7940,#164,.T.);
#8079=EDGE_CURVE('',#7931,#7932,#169,.T.);
#8081=EDGE_CURVE('',#7936,#7931,#173,.T.);
#8083=EDGE_CURVE('',#7904,#7936,#178,.T.);
#8085=EDGE_CURVE('',#7954,#7904,#182,.T.);
#8087=EDGE_CURVE('',#7906,#7954,#187,.T.);
#8090=EDGE_CURVE('',#6528,#6530,#196,.T.);
#8092=EDGE_CURVE('',#6528,#6490,#200,.T.);
#8094=EDGE_CURVE('',#6488,#6490,#205,.T.);
#8096=EDGE_CURVE('',#6488,#7952,#209,.T.);
#8098=EDGE_CURVE('',#7951,#7952,#214,.T.);
#8100=EDGE_CURVE('',#7932,#7951,#218,.T.);
#8110=EDGE_CURVE('',#7897,#7898,#227,.T.);
#8112=EDGE_CURVE('',#7897,#7901,#223,.T.);
#8115=EDGE_CURVE('',#7898,#7902,#258,.T.);
#8126=EDGE_CURVE('',#6508,#7898,#231,.T.);
#8128=EDGE_CURVE('',#6508,#6167,#1267,.T.);
#8130=EDGE_CURVE('',#6180,#6167,#1173,.T.);
#8132=EDGE_CURVE('',#6180,#6162,#235,.T.);
#8134=EDGE_CURVE('',#6162,#6152,#513,.T.);
#8136=EDGE_CURVE('',#6493,#6152,#497,.T.);
#8138=EDGE_CURVE('',#7897,#6493,#239,.T.);
#8148=EDGE_CURVE('',#7898,#7938,#244,.T.);
#8150=EDGE_CURVE('',#7938,#6536,#248,.T.);
#8152=EDGE_CURVE('',#6536,#6506,#253,.T.);
#8154=EDGE_CURVE('',#6505,#6506,#1215,.T.);
#8156=EDGE_CURVE('',#6505,#6508,#1263,.T.);
#8182=EDGE_CURVE('',#7920,#6536,#278,.T.);
#8192=EDGE_CURVE('',#6534,#7923,#296,.T.);
#8194=EDGE_CURVE('',#6514,#6534,#314,.T.);
#8196=EDGE_CURVE('',#6514,#6506,#282,.T.);
#8202=EDGE_CURVE('',#7923,#7924,#292,.T.);
#8212=EDGE_CURVE('',#6534,#7903,#318,.T.);
#8215=EDGE_CURVE('',#7923,#7956,#300,.T.);
#8217=EDGE_CURVE('',#7956,#7903,#304,.T.);
#8227=EDGE_CURVE('',#7903,#7934,#309,.T.);
#8229=EDGE_CURVE('',#7934,#6511,#370,.T.);
#8231=EDGE_CURVE('',#6511,#6512,#1240,.T.);
#8233=EDGE_CURVE('',#6514,#6512,#1219,.T.);
#8245=EDGE_CURVE('',#7903,#7904,#326,.T.);
#8248=EDGE_CURVE('',#7934,#7936,#350,.T.);
#8261=EDGE_CURVE('',#7956,#7954,#331,.T.);
#8275=EDGE_CURVE('',#7905,#7956,#345,.T.);
#8297=EDGE_CURVE('',#7934,#7927,#354,.T.);
#8301=EDGE_CURVE('',#7927,#7931,#389,.T.);
#8312=EDGE_CURVE('',#6502,#7927,#358,.T.);
#8314=EDGE_CURVE('',#6155,#6502,#362,.T.);
#8316=EDGE_CURVE('',#6155,#6164,#525,.T.);
#8318=EDGE_CURVE('',#6178,#6164,#549,.T.);
#8320=EDGE_CURVE('',#6172,#6178,#1193,.T.);
#8322=EDGE_CURVE('',#6511,#6172,#366,.T.);
#8333=EDGE_CURVE('',#7927,#7928,#375,.T.);
#8335=EDGE_CURVE('',#7928,#7916,#379,.T.);
#8337=EDGE_CURVE('',#7916,#6500,#384,.T.);
#8339=EDGE_CURVE('',#6499,#6500,#1099,.T.);
#8341=EDGE_CURVE('',#6499,#6502,#1130,.T.);
#8355=EDGE_CURVE('',#7928,#7932,#397,.T.);
#8366=EDGE_CURVE('',#7947,#7951,#402,.T.);
#8368=EDGE_CURVE('',#7928,#7947,#1148,.T.);
#8379=EDGE_CURVE('',#7947,#7948,#416,.T.);
#8383=EDGE_CURVE('',#7952,#7948,#411,.T.);
#8394=EDGE_CURVE('',#7948,#7913,#428,.T.);
#8396=EDGE_CURVE('',#7913,#7914,#1139,.T.);
#8398=EDGE_CURVE('',#7947,#7914,#1152,.T.);
#8409=EDGE_CURVE('',#7971,#7967,#449,.T.);
#8411=EDGE_CURVE('',#7910,#7971,#420,.T.);
#8413=EDGE_CURVE('',#7910,#7913,#424,.T.);
#8418=EDGE_CURVE('',#6486,#6488,#432,.T.);
#8420=EDGE_CURVE('',#6477,#6486,#436,.T.);
#8422=EDGE_CURVE('',#6482,#6477,#440,.T.);
#8433=EDGE_CURVE('',#7972,#7968,#454,.T.);
#8435=EDGE_CURVE('',#7971,#7972,#1161,.T.);
#8446=EDGE_CURVE('',#7972,#7944,#474,.T.);
#8450=EDGE_CURVE('',#7944,#7942,#462,.T.);
#8460=EDGE_CURVE('',#6532,#7944,#488,.T.);
#8462=EDGE_CURVE('',#6532,#7909,#466,.T.);
#8464=EDGE_CURVE('',#7909,#7972,#470,.T.);
#8475=EDGE_CURVE('',#7944,#7897,#479,.T.);
#8478=EDGE_CURVE('',#6493,#6494,#493,.T.);
#8480=EDGE_CURVE('',#6496,#6494,#1079,.T.);
#8482=EDGE_CURVE('',#6496,#6532,#484,.T.);
#8507=EDGE_CURVE('',#6151,#6152,#509,.T.);
#8509=EDGE_CURVE('',#6151,#6158,#1111,.T.);
#8511=EDGE_CURVE('',#6158,#6494,#1083,.T.);
#8521=EDGE_CURVE('',#6162,#6446,#501,.T.);
#8523=EDGE_CURVE('',#6450,#6446,#1075,.T.);
#8525=EDGE_CURVE('',#6151,#6450,#505,.T.);
#8537=EDGE_CURVE('',#6472,#6156,#517,.T.);
#8539=EDGE_CURVE('',#6471,#6472,#1116,.T.);
#8541=EDGE_CURVE('',#6471,#6164,#521,.T.);
#8544=EDGE_CURVE('',#6155,#6156,#529,.T.);
#8554=EDGE_CURVE('',#6445,#6446,#533,.T.);
#8558=EDGE_CURVE('',#6453,#6180,#1169,.T.);
#8560=EDGE_CURVE('',#6453,#6454,#537,.T.);
#8562=EDGE_CURVE('',#6461,#6454,#541,.T.);
#8564=EDGE_CURVE('',#6461,#6462,#545,.T.);
#8566=EDGE_CURVE('',#6178,#6462,#1181,.T.);
#8570=EDGE_CURVE('',#6471,#6468,#553,.T.);
#8572=EDGE_CURVE('',#6468,#6445,#557,.T.);
#8576=EDGE_CURVE('',#6215,#6216,#561,.T.);
#8578=EDGE_CURVE('',#6215,#6223,#565,.T.);
#8580=EDGE_CURVE('',#6223,#6224,#569,.T.);
#8582=EDGE_CURVE('',#6216,#6224,#573,.T.);
#8586=EDGE_CURVE('',#6219,#6220,#577,.T.);
#8588=EDGE_CURVE('',#6219,#6227,#581,.T.);
#8590=EDGE_CURVE('',#6227,#6228,#585,.T.);
#8592=EDGE_CURVE('',#6220,#6228,#589,.T.);
#8596=EDGE_CURVE('',#6608,#6603,#593,.T.);
#8598=EDGE_CURVE('',#6608,#6624,#597,.T.);
#8600=EDGE_CURVE('',#6624,#6619,#601,.T.);
#8602=EDGE_CURVE('',#6603,#6619,#605,.T.);
#8606=EDGE_CURVE('',#6616,#6611,#609,.T.);
#8608=EDGE_CURVE('',#6616,#6632,#613,.T.);
#8610=EDGE_CURVE('',#6632,#6627,#617,.T.);
#8612=EDGE_CURVE('',#6611,#6627,#621,.T.);
#8616=EDGE_CURVE('',#6704,#6699,#625,.T.);
#8618=EDGE_CURVE('',#6704,#6720,#629,.T.);
#8620=EDGE_CURVE('',#6720,#6715,#633,.T.);
#8622=EDGE_CURVE('',#6699,#6715,#637,.T.);
#8626=EDGE_CURVE('',#6712,#6707,#641,.T.);
#8628=EDGE_CURVE('',#6712,#6728,#645,.T.);
#8630=EDGE_CURVE('',#6728,#6723,#649,.T.);
#8632=EDGE_CURVE('',#6707,#6723,#653,.T.);
#8636=EDGE_CURVE('',#6800,#6795,#657,.T.);
#8638=EDGE_CURVE('',#6800,#6816,#661,.T.);
#8640=EDGE_CURVE('',#6816,#6811,#665,.T.);
#8642=EDGE_CURVE('',#6795,#6811,#669,.T.);
#8646=EDGE_CURVE('',#6808,#6803,#673,.T.);
#8648=EDGE_CURVE('',#6808,#6824,#677,.T.);
#8650=EDGE_CURVE('',#6824,#6819,#681,.T.);
#8652=EDGE_CURVE('',#6803,#6819,#685,.T.);
#8656=EDGE_CURVE('',#6896,#6891,#689,.T.);
#8658=EDGE_CURVE('',#6896,#6912,#693,.T.);
#8660=EDGE_CURVE('',#6912,#6907,#697,.T.);
#8662=EDGE_CURVE('',#6891,#6907,#701,.T.);
#8666=EDGE_CURVE('',#6904,#6899,#705,.T.);
#8668=EDGE_CURVE('',#6904,#6920,#709,.T.);
#8670=EDGE_CURVE('',#6920,#6915,#713,.T.);
#8672=EDGE_CURVE('',#6899,#6915,#717,.T.);
#8676=EDGE_CURVE('',#6992,#6987,#721,.T.);
#8678=EDGE_CURVE('',#6992,#7008,#725,.T.);
#8680=EDGE_CURVE('',#7008,#7003,#729,.T.);
#8682=EDGE_CURVE('',#6987,#7003,#733,.T.);
#8686=EDGE_CURVE('',#7000,#6995,#737,.T.);
#8688=EDGE_CURVE('',#7000,#7016,#741,.T.);
#8690=EDGE_CURVE('',#7016,#7011,#745,.T.);
#8692=EDGE_CURVE('',#6995,#7011,#749,.T.);
#8696=EDGE_CURVE('',#7088,#7083,#753,.T.);
#8698=EDGE_CURVE('',#7088,#7104,#757,.T.);
#8700=EDGE_CURVE('',#7104,#7099,#761,.T.);
#8702=EDGE_CURVE('',#7083,#7099,#765,.T.);
#8706=EDGE_CURVE('',#7096,#7091,#769,.T.);
#8708=EDGE_CURVE('',#7096,#7112,#773,.T.);
#8710=EDGE_CURVE('',#7112,#7107,#777,.T.);
#8712=EDGE_CURVE('',#7091,#7107,#781,.T.);
#8716=EDGE_CURVE('',#7184,#7179,#785,.T.);
#8718=EDGE_CURVE('',#7184,#7200,#789,.T.);
#8720=EDGE_CURVE('',#7200,#7195,#793,.T.);
#8722=EDGE_CURVE('',#7179,#7195,#797,.T.);
#8726=EDGE_CURVE('',#7192,#7187,#801,.T.);
#8728=EDGE_CURVE('',#7192,#7208,#805,.T.);
#8730=EDGE_CURVE('',#7208,#7203,#809,.T.);
#8732=EDGE_CURVE('',#7187,#7203,#813,.T.);
#8736=EDGE_CURVE('',#7280,#7275,#817,.T.);
#8738=EDGE_CURVE('',#7280,#7296,#821,.T.);
#8740=EDGE_CURVE('',#7296,#7291,#825,.T.);
#8742=EDGE_CURVE('',#7275,#7291,#829,.T.);
#8746=EDGE_CURVE('',#7288,#7283,#833,.T.);
#8748=EDGE_CURVE('',#7288,#7304,#837,.T.);
#8750=EDGE_CURVE('',#7304,#7299,#841,.T.);
#8752=EDGE_CURVE('',#7283,#7299,#845,.T.);
#8756=EDGE_CURVE('',#7376,#7371,#849,.T.);
#8758=EDGE_CURVE('',#7376,#7392,#853,.T.);
#8760=EDGE_CURVE('',#7392,#7387,#857,.T.);
#8762=EDGE_CURVE('',#7371,#7387,#861,.T.);
#8766=EDGE_CURVE('',#7384,#7379,#865,.T.);
#8768=EDGE_CURVE('',#7384,#7400,#869,.T.);
#8770=EDGE_CURVE('',#7400,#7395,#873,.T.);
#8772=EDGE_CURVE('',#7379,#7395,#877,.T.);
#8776=EDGE_CURVE('',#7472,#7467,#881,.T.);
#8778=EDGE_CURVE('',#7472,#7488,#885,.T.);
#8780=EDGE_CURVE('',#7488,#7483,#889,.T.);
#8782=EDGE_CURVE('',#7467,#7483,#893,.T.);
#8786=EDGE_CURVE('',#7480,#7475,#897,.T.);
#8788=EDGE_CURVE('',#7480,#7496,#901,.T.);
#8790=EDGE_CURVE('',#7496,#7491,#905,.T.);
#8792=EDGE_CURVE('',#7475,#7491,#909,.T.);
#8796=EDGE_CURVE('',#7568,#7563,#913,.T.);
#8798=EDGE_CURVE('',#7568,#7584,#917,.T.);
#8800=EDGE_CURVE('',#7584,#7579,#921,.T.);
#8802=EDGE_CURVE('',#7563,#7579,#925,.T.);
#8806=EDGE_CURVE('',#7576,#7571,#929,.T.);
#8808=EDGE_CURVE('',#7576,#7592,#933,.T.);
#8810=EDGE_CURVE('',#7592,#7587,#937,.T.);
#8812=EDGE_CURVE('',#7571,#7587,#941,.T.);
#8816=EDGE_CURVE('',#7664,#7659,#945,.T.);
#8818=EDGE_CURVE('',#7664,#7680,#949,.T.);
#8820=EDGE_CURVE('',#7680,#7675,#953,.T.);
#8822=EDGE_CURVE('',#7659,#7675,#957,.T.);
#8826=EDGE_CURVE('',#7672,#7667,#961,.T.);
#8828=EDGE_CURVE('',#7672,#7688,#965,.T.);
#8830=EDGE_CURVE('',#7688,#7683,#969,.T.);
#8832=EDGE_CURVE('',#7667,#7683,#973,.T.);
#8836=EDGE_CURVE('',#7760,#7755,#977,.T.);
#8838=EDGE_CURVE('',#7760,#7776,#981,.T.);
#8840=EDGE_CURVE('',#7776,#7771,#985,.T.);
#8842=EDGE_CURVE('',#7755,#7771,#989,.T.);
#8846=EDGE_CURVE('',#7768,#7763,#993,.T.);
#8848=EDGE_CURVE('',#7768,#7784,#997,.T.);
#8850=EDGE_CURVE('',#7784,#7779,#1001,.T.);
#8852=EDGE_CURVE('',#7763,#7779,#1005,.T.);
#8856=EDGE_CURVE('',#7856,#7851,#1009,.T.);
#8858=EDGE_CURVE('',#7856,#7872,#1013,.T.);
#8860=EDGE_CURVE('',#7872,#7867,#1017,.T.);
#8862=EDGE_CURVE('',#7851,#7867,#1021,.T.);
#8866=EDGE_CURVE('',#7864,#7859,#1025,.T.);
#8868=EDGE_CURVE('',#7864,#7880,#1029,.T.);
#8870=EDGE_CURVE('',#7880,#7875,#1033,.T.);
#8872=EDGE_CURVE('',#7859,#7875,#1037,.T.);
#8876=EDGE_CURVE('',#6261,#6262,#1041,.T.);
#8878=EDGE_CURVE('',#6262,#6264,#1045,.T.);
#8880=EDGE_CURVE('',#6264,#6266,#1049,.T.);
#8882=EDGE_CURVE('',#6266,#6268,#1053,.T.);
#8884=EDGE_CURVE('',#6268,#6270,#1057,.T.);
#8886=EDGE_CURVE('',#6270,#6272,#1061,.T.);
#8888=EDGE_CURVE('',#6272,#6261,#1065,.T.);
#8899=EDGE_CURVE('',#6445,#6449,#1070,.T.);
#8901=EDGE_CURVE('',#6449,#6450,#1107,.T.);
#8914=EDGE_CURVE('',#6449,#6158,#1087,.T.);
#8918=EDGE_CURVE('',#6474,#6468,#1121,.T.);
#8920=EDGE_CURVE('',#6160,#6474,#1091,.T.);
#8922=EDGE_CURVE('',#6499,#6160,#1095,.T.);
#8925=EDGE_CURVE('',#6500,#6496,#1103,.T.);
#8948=EDGE_CURVE('',#6472,#6474,#1125,.T.);
#8962=EDGE_CURVE('',#6156,#6160,#1134,.T.);
#8988=EDGE_CURVE('',#7914,#7916,#1156,.T.);
#8992=EDGE_CURVE('',#7909,#7910,#1144,.T.);
#9028=EDGE_CURVE('',#6168,#6457,#1165,.T.);
#9030=EDGE_CURVE('',#6453,#6457,#1206,.T.);
#9034=EDGE_CURVE('',#6167,#6168,#1177,.T.);
#9045=EDGE_CURVE('',#6466,#6462,#1258,.T.);
#9047=EDGE_CURVE('',#6466,#6171,#1185,.T.);
#9049=EDGE_CURVE('',#6171,#6172,#1189,.T.);
#9060=EDGE_CURVE('',#6457,#6458,#1197,.T.);
#9063=EDGE_CURVE('',#6174,#6168,#1201,.T.);
#9065=EDGE_CURVE('',#6174,#6458,#1231,.T.);
#9078=EDGE_CURVE('',#6458,#6454,#1211,.T.);
#9091=EDGE_CURVE('',#6176,#6512,#1223,.T.);
#9093=EDGE_CURVE('',#6465,#6176,#1227,.T.);
#9095=EDGE_CURVE('',#6461,#6465,#1253,.T.);
#9100=EDGE_CURVE('',#6505,#6174,#1235,.T.);
#9113=EDGE_CURVE('',#6176,#6171,#1244,.T.);
#9124=EDGE_CURVE('',#6465,#6466,#1248,.T.);
#9163=EDGE_CURVE('',#6216,#6230,#1271,.T.);
#9165=EDGE_CURVE('',#6230,#6183,#1276,.T.);
#9167=EDGE_CURVE('',#6183,#6184,#1280,.T.);
#9169=EDGE_CURVE('',#6184,#6186,#1284,.T.);
#9171=EDGE_CURVE('',#6186,#6188,#1288,.T.);
#9173=EDGE_CURVE('',#6188,#6232,#1293,.T.);
#9175=EDGE_CURVE('',#6232,#6215,#1297,.T.);
#9186=EDGE_CURVE('',#6220,#6234,#1301,.T.);
#9188=EDGE_CURVE('',#6234,#6191,#1306,.T.);
#9190=EDGE_CURVE('',#6191,#6192,#1310,.T.);
#9192=EDGE_CURVE('',#6192,#6194,#1314,.T.);
#9194=EDGE_CURVE('',#6194,#6196,#1318,.T.);
#9196=EDGE_CURVE('',#6196,#6236,#1323,.T.);
#9198=EDGE_CURVE('',#6236,#6219,#1327,.T.);
#9209=EDGE_CURVE('',#6224,#6238,#1357,.T.);
#9211=EDGE_CURVE('',#6230,#6238,#1411,.T.);
#9223=EDGE_CURVE('',#6240,#6223,#1331,.T.);
#9225=EDGE_CURVE('',#6204,#6240,#1336,.T.);
#9227=EDGE_CURVE('',#6202,#6204,#1340,.T.);
#9229=EDGE_CURVE('',#6200,#6202,#1344,.T.);
#9231=EDGE_CURVE('',#6199,#6200,#1348,.T.);
#9233=EDGE_CURVE('',#6238,#6199,#1353,.T.);
#9245=EDGE_CURVE('',#6244,#6227,#1361,.T.);
#9247=EDGE_CURVE('',#6212,#6244,#1366,.T.);
#9249=EDGE_CURVE('',#6210,#6212,#1370,.T.);
#9251=EDGE_CURVE('',#6208,#6210,#1374,.T.);
#9253=EDGE_CURVE('',#6207,#6208,#1378,.T.);
#9255=EDGE_CURVE('',#6242,#6207,#1383,.T.);
#9257=EDGE_CURVE('',#6228,#6242,#1387,.T.);
#9269=EDGE_CURVE('',#6232,#6240,#1391,.T.);
#9281=EDGE_CURVE('',#6188,#6204,#1395,.T.);
#9294=EDGE_CURVE('',#6186,#6202,#1399,.T.);
#9307=EDGE_CURVE('',#6184,#6200,#1403,.T.);
#9320=EDGE_CURVE('',#6183,#6199,#1407,.T.);
#9346=EDGE_CURVE('',#6236,#6244,#1415,.T.);
#9358=EDGE_CURVE('',#6196,#6212,#1419,.T.);
#9371=EDGE_CURVE('',#6194,#6210,#1423,.T.);
#9384=EDGE_CURVE('',#6192,#6208,#1427,.T.);
#9397=EDGE_CURVE('',#6191,#6207,#1431,.T.);
#9410=EDGE_CURVE('',#6234,#6242,#1435,.T.);
#9434=EDGE_CURVE('',#6603,#6604,#1439,.T.);
#9436=EDGE_CURVE('',#6604,#6571,#1444,.T.);
#9438=EDGE_CURVE('',#6571,#6572,#1448,.T.);
#9440=EDGE_CURVE('',#6572,#6574,#1452,.T.);
#9442=EDGE_CURVE('',#6574,#6576,#1456,.T.);
#9444=EDGE_CURVE('',#6576,#6607,#1461,.T.);
#9446=EDGE_CURVE('',#6607,#6608,#1465,.T.);
#9457=EDGE_CURVE('',#6611,#6612,#1469,.T.);
#9459=EDGE_CURVE('',#6612,#6579,#1474,.T.);
#9461=EDGE_CURVE('',#6579,#6580,#1478,.T.);
#9463=EDGE_CURVE('',#6580,#6582,#1482,.T.);
#9465=EDGE_CURVE('',#6582,#6584,#1486,.T.);
#9467=EDGE_CURVE('',#6584,#6615,#1491,.T.);
#9469=EDGE_CURVE('',#6615,#6616,#1495,.T.);
#9482=EDGE_CURVE('',#6619,#6620,#1499,.T.);
#9484=EDGE_CURVE('',#6604,#6620,#1579,.T.);
#9496=EDGE_CURVE('',#6623,#6624,#1503,.T.);
#9498=EDGE_CURVE('',#6592,#6623,#1508,.T.);
#9500=EDGE_CURVE('',#6590,#6592,#1512,.T.);
#9502=EDGE_CURVE('',#6588,#6590,#1516,.T.);
#9504=EDGE_CURVE('',#6587,#6588,#1520,.T.);
#9506=EDGE_CURVE('',#6620,#6587,#1525,.T.);
#9516=EDGE_CURVE('',#6627,#6628,#1529,.T.);
#9519=EDGE_CURVE('',#6631,#6632,#1533,.T.);
#9521=EDGE_CURVE('',#6600,#6631,#1538,.T.);
#9523=EDGE_CURVE('',#6598,#6600,#1542,.T.);
#9525=EDGE_CURVE('',#6596,#6598,#1546,.T.);
#9527=EDGE_CURVE('',#6595,#6596,#1550,.T.);
#9529=EDGE_CURVE('',#6628,#6595,#1555,.T.);
#9540=EDGE_CURVE('',#6607,#6623,#1559,.T.);
#9553=EDGE_CURVE('',#6576,#6592,#1563,.T.);
#9566=EDGE_CURVE('',#6574,#6590,#1567,.T.);
#9579=EDGE_CURVE('',#6572,#6588,#1571,.T.);
#9592=EDGE_CURVE('',#6571,#6587,#1575,.T.);
#9619=EDGE_CURVE('',#6612,#6628,#1583,.T.);
#9632=EDGE_CURVE('',#6579,#6595,#1587,.T.);
#9645=EDGE_CURVE('',#6580,#6596,#1591,.T.);
#9658=EDGE_CURVE('',#6582,#6598,#1595,.T.);
#9671=EDGE_CURVE('',#6584,#6600,#1599,.T.);
#9684=EDGE_CURVE('',#6615,#6631,#1603,.T.);
#9706=EDGE_CURVE('',#6699,#6700,#1607,.T.);
#9708=EDGE_CURVE('',#6700,#6667,#1612,.T.);
#9710=EDGE_CURVE('',#6667,#6668,#1616,.T.);
#9712=EDGE_CURVE('',#6668,#6670,#1620,.T.);
#9714=EDGE_CURVE('',#6670,#6672,#1624,.T.);
#9716=EDGE_CURVE('',#6672,#6703,#1629,.T.);
#9718=EDGE_CURVE('',#6703,#6704,#1633,.T.);
#9729=EDGE_CURVE('',#6707,#6708,#1637,.T.);
#9731=EDGE_CURVE('',#6708,#6675,#1642,.T.);
#9733=EDGE_CURVE('',#6675,#6676,#1646,.T.);
#9735=EDGE_CURVE('',#6676,#6678,#1650,.T.);
#9737=EDGE_CURVE('',#6678,#6680,#1654,.T.);
#9739=EDGE_CURVE('',#6680,#6711,#1659,.T.);
#9741=EDGE_CURVE('',#6711,#6712,#1663,.T.);
#9754=EDGE_CURVE('',#6715,#6716,#1667,.T.);
#9756=EDGE_CURVE('',#6700,#6716,#1747,.T.);
#9768=EDGE_CURVE('',#6719,#6720,#1671,.T.);
#9770=EDGE_CURVE('',#6688,#6719,#1676,.T.);
#9772=EDGE_CURVE('',#6686,#6688,#1680,.T.);
#9774=EDGE_CURVE('',#6684,#6686,#1684,.T.);
#9776=EDGE_CURVE('',#6683,#6684,#1688,.T.);
#9778=EDGE_CURVE('',#6716,#6683,#1693,.T.);
#9788=EDGE_CURVE('',#6723,#6724,#1697,.T.);
#9791=EDGE_CURVE('',#6727,#6728,#1701,.T.);
#9793=EDGE_CURVE('',#6696,#6727,#1706,.T.);
#9795=EDGE_CURVE('',#6694,#6696,#1710,.T.);
#9797=EDGE_CURVE('',#6692,#6694,#1714,.T.);
#9799=EDGE_CURVE('',#6691,#6692,#1718,.T.);
#9801=EDGE_CURVE('',#6724,#6691,#1723,.T.);
#9812=EDGE_CURVE('',#6703,#6719,#1727,.T.);
#9825=EDGE_CURVE('',#6672,#6688,#1731,.T.);
#9838=EDGE_CURVE('',#6670,#6686,#1735,.T.);
#9851=EDGE_CURVE('',#6668,#6684,#1739,.T.);
#9864=EDGE_CURVE('',#6667,#6683,#1743,.T.);
#9891=EDGE_CURVE('',#6708,#6724,#1751,.T.);
#9904=EDGE_CURVE('',#6675,#6691,#1755,.T.);
#9917=EDGE_CURVE('',#6676,#6692,#1759,.T.);
#9930=EDGE_CURVE('',#6678,#6694,#1763,.T.);
#9943=EDGE_CURVE('',#6680,#6696,#1767,.T.);
#9956=EDGE_CURVE('',#6711,#6727,#1771,.T.);
#9978=EDGE_CURVE('',#6795,#6796,#1775,.T.);
#9980=EDGE_CURVE('',#6796,#6763,#1780,.T.);
#9982=EDGE_CURVE('',#6763,#6764,#1784,.T.);
#9984=EDGE_CURVE('',#6764,#6766,#1788,.T.);
#9986=EDGE_CURVE('',#6766,#6768,#1792,.T.);
#9988=EDGE_CURVE('',#6768,#6799,#1797,.T.);
#9990=EDGE_CURVE('',#6799,#6800,#1801,.T.);
#10001=EDGE_CURVE('',#6803,#6804,#1805,.T.);
#10003=EDGE_CURVE('',#6804,#6771,#1810,.T.);
#10005=EDGE_CURVE('',#6771,#6772,#1814,.T.);
#10007=EDGE_CURVE('',#6772,#6774,#1818,.T.);
#10009=EDGE_CURVE('',#6774,#6776,#1822,.T.);
#10011=EDGE_CURVE('',#6776,#6807,#1827,.T.);
#10013=EDGE_CURVE('',#6807,#6808,#1831,.T.);
#10026=EDGE_CURVE('',#6811,#6812,#1835,.T.);
#10028=EDGE_CURVE('',#6796,#6812,#1915,.T.);
#10040=EDGE_CURVE('',#6815,#6816,#1839,.T.);
#10042=EDGE_CURVE('',#6784,#6815,#1844,.T.);
#10044=EDGE_CURVE('',#6782,#6784,#1848,.T.);
#10046=EDGE_CURVE('',#6780,#6782,#1852,.T.);
#10048=EDGE_CURVE('',#6779,#6780,#1856,.T.);
#10050=EDGE_CURVE('',#6812,#6779,#1861,.T.);
#10060=EDGE_CURVE('',#6819,#6820,#1865,.T.);
#10063=EDGE_CURVE('',#6823,#6824,#1869,.T.);
#10065=EDGE_CURVE('',#6792,#6823,#1874,.T.);
#10067=EDGE_CURVE('',#6790,#6792,#1878,.T.);
#10069=EDGE_CURVE('',#6788,#6790,#1882,.T.);
#10071=EDGE_CURVE('',#6787,#6788,#1886,.T.);
#10073=EDGE_CURVE('',#6820,#6787,#1891,.T.);
#10084=EDGE_CURVE('',#6799,#6815,#1895,.T.);
#10097=EDGE_CURVE('',#6768,#6784,#1899,.T.);
#10110=EDGE_CURVE('',#6766,#6782,#1903,.T.);
#10123=EDGE_CURVE('',#6764,#6780,#1907,.T.);
#10136=EDGE_CURVE('',#6763,#6779,#1911,.T.);
#10163=EDGE_CURVE('',#6804,#6820,#1919,.T.);
#10176=EDGE_CURVE('',#6771,#6787,#1923,.T.);
#10189=EDGE_CURVE('',#6772,#6788,#1927,.T.);
#10202=EDGE_CURVE('',#6774,#6790,#1931,.T.);
#10215=EDGE_CURVE('',#6776,#6792,#1935,.T.);
#10228=EDGE_CURVE('',#6807,#6823,#1939,.T.);
#10250=EDGE_CURVE('',#6891,#6892,#1943,.T.);
#10252=EDGE_CURVE('',#6892,#6859,#1948,.T.);
#10254=EDGE_CURVE('',#6859,#6860,#1952,.T.);
#10256=EDGE_CURVE('',#6860,#6862,#1956,.T.);
#10258=EDGE_CURVE('',#6862,#6864,#1960,.T.);
#10260=EDGE_CURVE('',#6864,#6895,#1965,.T.);
#10262=EDGE_CURVE('',#6895,#6896,#1969,.T.);
#10273=EDGE_CURVE('',#6899,#6900,#1973,.T.);
#10275=EDGE_CURVE('',#6900,#6867,#1978,.T.);
#10277=EDGE_CURVE('',#6867,#6868,#1982,.T.);
#10279=EDGE_CURVE('',#6868,#6870,#1986,.T.);
#10281=EDGE_CURVE('',#6870,#6872,#1990,.T.);
#10283=EDGE_CURVE('',#6872,#6903,#1995,.T.);
#10285=EDGE_CURVE('',#6903,#6904,#1999,.T.);
#10298=EDGE_CURVE('',#6907,#6908,#2003,.T.);
#10300=EDGE_CURVE('',#6892,#6908,#2083,.T.);
#10312=EDGE_CURVE('',#6911,#6912,#2007,.T.);
#10314=EDGE_CURVE('',#6880,#6911,#2012,.T.);
#10316=EDGE_CURVE('',#6878,#6880,#2016,.T.);
#10318=EDGE_CURVE('',#6876,#6878,#2020,.T.);
#10320=EDGE_CURVE('',#6875,#6876,#2024,.T.);
#10322=EDGE_CURVE('',#6908,#6875,#2029,.T.);
#10332=EDGE_CURVE('',#6915,#6916,#2033,.T.);
#10335=EDGE_CURVE('',#6919,#6920,#2037,.T.);
#10337=EDGE_CURVE('',#6888,#6919,#2042,.T.);
#10339=EDGE_CURVE('',#6886,#6888,#2046,.T.);
#10341=EDGE_CURVE('',#6884,#6886,#2050,.T.);
#10343=EDGE_CURVE('',#6883,#6884,#2054,.T.);
#10345=EDGE_CURVE('',#6916,#6883,#2059,.T.);
#10356=EDGE_CURVE('',#6895,#6911,#2063,.T.);
#10369=EDGE_CURVE('',#6864,#6880,#2067,.T.);
#10382=EDGE_CURVE('',#6862,#6878,#2071,.T.);
#10395=EDGE_CURVE('',#6860,#6876,#2075,.T.);
#10408=EDGE_CURVE('',#6859,#6875,#2079,.T.);
#10435=EDGE_CURVE('',#6900,#6916,#2087,.T.);
#10448=EDGE_CURVE('',#6867,#6883,#2091,.T.);
#10461=EDGE_CURVE('',#6868,#6884,#2095,.T.);
#10474=EDGE_CURVE('',#6870,#6886,#2099,.T.);
#10487=EDGE_CURVE('',#6872,#6888,#2103,.T.);
#10500=EDGE_CURVE('',#6903,#6919,#2107,.T.);
#10522=EDGE_CURVE('',#6987,#6988,#2111,.T.);
#10524=EDGE_CURVE('',#6988,#6955,#2116,.T.);
#10526=EDGE_CURVE('',#6955,#6956,#2120,.T.);
#10528=EDGE_CURVE('',#6956,#6958,#2124,.T.);
#10530=EDGE_CURVE('',#6958,#6960,#2128,.T.);
#10532=EDGE_CURVE('',#6960,#6991,#2133,.T.);
#10534=EDGE_CURVE('',#6991,#6992,#2137,.T.);
#10545=EDGE_CURVE('',#6995,#6996,#2141,.T.);
#10547=EDGE_CURVE('',#6996,#6963,#2146,.T.);
#10549=EDGE_CURVE('',#6963,#6964,#2150,.T.);
#10551=EDGE_CURVE('',#6964,#6966,#2154,.T.);
#10553=EDGE_CURVE('',#6966,#6968,#2158,.T.);
#10555=EDGE_CURVE('',#6968,#6999,#2163,.T.);
#10557=EDGE_CURVE('',#6999,#7000,#2167,.T.);
#10570=EDGE_CURVE('',#7003,#7004,#2171,.T.);
#10572=EDGE_CURVE('',#6988,#7004,#2251,.T.);
#10584=EDGE_CURVE('',#7007,#7008,#2175,.T.);
#10586=EDGE_CURVE('',#6976,#7007,#2180,.T.);
#10588=EDGE_CURVE('',#6974,#6976,#2184,.T.);
#10590=EDGE_CURVE('',#6972,#6974,#2188,.T.);
#10592=EDGE_CURVE('',#6971,#6972,#2192,.T.);
#10594=EDGE_CURVE('',#7004,#6971,#2197,.T.);
#10604=EDGE_CURVE('',#7011,#7012,#2201,.T.);
#10607=EDGE_CURVE('',#7015,#7016,#2205,.T.);
#10609=EDGE_CURVE('',#6984,#7015,#2210,.T.);
#10611=EDGE_CURVE('',#6982,#6984,#2214,.T.);
#10613=EDGE_CURVE('',#6980,#6982,#2218,.T.);
#10615=EDGE_CURVE('',#6979,#6980,#2222,.T.);
#10617=EDGE_CURVE('',#7012,#6979,#2227,.T.);
#10628=EDGE_CURVE('',#6991,#7007,#2231,.T.);
#10641=EDGE_CURVE('',#6960,#6976,#2235,.T.);
#10654=EDGE_CURVE('',#6958,#6974,#2239,.T.);
#10667=EDGE_CURVE('',#6956,#6972,#2243,.T.);
#10680=EDGE_CURVE('',#6955,#6971,#2247,.T.);
#10707=EDGE_CURVE('',#6996,#7012,#2255,.T.);
#10720=EDGE_CURVE('',#6963,#6979,#2259,.T.);
#10733=EDGE_CURVE('',#6964,#6980,#2263,.T.);
#10746=EDGE_CURVE('',#6966,#6982,#2267,.T.);
#10759=EDGE_CURVE('',#6968,#6984,#2271,.T.);
#10772=EDGE_CURVE('',#6999,#7015,#2275,.T.);
#10794=EDGE_CURVE('',#7083,#7084,#2279,.T.);
#10796=EDGE_CURVE('',#7084,#7051,#2284,.T.);
#10798=EDGE_CURVE('',#7051,#7052,#2288,.T.);
#10800=EDGE_CURVE('',#7052,#7054,#2292,.T.);
#10802=EDGE_CURVE('',#7054,#7056,#2296,.T.);
#10804=EDGE_CURVE('',#7056,#7087,#2301,.T.);
#10806=EDGE_CURVE('',#7087,#7088,#2305,.T.);
#10817=EDGE_CURVE('',#7091,#7092,#2309,.T.);
#10819=EDGE_CURVE('',#7092,#7059,#2314,.T.);
#10821=EDGE_CURVE('',#7059,#7060,#2318,.T.);
#10823=EDGE_CURVE('',#7060,#7062,#2322,.T.);
#10825=EDGE_CURVE('',#7062,#7064,#2326,.T.);
#10827=EDGE_CURVE('',#7064,#7095,#2331,.T.);
#10829=EDGE_CURVE('',#7095,#7096,#2335,.T.);
#10842=EDGE_CURVE('',#7099,#7100,#2339,.T.);
#10844=EDGE_CURVE('',#7084,#7100,#2419,.T.);
#10856=EDGE_CURVE('',#7103,#7104,#2343,.T.);
#10858=EDGE_CURVE('',#7072,#7103,#2348,.T.);
#10860=EDGE_CURVE('',#7070,#7072,#2352,.T.);
#10862=EDGE_CURVE('',#7068,#7070,#2356,.T.);
#10864=EDGE_CURVE('',#7067,#7068,#2360,.T.);
#10866=EDGE_CURVE('',#7100,#7067,#2365,.T.);
#10876=EDGE_CURVE('',#7107,#7108,#2369,.T.);
#10879=EDGE_CURVE('',#7111,#7112,#2373,.T.);
#10881=EDGE_CURVE('',#7080,#7111,#2378,.T.);
#10883=EDGE_CURVE('',#7078,#7080,#2382,.T.);
#10885=EDGE_CURVE('',#7076,#7078,#2386,.T.);
#10887=EDGE_CURVE('',#7075,#7076,#2390,.T.);
#10889=EDGE_CURVE('',#7108,#7075,#2395,.T.);
#10900=EDGE_CURVE('',#7087,#7103,#2399,.T.);
#10913=EDGE_CURVE('',#7056,#7072,#2403,.T.);
#10926=EDGE_CURVE('',#7054,#7070,#2407,.T.);
#10939=EDGE_CURVE('',#7052,#7068,#2411,.T.);
#10952=EDGE_CURVE('',#7051,#7067,#2415,.T.);
#10979=EDGE_CURVE('',#7092,#7108,#2423,.T.);
#10992=EDGE_CURVE('',#7059,#7075,#2427,.T.);
#11005=EDGE_CURVE('',#7060,#7076,#2431,.T.);
#11018=EDGE_CURVE('',#7062,#7078,#2435,.T.);
#11031=EDGE_CURVE('',#7064,#7080,#2439,.T.);
#11044=EDGE_CURVE('',#7095,#7111,#2443,.T.);
#11066=EDGE_CURVE('',#7179,#7180,#2447,.T.);
#11068=EDGE_CURVE('',#7180,#7147,#2452,.T.);
#11070=EDGE_CURVE('',#7147,#7148,#2456,.T.);
#11072=EDGE_CURVE('',#7148,#7150,#2460,.T.);
#11074=EDGE_CURVE('',#7150,#7152,#2464,.T.);
#11076=EDGE_CURVE('',#7152,#7183,#2469,.T.);
#11078=EDGE_CURVE('',#7183,#7184,#2473,.T.);
#11089=EDGE_CURVE('',#7187,#7188,#2477,.T.);
#11091=EDGE_CURVE('',#7188,#7155,#2482,.T.);
#11093=EDGE_CURVE('',#7155,#7156,#2486,.T.);
#11095=EDGE_CURVE('',#7156,#7158,#2490,.T.);
#11097=EDGE_CURVE('',#7158,#7160,#2494,.T.);
#11099=EDGE_CURVE('',#7160,#7191,#2499,.T.);
#11101=EDGE_CURVE('',#7191,#7192,#2503,.T.);
#11114=EDGE_CURVE('',#7195,#7196,#2507,.T.);
#11116=EDGE_CURVE('',#7180,#7196,#2587,.T.);
#11128=EDGE_CURVE('',#7199,#7200,#2511,.T.);
#11130=EDGE_CURVE('',#7168,#7199,#2516,.T.);
#11132=EDGE_CURVE('',#7166,#7168,#2520,.T.);
#11134=EDGE_CURVE('',#7164,#7166,#2524,.T.);
#11136=EDGE_CURVE('',#7163,#7164,#2528,.T.);
#11138=EDGE_CURVE('',#7196,#7163,#2533,.T.);
#11148=EDGE_CURVE('',#7203,#7204,#2537,.T.);
#11151=EDGE_CURVE('',#7207,#7208,#2541,.T.);
#11153=EDGE_CURVE('',#7176,#7207,#2546,.T.);
#11155=EDGE_CURVE('',#7174,#7176,#2550,.T.);
#11157=EDGE_CURVE('',#7172,#7174,#2554,.T.);
#11159=EDGE_CURVE('',#7171,#7172,#2558,.T.);
#11161=EDGE_CURVE('',#7204,#7171,#2563,.T.);
#11172=EDGE_CURVE('',#7183,#7199,#2567,.T.);
#11185=EDGE_CURVE('',#7152,#7168,#2571,.T.);
#11198=EDGE_CURVE('',#7150,#7166,#2575,.T.);
#11211=EDGE_CURVE('',#7148,#7164,#2579,.T.);
#11224=EDGE_CURVE('',#7147,#7163,#2583,.T.);
#11251=EDGE_CURVE('',#7188,#7204,#2591,.T.);
#11264=EDGE_CURVE('',#7155,#7171,#2595,.T.);
#11277=EDGE_CURVE('',#7156,#7172,#2599,.T.);
#11290=EDGE_CURVE('',#7158,#7174,#2603,.T.);
#11303=EDGE_CURVE('',#7160,#7176,#2607,.T.);
#11316=EDGE_CURVE('',#7191,#7207,#2611,.T.);
#11338=EDGE_CURVE('',#7275,#7276,#2615,.T.);
#11340=EDGE_CURVE('',#7276,#7243,#2620,.T.);
#11342=EDGE_CURVE('',#7243,#7244,#2624,.T.);
#11344=EDGE_CURVE('',#7244,#7246,#2628,.T.);
#11346=EDGE_CURVE('',#7246,#7248,#2632,.T.);
#11348=EDGE_CURVE('',#7248,#7279,#2637,.T.);
#11350=EDGE_CURVE('',#7279,#7280,#2641,.T.);
#11361=EDGE_CURVE('',#7283,#7284,#2645,.T.);
#11363=EDGE_CURVE('',#7284,#7251,#2650,.T.);
#11365=EDGE_CURVE('',#7251,#7252,#2654,.T.);
#11367=EDGE_CURVE('',#7252,#7254,#2658,.T.);
#11369=EDGE_CURVE('',#7254,#7256,#2662,.T.);
#11371=EDGE_CURVE('',#7256,#7287,#2667,.T.);
#11373=EDGE_CURVE('',#7287,#7288,#2671,.T.);
#11386=EDGE_CURVE('',#7291,#7292,#2675,.T.);
#11388=EDGE_CURVE('',#7276,#7292,#2755,.T.);
#11400=EDGE_CURVE('',#7295,#7296,#2679,.T.);
#11402=EDGE_CURVE('',#7264,#7295,#2684,.T.);
#11404=EDGE_CURVE('',#7262,#7264,#2688,.T.);
#11406=EDGE_CURVE('',#7260,#7262,#2692,.T.);
#11408=EDGE_CURVE('',#7259,#7260,#2696,.T.);
#11410=EDGE_CURVE('',#7292,#7259,#2701,.T.);
#11420=EDGE_CURVE('',#7299,#7300,#2705,.T.);
#11423=EDGE_CURVE('',#7303,#7304,#2709,.T.);
#11425=EDGE_CURVE('',#7272,#7303,#2714,.T.);
#11427=EDGE_CURVE('',#7270,#7272,#2718,.T.);
#11429=EDGE_CURVE('',#7268,#7270,#2722,.T.);
#11431=EDGE_CURVE('',#7267,#7268,#2726,.T.);
#11433=EDGE_CURVE('',#7300,#7267,#2731,.T.);
#11444=EDGE_CURVE('',#7279,#7295,#2735,.T.);
#11457=EDGE_CURVE('',#7248,#7264,#2739,.T.);
#11470=EDGE_CURVE('',#7246,#7262,#2743,.T.);
#11483=EDGE_CURVE('',#7244,#7260,#2747,.T.);
#11496=EDGE_CURVE('',#7243,#7259,#2751,.T.);
#11523=EDGE_CURVE('',#7284,#7300,#2759,.T.);
#11536=EDGE_CURVE('',#7251,#7267,#2763,.T.);
#11549=EDGE_CURVE('',#7252,#7268,#2767,.T.);
#11562=EDGE_CURVE('',#7254,#7270,#2771,.T.);
#11575=EDGE_CURVE('',#7256,#7272,#2775,.T.);
#11588=EDGE_CURVE('',#7287,#7303,#2779,.T.);
#11610=EDGE_CURVE('',#7371,#7372,#2783,.T.);
#11612=EDGE_CURVE('',#7372,#7339,#2788,.T.);
#11614=EDGE_CURVE('',#7339,#7340,#2792,.T.);
#11616=EDGE_CURVE('',#7340,#7342,#2796,.T.);
#11618=EDGE_CURVE('',#7342,#7344,#2800,.T.);
#11620=EDGE_CURVE('',#7344,#7375,#2805,.T.);
#11622=EDGE_CURVE('',#7375,#7376,#2809,.T.);
#11633=EDGE_CURVE('',#7379,#7380,#2813,.T.);
#11635=EDGE_CURVE('',#7380,#7347,#2818,.T.);
#11637=EDGE_CURVE('',#7347,#7348,#2822,.T.);
#11639=EDGE_CURVE('',#7348,#7350,#2826,.T.);
#11641=EDGE_CURVE('',#7350,#7352,#2830,.T.);
#11643=EDGE_CURVE('',#7352,#7383,#2835,.T.);
#11645=EDGE_CURVE('',#7383,#7384,#2839,.T.);
#11658=EDGE_CURVE('',#7387,#7388,#2843,.T.);
#11660=EDGE_CURVE('',#7372,#7388,#2923,.T.);
#11672=EDGE_CURVE('',#7391,#7392,#2847,.T.);
#11674=EDGE_CURVE('',#7360,#7391,#2852,.T.);
#11676=EDGE_CURVE('',#7358,#7360,#2856,.T.);
#11678=EDGE_CURVE('',#7356,#7358,#2860,.T.);
#11680=EDGE_CURVE('',#7355,#7356,#2864,.T.);
#11682=EDGE_CURVE('',#7388,#7355,#2869,.T.);
#11692=EDGE_CURVE('',#7395,#7396,#2873,.T.);
#11695=EDGE_CURVE('',#7399,#7400,#2877,.T.);
#11697=EDGE_CURVE('',#7368,#7399,#2882,.T.);
#11699=EDGE_CURVE('',#7366,#7368,#2886,.T.);
#11701=EDGE_CURVE('',#7364,#7366,#2890,.T.);
#11703=EDGE_CURVE('',#7363,#7364,#2894,.T.);
#11705=EDGE_CURVE('',#7396,#7363,#2899,.T.);
#11716=EDGE_CURVE('',#7375,#7391,#2903,.T.);
#11729=EDGE_CURVE('',#7344,#7360,#2907,.T.);
#11742=EDGE_CURVE('',#7342,#7358,#2911,.T.);
#11755=EDGE_CURVE('',#7340,#7356,#2915,.T.);
#11768=EDGE_CURVE('',#7339,#7355,#2919,.T.);
#11795=EDGE_CURVE('',#7380,#7396,#2927,.T.);
#11808=EDGE_CURVE('',#7347,#7363,#2931,.T.);
#11821=EDGE_CURVE('',#7348,#7364,#2935,.T.);
#11834=EDGE_CURVE('',#7350,#7366,#2939,.T.);
#11847=EDGE_CURVE('',#7352,#7368,#2943,.T.);
#11860=EDGE_CURVE('',#7383,#7399,#2947,.T.);
#11882=EDGE_CURVE('',#7467,#7468,#2951,.T.);
#11884=EDGE_CURVE('',#7468,#7435,#2956,.T.);
#11886=EDGE_CURVE('',#7435,#7436,#2960,.T.);
#11888=EDGE_CURVE('',#7436,#7438,#2964,.T.);
#11890=EDGE_CURVE('',#7438,#7440,#2968,.T.);
#11892=EDGE_CURVE('',#7440,#7471,#2973,.T.);
#11894=EDGE_CURVE('',#7471,#7472,#2977,.T.);
#11905=EDGE_CURVE('',#7475,#7476,#2981,.T.);
#11907=EDGE_CURVE('',#7476,#7443,#2986,.T.);
#11909=EDGE_CURVE('',#7443,#7444,#2990,.T.);
#11911=EDGE_CURVE('',#7444,#7446,#2994,.T.);
#11913=EDGE_CURVE('',#7446,#7448,#2998,.T.);
#11915=EDGE_CURVE('',#7448,#7479,#3003,.T.);
#11917=EDGE_CURVE('',#7479,#7480,#3007,.T.);
#11930=EDGE_CURVE('',#7483,#7484,#3011,.T.);
#11932=EDGE_CURVE('',#7468,#7484,#3091,.T.);
#11944=EDGE_CURVE('',#7487,#7488,#3015,.T.);
#11946=EDGE_CURVE('',#7456,#7487,#3020,.T.);
#11948=EDGE_CURVE('',#7454,#7456,#3024,.T.);
#11950=EDGE_CURVE('',#7452,#7454,#3028,.T.);
#11952=EDGE_CURVE('',#7451,#7452,#3032,.T.);
#11954=EDGE_CURVE('',#7484,#7451,#3037,.T.);
#11964=EDGE_CURVE('',#7491,#7492,#3041,.T.);
#11967=EDGE_CURVE('',#7495,#7496,#3045,.T.);
#11969=EDGE_CURVE('',#7464,#7495,#3050,.T.);
#11971=EDGE_CURVE('',#7462,#7464,#3054,.T.);
#11973=EDGE_CURVE('',#7460,#7462,#3058,.T.);
#11975=EDGE_CURVE('',#7459,#7460,#3062,.T.);
#11977=EDGE_CURVE('',#7492,#7459,#3067,.T.);
#11988=EDGE_CURVE('',#7471,#7487,#3071,.T.);
#12001=EDGE_CURVE('',#7440,#7456,#3075,.T.);
#12014=EDGE_CURVE('',#7438,#7454,#3079,.T.);
#12027=EDGE_CURVE('',#7436,#7452,#3083,.T.);
#12040=EDGE_CURVE('',#7435,#7451,#3087,.T.);
#12067=EDGE_CURVE('',#7476,#7492,#3095,.T.);
#12080=EDGE_CURVE('',#7443,#7459,#3099,.T.);
#12093=EDGE_CURVE('',#7444,#7460,#3103,.T.);
#12106=EDGE_CURVE('',#7446,#7462,#3107,.T.);
#12119=EDGE_CURVE('',#7448,#7464,#3111,.T.);
#12132=EDGE_CURVE('',#7479,#7495,#3115,.T.);
#12154=EDGE_CURVE('',#7563,#7564,#3119,.T.);
#12156=EDGE_CURVE('',#7564,#7531,#3124,.T.);
#12158=EDGE_CURVE('',#7531,#7532,#3128,.T.);
#12160=EDGE_CURVE('',#7532,#7534,#3132,.T.);
#12162=EDGE_CURVE('',#7534,#7536,#3136,.T.);
#12164=EDGE_CURVE('',#7536,#7567,#3141,.T.);
#12166=EDGE_CURVE('',#7567,#7568,#3145,.T.);
#12177=EDGE_CURVE('',#7571,#7572,#3149,.T.);
#12179=EDGE_CURVE('',#7572,#7539,#3154,.T.);
#12181=EDGE_CURVE('',#7539,#7540,#3158,.T.);
#12183=EDGE_CURVE('',#7540,#7542,#3162,.T.);
#12185=EDGE_CURVE('',#7542,#7544,#3166,.T.);
#12187=EDGE_CURVE('',#7544,#7575,#3171,.T.);
#12189=EDGE_CURVE('',#7575,#7576,#3175,.T.);
#12202=EDGE_CURVE('',#7579,#7580,#3179,.T.);
#12204=EDGE_CURVE('',#7564,#7580,#3259,.T.);
#12216=EDGE_CURVE('',#7583,#7584,#3183,.T.);
#12218=EDGE_CURVE('',#7552,#7583,#3188,.T.);
#12220=EDGE_CURVE('',#7550,#7552,#3192,.T.);
#12222=EDGE_CURVE('',#7548,#7550,#3196,.T.);
#12224=EDGE_CURVE('',#7547,#7548,#3200,.T.);
#12226=EDGE_CURVE('',#7580,#7547,#3205,.T.);
#12236=EDGE_CURVE('',#7587,#7588,#3209,.T.);
#12239=EDGE_CURVE('',#7591,#7592,#3213,.T.);
#12241=EDGE_CURVE('',#7560,#7591,#3218,.T.);
#12243=EDGE_CURVE('',#7558,#7560,#3222,.T.);
#12245=EDGE_CURVE('',#7556,#7558,#3226,.T.);
#12247=EDGE_CURVE('',#7555,#7556,#3230,.T.);
#12249=EDGE_CURVE('',#7588,#7555,#3235,.T.);
#12260=EDGE_CURVE('',#7567,#7583,#3239,.T.);
#12273=EDGE_CURVE('',#7536,#7552,#3243,.T.);
#12286=EDGE_CURVE('',#7534,#7550,#3247,.T.);
#12299=EDGE_CURVE('',#7532,#7548,#3251,.T.);
#12312=EDGE_CURVE('',#7531,#7547,#3255,.T.);
#12339=EDGE_CURVE('',#7572,#7588,#3263,.T.);
#12352=EDGE_CURVE('',#7539,#7555,#3267,.T.);
#12365=EDGE_CURVE('',#7540,#7556,#3271,.T.);
#12378=EDGE_CURVE('',#7542,#7558,#3275,.T.);
#12391=EDGE_CURVE('',#7544,#7560,#3279,.T.);
#12404=EDGE_CURVE('',#7575,#7591,#3283,.T.);
#12426=EDGE_CURVE('',#7659,#7660,#3287,.T.);
#12428=EDGE_CURVE('',#7660,#7627,#3292,.T.);
#12430=EDGE_CURVE('',#7627,#7628,#3296,.T.);
#12432=EDGE_CURVE('',#7628,#7630,#3300,.T.);
#12434=EDGE_CURVE('',#7630,#7632,#3304,.T.);
#12436=EDGE_CURVE('',#7632,#7663,#3309,.T.);
#12438=EDGE_CURVE('',#7663,#7664,#3313,.T.);
#12449=EDGE_CURVE('',#7667,#7668,#3317,.T.);
#12451=EDGE_CURVE('',#7668,#7635,#3322,.T.);
#12453=EDGE_CURVE('',#7635,#7636,#3326,.T.);
#12455=EDGE_CURVE('',#7636,#7638,#3330,.T.);
#12457=EDGE_CURVE('',#7638,#7640,#3334,.T.);
#12459=EDGE_CURVE('',#7640,#7671,#3339,.T.);
#12461=EDGE_CURVE('',#7671,#7672,#3343,.T.);
#12474=EDGE_CURVE('',#7675,#7676,#3347,.T.);
#12476=EDGE_CURVE('',#7660,#7676,#3427,.T.);
#12488=EDGE_CURVE('',#7679,#7680,#3351,.T.);
#12490=EDGE_CURVE('',#7648,#7679,#3356,.T.);
#12492=EDGE_CURVE('',#7646,#7648,#3360,.T.);
#12494=EDGE_CURVE('',#7644,#7646,#3364,.T.);
#12496=EDGE_CURVE('',#7643,#7644,#3368,.T.);
#12498=EDGE_CURVE('',#7676,#7643,#3373,.T.);
#12508=EDGE_CURVE('',#7683,#7684,#3377,.T.);
#12511=EDGE_CURVE('',#7687,#7688,#3381,.T.);
#12513=EDGE_CURVE('',#7656,#7687,#3386,.T.);
#12515=EDGE_CURVE('',#7654,#7656,#3390,.T.);
#12517=EDGE_CURVE('',#7652,#7654,#3394,.T.);
#12519=EDGE_CURVE('',#7651,#7652,#3398,.T.);
#12521=EDGE_CURVE('',#7684,#7651,#3403,.T.);
#12532=EDGE_CURVE('',#7663,#7679,#3407,.T.);
#12545=EDGE_CURVE('',#7632,#7648,#3411,.T.);
#12558=EDGE_CURVE('',#7630,#7646,#3415,.T.);
#12571=EDGE_CURVE('',#7628,#7644,#3419,.T.);
#12584=EDGE_CURVE('',#7627,#7643,#3423,.T.);
#12611=EDGE_CURVE('',#7668,#7684,#3431,.T.);
#12624=EDGE_CURVE('',#7635,#7651,#3435,.T.);
#12637=EDGE_CURVE('',#7636,#7652,#3439,.T.);
#12650=EDGE_CURVE('',#7638,#7654,#3443,.T.);
#12663=EDGE_CURVE('',#7640,#7656,#3447,.T.);
#12676=EDGE_CURVE('',#7671,#7687,#3451,.T.);
#12698=EDGE_CURVE('',#7755,#7756,#3455,.T.);
#12700=EDGE_CURVE('',#7756,#7723,#3460,.T.);
#12702=EDGE_CURVE('',#7723,#7724,#3464,.T.);
#12704=EDGE_CURVE('',#7724,#7726,#3468,.T.);
#12706=EDGE_CURVE('',#7726,#7728,#3472,.T.);
#12708=EDGE_CURVE('',#7728,#7759,#3477,.T.);
#12710=EDGE_CURVE('',#7759,#7760,#3481,.T.);
#12721=EDGE_CURVE('',#7763,#7764,#3485,.T.);
#12723=EDGE_CURVE('',#7764,#7731,#3490,.T.);
#12725=EDGE_CURVE('',#7731,#7732,#3494,.T.);
#12727=EDGE_CURVE('',#7732,#7734,#3498,.T.);
#12729=EDGE_CURVE('',#7734,#7736,#3502,.T.);
#12731=EDGE_CURVE('',#7736,#7767,#3507,.T.);
#12733=EDGE_CURVE('',#7767,#7768,#3511,.T.);
#12746=EDGE_CURVE('',#7771,#7772,#3515,.T.);
#12748=EDGE_CURVE('',#7756,#7772,#3595,.T.);
#12760=EDGE_CURVE('',#7775,#7776,#3519,.T.);
#12762=EDGE_CURVE('',#7744,#7775,#3524,.T.);
#12764=EDGE_CURVE('',#7742,#7744,#3528,.T.);
#12766=EDGE_CURVE('',#7740,#7742,#3532,.T.);
#12768=EDGE_CURVE('',#7739,#7740,#3536,.T.);
#12770=EDGE_CURVE('',#7772,#7739,#3541,.T.);
#12780=EDGE_CURVE('',#7779,#7780,#3545,.T.);
#12783=EDGE_CURVE('',#7783,#7784,#3549,.T.);
#12785=EDGE_CURVE('',#7752,#7783,#3554,.T.);
#12787=EDGE_CURVE('',#7750,#7752,#3558,.T.);
#12789=EDGE_CURVE('',#7748,#7750,#3562,.T.);
#12791=EDGE_CURVE('',#7747,#7748,#3566,.T.);
#12793=EDGE_CURVE('',#7780,#7747,#3571,.T.);
#12804=EDGE_CURVE('',#7759,#7775,#3575,.T.);
#12817=EDGE_CURVE('',#7728,#7744,#3579,.T.);
#12830=EDGE_CURVE('',#7726,#7742,#3583,.T.);
#12843=EDGE_CURVE('',#7724,#7740,#3587,.T.);
#12856=EDGE_CURVE('',#7723,#7739,#3591,.T.);
#12883=EDGE_CURVE('',#7764,#7780,#3599,.T.);
#12896=EDGE_CURVE('',#7731,#7747,#3603,.T.);
#12909=EDGE_CURVE('',#7732,#7748,#3607,.T.);
#12922=EDGE_CURVE('',#7734,#7750,#3611,.T.);
#12935=EDGE_CURVE('',#7736,#7752,#3615,.T.);
#12948=EDGE_CURVE('',#7767,#7783,#3619,.T.);
#12970=EDGE_CURVE('',#7851,#7852,#3623,.T.);
#12972=EDGE_CURVE('',#7852,#7819,#3628,.T.);
#12974=EDGE_CURVE('',#7819,#7820,#3632,.T.);
#12976=EDGE_CURVE('',#7820,#7822,#3636,.T.);
#12978=EDGE_CURVE('',#7822,#7824,#3640,.T.);
#12980=EDGE_CURVE('',#7824,#7855,#3645,.T.);
#12982=EDGE_CURVE('',#7855,#7856,#3649,.T.);
#12993=EDGE_CURVE('',#7859,#7860,#3653,.T.);
#12995=EDGE_CURVE('',#7860,#7827,#3658,.T.);
#12997=EDGE_CURVE('',#7827,#7828,#3662,.T.);
#12999=EDGE_CURVE('',#7828,#7830,#3666,.T.);
#13001=EDGE_CURVE('',#7830,#7832,#3670,.T.);
#13003=EDGE_CURVE('',#7832,#7863,#3675,.T.);
#13005=EDGE_CURVE('',#7863,#7864,#3679,.T.);
#13018=EDGE_CURVE('',#7867,#7868,#3683,.T.);
#13020=EDGE_CURVE('',#7852,#7868,#3763,.T.);
#13032=EDGE_CURVE('',#7871,#7872,#3687,.T.);
#13034=EDGE_CURVE('',#7840,#7871,#3692,.T.);
#13036=EDGE_CURVE('',#7838,#7840,#3696,.T.);
#13038=EDGE_CURVE('',#7836,#7838,#3700,.T.);
#13040=EDGE_CURVE('',#7835,#7836,#3704,.T.);
#13042=EDGE_CURVE('',#7868,#7835,#3709,.T.);
#13052=EDGE_CURVE('',#7875,#7876,#3713,.T.);
#13055=EDGE_CURVE('',#7879,#7880,#3717,.T.);
#13057=EDGE_CURVE('',#7848,#7879,#3722,.T.);
#13059=EDGE_CURVE('',#7846,#7848,#3726,.T.);
#13061=EDGE_CURVE('',#7844,#7846,#3730,.T.);
#13063=EDGE_CURVE('',#7843,#7844,#3734,.T.);
#13065=EDGE_CURVE('',#7876,#7843,#3739,.T.);
#13076=EDGE_CURVE('',#7855,#7871,#3743,.T.);
#13089=EDGE_CURVE('',#7824,#7840,#3747,.T.);
#13102=EDGE_CURVE('',#7822,#7838,#3751,.T.);
#13115=EDGE_CURVE('',#7820,#7836,#3755,.T.);
#13128=EDGE_CURVE('',#7819,#7835,#3759,.T.);
#13155=EDGE_CURVE('',#7860,#7876,#3767,.T.);
#13168=EDGE_CURVE('',#7827,#7843,#3771,.T.);
#13181=EDGE_CURVE('',#7828,#7844,#3775,.T.);
#13194=EDGE_CURVE('',#7830,#7846,#3779,.T.);
#13207=EDGE_CURVE('',#7832,#7848,#3783,.T.);
#13220=EDGE_CURVE('',#7863,#7879,#3787,.T.);
#13243=EDGE_CURVE('',#6261,#6247,#3791,.T.);
#13245=EDGE_CURVE('',#6247,#6248,#3819,.T.);
#13247=EDGE_CURVE('',#6262,#6248,#3815,.T.);
#13258=EDGE_CURVE('',#6272,#6258,#3795,.T.);
#13260=EDGE_CURVE('',#6258,#6247,#3823,.T.);
#13272=EDGE_CURVE('',#6270,#6256,#3799,.T.);
#13274=EDGE_CURVE('',#6256,#6258,#3827,.T.);
#13286=EDGE_CURVE('',#6268,#6254,#3803,.T.);
#13288=EDGE_CURVE('',#6254,#6256,#3831,.T.);
#13300=EDGE_CURVE('',#6266,#6252,#3807,.T.);
#13302=EDGE_CURVE('',#6252,#6254,#3835,.T.);
#13314=EDGE_CURVE('',#6264,#6250,#3811,.T.);
#13316=EDGE_CURVE('',#6250,#6252,#3839,.T.);
#13329=EDGE_CURVE('',#6248,#6250,#3843,.T.);
#13355=EDGE_CURVE('',#6485,#6486,#3896,.T.);
#13359=EDGE_CURVE('',#6485,#6490,#5656,.T.);
#13369=EDGE_CURVE('',#6477,#6478,#3891,.T.);
#13373=EDGE_CURVE('',#6526,#6485,#5664,.T.);
#13375=EDGE_CURVE('',#6525,#6526,#3901,.T.);
#13378=EDGE_CURVE('',#6517,#6518,#3906,.T.);
#13380=EDGE_CURVE('',#6517,#6478,#3910,.T.);
#13384=EDGE_CURVE('',#6125,#6126,#3848,.T.);
#13386=EDGE_CURVE('',#6126,#6128,#3853,.T.);
#13388=EDGE_CURVE('',#6135,#6128,#3857,.T.);
#13390=EDGE_CURVE('',#6135,#6136,#3861,.T.);
#13392=EDGE_CURVE('',#6136,#6131,#3865,.T.);
#13394=EDGE_CURVE('',#6131,#6132,#3869,.T.);
#13396=EDGE_CURVE('',#7893,#6132,#3873,.T.);
#13398=EDGE_CURVE('',#7892,#7893,#4532,.T.);
#13400=EDGE_CURVE('',#7891,#7892,#3877,.T.);
#13402=EDGE_CURVE('',#7894,#7891,#4006,.T.);
#13404=EDGE_CURVE('',#6298,#7894,#3881,.T.);
#13406=EDGE_CURVE('',#6298,#6125,#3886,.T.);
#13417=EDGE_CURVE('',#6125,#6113,#3914,.T.);
#13419=EDGE_CURVE('',#6113,#6114,#3923,.T.);
#13421=EDGE_CURVE('',#6126,#6114,#3918,.T.);
#13433=EDGE_CURVE('',#6114,#6113,#3928,.T.);
#13437=EDGE_CURVE('',#6298,#6128,#3970,.T.);
#13457=EDGE_CURVE('',#6117,#6118,#3932,.T.);
#13459=EDGE_CURVE('',#6122,#6117,#3936,.T.);
#13461=EDGE_CURVE('',#6120,#6122,#3940,.T.);
#13463=EDGE_CURVE('',#6118,#6120,#3944,.T.);
#13474=EDGE_CURVE('',#6131,#6117,#3948,.T.);
#13477=EDGE_CURVE('',#6138,#6118,#5640,.T.);
#13479=EDGE_CURVE('',#6132,#6138,#3993,.T.);
#13490=EDGE_CURVE('',#6136,#6122,#3952,.T.);
#13503=EDGE_CURVE('',#6135,#6140,#4002,.T.);
#13505=EDGE_CURVE('',#6140,#6120,#3956,.T.);
#13519=EDGE_CURVE('',#7894,#7884,#3979,.T.);
#13521=EDGE_CURVE('',#7883,#7884,#4536,.T.);
#13523=EDGE_CURVE('',#7883,#7893,#3988,.T.);
#13527=EDGE_CURVE('',#6138,#6140,#3997,.T.);
#13540=EDGE_CURVE('',#7887,#7891,#4015,.T.);
#13542=EDGE_CURVE('',#7884,#7887,#5032,.T.);
#13553=EDGE_CURVE('',#7887,#7888,#4028,.T.);
#13557=EDGE_CURVE('',#7892,#7888,#4024,.T.);
#13568=EDGE_CURVE('',#6148,#7888,#4032,.T.);
#13570=EDGE_CURVE('',#6147,#6148,#4036,.T.);
#13572=EDGE_CURVE('',#7887,#6147,#4040,.T.);
#13576=EDGE_CURVE('',#6283,#6294,#4044,.T.);
#13578=EDGE_CURVE('',#6294,#6296,#4048,.T.);
#13580=EDGE_CURVE('',#6287,#6296,#4052,.T.);
#13582=EDGE_CURVE('',#6283,#6287,#4056,.T.);
#13586=EDGE_CURVE('',#6284,#6288,#4060,.T.);
#13588=EDGE_CURVE('',#6306,#6288,#4064,.T.);
#13590=EDGE_CURVE('',#6304,#6306,#4068,.T.);
#13592=EDGE_CURVE('',#6304,#6284,#4072,.T.);
#13596=EDGE_CURVE('',#6547,#6564,#4076,.T.);
#13598=EDGE_CURVE('',#6564,#6568,#4080,.T.);
#13600=EDGE_CURVE('',#6551,#6568,#4084,.T.);
#13602=EDGE_CURVE('',#6547,#6551,#4088,.T.);
#13606=EDGE_CURVE('',#6563,#6548,#4092,.T.);
#13608=EDGE_CURVE('',#6548,#6552,#4096,.T.);
#13610=EDGE_CURVE('',#6567,#6552,#4100,.T.);
#13612=EDGE_CURVE('',#6563,#6567,#4104,.T.);
#13616=EDGE_CURVE('',#6643,#6660,#4108,.T.);
#13618=EDGE_CURVE('',#6660,#6664,#4112,.T.);
#13620=EDGE_CURVE('',#6647,#6664,#4116,.T.);
#13622=EDGE_CURVE('',#6643,#6647,#4120,.T.);
#13626=EDGE_CURVE('',#6659,#6644,#4124,.T.);
#13628=EDGE_CURVE('',#6644,#6648,#4128,.T.);
#13630=EDGE_CURVE('',#6663,#6648,#4132,.T.);
#13632=EDGE_CURVE('',#6659,#6663,#4136,.T.);
#13636=EDGE_CURVE('',#6739,#6756,#4140,.T.);
#13638=EDGE_CURVE('',#6756,#6760,#4144,.T.);
#13640=EDGE_CURVE('',#6743,#6760,#4148,.T.);
#13642=EDGE_CURVE('',#6739,#6743,#4152,.T.);
#13646=EDGE_CURVE('',#6755,#6740,#4156,.T.);
#13648=EDGE_CURVE('',#6740,#6744,#4160,.T.);
#13650=EDGE_CURVE('',#6759,#6744,#4164,.T.);
#13652=EDGE_CURVE('',#6755,#6759,#4168,.T.);
#13656=EDGE_CURVE('',#6835,#6852,#4172,.T.);
#13658=EDGE_CURVE('',#6852,#6856,#4176,.T.);
#13660=EDGE_CURVE('',#6839,#6856,#4180,.T.);
#13662=EDGE_CURVE('',#6835,#6839,#4184,.T.);
#13666=EDGE_CURVE('',#6851,#6836,#4188,.T.);
#13668=EDGE_CURVE('',#6836,#6840,#4192,.T.);
#13670=EDGE_CURVE('',#6855,#6840,#4196,.T.);
#13672=EDGE_CURVE('',#6851,#6855,#4200,.T.);
#13676=EDGE_CURVE('',#6931,#6948,#4204,.T.);
#13678=EDGE_CURVE('',#6948,#6952,#4208,.T.);
#13680=EDGE_CURVE('',#6935,#6952,#4212,.T.);
#13682=EDGE_CURVE('',#6931,#6935,#4216,.T.);
#13686=EDGE_CURVE('',#6947,#6932,#4220,.T.);
#13688=EDGE_CURVE('',#6932,#6936,#4224,.T.);
#13690=EDGE_CURVE('',#6951,#6936,#4228,.T.);
#13692=EDGE_CURVE('',#6947,#6951,#4232,.T.);
#13696=EDGE_CURVE('',#7027,#7044,#4236,.T.);
#13698=EDGE_CURVE('',#7044,#7048,#4240,.T.);
#13700=EDGE_CURVE('',#7031,#7048,#4244,.T.);
#13702=EDGE_CURVE('',#7027,#7031,#4248,.T.);
#13706=EDGE_CURVE('',#7043,#7028,#4252,.T.);
#13708=EDGE_CURVE('',#7028,#7032,#4256,.T.);
#13710=EDGE_CURVE('',#7047,#7032,#4260,.T.);
#13712=EDGE_CURVE('',#7043,#7047,#4264,.T.);
#13716=EDGE_CURVE('',#7123,#7140,#4268,.T.);
#13718=EDGE_CURVE('',#7140,#7144,#4272,.T.);
#13720=EDGE_CURVE('',#7127,#7144,#4276,.T.);
#13722=EDGE_CURVE('',#7123,#7127,#4280,.T.);
#13726=EDGE_CURVE('',#7139,#7124,#4284,.T.);
#13728=EDGE_CURVE('',#7124,#7128,#4288,.T.);
#13730=EDGE_CURVE('',#7143,#7128,#4292,.T.);
#13732=EDGE_CURVE('',#7139,#7143,#4296,.T.);
#13736=EDGE_CURVE('',#7219,#7236,#4300,.T.);
#13738=EDGE_CURVE('',#7236,#7240,#4304,.T.);
#13740=EDGE_CURVE('',#7223,#7240,#4308,.T.);
#13742=EDGE_CURVE('',#7219,#7223,#4312,.T.);
#13746=EDGE_CURVE('',#7235,#7220,#4316,.T.);
#13748=EDGE_CURVE('',#7220,#7224,#4320,.T.);
#13750=EDGE_CURVE('',#7239,#7224,#4324,.T.);
#13752=EDGE_CURVE('',#7235,#7239,#4328,.T.);
#13756=EDGE_CURVE('',#7315,#7332,#4332,.T.);
#13758=EDGE_CURVE('',#7332,#7336,#4336,.T.);
#13760=EDGE_CURVE('',#7319,#7336,#4340,.T.);
#13762=EDGE_CURVE('',#7315,#7319,#4344,.T.);
#13766=EDGE_CURVE('',#7331,#7316,#4348,.T.);
#13768=EDGE_CURVE('',#7316,#7320,#4352,.T.);
#13770=EDGE_CURVE('',#7335,#7320,#4356,.T.);
#13772=EDGE_CURVE('',#7331,#7335,#4360,.T.);
#13776=EDGE_CURVE('',#7411,#7428,#4364,.T.);
#13778=EDGE_CURVE('',#7428,#7432,#4368,.T.);
#13780=EDGE_CURVE('',#7415,#7432,#4372,.T.);
#13782=EDGE_CURVE('',#7411,#7415,#4376,.T.);
#13786=EDGE_CURVE('',#7427,#7412,#4380,.T.);
#13788=EDGE_CURVE('',#7412,#7416,#4384,.T.);
#13790=EDGE_CURVE('',#7431,#7416,#4388,.T.);
#13792=EDGE_CURVE('',#7427,#7431,#4392,.T.);
#13796=EDGE_CURVE('',#7507,#7524,#4396,.T.);
#13798=EDGE_CURVE('',#7524,#7528,#4400,.T.);
#13800=EDGE_CURVE('',#7511,#7528,#4404,.T.);
#13802=EDGE_CURVE('',#7507,#7511,#4408,.T.);
#13806=EDGE_CURVE('',#7523,#7508,#4412,.T.);
#13808=EDGE_CURVE('',#7508,#7512,#4416,.T.);
#13810=EDGE_CURVE('',#7527,#7512,#4420,.T.);
#13812=EDGE_CURVE('',#7523,#7527,#4424,.T.);
#13816=EDGE_CURVE('',#7603,#7620,#4428,.T.);
#13818=EDGE_CURVE('',#7620,#7624,#4432,.T.);
#13820=EDGE_CURVE('',#7607,#7624,#4436,.T.);
#13822=EDGE_CURVE('',#7603,#7607,#4440,.T.);
#13826=EDGE_CURVE('',#7619,#7604,#4444,.T.);
#13828=EDGE_CURVE('',#7604,#7608,#4448,.T.);
#13830=EDGE_CURVE('',#7623,#7608,#4452,.T.);
#13832=EDGE_CURVE('',#7619,#7623,#4456,.T.);
#13836=EDGE_CURVE('',#7699,#7716,#4460,.T.);
#13838=EDGE_CURVE('',#7716,#7720,#4464,.T.);
#13840=EDGE_CURVE('',#7703,#7720,#4468,.T.);
#13842=EDGE_CURVE('',#7699,#7703,#4472,.T.);
#13846=EDGE_CURVE('',#7715,#7700,#4476,.T.);
#13848=EDGE_CURVE('',#7700,#7704,#4480,.T.);
#13850=EDGE_CURVE('',#7719,#7704,#4484,.T.);
#13852=EDGE_CURVE('',#7715,#7719,#4488,.T.);
#13856=EDGE_CURVE('',#7795,#7812,#4492,.T.);
#13858=EDGE_CURVE('',#7812,#7816,#4496,.T.);
#13860=EDGE_CURVE('',#7799,#7816,#4500,.T.);
#13862=EDGE_CURVE('',#7795,#7799,#4504,.T.);
#13866=EDGE_CURVE('',#7811,#7796,#4508,.T.);
#13868=EDGE_CURVE('',#7796,#7800,#4512,.T.);
#13870=EDGE_CURVE('',#7815,#7800,#4516,.T.);
#13872=EDGE_CURVE('',#7811,#7815,#4520,.T.);
#13883=EDGE_CURVE('',#7883,#7888,#4528,.T.);
#13885=EDGE_CURVE('',#6144,#7883,#4548,.T.);
#13887=EDGE_CURVE('',#6144,#6148,#4524,.T.);
#13910=EDGE_CURVE('',#7884,#6143,#4540,.T.);
#13912=EDGE_CURVE('',#6143,#6144,#4544,.T.);
#13917=EDGE_CURVE('',#6276,#6290,#4552,.T.);
#13919=EDGE_CURVE('',#6276,#6280,#4556,.T.);
#13921=EDGE_CURVE('',#6280,#6292,#4560,.T.);
#13923=EDGE_CURVE('',#6290,#6292,#4564,.T.);
#13927=EDGE_CURVE('',#6275,#6279,#4568,.T.);
#13929=EDGE_CURVE('',#6300,#6275,#4572,.T.);
#13931=EDGE_CURVE('',#6300,#6302,#4576,.T.);
#13933=EDGE_CURVE('',#6302,#6279,#4580,.T.);
#13937=EDGE_CURVE('',#6540,#6555,#4584,.T.);
#13939=EDGE_CURVE('',#6540,#6544,#4588,.T.);
#13941=EDGE_CURVE('',#6544,#6559,#4592,.T.);
#13943=EDGE_CURVE('',#6555,#6559,#4596,.T.);
#13947=EDGE_CURVE('',#6556,#6539,#4600,.T.);
#13949=EDGE_CURVE('',#6556,#6560,#4604,.T.);
#13951=EDGE_CURVE('',#6560,#6543,#4608,.T.);
#13953=EDGE_CURVE('',#6539,#6543,#4612,.T.);
#13957=EDGE_CURVE('',#6636,#6651,#4616,.T.);
#13959=EDGE_CURVE('',#6636,#6640,#4620,.T.);
#13961=EDGE_CURVE('',#6640,#6655,#4624,.T.);
#13963=EDGE_CURVE('',#6651,#6655,#4628,.T.);
#13967=EDGE_CURVE('',#6652,#6635,#4632,.T.);
#13969=EDGE_CURVE('',#6652,#6656,#4636,.T.);
#13971=EDGE_CURVE('',#6656,#6639,#4640,.T.);
#13973=EDGE_CURVE('',#6635,#6639,#4644,.T.);
#13977=EDGE_CURVE('',#6732,#6747,#4648,.T.);
#13979=EDGE_CURVE('',#6732,#6736,#4652,.T.);
#13981=EDGE_CURVE('',#6736,#6751,#4656,.T.);
#13983=EDGE_CURVE('',#6747,#6751,#4660,.T.);
#13987=EDGE_CURVE('',#6748,#6731,#4664,.T.);
#13989=EDGE_CURVE('',#6748,#6752,#4668,.T.);
#13991=EDGE_CURVE('',#6752,#6735,#4672,.T.);
#13993=EDGE_CURVE('',#6731,#6735,#4676,.T.);
#13997=EDGE_CURVE('',#6828,#6843,#4680,.T.);
#13999=EDGE_CURVE('',#6828,#6832,#4684,.T.);
#14001=EDGE_CURVE('',#6832,#6847,#4688,.T.);
#14003=EDGE_CURVE('',#6843,#6847,#4692,.T.);
#14007=EDGE_CURVE('',#6844,#6827,#4696,.T.);
#14009=EDGE_CURVE('',#6844,#6848,#4700,.T.);
#14011=EDGE_CURVE('',#6848,#6831,#4704,.T.);
#14013=EDGE_CURVE('',#6827,#6831,#4708,.T.);
#14017=EDGE_CURVE('',#6924,#6939,#4712,.T.);
#14019=EDGE_CURVE('',#6924,#6928,#4716,.T.);
#14021=EDGE_CURVE('',#6928,#6943,#4720,.T.);
#14023=EDGE_CURVE('',#6939,#6943,#4724,.T.);
#14027=EDGE_CURVE('',#6940,#6923,#4728,.T.);
#14029=EDGE_CURVE('',#6940,#6944,#4732,.T.);
#14031=EDGE_CURVE('',#6944,#6927,#4736,.T.);
#14033=EDGE_CURVE('',#6923,#6927,#4740,.T.);
#14037=EDGE_CURVE('',#7020,#7035,#4744,.T.);
#14039=EDGE_CURVE('',#7020,#7024,#4748,.T.);
#14041=EDGE_CURVE('',#7024,#7039,#4752,.T.);
#14043=EDGE_CURVE('',#7035,#7039,#4756,.T.);
#14047=EDGE_CURVE('',#7036,#7019,#4760,.T.);
#14049=EDGE_CURVE('',#7036,#7040,#4764,.T.);
#14051=EDGE_CURVE('',#7040,#7023,#4768,.T.);
#14053=EDGE_CURVE('',#7019,#7023,#4772,.T.);
#14057=EDGE_CURVE('',#7116,#7131,#4776,.T.);
#14059=EDGE_CURVE('',#7116,#7120,#4780,.T.);
#14061=EDGE_CURVE('',#7120,#7135,#4784,.T.);
#14063=EDGE_CURVE('',#7131,#7135,#4788,.T.);
#14067=EDGE_CURVE('',#7132,#7115,#4792,.T.);
#14069=EDGE_CURVE('',#7132,#7136,#4796,.T.);
#14071=EDGE_CURVE('',#7136,#7119,#4800,.T.);
#14073=EDGE_CURVE('',#7115,#7119,#4804,.T.);
#14077=EDGE_CURVE('',#7212,#7227,#4808,.T.);
#14079=EDGE_CURVE('',#7212,#7216,#4812,.T.);
#14081=EDGE_CURVE('',#7216,#7231,#4816,.T.);
#14083=EDGE_CURVE('',#7227,#7231,#4820,.T.);
#14087=EDGE_CURVE('',#7228,#7211,#4824,.T.);
#14089=EDGE_CURVE('',#7228,#7232,#4828,.T.);
#14091=EDGE_CURVE('',#7232,#7215,#4832,.T.);
#14093=EDGE_CURVE('',#7211,#7215,#4836,.T.);
#14097=EDGE_CURVE('',#7308,#7323,#4840,.T.);
#14099=EDGE_CURVE('',#7308,#7312,#4844,.T.);
#14101=EDGE_CURVE('',#7312,#7327,#4848,.T.);
#14103=EDGE_CURVE('',#7323,#7327,#4852,.T.);
#14107=EDGE_CURVE('',#7324,#7307,#4856,.T.);
#14109=EDGE_CURVE('',#7324,#7328,#4860,.T.);
#14111=EDGE_CURVE('',#7328,#7311,#4864,.T.);
#14113=EDGE_CURVE('',#7307,#7311,#4868,.T.);
#14117=EDGE_CURVE('',#7404,#7419,#4872,.T.);
#14119=EDGE_CURVE('',#7404,#7408,#4876,.T.);
#14121=EDGE_CURVE('',#7408,#7423,#4880,.T.);
#14123=EDGE_CURVE('',#7419,#7423,#4884,.T.);
#14127=EDGE_CURVE('',#7420,#7403,#4888,.T.);
#14129=EDGE_CURVE('',#7420,#7424,#4892,.T.);
#14131=EDGE_CURVE('',#7424,#7407,#4896,.T.);
#14133=EDGE_CURVE('',#7403,#7407,#4900,.T.);
#14137=EDGE_CURVE('',#7500,#7515,#4904,.T.);
#14139=EDGE_CURVE('',#7500,#7504,#4908,.T.);
#14141=EDGE_CURVE('',#7504,#7519,#4912,.T.);
#14143=EDGE_CURVE('',#7515,#7519,#4916,.T.);
#14147=EDGE_CURVE('',#7516,#7499,#4920,.T.);
#14149=EDGE_CURVE('',#7516,#7520,#4924,.T.);
#14151=EDGE_CURVE('',#7520,#7503,#4928,.T.);
#14153=EDGE_CURVE('',#7499,#7503,#4932,.T.);
#14157=EDGE_CURVE('',#7596,#7611,#4936,.T.);
#14159=EDGE_CURVE('',#7596,#7600,#4940,.T.);
#14161=EDGE_CURVE('',#7600,#7615,#4944,.T.);
#14163=EDGE_CURVE('',#7611,#7615,#4948,.T.);
#14167=EDGE_CURVE('',#7612,#7595,#4952,.T.);
#14169=EDGE_CURVE('',#7612,#7616,#4956,.T.);
#14171=EDGE_CURVE('',#7616,#7599,#4960,.T.);
#14173=EDGE_CURVE('',#7595,#7599,#4964,.T.);
#14177=EDGE_CURVE('',#7692,#7707,#4968,.T.);
#14179=EDGE_CURVE('',#7692,#7696,#4972,.T.);
#14181=EDGE_CURVE('',#7696,#7711,#4976,.T.);
#14183=EDGE_CURVE('',#7707,#7711,#4980,.T.);
#14187=EDGE_CURVE('',#7708,#7691,#4984,.T.);
#14189=EDGE_CURVE('',#7708,#7712,#4988,.T.);
#14191=EDGE_CURVE('',#7712,#7695,#4992,.T.);
#14193=EDGE_CURVE('',#7691,#7695,#4996,.T.);
#14197=EDGE_CURVE('',#7788,#7803,#5000,.T.);
#14199=EDGE_CURVE('',#7788,#7792,#5004,.T.);
#14201=EDGE_CURVE('',#7792,#7807,#5008,.T.);
#14203=EDGE_CURVE('',#7803,#7807,#5012,.T.);
#14207=EDGE_CURVE('',#7804,#7787,#5016,.T.);
#14209=EDGE_CURVE('',#7804,#7808,#5020,.T.);
#14211=EDGE_CURVE('',#7808,#7791,#5024,.T.);
#14213=EDGE_CURVE('',#7787,#7791,#5028,.T.);
#14224=EDGE_CURVE('',#6143,#6147,#5036,.T.);
#14248=EDGE_CURVE('',#6275,#6276,#5041,.T.);
#14251=EDGE_CURVE('',#6290,#6300,#5046,.T.);
#14262=EDGE_CURVE('',#6283,#6284,#5051,.T.);
#14265=EDGE_CURVE('',#6304,#6294,#5056,.T.);
#14278=EDGE_CURVE('',#6279,#6280,#5061,.T.);
#14291=EDGE_CURVE('',#6292,#6302,#5066,.T.);
#14302=EDGE_CURVE('',#6287,#6288,#5071,.T.);
#14305=EDGE_CURVE('',#6306,#6296,#5076,.T.);
#14352=EDGE_CURVE('',#6539,#6540,#5081,.T.);
#14355=EDGE_CURVE('',#6555,#6556,#5086,.T.);
#14366=EDGE_CURVE('',#6547,#6548,#5091,.T.);
#14369=EDGE_CURVE('',#6563,#6564,#5096,.T.);
#14382=EDGE_CURVE('',#6543,#6544,#5101,.T.);
#14395=EDGE_CURVE('',#6559,#6560,#5106,.T.);
#14406=EDGE_CURVE('',#6551,#6552,#5111,.T.);
#14409=EDGE_CURVE('',#6567,#6568,#5116,.T.);
#14456=EDGE_CURVE('',#6635,#6636,#5121,.T.);
#14459=EDGE_CURVE('',#6651,#6652,#5126,.T.);
#14470=EDGE_CURVE('',#6643,#6644,#5131,.T.);
#14473=EDGE_CURVE('',#6659,#6660,#5136,.T.);
#14486=EDGE_CURVE('',#6639,#6640,#5141,.T.);
#14499=EDGE_CURVE('',#6655,#6656,#5146,.T.);
#14510=EDGE_CURVE('',#6647,#6648,#5151,.T.);
#14513=EDGE_CURVE('',#6663,#6664,#5156,.T.);
#14560=EDGE_CURVE('',#6731,#6732,#5161,.T.);
#14563=EDGE_CURVE('',#6747,#6748,#5166,.T.);
#14574=EDGE_CURVE('',#6739,#6740,#5171,.T.);
#14577=EDGE_CURVE('',#6755,#6756,#5176,.T.);
#14590=EDGE_CURVE('',#6735,#6736,#5181,.T.);
#14603=EDGE_CURVE('',#6751,#6752,#5186,.T.);
#14614=EDGE_CURVE('',#6743,#6744,#5191,.T.);
#14617=EDGE_CURVE('',#6759,#6760,#5196,.T.);
#14664=EDGE_CURVE('',#6827,#6828,#5201,.T.);
#14667=EDGE_CURVE('',#6843,#6844,#5206,.T.);
#14678=EDGE_CURVE('',#6835,#6836,#5211,.T.);
#14681=EDGE_CURVE('',#6851,#6852,#5216,.T.);
#14694=EDGE_CURVE('',#6831,#6832,#5221,.T.);
#14707=EDGE_CURVE('',#6847,#6848,#5226,.T.);
#14718=EDGE_CURVE('',#6839,#6840,#5231,.T.);
#14721=EDGE_CURVE('',#6855,#6856,#5236,.T.);
#14768=EDGE_CURVE('',#6923,#6924,#5241,.T.);
#14771=EDGE_CURVE('',#6939,#6940,#5246,.T.);
#14782=EDGE_CURVE('',#6931,#6932,#5251,.T.);
#14785=EDGE_CURVE('',#6947,#6948,#5256,.T.);
#14798=EDGE_CURVE('',#6927,#6928,#5261,.T.);
#14811=EDGE_CURVE('',#6943,#6944,#5266,.T.);
#14822=EDGE_CURVE('',#6935,#6936,#5271,.T.);
#14825=EDGE_CURVE('',#6951,#6952,#5276,.T.);
#14872=EDGE_CURVE('',#7019,#7020,#5281,.T.);
#14875=EDGE_CURVE('',#7035,#7036,#5286,.T.);
#14886=EDGE_CURVE('',#7027,#7028,#5291,.T.);
#14889=EDGE_CURVE('',#7043,#7044,#5296,.T.);
#14902=EDGE_CURVE('',#7023,#7024,#5301,.T.);
#14915=EDGE_CURVE('',#7039,#7040,#5306,.T.);
#14926=EDGE_CURVE('',#7031,#7032,#5311,.T.);
#14929=EDGE_CURVE('',#7047,#7048,#5316,.T.);
#14976=EDGE_CURVE('',#7115,#7116,#5321,.T.);
#14979=EDGE_CURVE('',#7131,#7132,#5326,.T.);
#14990=EDGE_CURVE('',#7123,#7124,#5331,.T.);
#14993=EDGE_CURVE('',#7139,#7140,#5336,.T.);
#15006=EDGE_CURVE('',#7119,#7120,#5341,.T.);
#15019=EDGE_CURVE('',#7135,#7136,#5346,.T.);
#15030=EDGE_CURVE('',#7127,#7128,#5351,.T.);
#15033=EDGE_CURVE('',#7143,#7144,#5356,.T.);
#15080=EDGE_CURVE('',#7211,#7212,#5361,.T.);
#15083=EDGE_CURVE('',#7227,#7228,#5366,.T.);
#15094=EDGE_CURVE('',#7219,#7220,#5371,.T.);
#15097=EDGE_CURVE('',#7235,#7236,#5376,.T.);
#15110=EDGE_CURVE('',#7215,#7216,#5381,.T.);
#15123=EDGE_CURVE('',#7231,#7232,#5386,.T.);
#15134=EDGE_CURVE('',#7223,#7224,#5391,.T.);
#15137=EDGE_CURVE('',#7239,#7240,#5396,.T.);
#15184=EDGE_CURVE('',#7307,#7308,#5401,.T.);
#15187=EDGE_CURVE('',#7323,#7324,#5406,.T.);
#15198=EDGE_CURVE('',#7315,#7316,#5411,.T.);
#15201=EDGE_CURVE('',#7331,#7332,#5416,.T.);
#15214=EDGE_CURVE('',#7311,#7312,#5421,.T.);
#15227=EDGE_CURVE('',#7327,#7328,#5426,.T.);
#15238=EDGE_CURVE('',#7319,#7320,#5431,.T.);
#15241=EDGE_CURVE('',#7335,#7336,#5436,.T.);
#15288=EDGE_CURVE('',#7403,#7404,#5441,.T.);
#15291=EDGE_CURVE('',#7419,#7420,#5446,.T.);
#15302=EDGE_CURVE('',#7411,#7412,#5451,.T.);
#15305=EDGE_CURVE('',#7427,#7428,#5456,.T.);
#15318=EDGE_CURVE('',#7407,#7408,#5461,.T.);
#15331=EDGE_CURVE('',#7423,#7424,#5466,.T.);
#15342=EDGE_CURVE('',#7415,#7416,#5471,.T.);
#15345=EDGE_CURVE('',#7431,#7432,#5476,.T.);
#15392=EDGE_CURVE('',#7499,#7500,#5481,.T.);
#15395=EDGE_CURVE('',#7515,#7516,#5486,.T.);
#15406=EDGE_CURVE('',#7507,#7508,#5491,.T.);
#15409=EDGE_CURVE('',#7523,#7524,#5496,.T.);
#15422=EDGE_CURVE('',#7503,#7504,#5501,.T.);
#15435=EDGE_CURVE('',#7519,#7520,#5506,.T.);
#15446=EDGE_CURVE('',#7511,#7512,#5511,.T.);
#15449=EDGE_CURVE('',#7527,#7528,#5516,.T.);
#15496=EDGE_CURVE('',#7595,#7596,#5521,.T.);
#15499=EDGE_CURVE('',#7611,#7612,#5526,.T.);
#15510=EDGE_CURVE('',#7603,#7604,#5531,.T.);
#15513=EDGE_CURVE('',#7619,#7620,#5536,.T.);
#15526=EDGE_CURVE('',#7599,#7600,#5541,.T.);
#15539=EDGE_CURVE('',#7615,#7616,#5546,.T.);
#15550=EDGE_CURVE('',#7607,#7608,#5551,.T.);
#15553=EDGE_CURVE('',#7623,#7624,#5556,.T.);
#15600=EDGE_CURVE('',#7691,#7692,#5561,.T.);
#15603=EDGE_CURVE('',#7707,#7708,#5566,.T.);
#15614=EDGE_CURVE('',#7699,#7700,#5571,.T.);
#15617=EDGE_CURVE('',#7715,#7716,#5576,.T.);
#15630=EDGE_CURVE('',#7695,#7696,#5581,.T.);
#15643=EDGE_CURVE('',#7711,#7712,#5586,.T.);
#15654=EDGE_CURVE('',#7703,#7704,#5591,.T.);
#15657=EDGE_CURVE('',#7719,#7720,#5596,.T.);
#15704=EDGE_CURVE('',#7787,#7788,#5601,.T.);
#15707=EDGE_CURVE('',#7803,#7804,#5606,.T.);
#15718=EDGE_CURVE('',#7795,#7796,#5611,.T.);
#15721=EDGE_CURVE('',#7811,#7812,#5616,.T.);
#15734=EDGE_CURVE('',#7791,#7792,#5621,.T.);
#15747=EDGE_CURVE('',#7807,#7808,#5626,.T.);
#15758=EDGE_CURVE('',#7799,#7800,#5631,.T.);
#15761=EDGE_CURVE('',#7815,#7816,#5636,.T.);
#15821=EDGE_CURVE('',#6480,#6478,#5644,.T.);
#15835=EDGE_CURVE('',#6517,#6522,#5648,.T.);
#15860=EDGE_CURVE('',#6528,#6526,#5660,.T.);
#15865=EDGE_CURVE('',#6377,#6378,#5668,.T.);
#15867=EDGE_CURVE('',#6378,#6380,#5672,.T.);
#15869=EDGE_CURVE('',#6380,#6382,#5676,.T.);
#15871=EDGE_CURVE('',#6382,#6384,#5680,.T.);
#15873=EDGE_CURVE('',#6384,#6386,#5684,.T.);
#15875=EDGE_CURVE('',#6386,#6388,#5688,.T.);
#15877=EDGE_CURVE('',#6388,#6390,#5692,.T.);
#15879=EDGE_CURVE('',#6390,#6377,#5696,.T.);
#15883=EDGE_CURVE('',#6399,#6400,#5712,.T.);
#15885=EDGE_CURVE('',#6400,#6402,#5716,.T.);
#15887=EDGE_CURVE('',#6402,#6404,#5720,.T.);
#15889=EDGE_CURVE('',#6404,#6406,#5724,.T.);
#15891=EDGE_CURVE('',#6408,#6406,#5728,.T.);
#15893=EDGE_CURVE('',#6408,#6416,#5732,.T.);
#15895=EDGE_CURVE('',#6416,#6418,#5736,.T.);
#15897=EDGE_CURVE('',#6418,#6420,#5740,.T.);
#15899=EDGE_CURVE('',#6420,#6422,#5744,.T.);
#15901=EDGE_CURVE('',#6422,#6411,#5748,.T.);
#15903=EDGE_CURVE('',#6411,#6412,#5752,.T.);
#15905=EDGE_CURVE('',#6412,#6414,#5756,.T.);
#15907=EDGE_CURVE('',#6414,#6399,#5760,.T.);
#15911=EDGE_CURVE('',#6425,#6426,#5764,.T.);
#15913=EDGE_CURVE('',#6426,#6428,#5768,.T.);
#15915=EDGE_CURVE('',#6428,#6430,#5772,.T.);
#15917=EDGE_CURVE('',#6431,#6430,#5781,.T.);
#15919=EDGE_CURVE('',#6432,#6431,#5790,.T.);
#15921=EDGE_CURVE('',#6432,#6434,#5794,.T.);
#15923=EDGE_CURVE('',#6434,#6425,#5798,.T.);
#15933=EDGE_CURVE('',#6393,#6394,#5700,.T.);
#15935=EDGE_CURVE('',#6394,#6396,#5704,.T.);
#15937=EDGE_CURVE('',#6396,#6393,#5708,.T.);
#15947=EDGE_CURVE('',#6437,#6438,#5802,.T.);
#15949=EDGE_CURVE('',#6438,#6440,#5806,.T.);
#15951=EDGE_CURVE('',#6442,#6440,#5811,.T.);
#15953=EDGE_CURVE('',#6442,#6437,#5815,.T.);
#15976=EDGE_CURVE('',#6377,#6309,#5819,.T.);
#15978=EDGE_CURVE('',#6309,#6310,#5851,.T.);
#15980=EDGE_CURVE('',#6378,#6310,#5847,.T.);
#15991=EDGE_CURVE('',#6390,#6322,#5823,.T.);
#15993=EDGE_CURVE('',#6322,#6309,#5855,.T.);
#16005=EDGE_CURVE('',#6388,#6320,#5827,.T.);
#16007=EDGE_CURVE('',#6320,#6322,#5859,.T.);
#16019=EDGE_CURVE('',#6386,#6318,#5831,.T.);
#16021=EDGE_CURVE('',#6318,#6320,#5863,.T.);
#16033=EDGE_CURVE('',#6384,#6316,#5835,.T.);
#16035=EDGE_CURVE('',#6316,#6318,#5867,.T.);
#16047=EDGE_CURVE('',#6382,#6314,#5839,.T.);
#16049=EDGE_CURVE('',#6314,#6316,#5871,.T.);
#16061=EDGE_CURVE('',#6380,#6312,#5843,.T.);
#16063=EDGE_CURVE('',#6312,#6314,#5875,.T.);
#16076=EDGE_CURVE('',#6310,#6312,#5879,.T.);
#16097=EDGE_CURVE('',#6325,#6326,#5883,.T.);
#16099=EDGE_CURVE('',#6328,#6325,#5887,.T.);
#16101=EDGE_CURVE('',#6326,#6328,#5891,.T.);
#16111=EDGE_CURVE('',#6331,#6332,#5895,.T.);
#16113=EDGE_CURVE('',#6354,#6331,#5899,.T.);
#16115=EDGE_CURVE('',#6352,#6354,#5903,.T.);
#16117=EDGE_CURVE('',#6350,#6352,#5907,.T.);
#16119=EDGE_CURVE('',#6348,#6350,#5911,.T.);
#16121=EDGE_CURVE('',#6346,#6348,#5915,.T.);
#16123=EDGE_CURVE('',#6344,#6346,#5919,.T.);
#16125=EDGE_CURVE('',#6342,#6344,#5923,.T.);
#16127=EDGE_CURVE('',#6340,#6342,#5927,.T.);
#16129=EDGE_CURVE('',#6338,#6340,#5931,.T.);
#16131=EDGE_CURVE('',#6336,#6338,#5935,.T.);
#16133=EDGE_CURVE('',#6334,#6336,#5939,.T.);
#16135=EDGE_CURVE('',#6332,#6334,#5943,.T.);
#16145=EDGE_CURVE('',#6357,#6358,#5947,.T.);
#16147=EDGE_CURVE('',#6366,#6357,#5951,.T.);
#16149=EDGE_CURVE('',#6364,#6366,#5955,.T.);
#16151=EDGE_CURVE('',#6363,#6364,#5966,.T.);
#16153=EDGE_CURVE('',#6362,#6363,#5977,.T.);
#16155=EDGE_CURVE('',#6360,#6362,#5981,.T.);
#16157=EDGE_CURVE('',#6358,#6360,#5985,.T.);
#16161=EDGE_CURVE('',#6369,#6370,#5989,.T.);
#16163=EDGE_CURVE('',#6374,#6369,#5993,.T.);
#16165=EDGE_CURVE('',#6372,#6374,#5998,.T.);
#16167=EDGE_CURVE('',#6370,#6372,#6002,.T.);
#16178=EDGE_CURVE('',#6393,#6325,#6006,.T.);
#16181=EDGE_CURVE('',#6394,#6326,#6014,.T.);
#16192=EDGE_CURVE('',#6396,#6328,#6010,.T.);
#16217=EDGE_CURVE('',#6411,#6331,#6018,.T.);
#16220=EDGE_CURVE('',#6412,#6332,#6066,.T.);
#16231=EDGE_CURVE('',#6422,#6354,#6022,.T.);
#16244=EDGE_CURVE('',#6420,#6352,#6026,.T.);
#16257=EDGE_CURVE('',#6418,#6350,#6030,.T.);
#16270=EDGE_CURVE('',#6416,#6348,#6034,.T.);
#16283=EDGE_CURVE('',#6408,#6346,#6038,.T.);
#16296=EDGE_CURVE('',#6406,#6344,#6042,.T.);
#16309=EDGE_CURVE('',#6404,#6342,#6046,.T.);
#16322=EDGE_CURVE('',#6402,#6340,#6050,.T.);
#16335=EDGE_CURVE('',#6400,#6338,#6054,.T.);
#16348=EDGE_CURVE('',#6399,#6336,#6058,.T.);
#16361=EDGE_CURVE('',#6414,#6334,#6062,.T.);
#16386=EDGE_CURVE('',#6425,#6357,#6070,.T.);
#16389=EDGE_CURVE('',#6426,#6358,#6094,.T.);
#16400=EDGE_CURVE('',#6434,#6366,#6074,.T.);
#16413=EDGE_CURVE('',#6432,#6364,#6078,.T.);
#16426=B_SPLINE_CURVE_WITH_KNOTS('',3,(#16420,#16421,#16422,#16423,#16424,
#16425),.UNSPECIFIED.,.F.,.F.,(4,1,1,4),(0.E0,5.E-1,7.5E-1,1.E0),.UNSPECIFIED.);
#16431=EDGE_CURVE('',#6431,#6363,#6082,.T.);
#16444=B_SPLINE_CURVE_WITH_KNOTS('',3,(#16438,#16439,#16440,#16441,#16442,
#16443),.UNSPECIFIED.,.F.,.F.,(4,1,1,4),(0.E0,2.5E-1,5.E-1,1.E0),.UNSPECIFIED.);
#16449=EDGE_CURVE('',#6430,#6362,#6086,.T.);
#16462=EDGE_CURVE('',#6428,#6360,#6090,.T.);
#16487=EDGE_CURVE('',#6437,#6369,#6098,.T.);
#16490=EDGE_CURVE('',#6438,#6370,#6110,.T.);
#16501=EDGE_CURVE('',#6442,#6374,#6102,.T.);
#16514=EDGE_CURVE('',#6440,#6372,#6106,.T.);
#16546=ADVANCED_BREP_SHAPE_REPRESENTATION('',(#16534),#16545);
#16553=PRODUCT_DEFINITION('part definition','',#16552,#16549);
#16554=PRODUCT_DEFINITION_SHAPE('','SHAPE FOR C-5650118-1.',#16553);
#16555=SHAPE_ASPECT('','solid data associated with C-5650118-1',#16554,.F.);
#16556=PROPERTY_DEFINITION('',
'shape for solid data with which properties are associated',#16555);
#16557=SHAPE_REPRESENTATION('',(#16534),#16545);
#16558=SHAPE_DEFINITION_REPRESENTATION(#16556,#16557);
#16565=PROPERTY_DEFINITION('geometric_validation_property',
'area of C-5650118-1',#16555);
#16566=REPRESENTATION('surface area',(#16564),#16545);
#16567=PROPERTY_DEFINITION_REPRESENTATION(#16565,#16566);
#16574=PROPERTY_DEFINITION('geometric_validation_property',
'volume of C-5650118-1',#16555);
#16575=REPRESENTATION('volume',(#16573),#16545);
#16576=PROPERTY_DEFINITION_REPRESENTATION(#16574,#16575);
#16578=PROPERTY_DEFINITION('geometric_validation_property',
'centroid of C-5650118-1',#16555);
#16579=REPRESENTATION('centroid',(#16577),#16545);
#16580=PROPERTY_DEFINITION_REPRESENTATION(#16578,#16579);
#16587=PROPERTY_DEFINITION('geometric_validation_property',
'area of C-5650118-1',#16554);
#16588=REPRESENTATION('surface area',(#16586),#16545);
#16589=PROPERTY_DEFINITION_REPRESENTATION(#16587,#16588);
#16596=PROPERTY_DEFINITION('geometric_validation_property',
'volume of C-5650118-1',#16554);
#16597=REPRESENTATION('volume',(#16595),#16545);
#16598=PROPERTY_DEFINITION_REPRESENTATION(#16596,#16597);
#16600=PROPERTY_DEFINITION('geometric_validation_property',
'centroid of C-5650118-1',#16554);
#16601=REPRESENTATION('centroid',(#16599),#16545);
#16602=PROPERTY_DEFINITION_REPRESENTATION(#16600,#16601);
#16603=SHAPE_DEFINITION_REPRESENTATION(#16554,#16546);
#16605=PROPERTY_DEFINITION('user defined attribute','',#16553);
#16609=REPRESENTATION('',(#16608),#16545);
#16610=PROPERTY_DEFINITION_REPRESENTATION(#16605,#16609);
#16611=PROPERTY_DEFINITION('user defined attribute','',#16553);
#16615=REPRESENTATION('',(#16614),#16545);
#16616=PROPERTY_DEFINITION_REPRESENTATION(#16611,#16615);
#16617=PROPERTY_DEFINITION('user defined attribute','',#16553);
#16621=REPRESENTATION('',(#16620),#16545);
#16622=PROPERTY_DEFINITION_REPRESENTATION(#16617,#16621);
#16623=PROPERTY_DEFINITION('user defined attribute','',#16553);
#16627=REPRESENTATION('',(#16626),#16545);
#16628=PROPERTY_DEFINITION_REPRESENTATION(#16623,#16627);
#16629=PROPERTY_DEFINITION('user defined attribute','',#16553);
#16633=REPRESENTATION('',(#16632),#16545);
#16634=PROPERTY_DEFINITION_REPRESENTATION(#16629,#16633);
#16635=PROPERTY_DEFINITION('user defined attribute','',#16553);
#16639=REPRESENTATION('',(#16638),#16545);
#16640=PROPERTY_DEFINITION_REPRESENTATION(#16635,#16639);
#16641=PROPERTY_DEFINITION('user defined attribute','',#16553);
#16645=REPRESENTATION('',(#16644),#16545);
#16646=PROPERTY_DEFINITION_REPRESENTATION(#16641,#16645);
#16647=PROPERTY_DEFINITION('user defined attribute','',#16553);
#16651=REPRESENTATION('',(#16650),#16545);
#16652=PROPERTY_DEFINITION_REPRESENTATION(#16647,#16651);
#16653=PROPERTY_DEFINITION('user defined attribute','',#16553);
#16656=PROPERTY_DEFINITION('user defined attribute','',#16553);
#16660=REPRESENTATION('',(#16659),#16545);
#16661=PROPERTY_DEFINITION_REPRESENTATION(#16656,#16660);
#16662=PROPERTY_DEFINITION('user defined attribute','',#16553);
#16665=PROPERTY_DEFINITION('user defined attribute','',#16553);
#16669=REPRESENTATION('',(#16668),#16545);
#16670=PROPERTY_DEFINITION_REPRESENTATION(#16665,#16669);
#16671=PROPERTY_DEFINITION('user defined attribute','',#16553);
#16675=REPRESENTATION('',(#16674),#16545);
#16676=PROPERTY_DEFINITION_REPRESENTATION(#16671,#16675);
#16677=PROPERTY_DEFINITION('user defined attribute','',#16553);
#16681=REPRESENTATION('',(#16680),#16545);
#16682=PROPERTY_DEFINITION_REPRESENTATION(#16677,#16681);
#16683=PROPERTY_DEFINITION('user defined attribute','',#16553);
#16687=REPRESENTATION('',(#16686),#16545);
#16688=PROPERTY_DEFINITION_REPRESENTATION(#16683,#16687);
#16689=PROPERTY_DEFINITION('user defined attribute','',#16553);
#16693=REPRESENTATION('',(#16692),#16545);
#16694=PROPERTY_DEFINITION_REPRESENTATION(#16689,#16693);
#16695=PROPERTY_DEFINITION('user defined attribute','',#16553);
#16699=REPRESENTATION('',(#16698),#16545);
#16700=PROPERTY_DEFINITION_REPRESENTATION(#16695,#16699);
#16701=PROPERTY_DEFINITION('user defined attribute','',#16553);
#16705=REPRESENTATION('',(#16704),#16545);
#16706=PROPERTY_DEFINITION_REPRESENTATION(#16701,#16705);
#16707=PROPERTY_DEFINITION('user defined attribute','',#16553);
#16711=REPRESENTATION('',(#16710),#16545);
#16712=PROPERTY_DEFINITION_REPRESENTATION(#16707,#16711);
#16713=PROPERTY_DEFINITION('user defined attribute','',#16553);
#16717=REPRESENTATION('',(#16716),#16545);
#16718=PROPERTY_DEFINITION_REPRESENTATION(#16713,#16717);
#16719=PROPERTY_DEFINITION('user defined attribute','',#16553);
#16723=REPRESENTATION('',(#16722),#16545);
#16724=PROPERTY_DEFINITION_REPRESENTATION(#16719,#16723);
#16725=PROPERTY_DEFINITION('user defined attribute','',#16553);
#16729=REPRESENTATION('',(#16728),#16545);
#16730=PROPERTY_DEFINITION_REPRESENTATION(#16725,#16729);
#16731=PROPERTY_DEFINITION('user defined attribute','',#16553);
#16735=REPRESENTATION('',(#16734),#16545);
#16736=PROPERTY_DEFINITION_REPRESENTATION(#16731,#16735);
#16737=PROPERTY_DEFINITION('user defined attribute','',#16553);
#16741=REPRESENTATION('',(#16740),#16545);
#16742=PROPERTY_DEFINITION_REPRESENTATION(#16737,#16741);
#16743=PROPERTY_DEFINITION('user defined attribute','',#16553);
#16747=REPRESENTATION('',(#16746),#16545);
#16748=PROPERTY_DEFINITION_REPRESENTATION(#16743,#16747);
#16749=PROPERTY_DEFINITION('user defined attribute','',#16553);
#16753=REPRESENTATION('',(#16752),#16545);
#16754=PROPERTY_DEFINITION_REPRESENTATION(#16749,#16753);
#16755=DERIVED_UNIT((#16563));
#16756=DERIVED_UNIT((#16572));
#16757=DERIVED_UNIT((#16585));
#16758=DERIVED_UNIT((#16594));
ENDSEC;
END-ISO-10303-21;
